131072,65536
131138,65635
131204,65734
131270,65833
131336,65933
131402,66033
131468,66133
131534,66233
131600,66334
131665,66435
131730,66536
131795,66637
131860,66738
131925,66840
131990,66942
132055,67044
132120,67146
132185,67249
132250,67352
132315,67455
132380,67558
132445,67661
132510,67765
132574,67869
132638,67973
132702,68077
132766,68182
132830,68287
132894,68392
132958,68497
133022,68602
133086,68708
133150,68814
133214,68920
133278,69026
133342,69133
133405,69240
133468,69347
133531,69454
133594,69562
133657,69670
133720,69778
133783,69886
133846,69994
133909,70103
133972,70212
134035,70321
134098,70430
134160,70540
134222,70650
134284,70760
134346,70870
134408,70981
134470,71092
134532,71203
134594,71314
134656,71426
134718,71538
134780,71650
134842,71762
134903,71875
134964,71988
135025,72101
135086,72214
135147,72328
135208,72442
135269,72556
135330,72670
135391,72785
135452,72900
135513,73015
135573,73130
135633,73246
135693,73362
135753,73478
135813,73594
135873,73711
135933,73828
135993,73945
136053,74062
136113,74180
136172,74298
136231,74416
136290,74534
136349,74653
136408,74772
136467,74891
136526,75010
136585,75130
136644,75250
136703,75370
136762,75490
136820,75611
136878,75732
136936,75853
136994,75974
137052,76096
137110,76218
137168,76340
137226,76462
137284,76585
137341,76708
137398,76831
137455,76955
137512,77079
137569,77203
137626,77327
137683,77452
137740,77577
137797,77702
137854,77827
137910,77953
137966,78079
138022,78205
138078,78331
138134,78458
138190,78585
138246,78712
138302,78840
138358,78968
138413,79096
138468,79224
138523,79353
138578,79482
138633,79611
138688,79741
138743,79871
138798,80001
138852,80131
138906,80262
138960,80393
139014,80524
139068,80655
139122,80787
139176,80919
139230,81051
139284,81184
139337,81317
139390,81450
139443,81583
139496,81717
139549,81851
139602,81985
139655,82120
139708,82255
139760,82390
139812,82525
139864,82661
139916,82797
139968,82933
140020,83070
140072,83207
140124,83344
140175,83481
140226,83619
140277,83757
140328,83895
140379,84034
140430,84173
140481,84312
140531,84452
140581,84592
140631,84732
140681,84872
140731,85013
140781,85154
140831,85295
140881,85437
140930,85579
140979,85721
141028,85864
141077,86007
141126,86150
141175,86293
141224,86437
141272,86581
141320,86725
141368,86870
141416,87015
141464,87160
141512,87306
141560,87452
141607,87598
141654,87745
141701,87892
141748,88039
141795,88186
141842,88334
141889,88482
141935,88630
141981,88779
142027,88928
142073,89077
142119,89227
142165,89377
142211,89527
142256,89678
142301,89829
142346,89980
142391,90132
142436,90284
142481,90436
142525,90588
142569,90741
142613,90894
142657,91047
142701,91201
142745,91355
142789,91509
142832,91664
142875,91819
142918,91974
142961,92130
143004,92286
143047,92442
143089,92599
143131,92756
143173,92913
143215,93071
143257,93229
143299,93387
143340,93546
143381,93705
143422,93864
143463,94024
143504,94184
143545,94344
143586,94505
143626,94666
143666,94827
143706,94989
143746,95151
143786,95313
143826,95476
143865,95639
143904,95802
143943,95966
143982,96130
144021,96294
144059,96459
144097,96624
144135,96789
144173,96955
144211,97121
144249,97287
144286,97454
144323,97621
144360,97788
144397,97956
144434,98124
144471,98292
144507,98461
144543,98630
144579,98799
144615,98969
144651,99139
144686,99309
144721,99480
144756,99651
144791,99822
144826,99994
144861,100166
144895,100339
144929,100512
144963,100685
144997,100859
145031,101033
145064,101207
145097,101382
145130,101557
145163,101732
145196,101908
145229,102084
145261,102260
145293,102437
145325,102614
145357,102791
145389,102969
145420,103147
145451,103326
145482,103505
145513,103684
145544,103864
145574,104044
145604,104224
145634,104405
145664,104586
145694,104767
145723,104949
145752,105131
145781,105314
145810,105497
145839,105680
145867,105864
145895,106048
145923,106232
145951,106417
145979,106602
146006,106787
146033,106973
146060,107159
146087,107346
146114,107533
146140,107720
146166,107908
146192,108096
146218,108284
146244,108473
146269,108662
146294,108852
146319,109042
146344,109232
146369,109423
146393,109614
146417,109805
146441,109997
146465,110189
146489,110382
146512,110575
146535,110768
146558,110962
146581,111156
146603,111350
146625,111545
146647,111740
146669,111936
146691,112132
146712,112328
146733,112525
146754,112722
146775,112919
146795,113117
146815,113315
146835,113514
146855,113713
146875,113912
146894,114112
146913,114312
146932,114513
146951,114714
146969,114915
146987,115117
147005,115319
147023,115521
147041,115724
147058,115927
147075,116131
147092,116335
147109,116539
147125,116744
147141,116949
147157,117155
147173,117361
147189,117567
147204,117774
147219,117981
147234,118188
147249,118396
147263,118604
147277,118813
147291,119022
147305,119231
147318,119441
147331,119651
147344,119862
147357,120073
147369,120284
147381,120496
147393,120708
147405,120921
147416,121134
147427,121347
147438,121561
147449,121775
147460,121990
147470,122205
147480,122420
147490,122636
147500,122852
147509,123069
147518,123286
147527,123503
147536,123721
147544,123939
147552,124158
147560,124377
147568,124596
147575,124816
147582,125036
147589,125257
147596,125478
147602,125699
147608,125921
147614,126143
147620,126366
147625,126589
147630,126812
147635,127036
147640,127260
147644,127485
147648,127710
147652,127935
147656,128161
147659,128387
147662,128614
147665,128841
147668,129068
147670,129296
147672,129524
147674,129753
147675,129982
147676,130212
147677,130442
147678,130672
147678,130903
147678,131134
147678,131366
147678,131598
147677,131830
147676,132063
147675,132296
147674,132530
147672,132764
147670,132998
147668,133233
147666,133468
147663,133704
147660,133940
147657,134176
147653,134413
147649,134650
147645,134888
147641,135126
147636,135365
147631,135604
147626,135843
147621,136083
147615,136323
147609,136564
147603,136805
147596,137046
147589,137288
147582,137530
147575,137773
147567,138016
147559,138259
147551,138503
147543,138747
147534,138992
147525,139237
147516,139483
147506,139729
147496,139975
147486,140222
147476,140469
147465,140717
147454,140965
147443,141213
147432,141462
147420,141711
147408,141961
147396,142211
147383,142462
147370,142713
147357,142964
147344,143216
147330,143468
147316,143721
147302,143974
147287,144227
147272,144481
147257,144735
147242,144990
147226,145245
147210,145500
147194,145756
147177,146012
147160,146269
147143,146526
147126,146784
147108,147042
147090,147300
147072,147559
147053,147818
147034,148078
147015,148338
146995,148598
146975,148859
146955,149120
146935,149382
146914,149644
146893,149906
146872,150169
146850,150432
146828,150696
146806,150960
146784,151225
146761,151490
146738,151755
146715,152021
146691,152287
146667,152554
146643,152821
146618,153088
146593,153356
146568,153624
146543,153893
146517,154162
146491,154431
146465,154701
146438,154971
146411,155242
146384,155513
146357,155785
146329,156057
146301,156329
146273,156602
146244,156875
146215,157149
146186,157423
146156,157697
146126,157972
146096,158247
146065,158523
146034,158799
146003,159075
145972,159352
145940,159629
145908,159907
145876,160185
145843,160463
145810,160742
145777,161021
145743,161301
145709,161581
145675,161861
145641,162142
145606,162423
145571,162705
145536,162987
145500,163269
145464,163552
145428,163835
145391,164119
145354,164403
145317,164687
145279,164972
145241,165257
145203,165543
145165,165829
145126,166115
145087,166402
145048,166689
145008,166977
144968,167265
144928,167553
144887,167842
144846,168131
144805,168421
144763,168711
144721,169001
144679,169292
144637,169583
144594,169875
144551,170167
144508,170459
144464,170752
144420,171045
144376,171338
144331,171632
144286,171926
144241,172221
144195,172516
144149,172811
144103,173107
144056,173403
144009,173700
143962,173997
143915,174294
143867,174592
143819,174890
143771,175188
143722,175487
143673,175786
143624,176086
143574,176386
143524,176686
143474,176987
143423,177288
143372,177589
143321,177891
143269,178193
143217,178496
143165,178799
143112,179102
143059,179406
143006,179710
142953,180014
142899,180319
142845,180624
142791,180930
142736,181236
142681,181542
142626,181849
142570,182156
142514,182463
142458,182771
142401,183079
142344,183387
142287,183696
142229,184005
142171,184315
142113,184625
142055,184935
141996,185246
141937,185557
141878,185868
141818,186180
141758,186492
141698,186804
141637,187117
141576,187430
141515,187743
141453,188057
141391,188371
141329,188685
141266,189000
141203,189315
141140,189630
141076,189946
141012,190262
140948,190578
140884,190895
140819,191212
140754,191529
140689,191847
140623,192165
140557,192483
140491,192802
140424,193121
140357,193440
140290,193760
140222,194080
140154,194400
140086,194721
140017,195042
139948,195363
139879,195685
139810,196007
139740,196329
139670,196652
139600,196975
139529,197298
139458,197622
139387,197946
139315,198270
139243,198595
139171,198920
139098,199245
139025,199571
138952,199897
138879,200223
138805,200549
138731,200876
138657,201203
138582,201530
138507,201858
138432,202186
138356,202514
138280,202843
138204,203172
138127,203501
138050,203830
137973,204160
137896,204490
137818,204820
137740,205151
137662,205482
137583,205813
137504,206144
137425,206476
137345,206808
137265,207140
137185,207473
137104,207806
137023,208139
136942,208472
136861,208806
136779,209140
136697,209474
136615,209809
136532,210144
136449,210479
136366,210814
136282,211150
136198,211486
136114,211822
136030,212158
135945,212495
135860,212832
135775,213169
135689,213506
135603,213844
135517,214182
135430,214520
135343,214858
135256,215197
135169,215536
135081,215875
134993,216214
134905,216554
134816,216894
134727,217234
134638,217574
134549,217915
134459,218256
134369,218597
134279,218938
134188,219280
134097,219622
134006,219964
133914,220306
133822,220648
133730,220991
133638,221334
133545,221677
133452,222020
133359,222364
133265,222708
133171,223052
133077,223396
132983,223740
132888,224085
132793,224430
132698,224775
132602,225120
132506,225465
132410,225811
132314,226157
132217,226503
132120,226849
132023,227195
131925,227542
131827,227889
131729,228236
131631,228583
131532,228930
131433,229277
131334,229625
131235,229973
131135,230321
131035,230669
130935,231017
130834,231365
130733,231714
130632,232063
130531,232412
130429,232761
130327,233110
130225,233459
130123,233809
130020,234159
129917,234509
129814,234859
129710,235209
129606,235559
129502,235910
129398,236261
129293,236612
129188,236963
129083,237314
128978,237665
128872,238016
128766,238368
128660,238720
128554,239072
128447,239424
128340,239776
128233,240128
128126,240480
128018,240832
127910,241185
127802,241538
127694,241891
127585,242244
127476,242597
127367,242950
127258,243303
127148,243656
127038,244009
126928,244362
126818,244716
126707,245070
126596,245424
126485,245778
126374,246132
126262,246486
126150,246840
126038,247194
125926,247548
125813,247902
125700,248256
125587,248611
125474,248966
125360,249321
125246,249676
125132,250031
125018,250386
124903,250741
124788,251096
124673,251451
124558,251806
124442,252161
124326,252516
124210,252871
124094,253226
123978,253581
123861,253936
123744,254291
123627,254647
123510,255003
123392,255359
123274,255715
123156,256071
123038,256427
122919,256783
122800,257139
122681,257495
122562,257851
122443,258207
122323,258563
122203,258919
122083,259275
121963,259631
121843,259987
121722,260343
121601,260699
121480,261055
121359,261411
121237,261767
121115,262123
120993,262479
120871,262835
120749,263191
120626,263547
120503,263903
120380,264259
120257,264615
120134,264971
120010,265327
119886,265683
119762,266039
119638,266395
119514,266751
119389,267107
119264,267463
119139,267819
119014,268174
118889,268529
118763,268884
118637,269239
118511,269594
118385,269949
118259,270304
118132,270659
118005,271014
117878,271369
117751,271724
117624,272079
117497,272434
117369,272789
117241,273144
117113,273499
116985,273853
116857,274207
116728,274561
116599,274915
116470,275269
116341,275623
116212,275977
116083,276331
115953,276685
115823,277039
115693,277393
115563,277746
115433,278099
115303,278452
115172,278805
115041,279158
114910,279511
114779,279864
114648,280217
114517,280570
114385,280922
114253,281274
114121,281626
113989,281978
113857,282330
113725,282682
113593,283034
113460,283386
113327,283737
113194,284088
113061,284439
112928,284790
112795,285141
112661,285492
112527,285842
112393,286192
112259,286542
112125,286892
111991,287242
111857,287592
111722,287942
111587,288291
111452,288640
111317,288989
111182,289338
111047,289687
110912,290035
110777,290383
110641,290731
110505,291079
110369,291427
110233,291775
110097,292122
109961,292469
109825,292816
109689,293163
109552,293510
109415,293856
109278,294202
109141,294548
109004,294894
108867,295239
108730,295584
108593,295929
108455,296274
108317,296619
108179,296963
108041,297307
107903,297651
107765,297995
107627,298338
107489,298681
107351,299024
107212,299367
107073,299709
106934,300051
106795,300393
106656,300735
106517,301076
106378,301417
106239,301758
106100,302099
105961,302439
105821,302779
105681,303119
105541,303459
105401,303798
105261,304137
105121,304476
104981,304815
104841,305153
104701,305491
104561,305829
104421,306166
104281,306503
104140,306840
103999,307177
103858,307513
103717,307849
103576,308185
103435,308520
103294,308855
103153,309190
103012,309524
102871,309858
102730,310192
102589,310525
102448,310858
102306,311191
102164,311524
102022,311856
101880,312188
101738,312520
101596,312851
101454,313182
101312,313513
101170,313843
101028,314173
100886,314503
100744,314832
100602,315161
100460,315490
100318,315818
100176,316146
100034,316473
99892,316800
99749,317127
99606,317453
99463,317779
99320,318105
99177,318430
99034,318755
98891,319080
98748,319404
98605,319728
98462,320051
98319,320374
98176,320697
98033,321019
97890,321341
97747,321663
97604,321984
97461,322305
97318,322625
97175,322945
97032,323265
96889,323584
96746,323903
96603,324221
96460,324539
96317,324857
96174,325174
96031,325491
95888,325807
95745,326123
95602,326439
95458,326754
95314,327069
95170,327383
95026,327697
94882,328011
94738,328324
94594,328637
94450,328949
94306,329261
94162,329572
94018,329883
93874,330193
93730,330503
93586,330813
93442,331122
93298,331431
93154,331739
93010,332047
92866,332354
92722,332661
92578,332967
92434,333273
92290,333579
92146,333884
92002,334189
91858,334493
91714,334797
91570,335100
91426,335403
91282,335705
91138,336007
90994,336308
90851,336609
90708,336909
90565,337209
90422,337508
90279,337807
90136,338106
89993,338404
89850,338702
89707,338999
89564,339296
89421,339592
89278,339888
89135,340183
88992,340478
88849,340772
88706,341066
88563,341359
88420,341652
88277,341944
88134,342236
87991,342527
87848,342818
87705,343108
87562,343398
87419,343687
87276,343976
87133,344264
86990,344552
86847,344839
86704,345126
86561,345412
86418,345698
86275,345983
86133,346267
85991,346551
85849,346834
85707,347117
85565,347399
85423,347681
85281,347962
85139,348243
84997,348523
84855,348803
84713,349082
84571,349361
84429,349639
84287,349917
84145,350194
84003,350470
83861,350746
83719,351021
83578,351296
83437,351570
83296,351844
83155,352117
83014,352390
82873,352662
82732,352934
82591,353205
82450,353475
82309,353745
82168,354014
82027,354283
81886,354551
81745,354819
81604,355086
81464,355352
81324,355618
81184,355883
81044,356148
80904,356412
80764,356676
80624,356939
80484,357201
80344,357463
80204,357724
80064,357985
79924,358245
79784,358505
79645,358764
79506,359022
79367,359280
79228,359537
79089,359794
78950,360050
78811,360306
78672,360561
78533,360815
78394,361069
78255,361322
78117,361575
77979,361827
77841,362078
77703,362329
77565,362579
77427,362829
77289,363078
77151,363326
77013,363574
76875,363821
76738,364068
76601,364314
76464,364559
76327,364804
76190,365048
76053,365292
75916,365535
75779,365777
75642,366019
75505,366260
75369,366501
75233,366741
75097,366980
74961,367219
74825,367457
74689,367694
74553,367931
74417,368167
74281,368403
74146,368638
74011,368872
73876,369106
73741,369339
73606,369572
73471,369804
73336,370035
73201,370266
73066,370496
72932,370725
72798,370954
72664,371182
72530,371410
72396,371637
72262,371863
72128,372089
71994,372314
71861,372538
71728,372762
71595,372985
71462,373208
71329,373430
71196,373651
71063,373872
70930,374092
70798,374311
70666,374530
70534,374748
70402,374965
70270,375182
70138,375398
70006,375614
69874,375829
69743,376043
69612,376257
69481,376470
69350,376682
69219,376894
69088,377105
68957,377315
68827,377525
68697,377734
68567,377943
68437,378151
68307,378358
68177,378565
68047,378771
67917,378976
67788,379181
67659,379385
67530,379588
67401,379791
67272,379993
67143,380194
67014,380395
66886,380595
66758,380795
66630,380994
66502,381192
66374,381390
66246,381587
66118,381783
65991,381979
65864,382174
65737,382368
65610,382562
65483,382755
65356,382947
65230,383139
65104,383330
64978,383520
64852,383710
64726,383899
64600,384088
64474,384276
64349,384463
64224,384650
64099,384836
63974,385021
63849,385206
63724,385390
63599,385573
63475,385756
63351,385938
63227,386119
63103,386300
62979,386480
62855,386659
62732,386838
62609,387016
62486,387193
62363,387370
62240,387546
62117,387722
61995,387897
61873,388071
61751,388245
61629,388418
61507,388590
61385,388762
61263,388933
61142,389103
61021,389273
60900,389442
60779,389610
60658,389778
60537,389945
60417,390111
60297,390277
60177,390442
60057,390606
59937,390770
59817,390933
59698,391095
59579,391257
59460,391418
59341,391579
59222,391739
59103,391898
58985,392057
58867,392215
58749,392372
58631,392529
58513,392685
58395,392840
58278,392995
58161,393149
58044,393302
57927,393455
57810,393607
57693,393758
57577,393909
57461,394059
57345,394209
57229,394358
57113,394506
56997,394654
56882,394801
56767,394947
56652,395093
56537,395238
56422,395382
56307,395526
56193,395669
56079,395811
55965,395953
55851,396094
55737,396234
55623,396374
55510,396513
55397,396652
55284,396790
55171,396927
55058,397064
54945,397200
54833,397335
54721,397470
54609,397604
54497,397737
54385,397870
54274,398002
54163,398134
54052,398265
53941,398395
53830,398525
53719,398654
53609,398782
53499,398910
53389,399037
53279,399163
53169,399289
53059,399414
52950,399539
52841,399663
52732,399786
52623,399909
52514,400031
52405,400152
52297,400273
52189,400393
52081,400512
51973,400631
51865,400749
51758,400867
51651,400984
51544,401100
51437,401216
51330,401331
51223,401445
51117,401559
51011,401672
50905,401785
50799,401897
50693,402008
50587,402119
50482,402229
50377,402338
50272,402447
50167,402555
50062,402663
49958,402770
49854,402876
49750,402982
49646,403087
49542,403192
49438,403296
49335,403399
49232,403502
49129,403604
49026,403705
48923,403806
48820,403906
48718,404006
48616,404105
48514,404203
48412,404301
48310,404398
48209,404495
48108,404591
48007,404686
47906,404781
47805,404875
47704,404969
47604,405062
47504,405154
47404,405246
47304,405337
47204,405428
47104,405518
47005,405607
46906,405696
46807,405784
46708,405872
46609,405959
46511,406045
46413,406131
46315,406216
46217,406301
46119,406385
46021,406468
45924,406551
45827,406633
45730,406715
45633,406796
45536,406876
45440,406956
45344,407035
45248,407114
45152,407192
45056,407269
44960,407346
44865,407422
44770,407498
44675,407573
44580,407648
44485,407722
44390,407795
44296,407868
44202,407940
44108,408012
44014,408083
43920,408154
43826,408224
43733,408293
43640,408362
43547,408430
43454,408498
43361,408565
43269,408632
43177,408698
43085,408763
42993,408828
42901,408892
42809,408956
42718,409019
42627,409082
42536,409144
42445,409205
42354,409266
42263,409326
42173,409386
42083,409445
41993,409504
41903,409562
41813,409619
41724,409676
41635,409732
41546,409788
41457,409843
41368,409898
41279,409952
41191,410006
41103,410059
41015,410112
40927,410164
40839,410215
40751,410266
40664,410316
40577,410366
40490,410415
40403,410464
40316,410512
40229,410560
40143,410607
40057,410654
39971,410700
39885,410745
39799,410790
39713,410834
39628,410878
39543,410921
39458,410964
39373,411006
39288,411048
39203,411089
39119,411130
39035,411170
38951,411210
38867,411249
38783,411288
38699,411326
38616,411363
38533,411400
38450,411436
38367,411472
38284,411507
38202,411542
38120,411576
38038,411610
37956,411643
37874,411676
37792,411708
37711,411740
37630,411771
37549,411802
37468,411832
37387,411862
37306,411891
37226,411920
37146,411948
37066,411976
36986,412003
36906,412030
36826,412056
36746,412082
36667,412107
36588,412132
36509,412156
36430,412180
36351,412203
36272,412226
36194,412248
36116,412270
36038,412291
35960,412312
35882,412332
35804,412352
35727,412371
35650,412390
35573,412408
35496,412426
35419,412443
35342,412460
35266,412476
35190,412492
35114,412507
35038,412522
34962,412536
34886,412550
34811,412563
34736,412576
34661,412588
34586,412600
34511,412612
34436,412623
34362,412634
34288,412644
34214,412654
34140,412663
34066,412672
33992,412680
33918,412688
33845,412695
33772,412702
33699,412708
33626,412714
33553,412719
33480,412724
33408,412729
33336,412733
33264,412737
33192,412740
33120,412743
33048,412745
32976,412747
32905,412748
32834,412749
32763,412749
32692,412749
32621,412749
32550,412748
32480,412747
32410,412745
32340,412743
32270,412740
32200,412737
32130,412733
32060,412729
31991,412725
31922,412720
31853,412715
31784,412709
31715,412703
31646,412696
31578,412689
31510,412681
31442,412673
31374,412665
31306,412656
31238,412647
31170,412637
31103,412627
31036,412616
30969,412605
30902,412594
30835,412582
30768,412570
30701,412557
30635,412544
30569,412530
30503,412516
30437,412502
30371,412487
30305,412472
30239,412456
30174,412440
30109,412424
30044,412407
29979,412390
29914,412372
29849,412354
29784,412336
29720,412317
29656,412298
29592,412278
29528,412258
29464,412237
29400,412216
29336,412195
29273,412173
29210,412151
29147,412128
29084,412105
29021,412082
28958,412058
28895,412034
28833,412009
28771,411984
28709,411959
28647,411933
28585,411907
28523,411881
28461,411854
28400,411827
28339,411799
28278,411771
28217,411743
28156,411714
28095,411685
28034,411655
27974,411625
27914,411595
27854,411564
27794,411533
27734,411502
27674,411470
27614,411438
27555,411405
27496,411372
27437,411339
27378,411305
27319,411271
27260,411237
27201,411202
27142,411167
27084,411131
27026,411095
26968,411059
26910,411022
26852,410985
26794,410948
26736,410910
26679,410872
26622,410834
26565,410795
26508,410756
26451,410716
26394,410676
26337,410636
26280,410595
26224,410554
26168,410513
26112,410471
26056,410429
26000,410387
25944,410344
25888,410301
25832,410258
25777,410214
25722,410170
25667,410126
25612,410081
25557,410036
25502,409991
25447,409945
25392,409899
25338,409853
25284,409806
25230,409759
25176,409712
25122,409664
25068,409616
25014,409568
24960,409519
24907,409470
24854,409421
24801,409371
24748,409321
24695,409271
24642,409220
24589,409169
24536,409118
24484,409066
24432,409014
24380,408962
24328,408909
24276,408856
24224,408803
24172,408749
24120,408695
24069,408641
24018,408586
23967,408531
23916,408476
23865,408420
23814,408364
23763,408308
23712,408251
23662,408194
23612,408137
23562,408080
23512,408022
23462,407964
23412,407906
23362,407847
23312,407788
23262,407729
23213,407669
23164,407609
23115,407549
23066,407489
23017,407428
22968,407367
22919,407306
22870,407244
22821,407182
22773,407120
22725,407057
22677,406994
22629,406931
22581,406868
22533,406804
22485,406740
22437,406676
22389,406611
22342,406546
22295,406481
22248,406416
22201,406350
22154,406284
22107,406218
22060,406151
22013,406084
21966,406017
21920,405950
21874,405882
21828,405814
21782,405746
21736,405678
21690,405609
21644,405540
21598,405471
21552,405401
21507,405331
21462,405261
21417,405191
21372,405120
21327,405049
21282,404978
21237,404907
21192,404835
21147,404763
21103,404691
21059,404618
21015,404545
20971,404472
20927,404399
20883,404325
20839,404251
20795,404177
20751,404103
20707,404028
20664,403953
20621,403878
20578,403803
20535,403727
20492,403651
20449,403575
20406,403499
20363,403422
20320,403345
20277,403268
20235,403191
20193,403113
20151,403035
20109,402957
20067,402879
20025,402800
19983,402721
19941,402642
19899,402563
19857,402483
19816,402403
19775,402323
19734,402243
19693,402162
19652,402081
19611,402000
19570,401919
19529,401837
19488,401755
19447,401673
19407,401591
19367,401509
19327,401426
19287,401343
19247,401260
19207,401177
19167,401093
19127,401009
19087,400925
19047,400841
19008,400756
18969,400671
18930,400586
18891,400501
18852,400416
18813,400330
18774,400244
18735,400158
18696,400072
18657,399985
18618,399898
18580,399811
18542,399724
18504,399637
18466,399549
18428,399461
18390,399373
18352,399285
18314,399197
18276,399108
18238,399019
18200,398930
18163,398841
18126,398751
18089,398661
18052,398571
18015,398481
17978,398391
17941,398300
17904,398209
17867,398118
17830,398027
17793,397936
17757,397844
17721,397752
17685,397660
17649,397568
17613,397476
17577,397383
17541,397290
17505,397197
17469,397104
17433,397011
17397,396917
17361,396823
17326,396729
17291,396635
17256,396541
17221,396446
17186,396351
17151,396256
17116,396161
17081,396066
17046,395971
17011,395875
16976,395779
16941,395683
16907,395587
16873,395491
16839,395394
16805,395297
16771,395200
16737,395103
16703,395006
16669,394908
16635,394810
16601,394712
16567,394614
16533,394516
16500,394418
16467,394319
16434,394220
16401,394121
16368,394022
16335,393923
16302,393824
16269,393724
16236,393624
16203,393524
16170,393424
16137,393324
16104,393223
16072,393122
16040,393021
16008,392920
15976,392819
15944,392718
15912,392616
15880,392514
15848,392412
15816,392310
15784,392208
15752,392106
15720,392003
15688,391900
15657,391797
15626,391694
15595,391591
15564,391488
15533,391385
15502,391281
15471,391177
15440,391073
15409,390969
15378,390865
15347,390761
15316,390656
15285,390551
15255,390446
15225,390341
15195,390236
15165,390131
15135,390025
15105,389919
15075,389813
15045,389707
15015,389601
14985,389495
14955,389389
14925,389282
14895,389175
14865,389068
14836,388961
14807,388854
14778,388747
14749,388640
14720,388532
14691,388424
14662,388316
14633,388208
14604,388100
14575,387992
14546,387884
14517,387775
14488,387666
14459,387557
14431,387448
14403,387339
14375,387230
14347,387121
14319,387011
14291,386901
14263,386791
14235,386681
14207,386571
14179,386461
14151,386351
14123,386240
14095,386129
14067,386018
14039,385907
14012,385796
13985,385685
13958,385574
13931,385463
13904,385351
13877,385239
13850,385127
13823,385015
13796,384903
13769,384791
13742,384679
13715,384567
13688,384454
13661,384341
13634,384228
13607,384115
13581,384002
13555,383889
13529,383776
13503,383663
13477,383549
13451,383435
13425,383321
13399,383207
13373,383093
13347,382979
13321,382865
13295,382751
13269,382636
13243,382521
13217,382406
13191,382291
13166,382176
13141,382061
13116,381946
13091,381831
13066,381716
13041,381600
13016,381484
12991,381368
12966,381252
12941,381136
12916,381020
12891,380904
12866,380788
12841,380672
12816,380555
12791,380438
12766,380321
12742,380204
12718,380087
12694,379970
12670,379853
12646,379736
12622,379619
12598,379501
12574,379383
12550,379265
12526,379147
12502,379029
12478,378911
12454,378793
12430,378675
12406,378557
12382,378439
12358,378320
12335,378201
12312,378082
12289,377963
12266,377844
12243,377725
12220,377606
12197,377487
12174,377368
12151,377249
12128,377129
12105,377009
12082,376889
12059,376769
12036,376649
12013,376529
11990,376409
11967,376289
11944,376169
11922,376049
11900,375929
11878,375808
11856,375687
11834,375566
11812,375445
11790,375324
11768,375203
11746,375082
11724,374961
11702,374840
11680,374719
11658,374598
11636,374476
11614,374354
11592,374232
11570,374110
11548,373988
11526,373866
11504,373744
11483,373622
11462,373500
11441,373378
11420,373256
11399,373134
11378,373011
11357,372888
11336,372765
11315,372642
11294,372519
11273,372396
11252,372273
11231,372150
11210,372027
11189,371904
11168,371781
11147,371658
11126,371535
11105,371411
11084,371287
11064,371163
11044,371039
11024,370915
11004,370791
10984,370667
10964,370543
10944,370419
10924,370295
10904,370171
10884,370047
10864,369923
10844,369798
10824,369673
10804,369548
10784,369423
10764,369298
10744,369173
10724,369048
10704,368923
10684,368798
10664,368673
10645,368548
10626,368423
10607,368298
10588,368173
10569,368048
10550,367922
10531,367796
10512,367670
10493,367544
10474,367418
10455,367292
10436,367166
10417,367040
10398,366914
10379,366788
10360,366662
10341,366536
10322,366410
10303,366284
10284,366158
10265,366031
10246,365904
10228,365777
10210,365650
10192,365523
10174,365396
10156,365269
10138,365142
10120,365015
10102,364888
10084,364761
10066,364634
10048,364507
10030,364380
10012,364253
9994,364126
9976,363999
9958,363872
9940,363744
9922,363616
9904,363488
9886,363360
9868,363232
9850,363104
9832,362976
9814,362848
9797,362720
9780,362592
9763,362464
9746,362336
9729,362208
9712,362080
9695,361952
9678,361824
9661,361696
9644,361568
9627,361440
9610,361311
9593,361182
9576,361053
9559,360924
9542,360795
9525,360666
9508,360537
9491,360408
9474,360279
9457,360150
9440,360021
9423,359892
9406,359763
9389,359634
9373,359505
9357,359376
9341,359247
9325,359118
9309,358989
9293,358860
9277,358731
9261,358602
9245,358472
9229,358342
9213,358212
9197,358082
9181,357952
9165,357822
9149,357692
9133,357562
9117,357432
9101,357302
9085,357172
9069,357042
9053,356912
9037,356782
9021,356652
9005,356522
8989,356392
8973,356262
8957,356132
8942,356002
8927,355872
8912,355742
8897,355612
8882,355482
8867,355352
8852,355221
8837,355090
8822,354959
8807,354828
8792,354697
8777,354566
8762,354435
8747,354304
8732,354173
8717,354042
8702,353911
8687,353780
8672,353649
8657,353518
8642,353387
8627,353256
8612,353125
8597,352994
8582,352863
8567,352732
8552,352601
8537,352470
8522,352339
8508,352208
8494,352077
8480,351946
8466,351815
8452,351684
8438,351553
8424,351422
8410,351291
8396,351160
8382,351028
8368,350896
8354,350764
8340,350632
8326,350500
8312,350368
8298,350236
8284,350104
8270,349972
8256,349840
8242,349708
8228,349576
8214,349444
8200,349312
8186,349180
8172,349048
8158,348916
8144,348784
8130,348652
8116,348520
8102,348388
8088,348256
8075,348124
8062,347992
8049,347860
8036,347728
8023,347596
8010,347464
7997,347332
7984,347200
7971,347068
7958,346936
7945,346804
7932,346672
7919,346540
7906,346408
7893,346276
7880,346144
7867,346012
7854,345880
7841,345748
7828,345616
7815,345484
7802,345352
7789,345220
7776,345087
7763,344954
7750,344821
7737,344688
7724,344555
7711,344422
7698,344289
7685,344156
7672,344023
7659,343890
7646,343757
7634,343624
7622,343491
7610,343358
7598,343225
7586,343092
7574,342959
7562,342826
7550,342693
7538,342560
7526,342427
7514,342294
7502,342161
7490,342028
7478,341895
7466,341762
7454,341629
7442,341496
7430,341363
7418,341230
7406,341097
7394,340964
7382,340831
7370,340698
7358,340565
7346,340432
7334,340299
7322,340166
7310,340033
7298,339900
7286,339767
7274,339634
7262,339501
7250,339368
7238,339235
7226,339102
7214,338969
7202,338836
7191,338703
7180,338570
7169,338437
7158,338304
7147,338171
7136,338038
7125,337905
7114,337772
7103,337639
7092,337506
7081,337373
7070,337240
7059,337107
7048,336974
7037,336841
7026,336708
7015,336575
7004,336442
6993,336309
6982,336176
6971,336043
6960,335910
6949,335777
6938,335644
6927,335511
6916,335378
6905,335245
6894,335112
6883,334979
6872,334846
6861,334713
6850,334580
6839,334447
6828,334314
6817,334181
6806,334048
6795,333915
6784,333782
6773,333649
6762,333516
6751,333383
6741,333250
6731,333117
6721,332984
6711,332851
6701,332718
6691,332585
6681,332452
6671,332319
6661,332186
6651,332053
6641,331920
6631,331787
6621,331654
6611,331521
6601,331388
6591,331255
6581,331122
6571,330989
6561,330856
6551,330723
6541,330590
6531,330457
6521,330324
6511,330191
6501,330058
6491,329925
6481,329792
6471,329659
6461,329526
6451,329393
6441,329260
6431,329127
6421,328994
6411,328861
6401,328728
6391,328595
6381,328462
6371,328329
6361,328196
6351,328063
6341,327930
6331,327797
6321,327664
6311,327531
6301,327398
6291,327265
6282,327132
6273,326999
6264,326866
6255,326733
6246,326600
6237,326467
6228,326334
6219,326201
6210,326068
6201,325935
6192,325802
6183,325669
6174,325536
6165,325403
6156,325270
6147,325137
6138,325004
6129,324871
6120,324738
6111,324605
6102,324472
6093,324339
6084,324206
6075,324073
6066,323940
6057,323807
6048,323674
6039,323541
6030,323408
6021,323275
6012,323142
6003,323009
5994,322876
5985,322743
5976,322610
5967,322477
5958,322344
5949,322211
5940,322078
5931,321945
5922,321812
5913,321679
5904,321546
5895,321413
5886,321280
5877,321147
5868,321014
5859,320881
5850,320748
5841,320615
5832,320482
5824,320349
5816,320216
5808,320083
5800,319950
5792,319817
5784,319684
5776,319551
5768,319418
5760,319285
5752,319152
5744,319020
5736,318888
5728,318756
5720,318624
5712,318492
5704,318360
5696,318228
5688,318096
5680,317964
5672,317832
5664,317700
5656,317568
5648,317436
5640,317304
5632,317172
5624,317040
5616,316908
5608,316776
5600,316644
5592,316512
5584,316380
5576,316248
5568,316116
5560,315984
5552,315852
5544,315720
5536,315588
5528,315456
5520,315324
5512,315192
5504,315060
5496,314928
5488,314796
5480,314664
5472,314532
5464,314400
5456,314268
5448,314136
5440,314004
5432,313872
5424,313740
5416,313608
5408,313476
5400,313344
5392,313212
5384,313080
5376,312948
5368,312816
5361,312684
5354,312552
5347,312420
5340,312288
5333,312156
5326,312024
5319,311892
5312,311760
5305,311628
5298,311496
5291,311365
5284,311234
5277,311103
5270,310972
5263,310841
5256,310710
5249,310579
5242,310448
5235,310317
5228,310186
5221,310055
5214,309924
5207,309793
5200,309662
5193,309531
5186,309400
5179,309269
5172,309138
5165,309007
5158,308876
5151,308745
5144,308614
5137,308483
5130,308352
5123,308221
5116,308090
5109,307959
5102,307828
5095,307697
5088,307566
5081,307435
5074,307304
5067,307173
5060,307042
5053,306911
5046,306780
5039,306649
5032,306518
5025,306387
5018,306256
5011,306125
5004,305994
4997,305863
4990,305732
4983,305601
4976,305471
4969,305341
4962,305211
4955,305081
4948,304951
4941,304821
4934,304691
4927,304561
4920,304431
4913,304301
4906,304171
4899,304041
4892,303911
4886,303781
4880,303651
4874,303521
4868,303391
4862,303261
4856,303131
4850,303001
4844,302871
4838,302741
4832,302611
4826,302481
4820,302351
4814,302221
4808,302091
4802,301961
4796,301831
4790,301701
4784,301571
4778,301441
4772,301311
4766,301181
4760,301051
4754,300921
4748,300791
4742,300661
4736,300532
4730,300403
4724,300274
4718,300145
4712,300016
4706,299887
4700,299758
4694,299629
4688,299500
4682,299371
4676,299242
4670,299113
4664,298984
4658,298855
4652,298726
4646,298597
4640,298468
4634,298339
4628,298210
4622,298081
4616,297952
4610,297823
4604,297694
4598,297565
4592,297436
4586,297307
4580,297178
4574,297049
4568,296920
4562,296791
4556,296662
4550,296533
4544,296404
4538,296275
4532,296146
4526,296018
4520,295890
4514,295762
4508,295634
4502,295506
4496,295378
4490,295250
4484,295122
4478,294994
4472,294866
4466,294738
4460,294610
4454,294482
4448,294354
4442,294226
4436,294098
4430,293970
4424,293842
4418,293714
4412,293586
4406,293458
4401,293330
4396,293202
4391,293074
4386,292946
4381,292818
4376,292690
4371,292562
4366,292434
4361,292306
4356,292178
4351,292050
4346,291922
4341,291795
4336,291668
4331,291541
4326,291414
4321,291287
4316,291160
4311,291033
4306,290906
4301,290779
4296,290652
4291,290525
4286,290398
4281,290271
4276,290144
4271,290017
4266,289890
4261,289763
4256,289636
4251,289509
4246,289382
4241,289255
4236,289128
4231,289001
4226,288874
4221,288747
4216,288620
4211,288493
4206,288366
4201,288239
4196,288112
4191,287986
4186,287860
4181,287734
4176,287608
4171,287482
4166,287356
4161,287230
4156,287104
4151,286978
4146,286852
4141,286726
4136,286600
4131,286474
4126,286348
4121,286222
4116,286096
4111,285970
4106,285844
4101,285718
4096,285592
4091,285466
4086,285340
4081,285214
4076,285088
4071,284962
4066,284836
4061,284710
4056,284584
4051,284458
4046,284332
4041,284207
4036,284082
4031,283957
4026,283832
4021,283707
4016,283582
4011,283457
4006,283332
4001,283207
3996,283082
3991,282957
3986,282832
3981,282707
3976,282582
3971,282457
3966,282332
3961,282207
3956,282082
3951,281957
3946,281832
3941,281707
3936,281582
3931,281457
3926,281332
3921,281207
3916,281082
3911,280957
3906,280832
3902,280707
3898,280582
3894,280458
3890,280334
3886,280210
3882,280086
3878,279962
3874,279838
3870,279714
3866,279590
3862,279466
3858,279342
3854,279218
3850,279094
3846,278970
3842,278846
3838,278722
3834,278598
3830,278474
3826,278350
3822,278226
3818,278102
3814,277978
3810,277854
3806,277730
3802,277606
3798,277482
3794,277358
3790,277235
3786,277112
3782,276989
3778,276866
3774,276743
3770,276620
3766,276497
3762,276374
3758,276251
3754,276128
3750,276005
3746,275882
3742,275759
3738,275636
3734,275513
3730,275390
3726,275267
3722,275144
3718,275021
3714,274898
3710,274775
3706,274652
3702,274529
3698,274406
3694,274283
3690,274160
3686,274037
3682,273915
3678,273793
3674,273671
3670,273549
3666,273427
3662,273305
3658,273183
3654,273061
3650,272939
3646,272817
3642,272695
3638,272573
3634,272451
3630,272329
3626,272207
3622,272085
3618,271963
3614,271841
3610,271719
3606,271597
3602,271475
3598,271353
3594,271231
3590,271109
3586,270987
3582,270865
3578,270744
3574,270623
3570,270502
3566,270381
3562,270260
3558,270139
3554,270018
3550,269897
3546,269776
3542,269655
3538,269534
3534,269413
3530,269292
3526,269171
3522,269050
3518,268929
3514,268808
3510,268687
3506,268566
3502,268445
3498,268324
3494,268203
3490,268082
3486,267961
3482,267840
3478,267719
3474,267599
3470,267479
3466,267359
3462,267239
3458,267119
3454,266999
3450,266879
3446,266759
3442,266639
3438,266519
3434,266399
3430,266279
3426,266159
3422,266039
3418,265919
3414,265799
3410,265679
3406,265559
3402,265439
3398,265319
3394,265199
3391,265079
3388,264959
3385,264839
3382,264719
3379,264599
3376,264480
3373,264361
3370,264242
3367,264123
3364,264004
3361,263885
3358,263766
3355,263647
3352,263528
3349,263409
3346,263290
3343,263171
3340,263052
3337,262933
3334,262814
3331,262695
3328,262576
3325,262457
3322,262338
3319,262219
3316,262100
3313,261981
3310,261862
3307,261743
3304,261625
3301,261507
3298,261389
3295,261271
3292,261153
3289,261035
3286,260917
3283,260799
3280,260681
3277,260563
3274,260445
3271,260327
3268,260209
3265,260091
3262,259973
3259,259855
3256,259737
3253,259619
3250,259501
3247,259383
3244,259265
3241,259147
3238,259029
3235,258911
3232,258793
3229,258676
3226,258559
3223,258442
3220,258325
3217,258208
3214,258091
3211,257974
3208,257857
3205,257740
3202,257623
3199,257506
3196,257389
3193,257272
3190,257155
3187,257038
3184,256921
3181,256804
3178,256687
3175,256570
3172,256453
3169,256336
3166,256219
3163,256102
3160,255985
3157,255869
3154,255753
3151,255637
3148,255521
3145,255405
3142,255289
3139,255173
3136,255057
3133,254941
3130,254825
3127,254709
3124,254593
3121,254477
3118,254361
3115,254245
3112,254129
3109,254013
3106,253897
3103,253781
3100,253665
3097,253549
3094,253433
3091,253317
3088,253201
3085,253086
3082,252971
3079,252856
3076,252741
3073,252626
3070,252511
3067,252396
3064,252281
3061,252166
3058,252051
3055,251936
3052,251821
3049,251706
3046,251591
3043,251476
3040,251361
3037,251246
3034,251131
3031,251016
3028,250901
3025,250786
3022,250671
3019,250556
3016,250441
3013,250326
3010,250212
3007,250098
3004,249984
3001,249870
2998,249756
2995,249642
2992,249528
2989,249414
2986,249300
2983,249186
2980,249072
2977,248958
2974,248844
2971,248730
2968,248616
2965,248502
2962,248388
2959,248274
2956,248160
2953,248046
2950,247932
2947,247818
2944,247704
2941,247590
2938,247477
2935,247364
2932,247251
2929,247138
2926,247025
2923,246912
2920,246799
2917,246686
2914,246573
2911,246460
2908,246347
2905,246234
2902,246121
2899,246008
2896,245895
2893,245782
2890,245669
2887,245556
2884,245443
2881,245330
2878,245217
2875,245104
2872,244991
2869,244878
2866,244765
2863,244653
2861,244541
2859,244429
2857,244317
2855,244205
2853,244093
2851,243981
2849,243869
2847,243757
2845,243645
2843,243533
2841,243421
2839,243309
2837,243197
2835,243085
2833,242973
2831,242861
2829,242749
2827,242637
2825,242525
2823,242413
2821,242301
2819,242189
2817,242078
2815,241967
2813,241856
2811,241745
2809,241634
2807,241523
2805,241412
2803,241301
2801,241190
2799,241079
2797,240968
2795,240857
2793,240746
2791,240635
2789,240524
2787,240413
2785,240302
2783,240191
2781,240080
2779,239969
2777,239858
2775,239747
2773,239637
2771,239527
2769,239417
2767,239307
2765,239197
2763,239087
2761,238977
2759,238867
2757,238757
2755,238647
2753,238537
2751,238427
2749,238317
2747,238207
2745,238097
2743,237987
2741,237877
2739,237767
2737,237657
2735,237547
2733,237437
2731,237327
2729,237217
2727,237107
2725,236998
2723,236889
2721,236780
2719,236671
2717,236562
2715,236453
2713,236344
2711,236235
2709,236126
2707,236017
2705,235908
2703,235799
2701,235690
2699,235581
2697,235472
2695,235363
2693,235254
2691,235145
2689,235036
2687,234927
2685,234818
2683,234709
2681,234600
2679,234492
2677,234384
2675,234276
2673,234168
2671,234060
2669,233952
2667,233844
2665,233736
2663,233628
2661,233520
2659,233412
2657,233304
2655,233196
2653,233088
2651,232980
2649,232872
2647,232764
2645,232656
2643,232548
2641,232440
2639,232332
2637,232224
2635,232116
2633,232009
2631,231902
2629,231795
2627,231688
2625,231581
2623,231474
2621,231367
2619,231260
2617,231153
2615,231046
2613,230939
2611,230832
2609,230725
2607,230618
2605,230511
2603,230404
2601,230297
2599,230190
2597,230083
2595,229976
2593,229869
2591,229762
2589,229655
2587,229548
2585,229442
2583,229336
2581,229230
2579,229124
2577,229018
2575,228912
2573,228806
2571,228700
2569,228594
2567,228488
2565,228382
2563,228276
2561,228170
2559,228064
2557,227958
2555,227852
2553,227746
2551,227640
2549,227534
2547,227428
2545,227322
2543,227216
2541,227110
2539,227005
2537,226900
2535,226795
2533,226690
2531,226585
2529,226480
2527,226375
2525,226270
2523,226165
2521,226060
2519,225955
2517,225850
2515,225745
2513,225640
2511,225535
2509,225430
2507,225325
2505,225220
2503,225115
2501,225010
2499,224905
2497,224800
2495,224695
2493,224590
2491,224486
2489,224382
2487,224278
2485,224174
2483,224070
2481,223966
2479,223862
2477,223758
2475,223654
2473,223550
2471,223446
2469,223342
2467,223238
2465,223134
2463,223030
2461,222926
2459,222822
2457,222718
2455,222614
2453,222510
2451,222406
2449,222302
2447,222198
2445,222094
2443,221991
2441,221888
2439,221785
2437,221682
2435,221579
2433,221476
2431,221373
2429,221270
2427,221167
2425,221064
2423,220961
2421,220858
2419,220755
2417,220652
2415,220549
2413,220446
2411,220343
2409,220240
2407,220137
2405,220034
2403,219931
2401,219828
2399,219725
2397,219622
2395,219520
2393,219418
2391,219316
2389,219214
2387,219112
2385,219010
2383,218908
2381,218806
2379,218704
2377,218602
2375,218500
2373,218398
2371,218296
2369,218194
2367,218092
2365,217990
2363,217888
2361,217786
2359,217684
2357,217582
2355,217480
2353,217378
2351,217276
2349,217174
2347,217072
2345,216971
2343,216870
2341,216769
2339,216668
2337,216567
2335,216466
2333,216365
2331,216264
2329,216163
2327,216062
2325,215961
2323,215860
2321,215759
2319,215658
2317,215557
2315,215456
2313,215355
2312,215254
2311,215153
2310,215052
2309,214951
2308,214850
2307,214749
2306,214648
2305,214548
2304,214448
2303,214348
2302,214248
2301,214148
2300,214048
2299,213948
2298,213848
2297,213748
2296,213648
2295,213548
2294,213448
2293,213348
2292,213248
2291,213148
2290,213048
2289,212948
2288,212848
2287,212748
2286,212648
2285,212548
2284,212448
2283,212348
2282,212249
2281,212150
2280,212051
2279,211952
2278,211853
2277,211754
2276,211655
2275,211556
2274,211457
2273,211358
2272,211259
2271,211160
2270,211061
2269,210962
2268,210863
2267,210764
2266,210665
2265,210566
2264,210467
2263,210368
2262,210269
2261,210170
2260,210071
2259,209973
2258,209875
2257,209777
2256,209679
2255,209581
2254,209483
2253,209385
2252,209287
2251,209189
2250,209091
2249,208993
2248,208895
2247,208797
2246,208699
2245,208601
2244,208503
2243,208405
2242,208307
2241,208209
2240,208111
2239,208013
2238,207915
2237,207817
2236,207719
2235,207622
2234,207525
2233,207428
2232,207331
2231,207234
2230,207137
2229,207040
2228,206943
2227,206846
2226,206749
2225,206652
2224,206555
2223,206458
2222,206361
2221,206264
2220,206167
2219,206070
2218,205973
2217,205876
2216,205779
2215,205682
2214,205585
2213,205488
2212,205392
2211,205296
2210,205200
2209,205104
2208,205008
2207,204912
2206,204816
2205,204720
2204,204624
2203,204528
2202,204432
2201,204336
2200,204240
2199,204144
2198,204048
2197,203952
2196,203856
2195,203760
2194,203664
2193,203568
2192,203472
2191,203376
2190,203280
2189,203184
2188,203089
2187,202994
2186,202899
2185,202804
2184,202709
2183,202614
2182,202519
2181,202424
2180,202329
2179,202234
2178,202139
2177,202044
2176,201949
2175,201854
2174,201759
2173,201664
2172,201569
2171,201474
2170,201379
2169,201284
2168,201189
2167,201094
2166,200999
2165,200904
2164,200810
2163,200716
2162,200622
2161,200528
2160,200434
2159,200340
2158,200246
2157,200152
2156,200058
2155,199964
2154,199870
2153,199776
2152,199682
2151,199588
2150,199494
2149,199400
2148,199306
2147,199212
2146,199118
2145,199024
2144,198930
2143,198836
2142,198742
2141,198648
2140,198555
2139,198462
2138,198369
2137,198276
2136,198183
2135,198090
2134,197997
2133,197904
2132,197811
2131,197718
2130,197625
2129,197532
2128,197439
2127,197346
2126,197253
2125,197160
2124,197067
2123,196974
2122,196881
2121,196788
2120,196695
2119,196602
2118,196509
2117,196416
2116,196323
2115,196231
2114,196139
2113,196047
2112,195955
2111,195863
2110,195771
2109,195679
2108,195587
2107,195495
2106,195403
2105,195311
2104,195219
2103,195127
2102,195035
2101,194943
2100,194851
2099,194759
2098,194667
2097,194575
2096,194483
2095,194391
2094,194299
2093,194207
2092,194115
2091,194023
2090,193932
2089,193841
2088,193750
2087,193659
2086,193568
2085,193477
2084,193386
2083,193295
2082,193204
2081,193113
2080,193022
2079,192931
2078,192840
2077,192749
2076,192658
2075,192567
2074,192476
2073,192385
2072,192294
2071,192203
2070,192112
2069,192021
2068,191930
2067,191839
2066,191748
2065,191658
2064,191568
2063,191478
2062,191388
2061,191298
2060,191208
2059,191118
2058,191028
2057,190938
2056,190848
2055,190758
2054,190668
2053,190578
2052,190488
2051,190398
2050,190308
2049,190218
2048,190128
2047,190038
2046,189948
2045,189858
2044,189768
2043,189678
2042,189588
2041,189498
2040,189409
2039,189320
2038,189231
2037,189142
2036,189053
2035,188964
2034,188875
2033,188786
2032,188697
2031,188608
2030,188519
2029,188430
2028,188341
2027,188252
2026,188163
2025,188074
2024,187985
2023,187896
2022,187807
2021,187718
2020,187629
2019,187540
2018,187451
2017,187362
2016,187273
2015,187185
2014,187097
2013,187009
2012,186921
2011,186833
2010,186745
2009,186657
2008,186569
2007,186481
2006,186393
2005,186305
2004,186217
2003,186129
2002,186041
2001,185953
2000,185865
1999,185777
1998,185689
1997,185601
1996,185513
1995,185425
1994,185337
1993,185249
1992,185161
1991,185073
1990,184985
1989,184898
1988,184811
1987,184724
1986,184637
1985,184550
1984,184463
1983,184376
1982,184289
1981,184202
1980,184115
1979,184028
1978,183941
1977,183854
1976,183767
1975,183680
1974,183593
1973,183506
1972,183419
1971,183332
1970,183245
1969,183158
1968,183071
1967,182984
1966,182897
1965,182810
1964,182723
1963,182637
1962,182551
1961,182465
1960,182379
1959,182293
1958,182207
1957,182121
1956,182035
1955,181949
1954,181863
1953,181777
1952,181691
1951,181605
1950,181519
1949,181433
1948,181347
1947,181261
1946,181175
1945,181089
1944,181003
1943,180917
1942,180831
1941,180745
1940,180659
1939,180573
1938,180487
1937,180401
1936,180316
1935,180231
1934,180146
1933,180061
1932,179976
1931,179891
1930,179806
1929,179721
1928,179636
1927,179551
1926,179466
1925,179381
1924,179296
1923,179211
1922,179126
1921,179041
1920,178956
1919,178871
1918,178786
1917,178701
1916,178616
1915,178531
1914,178446
1913,178361
1912,178276
1911,178191
1910,178107
1909,178023
1908,177939
1907,177855
1906,177771
1905,177687
1904,177603
1903,177519
1902,177435
1901,177351
1900,177267
1899,177183
1898,177099
1897,177015
1896,176931
1895,176847
1894,176763
1893,176679
1892,176595
1891,176511
1890,176427
1889,176343
1888,176259
1887,176175
1886,176091
1885,176007
1884,175923
1883,175840
1882,175757
1881,175674
1880,175591
1879,175508
1878,175425
1877,175342
1876,175259
1875,175176
1874,175093
1873,175010
1872,174927
1871,174844
1870,174761
1869,174678
1868,174595
1867,174512
1866,174429
1865,174346
1864,174263
1863,174180
1862,174097
1861,174014
1860,173931
1859,173848
1858,173765
1857,173682
1856,173600
1855,173518
1854,173436
1853,173354
1852,173272
1851,173190
1850,173108
1849,173026
1848,172944
1847,172862
1846,172780
1845,172698
1844,172616
1843,172534
1842,172452
1841,172370
1840,172288
1839,172206
1838,172124
1837,172042
1836,171960
1835,171878
1834,171796
1833,171714
1832,171632
1831,171550
1830,171468
1829,171386
1828,171305
1827,171224
1826,171143
1825,171062
1824,170981
1823,170900
1822,170819
1821,170738
1820,170657
1819,170576
1818,170495
1817,170414
1816,170333
1815,170252
1814,170171
1813,170090
1812,170009
1811,169928
1810,169847
1809,169766
1808,169685
1807,169604
1806,169523
1805,169442
1804,169361
1803,169280
1802,169199
1801,169118
1800,169038
1799,168958
1798,168878
1797,168798
1796,168718
1795,168638
1794,168558
1793,168478
1792,168398
1791,168318
1790,168238
1789,168158
1788,168078
1787,167998
1786,167918
1785,167838
1784,167758
1783,167678
1782,167598
1781,167518
1781,167438
1781,167358
1781,167278
1781,167198
1781,167118
1781,167038
1781,166958
1781,166878
1781,166799
1781,166720
1781,166641
1781,166562
1781,166483
1781,166404
1781,166325
1781,166246
1781,166167
1781,166088
1781,166009
1781,165930
1781,165851
1781,165772
1781,165693
1781,165614
1781,165535
1781,165456
1781,165377
1781,165298
1781,165219
1781,165140
1781,165061
1781,164982
1781,164903
1781,164824
1781,164746
1781,164668
1781,164590
1781,164512
1781,164434
1781,164356
1781,164278
1781,164200
1781,164122
1781,164044
1781,163966
1781,163888
1781,163810
1781,163732
1781,163654
1781,163576
1781,163498
1781,163420
1781,163342
1781,163264
1781,163186
1781,163108
1781,163030
1781,162952
1781,162874
1781,162796
1781,162718
1781,162641
1781,162564
1781,162487
1781,162410
1781,162333
1781,162256
1781,162179
1781,162102
1781,162025
1781,161948
1781,161871
1781,161794
1781,161717
1781,161640
1781,161563
1781,161486
1781,161409
1781,161332
1781,161255
1781,161178
1781,161101
1781,161024
1781,160947
1781,160870
1781,160793
1781,160716
1781,160639
1781,160563
1781,160487
1781,160411
1781,160335
1781,160259
1781,160183
1781,160107
1781,160031
1781,159955
1781,159879
1781,159803
1781,159727
1781,159651
1781,159575
1781,159499
1781,159423
1781,159347
1781,159271
1781,159195
1781,159119
1781,159043
1781,158967
1781,158891
1781,158815
1781,158739
1781,158663
1781,158587
1781,158511
1781,158436
1781,158361
1781,158286
1781,158211
1781,158136
1781,158061
1781,157986
1781,157911
1781,157836
1781,157761
1781,157686
1781,157611
1781,157536
1781,157461
1781,157386
1781,157311
1781,157236
1781,157161
1781,157086
1781,157011
1781,156936
1781,156861
1781,156786
1781,156711
1781,156636
1781,156561
1781,156486
1781,156411
1781,156337
1781,156263
1781,156189
1781,156115
1781,156041
1781,155967
1781,155893
1781,155819
1781,155745
1781,155671
1781,155597
1781,155523
1781,155449
1781,155375
1781,155301
1781,155227
1781,155153
1781,155079
1781,155005
1781,154931
1781,154857
1781,154783
1781,154709
1781,154635
1781,154561
1781,154487
1781,154413
1781,154339
1781,154266
1781,154193
1781,154120
1781,154047
1781,153974
1781,153901
1781,153828
1781,153755
1781,153682
1781,153609
1781,153536
1781,153463
1781,153390
1781,153317
1781,153244
1781,153171
1781,153098
1781,153025
1781,152952
1781,152879
1781,152806
1781,152733
1781,152660
1781,152587
1781,152514
1781,152441
1781,152368
1781,152295
1781,152222
1781,152150
1781,152078
1781,152006
1781,151934
1781,151862
1781,151790
1781,151718
1781,151646
1781,151574
1781,151502
1781,151430
1781,151358
1781,151286
1781,151214
1781,151142
1781,151070
1781,150998
1781,150926
1781,150854
1781,150782
1781,150710
1781,150638
1781,150566
1781,150494
1781,150422
1781,150350
1781,150278
1781,150206
1781,150134
1781,150063
1781,149992
1781,149921
1781,149850
1781,149779
1781,149708
1781,149637
1781,149566
1781,149495
1781,149424
1781,149353
1781,149282
1781,149211
1781,149140
1781,149069
1781,148998
1781,148927
1781,148856
1781,148785
1781,148714
1781,148643
1781,148572
1781,148501
1781,148430
1781,148359
1781,148288
1781,148217
1781,148146
1781,148075
1781,148004
1781,147934
1781,147864
1781,147794
1781,147724
1781,147654
1781,147584
1781,147514
1781,147444
1781,147374
1781,147304
1781,147234
1781,147164
1781,147094
1781,147024
1781,146954
1781,146884
1781,146814
1781,146744
1781,146674
1781,146604
1781,146534
1781,146464
1781,146394
1781,146324
1781,146254
1781,146184
1781,146114
1781,146044
1781,145974
1781,145904
1781,145835
1781,145766
1781,145697
1781,145628
1781,145559
1781,145490
1781,145421
1781,145352
1781,145283
1781,145214
1781,145145
1781,145076
1781,145007
1781,144938
1781,144869
1781,144800
1781,144731
1781,144662
1781,144593
1781,144524
1781,144455
1781,144386
1781,144317
1781,144248
1781,144179
1781,144110
1781,144041
1781,143972
1781,143903
1781,143834
1781,143766
1781,143698
1781,143630
1781,143562
1781,143494
1781,143426
1781,143358
1781,143290
1781,143222
1781,143154
1781,143086
1781,143018
1781,142950
1781,142882
1781,142814
1781,142746
1781,142678
1781,142610
1781,142542
1781,142474
1781,142406
1781,142338
1781,142270
1781,142202
1781,142134
1781,142066
1781,141998
1781,141930
1781,141862
1781,141794
1781,141726
1781,141659
1781,141592
1781,141525
1781,141458
1781,141391
1781,141324
1781,141257
1781,141190
1781,141123
1781,141056
1781,140989
1781,140922
1781,140855
1781,140788
1781,140721
1781,140654
1781,140587
1781,140520
1781,140453
1781,140386
1781,140319
1781,140252
1781,140185
1781,140118
1781,140051
1781,139984
1781,139917
1781,139850
1781,139783
1781,139716
1781,139649
1781,139583
1781,139517
1781,139451
1781,139385
1781,139319
1781,139253
1781,139187
1781,139121
1781,139055
1781,138989
1781,138923
1781,138857
1781,138791
1781,138725
1781,138659
1781,138593
1781,138527
1781,138461
1781,138395
1781,138329
1781,138263
1781,138197
1781,138131
1781,138065
1781,137999
1781,137933
1781,137867
1781,137801
1781,137735
1781,137669
1781,137603
1781,137537
1781,137472
1781,137407
1781,137342
1781,137277
1781,137212
1781,137147
1781,137082
1781,137017
1781,136952
1781,136887
1781,136822
1781,136757
1781,136692
1781,136627
1781,136562
1781,136497
1781,136432
1781,136367
1781,136302
1781,136237
1781,136172
1781,136107
1781,136042
1781,135977
1781,135912
1781,135847
1781,135782
1781,135717
1781,135652
1781,135587
1781,135522
1781,135457
1781,135392
1781,135328
1781,135264
1781,135200
1781,135136
1781,135072
1781,135008
1781,134944
1781,134880
1781,134816
1781,134752
1781,134688
1781,134624
1781,134560
1781,134496
1781,134432
1781,134368
1781,134304
1781,134240
1781,134176
1781,134112
1781,134048
1781,133984
1781,133920
1781,133856
1781,133792
1781,133728
1781,133664
1781,133600
1781,133536
1781,133472
1781,133408
1781,133344
1781,133281
1781,133218
1781,133155
1781,133092
1781,133029
1781,132966
1781,132903
1781,132840
1781,132777
1781,132714
1781,132651
1781,132588
1781,132525
1781,132462
1781,132399
1781,132336
1781,132273
1781,132210
1781,132147
1781,132084
1781,132021
1781,131958
1781,131895
1781,131832
1781,131769
1781,131706
1781,131643
1781,131580
1781,131517
1781,131454
1781,131391
1781,131328
1781,131265
1781,131202
1781,131140
1781,131078
1781,131016
1781,130954
1781,130892
1781,130830
1781,130768
1781,130706
1781,130644
1781,130582
1781,130520
1781,130458
1781,130396
1781,130334
1781,130272
1781,130210
1781,130148
1781,130086
1781,130024
1781,129962
1781,129900
1781,129838
1781,129776
1781,129714
1781,129652
1781,129590
1781,129528
1781,129466
1781,129404
1781,129342
1781,129280
1781,129218
1781,129156
1781,129094
1781,129033
1781,128972
1781,128911
1781,128850
1781,128789
1781,128728
1781,128667
1781,128606
1781,128545
1781,128484
1781,128423
1781,128362
1781,128301
1781,128240
1781,128179
1781,128118
1781,128057
1781,127996
1781,127935
1781,127874
1781,127813
1781,127752
1781,127691
1781,127630
1781,127569
1781,127508
1781,127447
1781,127386
1781,127325
1781,127264
1781,127203
1781,127142
1781,127081
1781,127020
1781,126960
1781,126900
1781,126840
1781,126780
1781,126720
1781,126660
1781,126600
1781,126540
1781,126480
1781,126420
1781,126360
1781,126300
1781,126240
1781,126180
1781,126120
1781,126060
1781,126000
1781,125940
1781,125880
1781,125820
1781,125760
1781,125700
1781,125640
1781,125580
1781,125520
1781,125460
1781,125400
1781,125340
1781,125280
1781,125220
1781,125160
1781,125100
1781,125040
1781,124980
1781,124920
1781,124861
1781,124802
1781,124743
1781,124684
1781,124625
1781,124566
1781,124507
1781,124448
1781,124389
1781,124330
1781,124271
1781,124212
1781,124153
1781,124094
1781,124035
1781,123976
1781,123917
1781,123858
1781,123799
1781,123740
1781,123681
1781,123622
1781,123563
1781,123504
1781,123445
1781,123386
1781,123327
1781,123268
1781,123209
1781,123150
1781,123091
1781,123032
1781,122973
1781,122914
1781,122855
1781,122796
1781,122738
1781,122680
1781,122622
1781,122564
1781,122506
1781,122448
1781,122390
1781,122332
1781,122274
1781,122216
1781,122158
1781,122100
1781,122042
1781,121984
1781,121926
1781,121868
1781,121810
1781,121752
1781,121694
1781,121636
1781,121578
1781,121520
1781,121462
1781,121404
1781,121346
1781,121288
1781,121230
1781,121172
1781,121114
1781,121056
1781,120998
1781,120940
1781,120882
1781,120824
1781,120766
1781,120708
1781,120651
1781,120594
1781,120537
1781,120480
1781,120423
1781,120366
1781,120309
1781,120252
1781,120195
1781,120138
1781,120081
1781,120024
1781,119967
1781,119910
1781,119853
1781,119796
1781,119739
1781,119682
1781,119625
1781,119568
1781,119511
1781,119454
1781,119397
1781,119340
1781,119283
1781,119226
1781,119169
1781,119112
1781,119055
1781,118998
1781,118941
1781,118884
1781,118827
1781,118770
1781,118713
1781,118656
1781,118599
1781,118543
1781,118487
1781,118431
1781,118375
1781,118319
1781,118263
1781,118207
1781,118151
1781,118095
1781,118039
1781,117983
1781,117927
1781,117871
1781,117815
1781,117759
1781,117703
1781,117647
1781,117591
1781,117535
1781,117479
1781,117423
1781,117367
1781,117311
1781,117255
1781,117199
1781,117143
1781,117087
1781,117031
1781,116975
1781,116919
1781,116863
1781,116807
1781,116751
1781,116695
1781,116639
1781,116583
1781,116527
1781,116472
1781,116417
1781,116362
1781,116307
1781,116252
1781,116197
1781,116142
1781,116087
1781,116032
1781,115977
1781,115922
1781,115867
1781,115812
1781,115757
1781,115702
1781,115647
1781,115592
1781,115537
1781,115482
1781,115427
1781,115372
1781,115317
1781,115262
1781,115207
1781,115152
1781,115097
1781,115042
1781,114987
1781,114932
1781,114877
1781,114822
1781,114767
1781,114712
1781,114657
1781,114602
1781,114547
1781,114492
1781,114437
1781,114383
1781,114329
1781,114275
1781,114221
1781,114167
1781,114113
1781,114059
1781,114005
1781,113951
1781,113897
1781,113843
1781,113789
1781,113735
1781,113681
1781,113627
1781,113573
1781,113519
1781,113465
1781,113411
1781,113357
1781,113303
1781,113249
1781,113195
1781,113141
1781,113087
1781,113033
1781,112979
1781,112925
1781,112871
1781,112817
1781,112763
1781,112709
1781,112655
1781,112601
1781,112547
1781,112493
1781,112439
1781,112385
1781,112331
1781,112278
1781,112225
1781,112172
1781,112119
1781,112066
1781,112013
1781,111960
1781,111907
1781,111854
1781,111801
1781,111748
1781,111695
1781,111642
1781,111589
1781,111536
1781,111483
1781,111430
1781,111377
1781,111324
1781,111271
1781,111218
1781,111165
1781,111112
1781,111059
1781,111006
1781,110953
1781,110900
1781,110847
1781,110794
1781,110741
1781,110688
1781,110635
1781,110582
1781,110529
1781,110476
1781,110423
1781,110370
1781,110317
1781,110264
1781,110211
1781,110159
1781,110107
1781,110055
1781,110003
1781,109951
1781,109899
1781,109847
1781,109795
1781,109743
1781,109691
1781,109639
1781,109587
1781,109535
1781,109483
1781,109431
1781,109379
1781,109327
1781,109275
1781,109223
1781,109171
1781,109119
1781,109067
1781,109015
1781,108963
1781,108911
1781,108859
1781,108807
1781,108755
1781,108703
1781,108651
1781,108599
1781,108547
1781,108495
1781,108443
1781,108391
1781,108339
1781,108287
1781,108235
1781,108183
1781,108131
1781,108080
1781,108029
1781,107978
1781,107927
1781,107876
1781,107825
1781,107774
1781,107723
1781,107672
1781,107621
1781,107570
1781,107519
1781,107468
1781,107417
1781,107366
1781,107315
1781,107264
1781,107213
1781,107162
1781,107111
1781,107060
1781,107009
1781,106958
1781,106907
1781,106856
1781,106805
1781,106754
1781,106703
1781,106652
1781,106601
1781,106550
1781,106499
1781,106448
1781,106397
1781,106346
1781,106295
1781,106244
1781,106193
1781,106142
1781,106091
1781,106040
1781,105990
1781,105940
1781,105890
1781,105840
1781,105790
1781,105740
1781,105690
1781,105640
1781,105590
1781,105540
1781,105490
1781,105440
1781,105390
1781,105340
1781,105290
1781,105240
1781,105190
1781,105140
1781,105090
1781,105040
1781,104990
1781,104940
1781,104890
1781,104840
1781,104790
1781,104740
1781,104690
1781,104640
1781,104590
1781,104540
1781,104490
1781,104440
1781,104390
1781,104340
1781,104290
1781,104240
1781,104190
1781,104140
1781,104090
1781,104040
1781,103990
1781,103940
1781,103891
1781,103842
1781,103793
1781,103744
1781,103695
1781,103646
1781,103597
1781,103548
1781,103499
1781,103450
1781,103401
1781,103352
1781,103303
1781,103254
1781,103205
1781,103156
1781,103107
1781,103058
1781,103009
1781,102960
1781,102911
1781,102862
1781,102813
1781,102764
1781,102715
1781,102666
1781,102617
1781,102568
1781,102519
1781,102470
1781,102421
1781,102372
1781,102323
1781,102274
1781,102225
1781,102176
1781,102127
1781,102078
1781,102029
1781,101980
1781,101931
1781,101882
1781,101833
1781,101785
1781,101737
1781,101689
1781,101641
1781,101593
1781,101545
1781,101497
1781,101449
1781,101401
1781,101353
1781,101305
1781,101257
1781,101209
1781,101161
1781,101113
1781,101065
1781,101017
1781,100969
1781,100921
1781,100873
1781,100825
1781,100777
1781,100729
1781,100681
1781,100633
1781,100585
1781,100537
1781,100489
1781,100441
1781,100393
1781,100345
1781,100297
1781,100249
1781,100201
1781,100153
1781,100105
1781,100057
1781,100009
1781,99961
1781,99913
1781,99865
1781,99817
1781,99769
1781,99721
1781,99674
1781,99627
1781,99580
1781,99533
1781,99486
1781,99439
1781,99392
1781,99345
1781,99298
1781,99251
1781,99204
1781,99157
1781,99110
1781,99063
1781,99016
1781,98969
1781,98922
1781,98875
1781,98828
1781,98781
1781,98734
1781,98687
1781,98640
1781,98593
1781,98546
1781,98499
1781,98452
1781,98405
1781,98358
1781,98311
1781,98264
1781,98217
1781,98170
1781,98123
1781,98076
1781,98029
1781,97982
1781,97935
1781,97888
1781,97841
1781,97794
1781,97747
1781,97700
1781,97653
1781,97607
1781,97561
1781,97515
1781,97469
1781,97423
1781,97377
1781,97331
1781,97285
1781,97239
1781,97193
1781,97147
1781,97101
1781,97055
1781,97009
1781,96963
1781,96917
1781,96871
1781,96825
1781,96779
1781,96733
1781,96687
1781,96641
1781,96595
1781,96549
1781,96503
1781,96457
1781,96411
1781,96365
1781,96319
1781,96273
1781,96227
1781,96181
1781,96135
1781,96089
1781,96043
1781,95997
1781,95951
1781,95905
1781,95859
1781,95813
1781,95767
1781,95721
1781,95675
1781,95629
1781,95583
1781,95537
1781,95492
1781,95447
1781,95402
1781,95357
1781,95312
1781,95267
1781,95222
1781,95177
1781,95132
1781,95087
1781,95042
1781,94997
1781,94952
1781,94907
1781,94862
1781,94817
1781,94772
1781,94727
1781,94682
1781,94637
1781,94592
1781,94547
1781,94502
1782,94457
1783,94412
1784,94367
1785,94322
1786,94277
1787,94232
1788,94187
1789,94142
1790,94097
1791,94052
1792,94007
1793,93962
1794,93917
1795,93872
1796,93827
1797,93782
1798,93737
1799,93692
1800,93647
1801,93602
1802,93557
1803,93512
1804,93468
1805,93424
1806,93380
1807,93336
1808,93292
1809,93248
1810,93204
1811,93160
1812,93116
1813,93072
1814,93028
1815,92984
1816,92940
1817,92896
1818,92852
1819,92808
1820,92764
1821,92720
1822,92676
1823,92632
1824,92588
1825,92544
1826,92500
1827,92456
1828,92412
1829,92368
1830,92324
1831,92280
1832,92236
1833,92192
1834,92148
1835,92104
1836,92060
1837,92016
1838,91972
1839,91928
1840,91884
1841,91840
1842,91796
1843,91752
1844,91708
1845,91664
1846,91620
1847,91576
1848,91532
1849,91489
1850,91446
1851,91403
1852,91360
1853,91317
1854,91274
1855,91231
1856,91188
1857,91145
1858,91102
1859,91059
1860,91016
1861,90973
1862,90930
1863,90887
1864,90844
1865,90801
1866,90758
1867,90715
1868,90672
1869,90629
1870,90586
1871,90543
1872,90500
1873,90457
1874,90414
1875,90371
1876,90328
1877,90285
1878,90242
1879,90199
1880,90156
1881,90113
1882,90070
1883,90027
1884,89984
1885,89941
1886,89898
1887,89855
1888,89812
1889,89769
1890,89726
1891,89683
1892,89640
1893,89597
1894,89554
1895,89512
1896,89470
1897,89428
1898,89386
1899,89344
1900,89302
1901,89260
1902,89218
1903,89176
1904,89134
1905,89092
1906,89050
1907,89008
1908,88966
1909,88924
1910,88882
1911,88840
1912,88798
1913,88756
1914,88714
1915,88672
1916,88630
1917,88588
1918,88546
1919,88504
1920,88462
1921,88420
1922,88378
1923,88336
1924,88294
1925,88252
1926,88210
1927,88168
1928,88126
1929,88084
1930,88042
1931,88000
1932,87958
1933,87916
1934,87874
1935,87832
1936,87790
1937,87748
1938,87706
1939,87664
1940,87622
1941,87580
1942,87539
1943,87498
1944,87457
1945,87416
1946,87375
1947,87334
1948,87293
1949,87252
1950,87211
1951,87170
1952,87129
1953,87088
1954,87047
1955,87006
1956,86965
1957,86924
1958,86883
1959,86842
1960,86801
1961,86760
1962,86719
1963,86678
1964,86637
1965,86596
1966,86555
1967,86514
1968,86473
1969,86432
1970,86391
1971,86350
1972,86309
1973,86268
1974,86227
1975,86186
1976,86145
1977,86104
1978,86063
1979,86022
1980,85981
1981,85940
1982,85899
1983,85858
1984,85817
1985,85776
1986,85735
1987,85694
1988,85653
1989,85612
1990,85572
1991,85532
1992,85492
1993,85452
1994,85412
1995,85372
1996,85332
1997,85292
1998,85252
1999,85212
2000,85172
2001,85132
2002,85092
2003,85052
2004,85012
2005,84972
2006,84932
2007,84892
2008,84852
2009,84812
2010,84772
2011,84732
2012,84692
2013,84652
2014,84612
2015,84572
2016,84532
2017,84492
2018,84452
2019,84412
2020,84372
2021,84332
2022,84292
2023,84252
2024,84212
2025,84172
2026,84132
2027,84092
2028,84052
2029,84012
2030,83972
2031,83932
2032,83892
2033,83852
2034,83812
2035,83772
2036,83732
2037,83692
2038,83652
2039,83612
2040,83573
2041,83534
2042,83495
2043,83456
2044,83417
2045,83378
2046,83339
2047,83300
2048,83261
2049,83222
2050,83183
2051,83144
2052,83105
2053,83066
2054,83027
2055,82988
2056,82949
2057,82910
2058,82871
2059,82832
2060,82793
2061,82754
2062,82715
2063,82676
2064,82637
2065,82598
2066,82559
2067,82520
2068,82481
2069,82442
2070,82403
2071,82364
2072,82325
2073,82286
2074,82247
2075,82208
2076,82169
2077,82130
2078,82091
2079,82052
2080,82013
2081,81974
2082,81935
2083,81896
2084,81857
2085,81818
2086,81779
2087,81740
2088,81701
2089,81662
2090,81624
2091,81586
2092,81548
2093,81510
2094,81472
2095,81434
2096,81396
2097,81358
2098,81320
2099,81282
2100,81244
2101,81206
2102,81168
2103,81130
2104,81092
2105,81054
2106,81016
2107,80978
2108,80940
2109,80902
2110,80864
2111,80826
2112,80788
2113,80750
2114,80712
2115,80674
2116,80636
2117,80598
2118,80560
2119,80522
2120,80484
2121,80446
2122,80408
2123,80370
2124,80332
2125,80294
2126,80256
2127,80218
2128,80180
2129,80142
2130,80104
2131,80066
2132,80028
2133,79990
2134,79952
2135,79914
2136,79876
2137,79838
2138,79800
2139,79762
2140,79724
2141,79686
2142,79648
2143,79611
2144,79574
2145,79537
2146,79500
2147,79463
2148,79426
2149,79389
2150,79352
2151,79315
2152,79278
2153,79241
2154,79204
2155,79167
2156,79130
2157,79093
2158,79056
2159,79019
2160,78982
2161,78945
2162,78908
2163,78871
2164,78834
2165,78797
2166,78760
2167,78723
2168,78686
2169,78649
2170,78612
2171,78575
2172,78538
2173,78501
2174,78464
2175,78427
2176,78390
2177,78353
2178,78316
2179,78279
2180,78242
2181,78205
2182,78168
2183,78131
2184,78094
2185,78057
2186,78020
2187,77983
2188,77946
2189,77909
2190,77872
2191,77835
2192,77798
2193,77761
2194,77724
2195,77687
2196,77651
2197,77615
2198,77579
2199,77543
2200,77507
2201,77471
2202,77435
2203,77399
2204,77363
2205,77327
2206,77291
2207,77255
2208,77219
2209,77183
2210,77147
2211,77111
2212,77075
2213,77039
2214,77003
2215,76967
2216,76931
2217,76895
2218,76859
2219,76823
2220,76787
2221,76751
2222,76715
2223,76679
2224,76643
2225,76607
2226,76571
2227,76535
2228,76499
2229,76463
2230,76427
2231,76391
2232,76355
2233,76319
2234,76283
2235,76247
2236,76211
2237,76175
2238,76139
2239,76103
2240,76067
2241,76031
2242,75995
2243,75959
2244,75923
2245,75887
2246,75851
2247,75815
2248,75779
2249,75743
2250,75707
2251,75671
2252,75636
2253,75601
2254,75566
2255,75531
2256,75496
2257,75461
2258,75426
2259,75391
2260,75356
2261,75321
2262,75286
2263,75251
2264,75216
2265,75181
2266,75146
2267,75111
2268,75076
2269,75041
2270,75006
2271,74971
2272,74936
2273,74901
2274,74866
2275,74831
2276,74796
2277,74761
2278,74726
2279,74691
2280,74656
2281,74621
2282,74586
2283,74551
2284,74516
2285,74481
2286,74446
2287,74411
2288,74376
2289,74341
2290,74306
2291,74271
2292,74236
2293,74201
2294,74166
2295,74131
2296,74096
2297,74061
2298,74026
2299,73991
2300,73956
2301,73921
2302,73886
2303,73851
2304,73816
2305,73781
2306,73746
2307,73711
2308,73676
2309,73642
2310,73608
2311,73574
2312,73540
2313,73506
2314,73472
2315,73438
2316,73404
2317,73370
2318,73336
2319,73302
2320,73268
2321,73234
2322,73200
2323,73166
2324,73132
2325,73098
2326,73064
2327,73030
2328,72996
2329,72962
2330,72928
2331,72894
2332,72860
2333,72826
2334,72792
2335,72758
2336,72724
2337,72690
2338,72656
2339,72622
2340,72588
2341,72554
2342,72520
2343,72486
2344,72452
2345,72418
2346,72384
2347,72350
2348,72316
2349,72282
2350,72248
2351,72214
2352,72180
2353,72146
2354,72112
2355,72078
2356,72044
2357,72010
2358,71976
2359,71942
2360,71908
2361,71874
2362,71840
2363,71806
2364,71772
2365,71738
2366,71704
2367,71671
2368,71638
2369,71605
2370,71572
2371,71539
2372,71506
2373,71473
2374,71440
2375,71407
2376,71374
2377,71341
2378,71308
2379,71275
2380,71242
2381,71209
2382,71176
2383,71143
2384,71110
2385,71077
2386,71044
2387,71011
2388,70978
2389,70945
2390,70912
2391,70879
2392,70846
2393,70813
2394,70780
2395,70747
2396,70714
2397,70681
2398,70648
2399,70615
2400,70582
2401,70549
2402,70516
2403,70483
2404,70450
2405,70417
2406,70384
2407,70351
2408,70318
2409,70285
2410,70252
2411,70219
2412,70186
2413,70153
2414,70120
2415,70087
2416,70054
2417,70021
2418,69988
2419,69955
2420,69922
2421,69889
2422,69856
2423,69823
2424,69790
2425,69757
2426,69724
2427,69691
2428,69659
2429,69627
2430,69595
2431,69563
2432,69531
2433,69499
2434,69467
2435,69435
2436,69403
2437,69371
2438,69339
2439,69307
2440,69275
2441,69243
2442,69211
2443,69179
2444,69147
2445,69115
2446,69083
2447,69051
2448,69019
2449,68987
2450,68955
2451,68923
2452,68891
2453,68859
2454,68827
2455,68795
2456,68763
2457,68731
2458,68699
2459,68667
2460,68635
2461,68603
2462,68571
2463,68539
2464,68507
2465,68475
2466,68443
2467,68411
2468,68379
2469,68347
2470,68315
2471,68283
2472,68251
2473,68219
2474,68187
2475,68155
2476,68123
2477,68091
2478,68059
2479,68027
2480,67995
2481,67963
2482,67931
2483,67899
2484,67867
2485,67835
2486,67803
2487,67771
2488,67739
2489,67707
2490,67675
2491,67644
2492,67613
2493,67582
2494,67551
2495,67520
2496,67489
2497,67458
2498,67427
2499,67396
2500,67365
2501,67334
2502,67303
2503,67272
2504,67241
2505,67210
2506,67179
2507,67148
2508,67117
2509,67086
2510,67055
2511,67024
2512,66993
2513,66962
2514,66931
2515,66900
2516,66869
2517,66838
2518,66807
2519,66776
2520,66745
2521,66714
2522,66683
2523,66652
2524,66621
2525,66590
2526,66559
2527,66528
2528,66497
2529,66466
2530,66435
2531,66404
2532,66373
2533,66342
2534,66311
2535,66280
2536,66249
2537,66218
2538,66187
2539,66156
2540,66125
2541,66094
2542,66063
2543,66032
2544,66001
2545,65970
2546,65939
2547,65908
2548,65877
2549,65846
2550,65815
2551,65784
2552,65753
2553,65722
2554,65691
2555,65660
2556,65630
2557,65600
2558,65570
2559,65540
2560,65510
2561,65480
2562,65450
2563,65420
2564,65390
2565,65360
2566,65330
2567,65300
2568,65270
2569,65240
2570,65210
2571,65180
2572,65150
2573,65120
2574,65090
2575,65060
2576,65030
2577,65000
2578,64970
2579,64940
2580,64910
2581,64880
2582,64850
2583,64820
2584,64790
2585,64760
2586,64730
2587,64700
2588,64670
2589,64640
2590,64610
2591,64580
2592,64550
2593,64520
2594,64490
2595,64460
2596,64430
2597,64400
2598,64370
2599,64340
2600,64310
2601,64280
2602,64250
2603,64220
2604,64190
2605,64160
2606,64130
2607,64100
2608,64070
2609,64040
2610,64010
2611,63980
2612,63950
2613,63920
2614,63890
2615,63860
2616,63830
2617,63800
2618,63770
2619,63740
2620,63710
2621,63680
2622,63650
2623,63621
2624,63592
2625,63563
2626,63534
2627,63505
2628,63476
2629,63447
2630,63418
2631,63389
2632,63360
2633,63331
2634,63302
2635,63273
2636,63244
2637,63215
2638,63186
2639,63157
2640,63128
2641,63099
2642,63070
2643,63041
2644,63012
2645,62983
2646,62954
2647,62925
2648,62896
2649,62867
2650,62838
2651,62809
2652,62780
2653,62751
2654,62722
2655,62693
2656,62664
2657,62635
2658,62606
2659,62577
2660,62548
2661,62519
2662,62490
2663,62461
2664,62432
2665,62403
2666,62374
2667,62345
2668,62316
2669,62287
2670,62258
2671,62229
2672,62200
2673,62171
2674,62142
2675,62113
2676,62084
2677,62055
2678,62026
2679,61997
2680,61968
2681,61939
2682,61910
2683,61881
2684,61852
2685,61823
2686,61794
2687,61765
2688,61736
2689,61707
2690,61678
2691,61649
2692,61621
2693,61593
2694,61565
2695,61537
2696,61509
2697,61481
2698,61453
2699,61425
2700,61397
2701,61369
2702,61341
2703,61313
2704,61285
2705,61257
2706,61229
2707,61201
2708,61173
2709,61145
2710,61117
2711,61089
2712,61061
2713,61033
2714,61005
2715,60977
2716,60949
2717,60921
2718,60893
2719,60865
2720,60837
2721,60809
2722,60781
2723,60753
2724,60725
2725,60697
2726,60669
2727,60641
2728,60613
2729,60585
2730,60557
2731,60529
2732,60501
2733,60473
2734,60445
2735,60417
2736,60389
2737,60361
2738,60333
2739,60305
2740,60277
2741,60249
2742,60221
2743,60193
2744,60165
2745,60137
2746,60109
2747,60081
2748,60053
2749,60025
2751,59997
2753,59969
2755,59941
2757,59913
2759,59885
2761,59857
2763,59829
2765,59801
2767,59773
2769,59745
2771,59717
2773,59689
2775,59661
2777,59634
2779,59607
2781,59580
2783,59553
2785,59526
2787,59499
2789,59472
2791,59445
2793,59418
2795,59391
2797,59364
2799,59337
2801,59310
2803,59283
2805,59256
2807,59229
2809,59202
2811,59175
2813,59148
2815,59121
2817,59094
2819,59067
2821,59040
2823,59013
2825,58986
2827,58959
2829,58932
2831,58905
2833,58878
2835,58851
2837,58824
2839,58797
2841,58770
2843,58743
2845,58716
2847,58689
2849,58662
2851,58635
2853,58608
2855,58581
2857,58554
2859,58527
2861,58500
2863,58473
2865,58446
2867,58419
2869,58392
2871,58365
2873,58338
2875,58311
2877,58284
2879,58257
2881,58230
2883,58203
2885,58176
2887,58149
2889,58122
2891,58095
2893,58068
2895,58041
2897,58014
2899,57987
2901,57960
2903,57933
2905,57906
2907,57879
2909,57852
2911,57825
2913,57798
2915,57771
2917,57744
2919,57718
2921,57692
2923,57666
2925,57640
2927,57614
2929,57588
2931,57562
2933,57536
2935,57510
2937,57484
2939,57458
2941,57432
2943,57406
2945,57380
2947,57354
2949,57328
2951,57302
2953,57276
2955,57250
2957,57224
2959,57198
2961,57172
2963,57146
2965,57120
2967,57094
2969,57068
2971,57042
2973,57016
2975,56990
2977,56964
2979,56938
2981,56912
2983,56886
2985,56860
2987,56834
2989,56808
2991,56782
2993,56756
2995,56730
2997,56704
2999,56678
3001,56652
3003,56626
3005,56600
3007,56574
3009,56548
3011,56522
3013,56496
3015,56470
3017,56444
3019,56418
3021,56392
3023,56366
3025,56340
3027,56314
3029,56288
3031,56262
3033,56236
3035,56210
3037,56184
3039,56158
3041,56132
3043,56106
3045,56080
3047,56054
3049,56028
3051,56002
3053,55976
3055,55950
3057,55924
3059,55898
3061,55872
3063,55846
3065,55821
3067,55796
3069,55771
3071,55746
3073,55721
3075,55696
3077,55671
3079,55646
3081,55621
3083,55596
3085,55571
3087,55546
3089,55521
3091,55496
3093,55471
3095,55446
3097,55421
3099,55396
3101,55371
3103,55346
3105,55321
3107,55296
3109,55271
3111,55246
3113,55221
3115,55196
3117,55171
3119,55146
3121,55121
3123,55096
3125,55071
3127,55046
3129,55021
3131,54996
3133,54971
3135,54946
3137,54921
3139,54896
3141,54871
3143,54846
3145,54821
3147,54796
3149,54771
3151,54746
3153,54721
3155,54696
3157,54671
3159,54646
3161,54621
3163,54596
3165,54571
3167,54546
3169,54521
3171,54496
3173,54471
3175,54446
3177,54421
3179,54396
3181,54371
3183,54346
3185,54321
3187,54296
3189,54271
3191,54246
3193,54221
3195,54196
3197,54171
3199,54146
3201,54121
3203,54096
3205,54071
3207,54046
3209,54021
3211,53996
3213,53971
3215,53946
3217,53922
3219,53898
3221,53874
3223,53850
3225,53826
3227,53802
3229,53778
3231,53754
3233,53730
3235,53706
3237,53682
3239,53658
3241,53634
3243,53610
3245,53586
3247,53562
3249,53538
3251,53514
3253,53490
3255,53466
3257,53442
3259,53418
3261,53394
3263,53370
3265,53346
3267,53322
3269,53298
3271,53274
3273,53250
3275,53226
3277,53202
3279,53178
3281,53154
3283,53130
3285,53106
3287,53082
3289,53058
3291,53034
3293,53010
3295,52986
3297,52962
3299,52938
3301,52914
3303,52890
3305,52866
3307,52842
3309,52818
3311,52794
3313,52770
3315,52746
3317,52722
3319,52698
3321,52674
3323,52650
3325,52626
3327,52602
3329,52578
3331,52554
3333,52530
3335,52506
3337,52482
3339,52458
3341,52434
3343,52410
3345,52386
3347,52362
3349,52338
3351,52314
3353,52290
3355,52266
3357,52242
3359,52218
3361,52194
3363,52170
3365,52146
3367,52122
3369,52098
3371,52074
3373,52050
3375,52026
3377,52003
3379,51980
3381,51957
3383,51934
3385,51911
3387,51888
3389,51865
3391,51842
3393,51819
3395,51796
3397,51773
3399,51750
3401,51727
3403,51704
3405,51681
3407,51658
3409,51635
3411,51612
3413,51589
3415,51566
3417,51543
3419,51520
3421,51497
3423,51474
3425,51451
3427,51428
3429,51405
3431,51382
3433,51359
3435,51336
3437,51313
3439,51290
3441,51267
3443,51244
3445,51221
3447,51198
3449,51175
3451,51152
3453,51129
3455,51106
3457,51083
3459,51060
3461,51037
3463,51014
3465,50991
3467,50968
3469,50945
3471,50922
3473,50899
3475,50876
3477,50853
3479,50830
3481,50807
3483,50784
3485,50761
3487,50738
3489,50715
3491,50692
3493,50669
3495,50646
3497,50623
3499,50600
3501,50577
3503,50554
3505,50531
3507,50508
3509,50485
3511,50462
3513,50439
3515,50416
3517,50393
3519,50370
3521,50347
3523,50324
3525,50301
3527,50278
3529,50255
3531,50232
3533,50209
3535,50186
3537,50163
3539,50140
3541,50117
3543,50094
3545,50072
3547,50050
3549,50028
3551,50006
3553,49984
3555,49962
3557,49940
3559,49918
3561,49896
3563,49874
3565,49852
3567,49830
3569,49808
3571,49786
3573,49764
3575,49742
3577,49720
3579,49698
3581,49676
3583,49654
3585,49632
3587,49610
3589,49588
3591,49566
3593,49544
3595,49522
3597,49500
3599,49478
3601,49456
3603,49434
3605,49412
3607,49390
3609,49368
3611,49346
3613,49324
3615,49302
3617,49280
3619,49258
3621,49236
3623,49214
3625,49192
3627,49170
3629,49148
3631,49126
3633,49104
3635,49082
3637,49060
3639,49038
3641,49016
3643,48994
3645,48972
3647,48950
3649,48928
3651,48906
3653,48884
3655,48862
3657,48840
3659,48818
3661,48796
3663,48774
3665,48752
3667,48730
3669,48708
3671,48686
3673,48664
3675,48642
3677,48620
3679,48598
3681,48576
3683,48554
3685,48532
3687,48510
3689,48488
3691,48466
3693,48444
3695,48422
3697,48400
3699,48378
3701,48356
3703,48334
3705,48312
3707,48290
3709,48268
3711,48246
3713,48224
3715,48202
3717,48180
3719,48158
3721,48137
3723,48116
3725,48095
3727,48074
3729,48053
3731,48032
3733,48011
3735,47990
3737,47969
3739,47948
3741,47927
3743,47906
3745,47885
3747,47864
3749,47843
3751,47822
3753,47801
3755,47780
3757,47759
3759,47738
3761,47717
3763,47696
3765,47675
3767,47654
3769,47633
3771,47612
3773,47591
3775,47570
3777,47549
3779,47528
3781,47507
3783,47486
3785,47465
3787,47444
3789,47423
3791,47402
3793,47381
3795,47360
3797,47339
3799,47318
3801,47297
3803,47276
3805,47255
3807,47234
3809,47213
3811,47192
3813,47171
3815,47150
3817,47129
3819,47108
3821,47087
3823,47066
3825,47045
3827,47024
3829,47003
3831,46982
3833,46961
3835,46940
3837,46919
3839,46898
3841,46877
3843,46856
3845,46835
3847,46814
3849,46793
3851,46772
3853,46751
3855,46730
3857,46709
3859,46688
3862,46667
3865,46646
3868,46625
3871,46604
3874,46583
3877,46562
3880,46541
3883,46520
3886,46499
3889,46478
3892,46457
3895,46436
3898,46415
3901,46394
3904,46373
3907,46352
3910,46331
3913,46310
3916,46289
3919,46268
3922,46247
3925,46226
3928,46206
3931,46186
3934,46166
3937,46146
3940,46126
3943,46106
3946,46086
3949,46066
3952,46046
3955,46026
3958,46006
3961,45986
3964,45966
3967,45946
3970,45926
3973,45906
3976,45886
3979,45866
3982,45846
3985,45826
3988,45806
3991,45786
3994,45766
3997,45746
4000,45726
4003,45706
4006,45686
4009,45666
4012,45646
4015,45626
4018,45606
4021,45586
4024,45566
4027,45546
4030,45526
4033,45506
4036,45486
4039,45466
4042,45446
4045,45426
4048,45406
4051,45386
4054,45366
4057,45346
4060,45326
4063,45306
4066,45286
4069,45266
4072,45246
4075,45226
4078,45206
4081,45186
4084,45166
4087,45146
4090,45126
4093,45106
4096,45086
4099,45066
4102,45046
4105,45026
4108,45006
4111,44986
4114,44966
4117,44946
4120,44926
4123,44906
4126,44886
4129,44866
4132,44846
4135,44826
4138,44806
4141,44786
4144,44766
4147,44746
4150,44726
4153,44706
4156,44686
4159,44666
4162,44646
4165,44626
4168,44606
4171,44586
4174,44566
4177,44546
4180,44526
4183,44506
4186,44486
4189,44466
4192,44446
4195,44426
4198,44406
4201,44387
4204,44368
4207,44349
4210,44330
4213,44311
4216,44292
4219,44273
4222,44254
4225,44235
4228,44216
4231,44197
4234,44178
4237,44159
4240,44140
4243,44121
4246,44102
4249,44083
4252,44064
4255,44045
4258,44026
4261,44007
4264,43988
4267,43969
4270,43950
4273,43931
4276,43912
4279,43893
4282,43874
4285,43855
4288,43836
4291,43817
4294,43798
4297,43779
4300,43760
4303,43741
4306,43722
4309,43703
4312,43684
4315,43665
4318,43646
4321,43627
4324,43608
4327,43589
4330,43570
4333,43551
4336,43532
4339,43513
4342,43494
4345,43475
4348,43456
4351,43437
4354,43418
4357,43399
4360,43380
4363,43361
4366,43342
4369,43323
4372,43304
4375,43285
4378,43266
4381,43247
4384,43228
4387,43209
4390,43190
4393,43171
4396,43152
4399,43133
4402,43114
4405,43095
4408,43076
4411,43057
4414,43038
4417,43019
4420,43000
4423,42981
4426,42962
4429,42943
4432,42924
4435,42905
4438,42886
4441,42867
4444,42848
4447,42829
4450,42810
4453,42791
4456,42772
4459,42753
4462,42734
4465,42715
4468,42696
4471,42677
4474,42658
4477,42639
4480,42620
4483,42601
4486,42582
4489,42563
4492,42545
4495,42527
4498,42509
4501,42491
4504,42473
4507,42455
4510,42437
4513,42419
4516,42401
4519,42383
4522,42365
4525,42347
4528,42329
4531,42311
4534,42293
4537,42275
4540,42257
4543,42239
4546,42221
4549,42203
4552,42185
4555,42167
4558,42149
4561,42131
4564,42113
4567,42095
4570,42077
4573,42059
4576,42041
4579,42023
4582,42005
4585,41987
4588,41969
4591,41951
4594,41933
4597,41915
4600,41897
4603,41879
4606,41861
4609,41843
4612,41825
4615,41807
4618,41789
4621,41771
4624,41753
4627,41735
4630,41717
4633,41699
4636,41681
4639,41663
4642,41645
4645,41627
4648,41609
4651,41591
4654,41573
4657,41555
4660,41537
4663,41519
4666,41501
4669,41483
4672,41465
4675,41447
4678,41429
4681,41411
4684,41393
4687,41375
4690,41357
4693,41339
4696,41321
4699,41303
4702,41285
4705,41267
4708,41249
4711,41231
4714,41213
4717,41195
4720,41177
4723,41159
4726,41141
4729,41123
4732,41105
4735,41087
4738,41069
4741,41051
4744,41033
4747,41015
4750,40997
4753,40979
4756,40961
4759,40943
4762,40925
4765,40907
4768,40889
4771,40871
4774,40853
4777,40835
4780,40817
4783,40799
4786,40781
4789,40763
4792,40745
4795,40727
4798,40709
4801,40692
4804,40675
4807,40658
4810,40641
4813,40624
4816,40607
4819,40590
4822,40573
4825,40556
4828,40539
4831,40522
4834,40505
4837,40488
4840,40471
4843,40454
4846,40437
4849,40420
4852,40403
4855,40386
4858,40369
4861,40352
4864,40335
4867,40318
4870,40301
4873,40284
4876,40267
4879,40250
4882,40233
4885,40216
4888,40199
4891,40182
4894,40165
4897,40148
4900,40131
4903,40114
4906,40097
4909,40080
4912,40063
4915,40046
4918,40029
4921,40012
4924,39995
4927,39978
4930,39961
4933,39944
4936,39927
4939,39910
4942,39893
4945,39876
4948,39859
4951,39842
4954,39825
4957,39808
4960,39791
4963,39774
4966,39757
4969,39740
4972,39723
4975,39706
4978,39689
4981,39672
4984,39655
4988,39638
4992,39621
4996,39604
5000,39587
5004,39570
5008,39553
5012,39536
5016,39519
5020,39502
5024,39485
5028,39468
5032,39451
5036,39434
5040,39417
5044,39400
5048,39383
5052,39366
5056,39349
5060,39332
5064,39315
5068,39298
5072,39281
5076,39264
5080,39247
5084,39230
5088,39213
5092,39196
5096,39179
5100,39162
5104,39145
5108,39128
5112,39111
5116,39094
5120,39077
5124,39060
5128,39043
5132,39026
5136,39009
5140,38992
5144,38975
5148,38958
5152,38941
5156,38924
5160,38907
5164,38890
5168,38874
5172,38858
5176,38842
5180,38826
5184,38810
5188,38794
5192,38778
5196,38762
5200,38746
5204,38730
5208,38714
5212,38698
5216,38682
5220,38666
5224,38650
5228,38634
5232,38618
5236,38602
5240,38586
5244,38570
5248,38554
5252,38538
5256,38522
5260,38506
5264,38490
5268,38474
5272,38458
5276,38442
5280,38426
5284,38410
5288,38394
5292,38378
5296,38362
5300,38346
5304,38330
5308,38314
5312,38298
5316,38282
5320,38266
5324,38250
5328,38234
5332,38218
5336,38202
5340,38186
5344,38170
5348,38154
5352,38138
5356,38122
5360,38106
5364,38090
5368,38074
5372,38058
5376,38042
5380,38026
5384,38010
5388,37994
5392,37978
5396,37962
5400,37946
5404,37930
5408,37914
5412,37898
5416,37882
5420,37866
5424,37850
5428,37834
5432,37818
5436,37802
5440,37786
5444,37770
5448,37754
5452,37738
5456,37722
5460,37706
5464,37690
5468,37674
5472,37658
5476,37642
5480,37626
5484,37610
5488,37594
5492,37578
5496,37562
5500,37546
5504,37530
5508,37514
5512,37498
5516,37482
5520,37466
5524,37450
5528,37434
5532,37418
5536,37402
5540,37386
5544,37370
5548,37354
5552,37338
5556,37322
5560,37306
5564,37290
5568,37274
5572,37258
5576,37242
5580,37226
5584,37210
5588,37194
5592,37178
5596,37162
5600,37146
5604,37130
5608,37115
5612,37100
5616,37085
5620,37070
5624,37055
5628,37040
5632,37025
5636,37010
5640,36995
5644,36980
5648,36965
5652,36950
5656,36935
5660,36920
5664,36905
5668,36890
5672,36875
5676,36860
5680,36845
5684,36830
5688,36815
5692,36800
5696,36785
5700,36770
5704,36755
5708,36740
5712,36725
5716,36710
5720,36695
5724,36680
5728,36665
5732,36650
5736,36635
5740,36620
5744,36605
5748,36590
5752,36575
5756,36560
5760,36545
5764,36530
5768,36515
5772,36500
5776,36485
5780,36470
5784,36455
5788,36440
5792,36425
5796,36410
5800,36395
5804,36380
5808,36365
5812,36350
5816,36335
5820,36320
5824,36305
5828,36290
5832,36275
5836,36260
5840,36245
5844,36230
5848,36215
5852,36200
5856,36185
5860,36170
5864,36155
5868,36140
5872,36125
5876,36110
5880,36095
5884,36080
5888,36065
5892,36050
5896,36035
5900,36020
5904,36005
5908,35990
5912,35975
5916,35960
5920,35945
5924,35930
5928,35915
5932,35900
5936,35885
5940,35870
5944,35855
5948,35840
5952,35825
5956,35810
5960,35795
5964,35780
5968,35765
5972,35750
5976,35735
5980,35720
5984,35705
5988,35690
5992,35675
5996,35660
6000,35645
6004,35630
6008,35615
6012,35600
6016,35585
6020,35570
6024,35555
6028,35540
6032,35525
6036,35510
6040,35495
6044,35480
6048,35465
6052,35450
6056,35435
6060,35420
6064,35405
6068,35390
6072,35375
6076,35360
6080,35345
6084,35331
6088,35317
6092,35303
6096,35289
6100,35275
6104,35261
6108,35247
6112,35233
6117,35219
6122,35205
6127,35191
6132,35177
6137,35163
6142,35149
6147,35135
6152,35121
6157,35107
6162,35093
6167,35079
6172,35065
6177,35051
6182,35037
6187,35023
6192,35009
6197,34995
6202,34981
6207,34967
6212,34953
6217,34939
6222,34925
6227,34911
6232,34897
6237,34883
6242,34869
6247,34855
6252,34841
6257,34827
6262,34813
6267,34799
6272,34785
6277,34771
6282,34757
6287,34743
6292,34729
6297,34715
6302,34701
6307,34687
6312,34673
6317,34659
6322,34645
6327,34631
6332,34617
6337,34603
6342,34589
6347,34575
6352,34561
6357,34547
6362,34533
6367,34519
6372,34505
6377,34491
6382,34477
6387,34463
6392,34449
6397,34435
6402,34421
6407,34407
6412,34393
6417,34379
6422,34365
6427,34351
6432,34337
6437,34323
6442,34309
6447,34295
6452,34281
6457,34267
6462,34253
6467,34239
6472,34225
6477,34211
6482,34197
6487,34183
6492,34169
6497,34155
6502,34141
6507,34127
6512,34113
6517,34099
6522,34085
6527,34071
6532,34057
6537,34043
6542,34029
6547,34015
6552,34001
6557,33987
6562,33973
6567,33959
6572,33945
6577,33931
6582,33917
6587,33903
6592,33889
6597,33875
6602,33861
6607,33847
6612,33833
6617,33819
6622,33805
6627,33791
6632,33777
6637,33763
6642,33749
6647,33735
6652,33721
6657,33707
6662,33693
6667,33679
6672,33665
6677,33651
6682,33638
6687,33625
6692,33612
6697,33599
6702,33586
6707,33573
6712,33560
6717,33547
6722,33534
6727,33521
6732,33508
6737,33495
6742,33482
6747,33469
6752,33456
6757,33443
6762,33430
6767,33417
6772,33404
6777,33391
6782,33378
6787,33365
6792,33352
6797,33339
6802,33326
6807,33313
6812,33300
6817,33287
6822,33274
6827,33261
6832,33248
6837,33235
6842,33222
6847,33209
6852,33196
6857,33183
6862,33170
6867,33157
6872,33144
6877,33131
6882,33118
6887,33105
6892,33092
6897,33079
6902,33066
6907,33053
6912,33040
6917,33027
6922,33014
6927,33001
6932,32988
6937,32975
6942,32962
6947,32949
6952,32936
6957,32923
6962,32910
6967,32897
6972,32884
6977,32871
6982,32858
6987,32845
6992,32832
6997,32819
7002,32806
7007,32793
7012,32780
7017,32767
7022,32754
7027,32741
7032,32728
7037,32715
7042,32702
7047,32689
7052,32676
7057,32663
7062,32650
7067,32637
7072,32624
7077,32611
7082,32598
7087,32585
7092,32572
7097,32559
7102,32546
7107,32533
7112,32520
7117,32507
7122,32494
7127,32481
7132,32468
7137,32455
7142,32442
7147,32429
7152,32416
7157,32403
7162,32390
7167,32377
7172,32364
7177,32351
7182,32338
7187,32325
7192,32312
7197,32299
7202,32286
7207,32273
7212,32260
7217,32247
7222,32234
7227,32221
7232,32208
7237,32195
7242,32182
7248,32169
7254,32156
7260,32143
7266,32130
7272,32117
7278,32104
7284,32091
7290,32078
7296,32065
7302,32052
7308,32039
7314,32026
7320,32013
7326,32000
7332,31987
7338,31974
7344,31962
7350,31950
7356,31938
7362,31926
7368,31914
7374,31902
7380,31890
7386,31878
7392,31866
7398,31854
7404,31842
7410,31830
7416,31818
7422,31806
7428,31794
7434,31782
7440,31770
7446,31758
7452,31746
7458,31734
7464,31722
7470,31710
7476,31698
7482,31686
7488,31674
7494,31662
7500,31650
7506,31638
7512,31626
7518,31614
7524,31602
7530,31590
7536,31578
7542,31566
7548,31554
7554,31542
7560,31530
7566,31518
7572,31506
7578,31494
7584,31482
7590,31470
7596,31458
7602,31446
7608,31434
7614,31422
7620,31410
7626,31398
7632,31386
7638,31374
7644,31362
7650,31350
7656,31338
7662,31326
7668,31314
7674,31302
7680,31290
7686,31278
7692,31266
7698,31254
7704,31242
7710,31230
7716,31218
7722,31206
7728,31194
7734,31182
7740,31170
7746,31158
7752,31146
7758,31134
7764,31122
7770,31110
7776,31098
7782,31086
7788,31074
7794,31062
7800,31050
7806,31038
7812,31026
7818,31014
7824,31002
7830,30990
7836,30978
7842,30966
7848,30954
7854,30942
7860,30930
7866,30918
7872,30906
7878,30894
7884,30882
7890,30870
7896,30858
7902,30846
7908,30834
7914,30822
7920,30810
7926,30798
7932,30786
7938,30774
7944,30762
7950,30750
7956,30738
7962,30726
7968,30714
7974,30702
7980,30690
7986,30678
7992,30666
7998,30654
8004,30642
8010,30630
8016,30618
8022,30606
8028,30594
8034,30582
8040,30570
8046,30558
8052,30546
8058,30534
8064,30522
8070,30510
8076,30498
8082,30486
8088,30474
8094,30462
8100,30450
8106,30438
8112,30426
8118,30414
8124,30402
8130,30390
8136,30378
8142,30367
8148,30356
8154,30345
8160,30334
8166,30323
8172,30312
8178,30301
8184,30290
8190,30279
8196,30268
8202,30257
8208,30246
8214,30235
8220,30224
8226,30213
8232,30202
8238,30191
8244,30180
8250,30169
8256,30158
8262,30147
8268,30136
8274,30125
8280,30114
8286,30103
8292,30092
8298,30081
8304,30070
8310,30059
8316,30048
8322,30037
8328,30026
8334,30015
8340,30004
8346,29993
8352,29982
8358,29971
8364,29960
8370,29949
8377,29938
8384,29927
8391,29916
8398,29905
8405,29894
8412,29883
8419,29872
8426,29861
8433,29850
8440,29839
8447,29828
8454,29817
8461,29806
8468,29795
8475,29784
8482,29773
8489,29762
8496,29751
8503,29740
8510,29729
8517,29718
8524,29707
8531,29696
8538,29685
8545,29674
8552,29663
8559,29652
8566,29641
8573,29630
8580,29619
8587,29608
8594,29597
8601,29586
8608,29575
8615,29564
8622,29553
8629,29542
8636,29531
8643,29520
8650,29509
8657,29498
8664,29487
8671,29476
8678,29465
8685,29454
8692,29443
8699,29432
8706,29421
8713,29410
8720,29399
8727,29388
8734,29377
8741,29366
8748,29355
8755,29344
8762,29333
8769,29322
8776,29311
8783,29300
8790,29289
8797,29278
8804,29267
8811,29256
8818,29245
8825,29234
8832,29223
8839,29212
8846,29201
8853,29190
8860,29179
8867,29168
8874,29157
8881,29146
8888,29135
8895,29124
8902,29113
8909,29102
8916,29091
8923,29080
8930,29069
8937,29058
8944,29047
8951,29036
8958,29025
8965,29014
8972,29003
8979,28992
8986,28981
8993,28970
9000,28959
9007,28948
9014,28937
9021,28926
9028,28915
9035,28904
9042,28893
9049,28882
9056,28871
9063,28860
9070,28849
9077,28838
9084,28828
9091,28818
9098,28808
9105,28798
9112,28788
9119,28778
9126,28768
9133,28758
9140,28748
9147,28738
9154,28728
9161,28718
9168,28708
9175,28698
9182,28688
9189,28678
9196,28668
9203,28658
9210,28648
9217,28638
9224,28628
9231,28618
9238,28608
9245,28598
9252,28588
9259,28578
9266,28568
9273,28558
9280,28548
9287,28538
9294,28528
9301,28518
9308,28508
9315,28498
9322,28488
9329,28478
9336,28468
9343,28458
9350,28448
9357,28438
9364,28428
9371,28418
9378,28408
9385,28398
9392,28388
9399,28378
9406,28368
9413,28358
9420,28348
9427,28338
9434,28328
9441,28318
9448,28308
9455,28298
9462,28288
9469,28278
9476,28268
9483,28258
9490,28248
9497,28238
9505,28228
9513,28218
9521,28208
9529,28198
9537,28188
9545,28178
9553,28168
9561,28158
9569,28148
9577,28138
9585,28128
9593,28118
9601,28108
9609,28098
9617,28088
9625,28078
9633,28068
9641,28058
9649,28048
9657,28038
9665,28028
9673,28018
9681,28008
9689,27998
9697,27988
9705,27978
9713,27968
9721,27958
9729,27948
9737,27938
9745,27928
9753,27918
9761,27908
9769,27898
9777,27888
9785,27878
9793,27868
9801,27858
9809,27848
9817,27838
9825,27828
9833,27818
9841,27808
9849,27798
9857,27788
9865,27778
9873,27768
9881,27758
9889,27748
9897,27738
9905,27728
9913,27718
9921,27708
9929,27698
9937,27688
9945,27678
9953,27668
9961,27658
9969,27648
9977,27638
9985,27628
9993,27618
10001,27608
10009,27598
10017,27588
10025,27578
10033,27568
10041,27558
10049,27548
10057,27538
10065,27528
10073,27518
10081,27508
10089,27498
10097,27488
10105,27478
10113,27468
10121,27458
10129,27448
10137,27438
10145,27428
10153,27418
10161,27408
10169,27398
10177,27388
10185,27378
10193,27368
10201,27359
10209,27350
10217,27341
10225,27332
10233,27323
10241,27314
10249,27305
10257,27296
10265,27287
10273,27278
10281,27269
10289,27260
10297,27251
10305,27242
10313,27233
10321,27224
10329,27215
10337,27206
10345,27197
10353,27188
10361,27179
10369,27170
10377,27161
10385,27152
10393,27143
10401,27134
10409,27125
10417,27116
10425,27107
10433,27098
10441,27089
10449,27080
10457,27071
10465,27062
10473,27053
10481,27044
10489,27035
10497,27026
10505,27017
10513,27008
10521,26999
10529,26990
10537,26981
10545,26972
10553,26963
10561,26954
10569,26945
10577,26936
10585,26927
10593,26918
10601,26909
10609,26900
10617,26891
10625,26882
10634,26873
10643,26864
10652,26855
10661,26846
10670,26837
10679,26828
10688,26819
10697,26810
10706,26801
10715,26792
10724,26783
10733,26774
10742,26765
10751,26756
10760,26747
10769,26738
10778,26729
10787,26720
10796,26711
10805,26702
10814,26693
10823,26684
10832,26675
10841,26666
10850,26657
10859,26648
10868,26639
10877,26630
10886,26621
10895,26612
10904,26603
10913,26594
10922,26585
10931,26576
10940,26567
10949,26558
10958,26549
10967,26540
10976,26531
10985,26522
10994,26513
11003,26504
11012,26495
11021,26486
11030,26477
11039,26468
11048,26459
11057,26450
11066,26441
11075,26432
11084,26423
11093,26414
11102,26405
11111,26396
11120,26387
11129,26378
11138,26369
11147,26360
11156,26351
11165,26342
11174,26333
11183,26324
11192,26315
11201,26306
11210,26297
11219,26288
11228,26279
11237,26270
11246,26261
11255,26252
11264,26243
11273,26234
11282,26225
11291,26216
11300,26207
11309,26198
11318,26189
11327,26180
11336,26171
11345,26162
11354,26153
11363,26144
11372,26135
11381,26126
11390,26117
11399,26108
11408,26099
11417,26090
11426,26081
11435,26072
11444,26063
11453,26054
11462,26045
11471,26036
11480,26027
11489,26018
11498,26009
11507,26000
11516,25992
11525,25984
11534,25976
11543,25968
11552,25960
11561,25952
11570,25944
11579,25936
11588,25928
11597,25920
11606,25912
11615,25904
11624,25896
11633,25888
11642,25880
11651,25872
11660,25864
11669,25856
11678,25848
11687,25840
11696,25832
11705,25824
11714,25816
11723,25808
11732,25800
11741,25792
11750,25784
11760,25776
11770,25768
11780,25760
11790,25752
11800,25744
11810,25736
11820,25728
11830,25720
11840,25712
11850,25704
11860,25696
11870,25688
11880,25680
11890,25672
11900,25664
11910,25656
11920,25648
11930,25640
11940,25632
11950,25624
11960,25616
11970,25608
11980,25600
11990,25592
12000,25584
12010,25576
12020,25568
12030,25560
12040,25552
12050,25544
12060,25536
12070,25528
12080,25520
12090,25512
12100,25504
12110,25496
12120,25488
12130,25480
12140,25472
12150,25464
12160,25456
12170,25448
12180,25440
12190,25432
12200,25424
12210,25416
12220,25408
12230,25400
12240,25392
12250,25384
12260,25376
12270,25368
12280,25360
12290,25352
12300,25344
12310,25336
12320,25328
12330,25320
12340,25312
12350,25304
12360,25296
12370,25288
12380,25280
12390,25272
12400,25264
12410,25256
12420,25248
12430,25240
12440,25232
12450,25224
12460,25216
12470,25208
12480,25200
12490,25192
12500,25184
12510,25176
12520,25168
12530,25160
12540,25152
12550,25144
12560,25136
12570,25128
12580,25120
12590,25112
12600,25104
12610,25096
12620,25088
12630,25080
12640,25072
12650,25064
12660,25056
12670,25048
12680,25040
12690,25032
12700,25024
12710,25016
12720,25008
12730,25000
12740,24992
12750,24984
12760,24976
12770,24968
12780,24960
12790,24952
12800,24944
12810,24936
12820,24928
12830,24920
12840,24912
12850,24904
12860,24896
12870,24888
12880,24880
12891,24872
12902,24864
12913,24856
12924,24848
12935,24840
12946,24832
12957,24824
12968,24816
12979,24808
12990,24800
13001,24792
13012,24784
13023,24776
13034,24768
13045,24760
13056,24752
13067,24745
13078,24738
13089,24731
13100,24724
13111,24717
13122,24710
13133,24703
13144,24696
13155,24689
13166,24682
13177,24675
13188,24668
13199,24661
13210,24654
13221,24647
13232,24640
13243,24633
13254,24626
13265,24619
13276,24612
13287,24605
13298,24598
13309,24591
13320,24584
13331,24577
13342,24570
13353,24563
13364,24556
13375,24549
13386,24542
13397,24535
13408,24528
13419,24521
13430,24514
13441,24507
13452,24500
13463,24493
13474,24486
13485,24479
13496,24472
13507,24465
13518,24458
13529,24451
13540,24444
13551,24437
13562,24430
13573,24423
13584,24416
13595,24409
13606,24402
13617,24395
13628,24388
13639,24381
13650,24374
13661,24367
13672,24360
13683,24353
13694,24346
13705,24339
13716,24332
13727,24325
13738,24318
13749,24311
13760,24304
13771,24297
13782,24290
13793,24283
13804,24276
13815,24269
13826,24262
13837,24255
13848,24248
13859,24241
13870,24234
13881,24227
13892,24220
13903,24213
13914,24206
13925,24199
13936,24192
13947,24185
13958,24178
13969,24171
13980,24164
13991,24157
14002,24150
14014,24143
14026,24136
14038,24129
14050,24122
14062,24115
14074,24108
14086,24101
14098,24094
14110,24087
14122,24080
14134,24073
14146,24066
14158,24059
14170,24052
14182,24045
14194,24038
14206,24031
14218,24024
14230,24017
14242,24010
14254,24003
14266,23996
14278,23989
14290,23982
14302,23975
14314,23968
14326,23961
14338,23954
14350,23947
14362,23940
14374,23933
14386,23926
14398,23919
14410,23912
14422,23905
14434,23898
14446,23891
14458,23884
14470,23877
14482,23870
14494,23863
14506,23856
14518,23849
14530,23842
14542,23835
14554,23828
14566,23821
14578,23814
14590,23807
14602,23800
14614,23793
14626,23786
14638,23779
14650,23772
14662,23765
14674,23758
14686,23751
14698,23744
14710,23737
14722,23730
14734,23723
14746,23716
14758,23709
14770,23702
14782,23695
14794,23688
14806,23681
14818,23674
14830,23667
14842,23660
14854,23653
14866,23646
14878,23639
14890,23633
14902,23627
14914,23621
14926,23615
14938,23609
14950,23603
14962,23597
14974,23591
14986,23585
14998,23579
15010,23573
15022,23567
15034,23561
15046,23555
15058,23549
15070,23543
15082,23537
15094,23531
15106,23525
15118,23519
15130,23513
15143,23507
15156,23501
15169,23495
15182,23489
15195,23483
15208,23477
15221,23471
15234,23465
15247,23459
15260,23453
15273,23447
15286,23441
15299,23435
15312,23429
15325,23423
15338,23417
15351,23411
15364,23405
15377,23399
15390,23393
15403,23387
15416,23381
15429,23375
15442,23369
15455,23363
15468,23357
15481,23351
15494,23345
15507,23339
15520,23333
15533,23327
15546,23321
15559,23315
15572,23309
15585,23303
15598,23297
15611,23291
15624,23285
15637,23279
15650,23273
15663,23267
15676,23261
15689,23255
15702,23249
15715,23243
15728,23237
15741,23231
15754,23225
15767,23219
15780,23213
15793,23207
15806,23201
15819,23195
15832,23189
15845,23183
15858,23177
15871,23171
15884,23165
15897,23159
15910,23153
15923,23147
15936,23141
15949,23135
15962,23129
15975,23123
15988,23117
16001,23111
16014,23105
16027,23099
16040,23093
16053,23087
16066,23081
16079,23075
16092,23069
16105,23063
16118,23057
16131,23051
16144,23045
16157,23039
16170,23033
16183,23027
16196,23021
16209,23015
16222,23009
16235,23003
16248,22997
16261,22991
16275,22985
16289,22979
16303,22973
16317,22967
16331,22961
16345,22955
16359,22949
16373,22943
16387,22937
16401,22931
16415,22925
16429,22919
16443,22913
16457,22907
16471,22901
16485,22895
16499,22889
16513,22883
16527,22877
16541,22871
16555,22865
16569,22859
16583,22853
16597,22847
16611,22841
16625,22835
16639,22829
16653,22823
16667,22817
16681,22811
16695,22805
16709,22799
16723,22793
16737,22787
16751,22781
16765,22775
16779,22769
16793,22763
16807,22757
16821,22751
16835,22745
16849,22739
16863,22733
16877,22727
16891,22721
16905,22715
16919,22709
16933,22703
16947,22697
16961,22691
16975,22685
16989,22679
17003,22674
17017,22669
17031,22664
17045,22659
17059,22654
17073,22649
17087,22644
17101,22639
17115,22634
17129,22629
17143,22624
17157,22619
17171,22614
17185,22609
17199,22604
17213,22599
17227,22594
17241,22589
17255,22584
17269,22579
17283,22574
17297,22569
17311,22564
17325,22559
17339,22554
17353,22549
17367,22544
17381,22539
17395,22534
17410,22529
17425,22524
17440,22519
17455,22514
17470,22509
17485,22504
17500,22499
17515,22494
17530,22489
17545,22484
17560,22479
17575,22474
17590,22469
17605,22464
17620,22459
17635,22454
17650,22449
17665,22444
17680,22439
17695,22434
17710,22429
17725,22424
17740,22419
17755,22414
17770,22409
17785,22404
17800,22399
17815,22394
17830,22389
17845,22384
17860,22379
17875,22374
17890,22369
17905,22364
17920,22359
17935,22354
17950,22349
17965,22344
17980,22339
17995,22334
18010,22329
18025,22324
18040,22319
18055,22314
18070,22309
18085,22304
18100,22299
18115,22294
18130,22289
18145,22284
18160,22279
18175,22274
18190,22269
18205,22264
18220,22259
18235,22254
18250,22249
18265,22244
18280,22239
18295,22234
18310,22229
18325,22224
18340,22219
18355,22214
18370,22209
18385,22204
18400,22199
18415,22194
18430,22189
18445,22184
18460,22179
18475,22174
18490,22169
18505,22164
18520,22159
18535,22154
18551,22149
18567,22144
18583,22139
18599,22134
18615,22129
18631,22124
18647,22119
18663,22114
18679,22109
18695,22104
18711,22099
18727,22094
18743,22089
18759,22084
18775,22079
18791,22074
18807,22069
18823,22064
18839,22059
18855,22054
18871,22049
18887,22044
18903,22039
18919,22034
18935,22029
18951,22024
18967,22019
18983,22014
18999,22009
19015,22004
19031,21999
19047,21994
19063,21989
19079,21984
19095,21979
19111,21974
19127,21969
19143,21964
19159,21959
19175,21954
19191,21949
19207,21944
19223,21939
19239,21934
19255,21929
19271,21924
19287,21919
19303,21914
19319,21909
19335,21904
19351,21899
19367,21894
19383,21889
19399,21884
19415,21880
19431,21876
19447,21872
19463,21868
19479,21864
19495,21860
19511,21856
19527,21852
19543,21848
19559,21844
19575,21840
19591,21836
19607,21832
19623,21828
19639,21824
19655,21820
19671,21816
19688,21812
19705,21808
19722,21804
19739,21800
19756,21796
19773,21792
19790,21788
19807,21784
19824,21780
19841,21776
19858,21772
19875,21768
19892,21764
19909,21760
19926,21756
19943,21752
19960,21748
19977,21744
19994,21740
20011,21736
20028,21732
20045,21728
20062,21724
20079,21720
20096,21716
20113,21712
20130,21708
20147,21704
20164,21700
20181,21696
20198,21692
20215,21688
20232,21684
20249,21680
20266,21676
20283,21672
20300,21668
20317,21664
20334,21660
20351,21656
20368,21652
20385,21648
20402,21644
20419,21640
20436,21636
20453,21632
20470,21628
20487,21624
20504,21620
20521,21616
20538,21612
20555,21608
20572,21604
20589,21600
20606,21596
20623,21592
20640,21588
20657,21584
20674,21580
20691,21576
20708,21572
20725,21568
20742,21564
20759,21560
20776,21556
20793,21552
20810,21548
20828,21544
20846,21540
20864,21536
20882,21532
20900,21528
20918,21524
20936,21520
20954,21516
20972,21512
20990,21508
21008,21504
21026,21500
21044,21496
21062,21492
21080,21488
21098,21484
21116,21480
21134,21476
21152,21472
21170,21468
21188,21464
21206,21460
21224,21456
21242,21452
21260,21448
21278,21444
21296,21440
21314,21436
21332,21432
21350,21428
21368,21424
21386,21420
21404,21416
21422,21412
21440,21408
21458,21404
21476,21400
21494,21396
21512,21392
21530,21388
21548,21384
21566,21380
21584,21376
21602,21372
21620,21368
21638,21364
21656,21360
21674,21356
21692,21352
21710,21348
21728,21344
21746,21340
21764,21336
21782,21332
21800,21328
21818,21324
21836,21320
21854,21316
21872,21312
21890,21308
21908,21304
21926,21300
21944,21296
21963,21292
21982,21288
22001,21284
22020,21280
22039,21276
22058,21272
22077,21268
22096,21265
22115,21262
22134,21259
22153,21256
22172,21253
22191,21250
22210,21247
22229,21244
22248,21241
22267,21238
22286,21235
22305,21232
22324,21229
22343,21226
22362,21223
22381,21220
22400,21217
22419,21214
22438,21211
22457,21208
22476,21205
22495,21202
22514,21199
22533,21196
22552,21193
22571,21190
22590,21187
22609,21184
22628,21181
22647,21178
22666,21175
22685,21172
22704,21169
22723,21166
22742,21163
22761,21160
22780,21157
22799,21154
22818,21151
22837,21148
22856,21145
22875,21142
22894,21139
22913,21136
22932,21133
22951,21130
22970,21127
22989,21124
23008,21121
23027,21118
23046,21115
23065,21112
23084,21109
23104,21106
23124,21103
23144,21100
23164,21097
23184,21094
23204,21091
23224,21088
23244,21085
23264,21082
23284,21079
23304,21076
23324,21073
23344,21070
23364,21067
23384,21064
23404,21061
23424,21058
23444,21055
23464,21052
23484,21049
23504,21046
23524,21043
23544,21040
23564,21037
23584,21034
23604,21031
23624,21028
23644,21025
23664,21022
23684,21019
23704,21016
23724,21013
23744,21010
23764,21007
23784,21004
23804,21001
23824,20998
23844,20995
23864,20992
23884,20989
23904,20986
23924,20983
23944,20980
23964,20977
23984,20974
24004,20971
24024,20968
24044,20965
24064,20962
24084,20959
24104,20956
24124,20953
24144,20950
24164,20947
24184,20944
24204,20941
24224,20938
24244,20935
24265,20932
24286,20929
24307,20926
24328,20923
24349,20920
24370,20917
24391,20914
24412,20911
24433,20908
24454,20905
24475,20902
24496,20899
24517,20896
24538,20893
24559,20890
24580,20887
24601,20884
24622,20881
24643,20878
24664,20875
24685,20872
24706,20869
24727,20866
24748,20863
24769,20860
24790,20857
24811,20854
24832,20851
24853,20848
24874,20845
24895,20842
24916,20839
24937,20836
24958,20833
24979,20830
25000,20828
25021,20826
25042,20824
25063,20822
25084,20820
25105,20818
25126,20816
25147,20814
25168,20812
25189,20810
25210,20808
25231,20806
25252,20804
25273,20802
25294,20800
25315,20798
25336,20796
25357,20794
25378,20792
25400,20790
25422,20788
25444,20786
25466,20784
25488,20782
25510,20780
25532,20778
25554,20776
25576,20774
25598,20772
25620,20770
25642,20768
25664,20766
25686,20764
25708,20762
25730,20760
25752,20758
25774,20756
25796,20754
25818,20752
25840,20750
25862,20748
25884,20746
25906,20744
25928,20742
25950,20740
25972,20738
25994,20736
26016,20734
26038,20732
26060,20730
26082,20728
26104,20726
26126,20724
26148,20722
26170,20720
26192,20718
26214,20716
26236,20714
26258,20712
26280,20710
26302,20708
26324,20706
26346,20704
26368,20702
26390,20700
26412,20698
26434,20696
26456,20694
26478,20692
26500,20690
26522,20688
26544,20686
26567,20684
26590,20682
26613,20680
26636,20678
26659,20676
26682,20674
26705,20672
26728,20670
26751,20668
26774,20666
26797,20664
26820,20662
26843,20660
26866,20658
26889,20656
26912,20654
26935,20652
26958,20650
26981,20648
27004,20646
27027,20644
27050,20642
27073,20640
27096,20638
27119,20636
27142,20634
27165,20632
27188,20630
27211,20628
27234,20626
27257,20624
27280,20622
27303,20620
27326,20618
27349,20616
27372,20614
27395,20612
27418,20610
27441,20608
27464,20606
27487,20604
27510,20602
27533,20600
27556,20598
27579,20596
27602,20594
27625,20592
27648,20590
27671,20588
27694,20586
27718,20584
27742,20582
27766,20580
27790,20578
27814,20576
27838,20574
27862,20572
27886,20570
27910,20568
27934,20566
27958,20564
27982,20562
28006,20560
28030,20558
28054,20557
28078,20556
28102,20555
28126,20554
28150,20553
28174,20552
28198,20551
28222,20550
28246,20549
28270,20548
28294,20547
28318,20546
28342,20545
28366,20544
28390,20543
28414,20542
28438,20541
28462,20540
28486,20539
28510,20538
28534,20537
28558,20536
28582,20535
28606,20534
28630,20533
28654,20532
28678,20531
28702,20530
28726,20529
28750,20528
28774,20527
28798,20526
28822,20525
28846,20524
28871,20523
28896,20522
28921,20521
28946,20520
28971,20519
28996,20518
29021,20517
29046,20516
29071,20515
29096,20514
29121,20513
29146,20512
29171,20511
29196,20510
29221,20509
29246,20508
29271,20507
29296,20506
29321,20505
29346,20504
29371,20503
29396,20502
29421,20501
29446,20500
29471,20499
29496,20498
29521,20497
29546,20496
29571,20495
29596,20494
29621,20493
29646,20492
29671,20491
29696,20490
29721,20489
29746,20488
29771,20487
29796,20486
29821,20485
29846,20484
29871,20483
29896,20482
29921,20481
29946,20480
29971,20479
29996,20478
30021,20477
30047,20476
30073,20475
30099,20474
30125,20473
30151,20472
30177,20471
30203,20470
30229,20469
30255,20468
30281,20467
30307,20466
30333,20465
30359,20464
30385,20463
30411,20462
30437,20461
30463,20460
30489,20459
30515,20458
30541,20457
30567,20456
30593,20455
30619,20454
30645,20453
30671,20452
30697,20451
30723,20450
30749,20449
30775,20448
30801,20447
30827,20446
30853,20445
30879,20444
30905,20443
30931,20442
30957,20441
30983,20440
31009,20439
31035,20438
31061,20437
31087,20436
31113,20435
31139,20434
31165,20433
31191,20432
31218,20432
31245,20432
31272,20432
31299,20432
31326,20432
31353,20432
31380,20432
31407,20432
31434,20432
31461,20432
31488,20432
31515,20432
31542,20432
31569,20432
31596,20432
31623,20432
31650,20432
31677,20432
31704,20432
31731,20432
31758,20432
31785,20432
31812,20432
31839,20432
31866,20432
31893,20432
31920,20432
31947,20432
31974,20432
32001,20432
32028,20432
32055,20432
32082,20432
32109,20432
32136,20432
32163,20432
32190,20432
32217,20432
32244,20432
32271,20432
32298,20432
32325,20432
32352,20432
32380,20432
32408,20432
32436,20432
32464,20432
32492,20432
32520,20432
32548,20432
32576,20432
32604,20432
32632,20432
32660,20432
32688,20432
32716,20432
32744,20432
32772,20432
32800,20432
32828,20432
32856,20432
32884,20432
32912,20432
32940,20432
32968,20432
32996,20432
33024,20432
33052,20432
33080,20432
33108,20432
33136,20432
33164,20432
33192,20432
33220,20432
33248,20432
33276,20432
33304,20432
33332,20432
33360,20432
33388,20432
33416,20432
33444,20432
33472,20432
33500,20432
33528,20432
33557,20432
33586,20432
33615,20432
33644,20432
33673,20432
33702,20432
33731,20432
33760,20432
33789,20432
33818,20432
33847,20432
33876,20432
33905,20432
33934,20432
33963,20432
33992,20432
34021,20432
34050,20432
34079,20432
34108,20432
34137,20432
34166,20432
34195,20432
34224,20432
34253,20432
34282,20432
34311,20432
34340,20432
34369,20432
34398,20433
34427,20434
34456,20435
34485,20436
34514,20437
34543,20438
34572,20439
34601,20440
34630,20441
34659,20442
34688,20443
34717,20444
34747,20445
34777,20446
34807,20447
34837,20448
34867,20449
34897,20450
34927,20451
34957,20452
34987,20453
35017,20454
35047,20455
35077,20456
35107,20457
35137,20458
35167,20459
35197,20460
35227,20461
35257,20462
35287,20463
35317,20464
35347,20465
35377,20466
35407,20467
35437,20468
35467,20469
35497,20470
35527,20471
35557,20472
35587,20473
35617,20474
35647,20475
35677,20476
35707,20477
35737,20478
35767,20479
35797,20480
35827,20481
35857,20482
35887,20483
35917,20484
35948,20485
35979,20486
36010,20487
36041,20488
36072,20489
36103,20490
36134,20491
36165,20492
36196,20493
36227,20494
36258,20495
36289,20496
36320,20497
36351,20498
36382,20499
36413,20500
36444,20501
36475,20502
36506,20503
36537,20504
36568,20505
36599,20506
36630,20507
36661,20508
36692,20509
36723,20510
36754,20511
36785,20512
36816,20513
36847,20514
36878,20515
36909,20516
36940,20517
36971,20518
37002,20519
37033,20520
37064,20521
37095,20522
37127,20523
37159,20524
37191,20525
37223,20526
37255,20527
37287,20528
37319,20529
37351,20530
37383,20531
37415,20532
37447,20533
37479,20534
37511,20535
37543,20536
37575,20538
37607,20540
37639,20542
37671,20544
37703,20546
37735,20548
37767,20550
37799,20552
37831,20554
37863,20556
37895,20558
37927,20560
37959,20562
37991,20564
38023,20566
38055,20568
38087,20570
38119,20572
38151,20574
38183,20576
38215,20578
38247,20580
38279,20582
38311,20584
38344,20586
38377,20588
38410,20590
38443,20592
38476,20594
38509,20596
38542,20598
38575,20600
38608,20602
38641,20604
38674,20606
38707,20608
38740,20610
38773,20612
38806,20614
38839,20616
38872,20618
38905,20620
38938,20622
38971,20624
39004,20626
39037,20628
39070,20630
39103,20632
39136,20634
39169,20636
39202,20638
39235,20640
39268,20642
39301,20644
39334,20646
39367,20648
39400,20650
39433,20652
39466,20654
39499,20656
39533,20658
39567,20660
39601,20662
39635,20664
39669,20666
39703,20668
39737,20670
39771,20672
39805,20674
39839,20676
39873,20678
39907,20680
39941,20682
39975,20684
40009,20686
40043,20688
40077,20690
40111,20692
40145,20694
40179,20696
40213,20698
40247,20700
40281,20702
40315,20704
40349,20706
40383,20708
40417,20710
40451,20712
40485,20714
40519,20716
40553,20718
40587,20720
40621,20722
40655,20725
40689,20728
40723,20731
40758,20734
40793,20737
40828,20740
40863,20743
40898,20746
40933,20749
40968,20752
41003,20755
41038,20758
41073,20761
41108,20764
41143,20767
41178,20770
41213,20773
41248,20776
41283,20779
41318,20782
41353,20785
41388,20788
41423,20791
41458,20794
41493,20797
41528,20800
41563,20803
41598,20806
41633,20809
41668,20812
41703,20815
41738,20818
41773,20821
41808,20824
41843,20827
41878,20830
41913,20833
41949,20836
41985,20839
42021,20842
42057,20845
42093,20848
42129,20851
42165,20854
42201,20857
42237,20860
42273,20863
42309,20866
42345,20869
42381,20872
42417,20875
42453,20878
42489,20881
42525,20884
42561,20887
42597,20890
42633,20893
42669,20896
42705,20899
42741,20902
42777,20905
42813,20908
42849,20911
42885,20914
42921,20917
42957,20920
42993,20923
43029,20926
43065,20929
43101,20932
43137,20935
43174,20938
43211,20941
43248,20944
43285,20947
43322,20950
43359,20953
43396,20956
43433,20959
43470,20962
43507,20965
43544,20968
43581,20971
43618,20974
43655,20977
43692,20981
43729,20985
43766,20989
43803,20993
43840,20997
43877,21001
43914,21005
43951,21009
43988,21013
44025,21017
44062,21021
44099,21025
44136,21029
44173,21033
44210,21037
44247,21041
44284,21045
44321,21049
44358,21053
44395,21057
44433,21061
44471,21065
44509,21069
44547,21073
44585,21077
44623,21081
44661,21085
44699,21089
44737,21093
44775,21097
44813,21101
44851,21105
44889,21109
44927,21113
44965,21117
45003,21121
45041,21125
45079,21129
45117,21133
45155,21137
45193,21141
45231,21145
45269,21149
45307,21153
45345,21157
45383,21161
45421,21165
45459,21169
45497,21173
45535,21177
45573,21181
45611,21185
45650,21189
45689,21193
45728,21197
45767,21201
45806,21205
45845,21209
45884,21213
45923,21217
45962,21221
46001,21225
46040,21229
46079,21233
46118,21237
46157,21241
46196,21245
46235,21249
46274,21253
46313,21257
46352,21261
46391,21265
46430,21269
46469,21273
46508,21277
46547,21281
46586,21286
46625,21291
46664,21296
46703,21301
46742,21306
46781,21311
46820,21316
46859,21321
46899,21326
46939,21331
46979,21336
47019,21341
47059,21346
47099,21351
47139,21356
47179,21361
47219,21366
47259,21371
47299,21376
47339,21381
47379,21386
47419,21391
47459,21396
47499,21401
47539,21406
47579,21411
47619,21416
47659,21421
47699,21426
47739,21431
47779,21436
47819,21441
47859,21446
47899,21451
47939,21456
47979,21461
48019,21466
48059,21471
48099,21476
48140,21481
48181,21486
48222,21491
48263,21496
48304,21501
48345,21506
48386,21511
48427,21516
48468,21521
48509,21526
48550,21531
48591,21536
48632,21541
48673,21546
48714,21551
48755,21556
48796,21561
48837,21566
48878,21571
48919,21576
48960,21581
49001,21586
49042,21591
49083,21596
49124,21601
49165,21606
49206,21611
49247,21616
49288,21621
49329,21626
49370,21632
49412,21638
49454,21644
49496,21650
49538,21656
49580,21662
49622,21668
49664,21674
49706,21680
49748,21686
49790,21692
49832,21698
49874,21704
49916,21710
49958,21716
50000,21722
50042,21728
50084,21734
50126,21740
50168,21746
50210,21752
50252,21758
50294,21764
50336,21770
50378,21776
50420,21782
50462,21788
50504,21794
50546,21800
50588,21806
50630,21812
50673,21818
50716,21824
50759,21830
50802,21836
50845,21842
50888,21848
50931,21854
50974,21860
51017,21866
51060,21872
51103,21878
51146,21884
51189,21890
51232,21896
51275,21902
51318,21908
51361,21914
51404,21920
51447,21926
51490,21932
51533,21938
51576,21944
51619,21950
51662,21956
51705,21962
51748,21968
51791,21974
51834,21980
51877,21986
51920,21992
51964,21998
52008,22004
52052,22011
52096,22018
52140,22025
52184,22032
52228,22039
52272,22046
52316,22053
52360,22060
52404,22067
52448,22074
52492,22081
52536,22088
52580,22095
52624,22102
52668,22109
52712,22116
52756,22123
52800,22130
52844,22137
52888,22144
52932,22151
52976,22158
53020,22165
53064,22172
53108,22179
53152,22186
53196,22193
53241,22200
53286,22207
53331,22214
53376,22221
53421,22228
53466,22235
53511,22242
53556,22249
53601,22256
53646,22263
53691,22270
53736,22277
53781,22284
53826,22291
53871,22298
53916,22305
53961,22312
54006,22319
54051,22326
54096,22333
54141,22340
54186,22347
54231,22354
54276,22361
54321,22368
54366,22375
54411,22382
54456,22389
54501,22396
54547,22403
54593,22410
54639,22418
54685,22426
54731,22434
54777,22442
54823,22450
54869,22458
54915,22466
54961,22474
55007,22482
55053,22490
55099,22498
55145,22506
55191,22514
55237,22522
55283,22530
55329,22538
55375,22546
55421,22554
55467,22562
55513,22570
55559,22578
55605,22586
55651,22594
55697,22602
55743,22610
55789,22618
55835,22626
55882,22634
55929,22642
55976,22650
56023,22658
56070,22666
56117,22674
56164,22682
56211,22690
56258,22698
56305,22706
56352,22714
56399,22722
56446,22730
56493,22738
56540,22746
56587,22754
56634,22762
56681,22770
56728,22778
56775,22786
56822,22794
56869,22802
56916,22810
56963,22818
57010,22826
57057,22835
57104,22844
57151,22853
57199,22862
57247,22871
57295,22880
57343,22889
57391,22898
57439,22907
57487,22916
57535,22925
57583,22934
57631,22943
57679,22952
57727,22961
57775,22970
57823,22979
57871,22988
57919,22997
57967,23006
58015,23015
58063,23024
58111,23033
58159,23042
58207,23051
58255,23060
58303,23069
58351,23078
58399,23087
58447,23096
58495,23105
58544,23114
58593,23123
58642,23132
58691,23141
58740,23150
58789,23159
58838,23168
58887,23177
58936,23186
58985,23195
59034,23204
59083,23213
59132,23222
59181,23231
59230,23240
59279,23249
59328,23258
59377,23267
59426,23277
59475,23287
59524,23297
59573,23307
59622,23317
59671,23327
59720,23337
59769,23347
59818,23357
59868,23367
59918,23377
59968,23387
60018,23397
60068,23407
60118,23417
60168,23427
60218,23437
60268,23447
60318,23457
60368,23467
60418,23477
60468,23487
60518,23497
60568,23507
60618,23517
60668,23527
60718,23537
60768,23547
60818,23557
60868,23567
60918,23577
60968,23587
61018,23597
61068,23607
61118,23617
61168,23627
61218,23637
61269,23647
61320,23657
61371,23667
61422,23677
61473,23687
61524,23697
61575,23707
61626,23717
61677,23728
61728,23739
61779,23750
61830,23761
61881,23772
61932,23783
61983,23794
62034,23805
62085,23816
62136,23827
62187,23838
62238,23849
62289,23860
62340,23871
62391,23882
62442,23893
62493,23904
62544,23915
62595,23926
62647,23937
62699,23948
62751,23959
62803,23970
62855,23981
62907,23992
62959,24003
63011,24014
63063,24025
63115,24036
63167,24047
63219,24058
63271,24069
63323,24080
63375,24091
63427,24102
63479,24113
63531,24124
63583,24135
63635,24146
63687,24157
63739,24168
63791,24180
63843,24192
63895,24204
63947,24216
64000,24228
64053,24240
64106,24252
64159,24264
64212,24276
64265,24288
64318,24300
64371,24312
64424,24324
64477,24336
64530,24348
64583,24360
64636,24372
64689,24384
64742,24396
64795,24408
64848,24420
64901,24432
64954,24444
65007,24456
65060,24468
65113,24480
65166,24492
65219,24504
65272,24516
65325,24528
65378,24540
65432,24552
65486,24564
65540,24576
65594,24588
65648,24600
65702,24612
65756,24624
65810,24636
65864,24649
65918,24662
65972,24675
66026,24688
66080,24701
66134,24714
66188,24727
66242,24740
66296,24753
66350,24766
66404,24779
66458,24792
66512,24805
66566,24818
66620,24831
66674,24844
66728,24857
66782,24870
66836,24883
66891,24896
66946,24909
67001,24922
67056,24935
67111,24948
67166,24961
67221,24974
67276,24987
67331,25000
67386,25013
67441,25026
67496,25039
67551,25052
67606,25065
67661,25078
67716,25091
67771,25104
67826,25118
67881,25132
67936,25146
67991,25160
68046,25174
68101,25188
68156,25202
68211,25216
68266,25230
68322,25244
68378,25258
68434,25272
68490,25286
68546,25300
68602,25314
68658,25328
68714,25342
68770,25356
68826,25370
68882,25384
68938,25398
68994,25412
69050,25426
69106,25440
69162,25454
69218,25468
69274,25482
69330,25496
69386,25510
69442,25524
69498,25538
69554,25552
69610,25566
69666,25580
69722,25595
69779,25610
69836,25625
69893,25640
69950,25655
70007,25670
70064,25685
70121,25700
70178,25715
70235,25730
70292,25745
70349,25760
70406,25775
70463,25790
70520,25805
70577,25820
70634,25835
70691,25850
70748,25865
70805,25880
70862,25895
70919,25910
70976,25925
71033,25940
71090,25955
71147,25970
71204,25985
71261,26000
71319,26015
71377,26030
71435,26045
71493,26060
71551,26076
71609,26092
71667,26108
71725,26124
71783,26140
71841,26156
71899,26172
71957,26188
72015,26204
72073,26220
72131,26236
72189,26252
72247,26268
72305,26284
72363,26300
72421,26316
72479,26332
72537,26348
72595,26364
72653,26380
72711,26396
72769,26412
72828,26428
72887,26444
72946,26460
73005,26476
73064,26492
73123,26508
73182,26524
73241,26540
73300,26557
73359,26574
73418,26591
73477,26608
73536,26625
73595,26642
73654,26659
73713,26676
73772,26693
73831,26710
73890,26727
73949,26744
74008,26761
74067,26778
74126,26795
74185,26812
74244,26829
74303,26846
74363,26863
74423,26880
74483,26897
74543,26914
74603,26931
74663,26948
74723,26965
74783,26982
74843,26999
74903,27016
74963,27033
75023,27051
75083,27069
75143,27087
75203,27105
75263,27123
75323,27141
75383,27159
75443,27177
75503,27195
75563,27213
75623,27231
75683,27249
75743,27267
75803,27285
75863,27303
75923,27321
75984,27339
76045,27357
76106,27375
76167,27393
76228,27411
76289,27429
76350,27447
76411,27465
76472,27483
76533,27501
76594,27519
76655,27538
76716,27557
76777,27576
76838,27595
76899,27614
76960,27633
77021,27652
77082,27671
77143,27690
77204,27709
77265,27728
77326,27747
77387,27766
77448,27785
77509,27804
77570,27823
77632,27842
77694,27861
77756,27880
77818,27899
77880,27918
77942,27937
78004,27956
78066,27975
78128,27994
78190,28014
78252,28034
78314,28054
78376,28074
78438,28094
78500,28114
78562,28134
78624,28154
78686,28174
78748,28194
78810,28214
78872,28234
78934,28254
78996,28274
79058,28294
79120,28314
79182,28334
79245,28354
79308,28374
79371,28394
79434,28414
79497,28434
79560,28454
79623,28474
79686,28495
79749,28516
79812,28537
79875,28558
79938,28579
80001,28600
80064,28621
80127,28642
80190,28663
80253,28684
80316,28705
80379,28726
80442,28747
80505,28768
80568,28789
80631,28810
80694,28831
80757,28852
80820,28873
80883,28894
80946,28915
81010,28936
81074,28957
81138,28978
81202,29000
81266,29022
81330,29044
81394,29066
81458,29088
81522,29110
81586,29132
81650,29154
81714,29176
81778,29198
81842,29220
81906,29242
81970,29264
82034,29286
82098,29308
82162,29330
82226,29352
82290,29374
82354,29396
82418,29418
82482,29440
82546,29462
82610,29485
82674,29508
82739,29531
82804,29554
82869,29577
82934,29600
82999,29623
83064,29646
83129,29669
83194,29692
83259,29715
83324,29738
83389,29761
83454,29784
83519,29807
83584,29830
83649,29853
83714,29876
83779,29899
83844,29922
83909,29945
83974,29969
84039,29993
84104,30017
84169,30041
84234,30065
84299,30089
84364,30113
84429,30137
84494,30161
84560,30185
84626,30209
84692,30233
84758,30257
84824,30281
84890,30305
84956,30329
85022,30353
85088,30377
85154,30401
85220,30425
85286,30450
85352,30475
85418,30500
85484,30525
85550,30550
85616,30575
85682,30600
85748,30625
85814,30650
85880,30675
85946,30700
86012,30725
86078,30750
86144,30775
86210,30800
86276,30825
86342,30850
86408,30875
86475,30900
86542,30926
86609,30952
86676,30978
86743,31004
86810,31030
86877,31056
86944,31082
87011,31108
87078,31134
87145,31160
87212,31186
87279,31212
87346,31238
87413,31264
87480,31290
87547,31316
87614,31342
87681,31368
87748,31394
87815,31421
87882,31448
87949,31475
88016,31502
88083,31529
88150,31556
88217,31583
88284,31610
88351,31637
88418,31664
88486,31691
88554,31718
88622,31745
88690,31772
88758,31799
88826,31826
88894,31853
88962,31880
89030,31908
89098,31936
89166,31964
89234,31992
89302,32020
89370,32048
89438,32076
89506,32104
89574,32132
89642,32160
89710,32188
89778,32216
89846,32244
89914,32272
89982,32300
90050,32328
90118,32356
90186,32385
90254,32414
90322,32443
90390,32472
90458,32501
90527,32530
90596,32559
90665,32588
90734,32617
90803,32646
90872,32675
90941,32704
91010,32733
91079,32762
91148,32791
91217,32820
91286,32849
91355,32879
91424,32909
91493,32939
91562,32969
91631,32999
91700,33029
91769,33059
91838,33089
91907,33119
91976,33149
92045,33179
92114,33209
92183,33239
92252,33269
92321,33299
92390,33329
92459,33360
92528,33391
92597,33422
92666,33453
92736,33484
92806,33515
92876,33546
92946,33577
93016,33608
93086,33639
93156,33670
93226,33701
93296,33732
93366,33763
93436,33794
93506,33826
93576,33858
93646,33890
93716,33922
93786,33954
93856,33986
93926,34018
93996,34050
94066,34082
94136,34114
94206,34146
94276,34178
94346,34210
94416,34242
94486,34274
94556,34307
94626,34340
94696,34373
94766,34406
94836,34439
94906,34472
94976,34505
95046,34538
95116,34571
95187,34604
95258,34637
95329,34670
95400,34703
95471,34736
95542,34769
95613,34803
95684,34837
95755,34871
95826,34905
95897,34939
95968,34973
96039,35007
96110,35041
96181,35075
96252,35109
96323,35143
96394,35177
96465,35211
96536,35245
96607,35280
96678,35315
96749,35350
96820,35385
96891,35420
96962,35455
97033,35490
97104,35525
97175,35560
97246,35595
97317,35630
97388,35665
97459,35700
97530,35735
97601,35771
97672,35807
97743,35843
97815,35879
97887,35915
97959,35951
98031,35987
98103,36023
98175,36059
98247,36095
98319,36131
98391,36167
98463,36203
98535,36240
98607,36277
98679,36314
98751,36351
98823,36388
98895,36425
98967,36462
99039,36499
99111,36536
99183,36573
99255,36610
99327,36647
99399,36684
99471,36722
99543,36760
99615,36798
99687,36836
99759,36874
99831,36912
99903,36950
99975,36988
100047,37026
100119,37064
100191,37102
100263,37140
100335,37179
100407,37218
100479,37257
100551,37296
100623,37335
100695,37374
100767,37413
100840,37452
100913,37491
100986,37530
101059,37569
101132,37608
101205,37648
101278,37688
101351,37728
101424,37768
101497,37808
101570,37848
101643,37888
101716,37928
101789,37968
101862,38008
101935,38048
102008,38088
102081,38129
102154,38170
102227,38211
102300,38252
102373,38293
102446,38334
102519,38375
102592,38416
102665,38457
102738,38498
102811,38539
102884,38580
102957,38622
103030,38664
103103,38706
103176,38748
103249,38790
103322,38832
103395,38874
103468,38916
103541,38958
103614,39000
103687,39042
103760,39085
103833,39128
103906,39171
103979,39214
104052,39257
104125,39300
104198,39343
104271,39386
104344,39429
104417,39472
104490,39515
104564,39559
104638,39603
104712,39647
104786,39691
104860,39735
104934,39779
105008,39823
105082,39867
105156,39911
105230,39955
105304,39999
105378,40044
105452,40089
105526,40134
105600,40179
105674,40224
105748,40269
105822,40314
105896,40359
105970,40404
106044,40449
106118,40495
106192,40541
106266,40587
106340,40633
106414,40679
106488,40725
106562,40771
106636,40817
106710,40863
106784,40909
106858,40956
106932,41003
107006,41050
107080,41097
107154,41144
107228,41191
107302,41238
107376,41285
107450,41332
107524,41379
107598,41427
107672,41475
107746,41523
107820,41571
107894,41619
107968,41667
108042,41715
108116,41763
108190,41811
108264,41859
108338,41908
108412,41957
108486,42006
108560,42055
108634,42104
108708,42153
108782,42202
108856,42251
108930,42300
109004,42350
109078,42400
109152,42450
109226,42500
109300,42550
109374,42600
109448,42650
109522,42700
109596,42750
109670,42800
109744,42851
109818,42902
109892,42953
109966,43004
110040,43055
110114,43106
110188,43157
110262,43208
110336,43259
110410,43311
110484,43363
110558,43415
110632,43467
110706,43519
110780,43571
110854,43623
110928,43675
111002,43727
111076,43780
111150,43833
111225,43886
111300,43939
111375,43992
111450,44045
111525,44098
111600,44151
111675,44204
111750,44258
111825,44312
111900,44366
111975,44420
112050,44474
112125,44528
112200,44582
112275,44636
112350,44691
112425,44746
112500,44801
112575,44856
112650,44911
112725,44966
112800,45021
112875,45076
112950,45131
113025,45187
113100,45243
113175,45299
113250,45355
113325,45411
113400,45467
113475,45523
113550,45579
113625,45636
113700,45693
113775,45750
113850,45807
113925,45864
114000,45921
114075,45978
114150,46035
114225,46093
114300,46151
114375,46209
114450,46267
114525,46325
114600,46383
114675,46441
114750,46499
114825,46558
114900,46617
114975,46676
115050,46735
115125,46794
115200,46853
115275,46912
115350,46971
115425,47031
115500,47091
115575,47151
115650,47211
115725,47271
115800,47331
115875,47391
115950,47452
116024,47513
116098,47574
116172,47635
116246,47696
116320,47757
116394,47818
116468,47879
116542,47941
116616,48003
116690,48065
116764,48127
116838,48189
116912,48251
116986,48313
117060,48376
117134,48439
117208,48502
117282,48565
117356,48628
117430,48691
117504,48754
117578,48817
117652,48881
117726,48945
117800,49009
117874,49073
117948,49137
118022,49201
118096,49265
118170,49330
118244,49395
118318,49460
118392,49525
118466,49590
118540,49655
118614,49720
118688,49786
118762,49852
118836,49918
118910,49984
118984,50050
119058,50116
119132,50182
119206,50249
119280,50316
119354,50383
119428,50450
119502,50517
119576,50584
119650,50651
119724,50719
119798,50787
119872,50855
119946,50923
120020,50991
120094,51059
120168,51128
120242,51197
120316,51266
120390,51335
120464,51404
120538,51473
120612,51542
120686,51612
120760,51682
120834,51752
120908,51822
120982,51892
121056,51962
121130,52032
121204,52103
121278,52174
121352,52245
121425,52316
121498,52387
121571,52458
121644,52530
121717,52602
121790,52674
121863,52746
121936,52818
122009,52890
122082,52963
122155,53036
122228,53109
122301,53182
122374,53255
122447,53328
122520,53401
122593,53475
122666,53549
122739,53623
122812,53697
122885,53771
122958,53845
123031,53920
123104,53995
123177,54070
123250,54145
123323,54220
123396,54295
123469,54371
123542,54447
123615,54523
123688,54599
123761,54675
123834,54751
123907,54828
123980,54905
124053,54982
124126,55059
124198,55136
124270,55213
124342,55291
124414,55369
124486,55447
124558,55525
124630,55603
124702,55681
124774,55760
124846,55839
124918,55918
124990,55997
125062,56076
125134,56156
125206,56236
125278,56316
125350,56396
125422,56476
125494,56556
125566,56637
125638,56718
125710,56799
125782,56880
125854,56961
125926,57042
125998,57124
126070,57206
126142,57288
126214,57370
126285,57452
126356,57535
126427,57618
126498,57701
126569,57784
126640,57867
126711,57950
126782,58034
126853,58118
126924,58202
126995,58286
127066,58370
127137,58455
127208,58540
127279,58625
127350,58710
127421,58795
127492,58881
127563,58967
127634,59053
127705,59139
127776,59225
127847,59311
127917,59398
127987,59485
128057,59572
128127,59659
128197,59746
128267,59834
128337,59922
128407,60010
128477,60098
128547,60186
128617,60275
128687,60364
128757,60453
128827,60542
128897,60631
128967,60721
129037,60811
129107,60901
129177,60991
129247,61081
129317,61172
129386,61263
129455,61354
129524,61445
129593,61536
129662,61628
129731,61720
129800,61812
129869,61904
129938,61996
130007,62089
130076,62182
130145,62275
130214,62368
130283,62461
130352,62555
130421,62649
130490,62743
130559,62837
130627,62931
130695,63026
130763,63121
130831,63216
130899,63311
130967,63406
131035,63502
131103,63598
131171,63694
131239,63790
131307,63887
131375,63984
131443,64081
131511,64178
131579,64275
131647,64373
131714,64471
131781,64569
131848,64667
131915,64765
131982,64864
132049,64963
132116,65062
132183,65161
132250,65261
132317,65361
132384,65461
132451,65561
132518,65661
132585,65762
132652,65863
132718,65964
132784,66065
132850,66167
132916,66269
132982,66371
133048,66473
133114,66575
133180,66678
133246,66781
133312,66884
133378,66987
133444,67091
133510,67195
133576,67299
133641,67403
133706,67507
133771,67612
133836,67717
133901,67822
133966,67927
134031,68033
134096,68139
134161,68245
134226,68351
134291,68458
134356,68565
134421,68672
134485,68779
134549,68887
134613,68995
134677,69103
134741,69211
134805,69319
134869,69428
134933,69537
134997,69646
135061,69755
135125,69865
135189,69975
135252,70085
135315,70195
135378,70306
135441,70417
135504,70528
135567,70639
135630,70751
135693,70863
135756,70975
135819,71087
135882,71200
135945,71313
136007,71426
136069,71539
136131,71653
136193,71767
136255,71881
136317,71995
136379,72110
136441,72225
136503,72340
136565,72455
136627,72571
136688,72687
136749,72803
136810,72919
136871,73036
136932,73153
136993,73270
137054,73387
137115,73505
137176,73623
137237,73741
137297,73859
137357,73978
137417,74097
137477,74216
137537,74335
137597,74455
137657,74575
137717,74695
137777,74815
137837,74936
137896,75057
137955,75178
138014,75300
138073,75422
138132,75544
138191,75666
138250,75789
138309,75912
138368,76035
138427,76158
138485,76282
138543,76406
138601,76530
138659,76654
138717,76779
138775,76904
138833,77029
138891,77155
138949,77281
139006,77407
139063,77533
139120,77660
139177,77787
139234,77914
139291,78041
139348,78169
139405,78297
139462,78425
139518,78554
139574,78683
139630,78812
139686,78941
139742,79071
139798,79201
139854,79331
139910,79462
139965,79593
140020,79724
140075,79855
140130,79987
140185,80119
140240,80251
140295,80384
140350,80517
140405,80650
140459,80783
140513,80917
140567,81051
140621,81185
140675,81320
140729,81455
140783,81590
140837,81725
140890,81861
140943,81997
140996,82133
141049,82270
141102,82407
141155,82544
141208,82681
141261,82819
141313,82957
141365,83095
141417,83234
141469,83373
141521,83512
141573,83652
141625,83792
141676,83932
141727,84072
141778,84213
141829,84354
141880,84495
141931,84637
141982,84779
142033,84921
142083,85064
142133,85207
142183,85350
142233,85494
142283,85638
142333,85782
142383,85926
142432,86071
142481,86216
142530,86361
142579,86507
142628,86653
142677,86799
142726,86946
142774,87093
142822,87240
142870,87388
142918,87536
142966,87684
143014,87832
143062,87981
143109,88130
143156,88279
143203,88429
143250,88579
143297,88729
143344,88880
143390,89031
143436,89182
143482,89334
143528,89486
143574,89638
143620,89791
143666,89944
143711,90097
143756,90251
143801,90405
143846,90559
143891,90714
143936,90869
143980,91024
144024,91180
144068,91336
144112,91492
144156,91649
144200,91806
144244,91963
144287,92121
144330,92279
144373,92437
144416,92596
144459,92755
144502,92914
144544,93074
144586,93234
144628,93394
144670,93555
144712,93716
144754,93877
144795,94039
144836,94201
144877,94363
144918,94526
144959,94689
145000,94852
145040,95016
145080,95180
145120,95344
145160,95509
145200,95674
145239,95839
145278,96005
145317,96171
145356,96337
145395,96504
145434,96671
145472,96838
145510,97006
145548,97174
145586,97342
145624,97511
145662,97680
145699,97849
145736,98019
145773,98189
145810,98360
145847,98531
145883,98702
145919,98874
145955,99046
145991,99218
146027,99391
146063,99564
146098,99737
146133,99911
146168,100085
146203,100259
146238,100434
146272,100609
146306,100784
146340,100960
146374,101136
146408,101313
146441,101490
146474,101667
146507,101845
146540,102023
146573,102201
146606,102380
146638,102559
146670,102738
146702,102918
146734,103098
146766,103279
146797,103460
146828,103641
146859,103823
146890,104005
146921,104187
146951,104370
146981,104553
147011,104736
147041,104920
147071,105104
147100,105289
147129,105474
147158,105659
147187,105845
147216,106031
147244,106217
147272,106404
147300,106591
147328,106779
147355,106967
147382,107155
147409,107344
147436,107533
147463,107722
147489,107912
147515,108102
147541,108293
147567,108484
147593,108675
147618,108867
147643,109059
147668,109252
147693,109445
147718,109638
147742,109832
147766,110026
147790,110220
147814,110415
147837,110610
147860,110806
147883,111002
147906,111198
147929,111395
147951,111592
147973,111790
147995,111988
148017,112186
148038,112385
148059,112584
148080,112783
148101,112983
148122,113183
148142,113384
148162,113585
148182,113786
148202,113988
148221,114190
148240,114393
148259,114596
148278,114799
148297,115003
148315,115207
148333,115412
148351,115617
148369,115822
148386,116028
148403,116234
148420,116441
148437,116648
148453,116855
148469,117063
148485,117271
148501,117480
148517,117689
148532,117898
148547,118108
148562,118318
148577,118529
148591,118740
148605,118951
148619,119163
148633,119375
148646,119588
148659,119801
148672,120014
148685,120228
148697,120442
148709,120657
148721,120872
148733,121087
148744,121303
148755,121519
148766,121736
148777,121953
148787,122170
148797,122388
148807,122606
148817,122825
148826,123044
148835,123263
148844,123483
148853,123703
148861,123924
148869,124145
148877,124366
148885,124588
148892,124810
148899,125033
148906,125256
148913,125480
148919,125704
148925,125928
148931,126153
148937,126378
148942,126604
148947,126830
148952,127056
148957,127283
148961,127510
148965,127738
148969,127966
148973,128195
148976,128424
148979,128653
148982,128883
148985,129113
148987,129344
148989,129575
148991,129806
148992,130038
148993,130270
148994,130503
148995,130736
148995,130969
148995,131203
148995,131437
148995,131672
148994,131907
148993,132143
148992,132379
148991,132615
148989,132852
148987,133089
148985,133327
148982,133565
148979,133804
148976,134043
148973,134282
148969,134522
148965,134762
148961,135003
148957,135244
148952,135485
148947,135727
148942,135969
148936,136212
148930,136455
148924,136699
148918,136943
148911,137187
148904,137432
148897,137677
148889,137923
148881,138169
148873,138416
148865,138663
148856,138910
148847,139158
148838,139406
148828,139655
148818,139904
148808,140153
148798,140403
148787,140653
148776,140904
148765,141155
148753,141407
148741,141659
148729,141911
148717,142164
148704,142417
148691,142671
148678,142925
148664,143180
148650,143435
148636,143690
148622,143946
148607,144202
148592,144459
148577,144716
148561,144974
148545,145232
148529,145490
148513,145749
148496,146008
148479,146268
148462,146528
148444,146789
148426,147050
148408,147311
148389,147573
148370,147835
148351,148098
148332,148361
148312,148624
148292,148888
148272,149152
148251,149417
148230,149682
148209,149948
148188,150214
148166,150480
148144,150747
148122,151014
148099,151282
148076,151550
148053,151819
148029,152088
148005,152357
147981,152627
147956,152897
147931,153168
147906,153439
147881,153710
147855,153982
147829,154254
147803,154527
147776,154800
147749,155074
147722,155348
147694,155622
147666,155897
147638,156172
147610,156448
147581,156724
147552,157001
147523,157278
147493,157555
147463,157833
147433,158111
147402,158390
147371,158669
147340,158948
147308,159228
147276,159508
147244,159789
147212,160070
147179,160352
147146,160634
147113,160916
147079,161199
147045,161482
147011,161766
146976,162050
146941,162334
146906,162619
146870,162904
146834,163190
146798,163476
146761,163762
146724,164049
146687,164336
146650,164624
146612,164912
146574,165201
146536,165490
146497,165779
146458,166069
146419,166359
146379,166650
146339,166941
146299,167232
146258,167524
146217,167816
146176,168109
146134,168402
146092,168695
146050,168989
146007,169283
145964,169578
145921,169873
145877,170168
145833,170464
145789,170760
145745,171057
145700,171354
145655,171651
145610,171949
145564,172247
145518,172546
145472,172845
145425,173144
145378,173444
145331,173744
145283,174045
145235,174346
145187,174647
145138,174949
145089,175251
145040,175553
144990,175856
144940,176159
144890,176463
144839,176767
144788,177071
144737,177376
144686,177681
144634,177987
144582,178293
144530,178599
144477,178906
144424,179213
144371,179520
144317,179828
144263,180136
144209,180445
144154,180754
144099,181063
144044,181373
143988,181683
143932,181994
143876,182305
143819,182616
143762,182928
143705,183240
143647,183552
143589,183865
143531,184178
143472,184491
143413,184805
143354,185119
143294,185434
143234,185749
143174,186064
143114,186380
143053,186696
142992,187012
142931,187329
142869,187646
142807,187963
142745,188281
142682,188599
142619,188918
142556,189237
142492,189556
142428,189876
142364,190196
142299,190516
142234,190837
142169,191158
142103,191479
142037,191801
141971,192123
141904,192445
141837,192768
141770,193091
141702,193414
141634,193738
141566,194062
141497,194386
141428,194711
141359,195036
141290,195361
141220,195687
141150,196013
141080,196339
141009,196666
140938,196993
140867,197320
140795,197648
140723,197976
140651,198304
140578,198633
140505,198962
140432,199291
140358,199621
140284,199951
140210,200281
140135,200612
140060,200943
139985,201274
139909,201606
139833,201938
139757,202270
139681,202603
139604,202936
139527,203269
139450,203602
139372,203936
139294,204270
139216,204604
139137,204939
139058,205274
138979,205609
138899,205945
138819,206281
138739,206617
138658,206953
138577,207290
138496,207627
138415,207964
138333,208302
138251,208640
138169,208978
138086,209316
138003,209655
137920,209994
137836,210333
137752,210673
137668,211013
137583,211353
137498,211693
137413,212034
137328,212375
137242,212716
137156,213058
137070,213400
136983,213742
136896,214084
136809,214427
136721,214770
136633,215113
136545,215456
136456,215800
136367,216144
136278,216488
136189,216832
136099,217177
136009,217522
135919,217867
135828,218212
135737,218558
135646,218904
135554,219250
135462,219596
135370,219943
135278,220290
135185,220637
135092,220984
134999,221331
134905,221679
134811,222027
134717,222375
134622,222723
134527,223072
134432,223421
134337,223770
134241,224119
134145,224468
134049,224818
133952,225168
133855,225518
133758,225868
133661,226219
133563,226570
133465,226921
133367,227272
133268,227623
133169,227975
133070,228327
132971,228679
132871,229031
132771,229383
132671,229735
132570,230088
132469,230441
132368,230794
132267,231147
132165,231500
132063,231854
131961,232208
131858,232562
131755,232916
131652,233270
131549,233624
131445,233979
131341,234334
131237,234689
131133,235044
131028,235399
130923,235754
130818,236110
130712,236466
130606,236822
130500,237178
130394,237534
130287,237890
130180,238246
130073,238603
129966,238960
129858,239317
129750,239674
129642,240031
129533,240388
129424,240745
129315,241103
129206,241461
129096,241819
128986,242177
128876,242535
128766,242893
128655,243251
128544,243609
128433,243968
128322,244327
128210,244686
128098,245045
127986,245404
127874,245763
127761,246122
127648,246481
127535,246840
127422,247199
127308,247559
127194,247919
127080,248279
126966,248639
126851,248999
126736,249359
126621,249719
126506,250079
126390,250439
126274,250799
126158,251159
126042,251519
125925,251880
125808,252241
125691,252602
125574,252963
125456,253324
125338,253685
125220,254046
125102,254407
124983,254768
124864,255129
124745,255490
124626,255851
124507,256212
124387,256573
124267,256934
124147,257295
124027,257656
123906,258017
123785,258378
123664,258739
123543,259100
123421,259461
123299,259822
123177,260183
123055,260544
122933,260905
122810,261266
122687,261628
122564,261990
122441,262352
122317,262714
122193,263076
122069,263438
121945,263800
121821,264162
121696,264523
121571,264884
121446,265245
121321,265606
121196,265967
121070,266328
120944,266689
120818,267050
120692,267411
120566,267772
120439,268133
120312,268494
120185,268855
120058,269216
119931,269577
119803,269938
119675,270299
119547,270660
119419,271021
119291,271382
119162,271743
119033,272104
118904,272465
118775,272826
118646,273187
118516,273548
118386,273908
118256,274268
118126,274628
117996,274988
117866,275348
117735,275708
117604,276068
117473,276428
117342,276788
117211,277148
117079,277508
116947,277868
116815,278227
116683,278586
116551,278945
116419,279304
116286,279663
116153,280022
116020,280381
115887,280740
115754,281099
115621,281457
115487,281815
115353,282173
115219,282531
115085,282889
114951,283247
114817,283605
114682,283963
114547,284320
114412,284677
114277,285034
114142,285391
114007,285748
113872,286105
113736,286462
113600,286818
113464,287174
113328,287530
113192,287886
113056,288242
112919,288598
112782,288953
112645,289308
112508,289663
112371,290018
112234,290373
112097,290728
111959,291082
111821,291436
111683,291790
111545,292144
111407,292498
111269,292851
111131,293204
110993,293557
110854,293910
110715,294263
110576,294615
110437,294967
110298,295319
110159,295671
110020,296023
109881,296374
109741,296725
109601,297076
109461,297427
109321,297778
109181,298128
109041,298478
108901,298828
108761,299178
108621,299527
108480,299876
108339,300225
108198,300574
108057,300922
107916,301270
107775,301618
107634,301966
107493,302313
107352,302660
107210,303007
107068,303354
106926,303700
106784,304046
106642,304392
106500,304738
106358,305083
106216,305428
106074,305773
105932,306117
105790,306461
105647,306805
105504,307149
105361,307492
105218,307835
105075,308178
104932,308520
104789,308862
104646,309204
104503,309546
104360,309887
104217,310228
104074,310569
103930,310909
103786,311249
103642,311589
103498,311928
103354,312267
103210,312606
103066,312944
102922,313282
102778,313620
102634,313957
102490,314294
102346,314631
102202,314967
102058,315303
101914,315639
101769,315974
101624,316309
101479,316644
101334,316978
101189,317312
101044,317646
100899,317979
100754,318312
100609,318645
100464,318977
100319,319309
100174,319640
100029,319971
99884,320302
99739,320632
99594,320962
99449,321292
99304,321621
99159,321950
99014,322278
98869,322606
98724,322934
98578,323261
98432,323588
98286,323915
98140,324241
97994,324567
97848,324892
97702,325217
97556,325542
97410,325866
97264,326190
97118,326513
96972,326836
96826,327158
96680,327480
96534,327802
96388,328123
96242,328444
96096,328764
95950,329084
95804,329404
95658,329723
95512,330042
95366,330360
95220,330678
95074,330995
94928,331312
94782,331628
94636,331944
94490,332260
94344,332575
94198,332890
94052,333204
93906,333518
93760,333831
93614,334144
93468,334456
93322,334768
93176,335080
93030,335391
92884,335702
92738,336012
92592,336322
92446,336631
92300,336940
92154,337248
92008,337556
91862,337863
91716,338170
91570,338476
91424,338782
91278,339087
91132,339392
90986,339696
90840,340000
90694,340303
90548,340606
90402,340908
90256,341210
90110,341511
89964,341812
89818,342112
89672,342412
89526,342711
89380,343010
89234,343308
89088,343606
88943,343903
88798,344200
88653,344496
88508,344792
88363,345087
88218,345382
88073,345676
87928,345970
87783,346263
87638,346556
87493,346848
87348,347140
87203,347431
87058,347722
86913,348012
86768,348302
86623,348591
86478,348879
86333,349167
86188,349454
86043,349741
85898,350027
85753,350313
85609,350598
85465,350883
85321,351167
85177,351451
85033,351734
84889,352016
84745,352298
84601,352579
84457,352860
84313,353140
84169,353420
84025,353699
83881,353978
83737,354256
83593,354533
83449,354810
83306,355086
83163,355362
83020,355637
82877,355912
82734,356186
82591,356459
82448,356732
82305,357004
82162,357276
82019,357547
81876,357818
81733,358088
81590,358357
81448,358626
81306,358894
81164,359162
81022,359429
80880,359696
80738,359962
80596,360227
80454,360492
80312,360756
80170,361020
80028,361283
79886,361545
79745,361807
79604,362068
79463,362329
79322,362589
79181,362848
79040,363107
78899,363365
78758,363623
78617,363880
78476,364136
78335,364392
78195,364647
78055,364902
77915,365156
77775,365409
77635,365662
77495,365914
77355,366165
77215,366416
77075,366666
76935,366916
76796,367165
76657,367413
76518,367661
76379,367908
76240,368155
76101,368401
75962,368646
75823,368891
75684,369135
75546,369378
75408,369621
75270,369863
75132,370105
74994,370346
74856,370586
74718,370826
74580,371065
74442,371303
74305,371541
74168,371778
74031,372015
73894,372251
73757,372486
73620,372721
73483,372955
73346,373188
73210,373421
73074,373653
72938,373884
72802,374115
72666,374345
72530,374575
72394,374804
72258,375032
72123,375260
71988,375487
71853,375713
71718,375939
71583,376164
71448,376388
71313,376612
71178,376835
71044,377057
70910,377279
70776,377500
70642,377720
70508,377940
70374,378159
70240,378378
70107,378596
69974,378813
69841,379030
69708,379246
69575,379461
69442,379676
69309,379890
69176,380103
69044,380316
68912,380528
68780,380739
68648,380950
68516,381160
68384,381369
68252,381578
68121,381786
67990,381993
67859,382200
67728,382406
67597,382611
67466,382816
67336,383020
67206,383223
67076,383426
66946,383628
66816,383829
66686,384030
66556,384230
66427,384429
66298,384628
66169,384826
66040,385024
65911,385221
65782,385417
65653,385613
65525,385808
65397,386002
65269,386196
65141,386389
65013,386581
64885,386773
64758,386964
64631,387154
64504,387344
64377,387533
64250,387721
64123,387909
63996,388096
63870,388282
63744,388468
63618,388653
63492,388837
63366,389021
63240,389204
63115,389386
62990,389568
62865,389749
62740,389929
62615,390109
62490,390288
62366,390466
62242,390644
62118,390821
61994,390997
61870,391173
61746,391348
61623,391522
61500,391696
61377,391869
61254,392041
61131,392213
61008,392384
60886,392554
60764,392724
60642,392893
60520,393061
60398,393229
60276,393396
60155,393562
60034,393728
59913,393893
59792,394057
59671,394221
59550,394384
59430,394546
59310,394708
59190,394869
59070,395029
58950,395189
58830,395348
58711,395506
58592,395664
58473,395821
58354,395977
58235,396133
58116,396288
57998,396442
57880,396596
57762,396749
57644,396901
57526,397053
57408,397204
57291,397354
57174,397504
57057,397653
56940,397801
56823,397949
56706,398096
56590,398242
56474,398388
56358,398533
56242,398677
56126,398821
56011,398964
55896,399106
55781,399248
55666,399389
55551,399530
55436,399670
55322,399809
55208,399948
55094,400086
54980,400223
54866,400360
54752,400496
54639,400631
54526,400766
54413,400900
54300,401033
54187,401166
54075,401298
53963,401429
53851,401560
53739,401690
53627,401819
53515,401948
53404,402076
53293,402204
53182,402331
53071,402457
52960,402583
52850,402708
52740,402832
52630,402956
52520,403079
52410,403201
52300,403323
52191,403444
52082,403564
51973,403684
51864,403803
51755,403921
51647,404039
51539,404156
51431,404273
51323,404389
51215,404504
51107,404619
51000,404733
50893,404846
50786,404959
50679,405071
50572,405182
50465,405293
50359,405403
50253,405513
50147,405622
50041,405730
49935,405838
49830,405945
49725,406051
49620,406157
49515,406262
49410,406367
49305,406471
49201,406574
49097,406677
48993,406779
48889,406880
48785,406981
48682,407081
48579,407181
48476,407280
48373,407378
48270,407476
48167,407573
48065,407669
47963,407765
47861,407860
47759,407955
47657,408049
47556,408142
47455,408235
47354,408327
47253,408419
47152,408510
47051,408600
46951,408690
46851,408779
46751,408867
46651,408955
46551,409042
46452,409129
46353,409215
46254,409300
46155,409385
46056,409469
45957,409553
45859,409636
45761,409718
45663,409800
45565,409881
45467,409962
45370,410042
45273,410121
45176,410200
45079,410278
44982,410356
44885,410433
44789,410509
44693,410585
44597,410660
44501,410735
44405,410809
44310,410882
44215,410955
44120,411027
44025,411099
43930,411170
43835,411241
43741,411311
43647,411380
43553,411449
43459,411517
43365,411585
43272,411652
43179,411718
43086,411784
42993,411849
42900,411914
42807,411978
42715,412042
42623,412105
42531,412167
42439,412229
42347,412290
42255,412351
42164,412411
42073,412471
41982,412530
41891,412588
41800,412646
41710,412703
41620,412760
41530,412816
41440,412872
41350,412927
41260,412981
41171,413035
41082,413088
40993,413141
40904,413193
40815,413245
40727,413296
40639,413347
40551,413397
40463,413446
40375,413495
40287,413543
40200,413591
40113,413638
40026,413685
39939,413731
39852,413777
39765,413822
39679,413866
39593,413910
39507,413953
39421,413996
39335,414038
39249,414080
39164,414121
39079,414162
38994,414202
38909,414242
38824,414281
38740,414320
38656,414358
38572,414395
38488,414432
38404,414468
38320,414504
38237,414539
38154,414574
38071,414608
37988,414642
37905,414675
37822,414708
37740,414740
37658,414772
37576,414803
37494,414834
37412,414864
37330,414894
37249,414923
37168,414952
37087,414980
37006,415008
36925,415035
36844,415062
36764,415088
36684,415113
36604,415138
36524,415162
36444,415186
36364,415209
36285,415232
36206,415254
36127,415276
36048,415297
35969,415318
35890,415338
35812,415358
35734,415377
35656,415396
35578,415414
35500,415432
35422,415449
35345,415466
35268,415482
35191,415498
35114,415513
35037,415528
34960,415542
34884,415556
34808,415570
34732,415583
34656,415596
34580,415608
34504,415620
34429,415631
34354,415642
34279,415652
34204,415662
34129,415671
34054,415680
33980,415688
33906,415696
33832,415703
33758,415710
33684,415716
33610,415722
33536,415727
33463,415732
33390,415736
33317,415740
33244,415744
33171,415747
33098,415750
33026,415752
32954,415754
32882,415755
32810,415756
32738,415756
32666,415756
32595,415755
32524,415754
32453,415752
32382,415750
32311,415748
32240,415745
32169,415742
32099,415738
32029,415734
31959,415729
31889,415724
31819,415718
31749,415712
31680,415705
31611,415698
31542,415691
31473,415683
31404,415675
31335,415666
31266,415657
31198,415647
31130,415637
31062,415627
30994,415616
30926,415605
30858,415593
30791,415581
30724,415568
30657,415555
30590,415542
30523,415528
30456,415514
30389,415499
30323,415484
30257,415468
30191,415452
30125,415436
30059,415419
29993,415402
29927,415384
29862,415366
29797,415347
29732,415328
29667,415309
29602,415289
29537,415269
29473,415248
29409,415227
29345,415206
29281,415184
29217,415162
29153,415139
29089,415116
29026,415093
28963,415069
28900,415045
28837,415020
28774,414995
28711,414970
28648,414944
28586,414918
28524,414891
28462,414864
28400,414837
28338,414809
28276,414781
28214,414752
28153,414723
28092,414694
28031,414664
27970,414634
27909,414603
27848,414572
27787,414541
27726,414509
27666,414477
27606,414445
27546,414412
27486,414379
27426,414345
27366,414311
27306,414277
27247,414242
27188,414207
27129,414171
27070,414135
27011,414099
26952,414062
26893,414025
26835,413988
26777,413950
26719,413912
26661,413874
26603,413835
26545,413796
26487,413756
26429,413716
26372,413676
26315,413635
26258,413594
26201,413553
26144,413511
26087,413469
26030,413427
25974,413384
25918,413341
25862,413297
25806,413253
25750,413209
25694,413164
25638,413119
25582,413074
25527,413028
25472,412982
25417,412936
25362,412889
25307,412842
25252,412795
25197,412747
25142,412699
25088,412651
25034,412602
24980,412553
24926,412504
24872,412454
24818,412404
24764,412354
24710,412303
24657,412252
24604,412201
24551,412149
24498,412097
24445,412045
24392,411992
24339,411939
24286,411886
24234,411832
24182,411778
24130,411724
24078,411669
24026,411614
23974,411559
23922,411503
23870,411447
23819,411391
23768,411334
23717,411277
23666,411220
23615,411162
23564,411104
23513,411046
23462,410988
23412,410929
23362,410870
23312,410811
23262,410751
23212,410691
23162,410631
23112,410570
23062,410509
23012,410448
22963,410386
22914,410324
22865,410262
22816,410200
22767,410137
22718,410074
22669,410011
22620,409947
22572,409883
22524,409819
22476,409754
22428,409689
22380,409624
22332,409559
22284,409493
22236,409427
22188,409361
22141,409294
22094,409227
22047,409160
22000,409093
21953,409025
21906,408957
21859,408889
21812,408820
21765,408751
21719,408682
21673,408613
21627,408543
21581,408473
21535,408403
21489,408333
21443,408262
21397,408191
21351,408120
21306,408048
21261,407976
21216,407904
21171,407832
21126,407759
21081,407686
21036,407613
20991,407540
20946,407466
20902,407392
20858,407318
20814,407243
20770,407168
20726,407093
20682,407018
20638,406942
20594,406866
20550,406790
20506,406714
20463,406637
20420,406560
20377,406483
20334,406406
20291,406328
20248,406250
20205,406172
20162,406094
20119,406015
20076,405936
20034,405857
19992,405778
19950,405698
19908,405618
19866,405538
19824,405458
19782,405377
19740,405296
19698,405215
19657,405134
19616,405052
19575,404970
19534,404888
19493,404806
19452,404723
19411,404640
19370,404557
19329,404474
19288,404390
19247,404306
19207,404222
19167,404138
19127,404054
19087,403969
19047,403884
19007,403799
18967,403714
18927,403628
18887,403542
18847,403456
18808,403370
18769,403283
18730,403196
18691,403109
18652,403022
18613,402935
18574,402847
18535,402759
18496,402671
18457,402583
18418,402494
18380,402405
18342,402316
18304,402227
18266,402138
18228,402048
18190,401958
18152,401868
18114,401778
18076,401688
18038,401597
18001,401506
17964,401415
17927,401324
17890,401232
17853,401140
17816,401048
17779,400956
17742,400864
17705,400771
17668,400678
17631,400585
17594,400492
17558,400399
17522,400305
17486,400211
17450,400117
17414,400023
17378,399929
17342,399834
17306,399739
17270,399644
17234,399549
17198,399454
17163,399358
17128,399262
17093,399166
17058,399070
17023,398974
16988,398877
16953,398780
16918,398683
16883,398586
16848,398489
16813,398392
16778,398294
16744,398196
16710,398098
16676,398000
16642,397902
16608,397803
16574,397704
16540,397605
16506,397506
16472,397407
16438,397307
16404,397207
16370,397107
16337,397007
16304,396907
16271,396807
16238,396706
16205,396605
16172,396504
16139,396403
16106,396302
16073,396201
16040,396099
16007,395997
15974,395895
15941,395793
15909,395691
15877,395588
15845,395485
15813,395382
15781,395279
15749,395176
15717,395073
15685,394969
15653,394865
15621,394761
15589,394657
15557,394553
15526,394449
15495,394344
15464,394239
15433,394134
15402,394029
15371,393924
15340,393819
15309,393714
15278,393608
15247,393502
15216,393396
15185,393290
15154,393184
15123,393078
15093,392971
15063,392864
15033,392757
15003,392650
14973,392543
14943,392436
14913,392329
14883,392221
14853,392113
14823,392005
14793,391897
14763,391789
14733,391681
14703,391572
14674,391463
14645,391354
14616,391245
14587,391136
14558,391027
14529,390918
14500,390808
14471,390698
14442,390588
14413,390478
14384,390368
14355,390258
14326,390148
14297,390037
14269,389926
14241,389815
14213,389704
14185,389593
14157,389482
14129,389371
14101,389259
14073,389147
14045,389035
14017,388923
13989,388811
13961,388699
13933,388587
13905,388475
13877,388362
13850,388249
13823,388136
13796,388023
13769,387910
13742,387797
13715,387684
13688,387570
13661,387456
13634,387342
13607,387228
13580,387114
13553,387000
13526,386886
13499,386772
13472,386657
13446,386542
13420,386427
13394,386312
13368,386197
13342,386082
13316,385967
13290,385852
13264,385737
13238,385621
13212,385505
13186,385389
13160,385273
13134,385157
13108,385041
13082,384925
13056,384809
13031,384692
13006,384575
12981,384458
12956,384341
12931,384224
12906,384107
12881,383990
12856,383873
12831,383756
12806,383638
12781,383520
12756,383402
12731,383284
12706,383166
12681,383048
12656,382930
12632,382812
12608,382694
12584,382575
12560,382456
12536,382337
12512,382218
12488,382099
12464,381980
12440,381861
12416,381742
12392,381623
12368,381504
12344,381384
12320,381264
12296,381144
12272,381024
12248,380904
12224,380784
12201,380664
12178,380544
12155,380424
12132,380303
12109,380182
12086,380061
12063,379940
12040,379819
12017,379698
11994,379577
11971,379456
11948,379335
11925,379214
11902,379093
11879,378971
11856,378849
11833,378727
11810,378605
11788,378483
11766,378361
11744,378239
11722,378117
11700,377995
11678,377873
11656,377751
11634,377628
11612,377505
11590,377382
11568,377259
11546,377136
11524,377013
11502,376890
11480,376767
11458,376644
11436,376521
11414,376398
11392,376274
11371,376150
11350,376026
11329,375902
11308,375778
11287,375654
11266,375530
11245,375406
11224,375282
11203,375158
11182,375034
11161,374910
11140,374786
11119,374661
11098,374536
11077,374411
11056,374286
11035,374161
11014,374036
10993,373911
10972,373786
10952,373661
10932,373536
10912,373411
10892,373286
10872,373161
10852,373035
10832,372909
10812,372783
10792,372657
10772,372531
10752,372405
10732,372279
10712,372153
10692,372027
10672,371901
10652,371775
10632,371649
10612,371523
10592,371397
10572,371270
10552,371143
10533,371016
10514,370889
10495,370762
10476,370635
10457,370508
10438,370381
10419,370254
10400,370127
10381,370000
10362,369873
10343,369746
10324,369619
10305,369492
10286,369364
10267,369236
10248,369108
10229,368980
10210,368852
10191,368724
10172,368596
10153,368468
10134,368340
10116,368212
10098,368084
10080,367956
10062,367828
10044,367700
10026,367572
10008,367444
9990,367315
9972,367186
9954,367057
9936,366928
9918,366799
9900,366670
9882,366541
9864,366412
9846,366283
9828,366154
9810,366025
9792,365896
9774,365767
9756,365638
9738,365509
9720,365380
9703,365251
9686,365122
9669,364992
9652,364862
9635,364732
9618,364602
9601,364472
9584,364342
9567,364212
9550,364082
9533,363952
9516,363822
9499,363692
9482,363562
9465,363432
9448,363302
9431,363172
9414,363042
9397,362912
9380,362782
9363,362652
9346,362522
9329,362392
9312,362261
9295,362130
9278,361999
9262,361868
9246,361737
9230,361606
9214,361475
9198,361344
9182,361213
9166,361082
9150,360951
9134,360820
9118,360689
9102,360558
9086,360427
9070,360296
9054,360165
9038,360034
9022,359903
9006,359772
8990,359641
8974,359510
8958,359379
8942,359248
8926,359116
8910,358984
8894,358852
8878,358720
8862,358588
8847,358456
8832,358324
8817,358192
8802,358060
8787,357928
8772,357796
8757,357664
8742,357532
8727,357400
8712,357268
8697,357136
8682,357004
8667,356872
8652,356740
8637,356608
8622,356476
8607,356344
8592,356212
8577,356080
8562,355948
8547,355816
8532,355684
8517,355552
8502,355419
8487,355286
8472,355153
8457,355020
8442,354887
8427,354754
8413,354621
8399,354488
8385,354355
8371,354222
8357,354089
8343,353956
8329,353823
8315,353690
8301,353557
8287,353424
8273,353291
8259,353158
8245,353025
8231,352892
8217,352759
8203,352626
8189,352493
8175,352360
8161,352227
8147,352094
8133,351961
8119,351828
8105,351695
8091,351562
8077,351429
8063,351296
8049,351163
8035,351030
8021,350897
8007,350764
7993,350631
7980,350498
7967,350364
7954,350230
7941,350096
7928,349962
7915,349828
7902,349694
7889,349560
7876,349426
7863,349292
7850,349158
7837,349024
7824,348890
7811,348756
7798,348622
7785,348488
7772,348354
7759,348220
7746,348086
7733,347952
7720,347818
7707,347684
7694,347550
7681,347416
7668,347282
7655,347148
7642,347014
7629,346880
7616,346746
7603,346612
7590,346478
7577,346344
7564,346210
7551,346076
7539,345942
7527,345808
7515,345674
7503,345540
7491,345406
7479,345272
7467,345138
7455,345004
7443,344870
7431,344736
7419,344602
7407,344468
7395,344334
7383,344200
7371,344066
7359,343932
7347,343798
7335,343664
7323,343530
7311,343396
7299,343262
7287,343128
7275,342994
7263,342860
7251,342726
7239,342592
7227,342458
7215,342324
7203,342190
7191,342056
7179,341922
7167,341788
7155,341654
7143,341520
7131,341386
7119,341252
7108,341117
7097,340982
7086,340847
7075,340712
7064,340577
7053,340442
7042,340307
7031,340172
7020,340037
7009,339902
6998,339767
6987,339632
6976,339497
6965,339362
6954,339227
6943,339092
6932,338957
6921,338822
6910,338687
6899,338552
6888,338417
6877,338282
6866,338147
6855,338012
6844,337877
6833,337742
6822,337607
6811,337472
6800,337337
6789,337202
6778,337067
6767,336932
6756,336797
6745,336662
6734,336527
6723,336392
6712,336257
6701,336122
6690,335987
6679,335852
6668,335717
6658,335582
6648,335447
6638,335312
6628,335177
6618,335042
6608,334907
6598,334772
6588,334637
6578,334502
6568,334367
6558,334232
6548,334097
6538,333962
6528,333827
6518,333692
6508,333557
6498,333422
6488,333287
6478,333152
6468,333017
6458,332882
6448,332747
6438,332612
6428,332477
6418,332342
6408,332207
6398,332072
6388,331937
6378,331802
6368,331667
6358,331532
6348,331397
6338,331262
6328,331127
6318,330992
6308,330857
6298,330722
6288,330587
6278,330452
6268,330317
6258,330182
6248,330047
6238,329912
6228,329778
6218,329644
6209,329510
6200,329376
6191,329242
6182,329108
6173,328974
6164,328840
6155,328706
6146,328572
6137,328438
6128,328304
6119,328170
6110,328036
6101,327902
6092,327768
6083,327634
6074,327500
6065,327366
6056,327232
6047,327098
6038,326964
6029,326830
6020,326696
6011,326562
6002,326428
5993,326294
5984,326160
5975,326026
5966,325892
5957,325758
5948,325624
5939,325490
5930,325356
5921,325222
5912,325088
5903,324954
5894,324820
5885,324686
5876,324552
5867,324418
5858,324284
5849,324150
5840,324016
5831,323882
5822,323748
5813,323614
5804,323480
5795,323346
5786,323212
5777,323078
5768,322944
5759,322810
5751,322676
5743,322542
5735,322408
5727,322274
5719,322140
5711,322006
5703,321872
5695,321738
5687,321604
5679,321470
5671,321336
5663,321202
5655,321068
5647,320934
5639,320800
5631,320666
5623,320532
5615,320398
5607,320264
5599,320130
5591,319996
5583,319862
5575,319728
5567,319594
5559,319460
5551,319326
5543,319192
5535,319058
5527,318924
5519,318790
5511,318657
5503,318524
5495,318391
5487,318258
5479,318125
5471,317992
5463,317859
5455,317726
5447,317593
5439,317460
5431,317327
5423,317194
5415,317061
5407,316928
5399,316795
5391,316662
5383,316529
5375,316396
5367,316263
5359,316130
5351,315997
5343,315864
5335,315731
5327,315598
5319,315465
5311,315332
5303,315199
5295,315066
5288,314933
5281,314800
5274,314667
5267,314534
5260,314401
5253,314268
5246,314135
5239,314002
5232,313869
5225,313736
5218,313603
5211,313470
5204,313337
5197,313204
5190,313071
5183,312938
5176,312805
5169,312672
5162,312539
5155,312406
5148,312273
5141,312140
5134,312007
5127,311875
5120,311743
5113,311611
5106,311479
5099,311347
5092,311215
5085,311083
5078,310951
5071,310819
5064,310687
5057,310555
5050,310423
5043,310291
5036,310159
5029,310027
5022,309895
5015,309763
5008,309631
5001,309499
4994,309367
4987,309235
4980,309103
4973,308971
4966,308839
4959,308707
4952,308575
4945,308443
4938,308311
4931,308179
4924,308047
4917,307915
4910,307783
4903,307651
4896,307519
4889,307387
4882,307255
4875,307123
4868,306991
4861,306859
4854,306727
4847,306595
4840,306463
4833,306331
4826,306200
4820,306069
4814,305938
4808,305807
4802,305676
4796,305545
4790,305414
4784,305283
4778,305152
4772,305021
4766,304890
4760,304759
4754,304628
4748,304497
4742,304366
4736,304235
4730,304104
4724,303973
4718,303842
4712,303711
4706,303580
4700,303449
4694,303318
4688,303187
4682,303056
4676,302925
4670,302794
4664,302663
4658,302532
4652,302401
4646,302270
4640,302139
4634,302008
4628,301877
4622,301746
4616,301615
4610,301485
4604,301355
4598,301225
4592,301095
4586,300965
4580,300835
4574,300705
4568,300575
4562,300445
4556,300315
4550,300185
4544,300055
4538,299925
4532,299795
4526,299665
4520,299535
4514,299405
4508,299275
4502,299145
4496,299015
4490,298885
4484,298755
4478,298625
4472,298495
4466,298365
4460,298235
4454,298105
4448,297975
4442,297845
4436,297715
4430,297585
4424,297455
4418,297325
4412,297195
4406,297065
4400,296936
4394,296807
4388,296678
4382,296549
4376,296420
4370,296291
4364,296162
4358,296033
4352,295904
4346,295775
4341,295646
4336,295517
4331,295388
4326,295259
4321,295130
4316,295001
4311,294872
4306,294743
4301,294614
4296,294485
4291,294356
4286,294227
4281,294098
4276,293969
4271,293840
4266,293711
4261,293582
4256,293453
4251,293324
4246,293195
4241,293066
4236,292938
4231,292810
4226,292682
4221,292554
4216,292426
4211,292298
4206,292170
4201,292042
4196,291914
4191,291786
4186,291658
4181,291530
4176,291402
4171,291274
4166,291146
4161,291018
4156,290890
4151,290762
4146,290634
4141,290506
4136,290378
4131,290250
4126,290122
4121,289994
4116,289866
4111,289738
4106,289610
4101,289482
4096,289354
4091,289227
4086,289100
4081,288973
4076,288846
4071,288719
4066,288592
4061,288465
4056,288338
4051,288211
4046,288084
4041,287957
4036,287830
4031,287703
4026,287576
4021,287449
4016,287322
4011,287195
4006,287068
4001,286941
3996,286814
3991,286687
3986,286560
3981,286433
3976,286306
3971,286179
3966,286052
3961,285925
3956,285798
3951,285671
3946,285544
3941,285418
3936,285292
3931,285166
3926,285040
3921,284914
3916,284788
3911,284662
3906,284536
3901,284410
3896,284284
3891,284158
3886,284032
3881,283906
3876,283780
3871,283654
3866,283528
3861,283402
3856,283276
3851,283150
3847,283024
3843,282898
3839,282772
3835,282646
3831,282520
3827,282394
3823,282268
3819,282142
3815,282016
3811,281891
3807,281766
3803,281641
3799,281516
3795,281391
3791,281266
3787,281141
3783,281016
3779,280891
3775,280766
3771,280641
3767,280516
3763,280391
3759,280266
3755,280141
3751,280016
3747,279891
3743,279766
3739,279641
3735,279516
3731,279391
3727,279266
3723,279141
3719,279016
3715,278891
3711,278766
3707,278642
3703,278518
3699,278394
3695,278270
3691,278146
3687,278022
3683,277898
3679,277774
3675,277650
3671,277526
3667,277402
3663,277278
3659,277154
3655,277030
3651,276906
3647,276782
3643,276658
3639,276534
3635,276410
3631,276286
3627,276162
3623,276038
3619,275914
3615,275790
3611,275666
3607,275542
3603,275419
3599,275296
3595,275173
3591,275050
3587,274927
3583,274804
3579,274681
3575,274558
3571,274435
3567,274312
3563,274189
3559,274066
3555,273943
3551,273820
3547,273697
3543,273574
3539,273451
3535,273328
3531,273205
3527,273082
3523,272959
3519,272836
3515,272713
3511,272590
3507,272467
3503,272344
3499,272222
3495,272100
3491,271978
3487,271856
3483,271734
3479,271612
3475,271490
3471,271368
3467,271246
3463,271124
3459,271002
3455,270880
3451,270758
3447,270636
3443,270514
3439,270392
3435,270270
3431,270148
3427,270026
3423,269904
3419,269782
3415,269660
3411,269538
3407,269416
3403,269294
3399,269172
3395,269051
3391,268930
3387,268809
3383,268688
3379,268567
3375,268446
3371,268325
3367,268204
3363,268083
3359,267962
3355,267841
3351,267720
3347,267599
3343,267478
3339,267357
3336,267236
3333,267115
3330,266994
3327,266873
3324,266752
3321,266631
3318,266510
3315,266389
3312,266268
3309,266147
3306,266027
3303,265907
3300,265787
3297,265667
3294,265547
3291,265427
3288,265307
3285,265187
3282,265067
3279,264947
3276,264827
3273,264707
3270,264587
3267,264467
3264,264347
3261,264227
3258,264107
3255,263987
3252,263867
3249,263747
3246,263627
3243,263507
3240,263387
3237,263267
3234,263148
3231,263029
3228,262910
3225,262791
3222,262672
3219,262553
3216,262434
3213,262315
3210,262196
3207,262077
3204,261958
3201,261839
3198,261720
3195,261601
3192,261482
3189,261363
3186,261244
3183,261125
3180,261006
3177,260887
3174,260768
3171,260649
3168,260530
3165,260411
3162,260293
3159,260175
3156,260057
3153,259939
3150,259821
3147,259703
3144,259585
3141,259467
3138,259349
3135,259231
3132,259113
3129,258995
3126,258877
3123,258759
3120,258641
3117,258523
3114,258405
3111,258287
3108,258169
3105,258051
3102,257933
3099,257815
3096,257697
3093,257579
3090,257462
3087,257345
3084,257228
3081,257111
3078,256994
3075,256877
3072,256760
3069,256643
3066,256526
3063,256409
3060,256292
3057,256175
3054,256058
3051,255941
3048,255824
3045,255707
3042,255590
3039,255473
3036,255356
3033,255239
3030,255122
3027,255005
3024,254888
3021,254771
3018,254655
3015,254539
3012,254423
3009,254307
3006,254191
3003,254075
3000,253959
2997,253843
2994,253727
2991,253611
2988,253495
2985,253379
2982,253263
2979,253147
2976,253031
2973,252915
2970,252799
2967,252683
2964,252567
2961,252451
2958,252335
2955,252219
2952,252103
2949,251987
2946,251872
2943,251757
2940,251642
2937,251527
2934,251412
2931,251297
2928,251182
2925,251067
2922,250952
2919,250837
2916,250722
2913,250607
2910,250492
2907,250377
2904,250262
2901,250147
2898,250032
2895,249917
2892,249802
2889,249687
2886,249572
2883,249457
2880,249342
2877,249227
2874,249113
2871,248999
2868,248885
2865,248771
2862,248657
2859,248543
2856,248429
2853,248315
2850,248201
2847,248087
2844,247973
2841,247859
2838,247745
2835,247631
2832,247517
2829,247403
2826,247289
2823,247175
2820,247061
2817,246947
2814,246833
2811,246719
2809,246605
2807,246491
2805,246378
2803,246265
2801,246152
2799,246039
2797,245926
2795,245813
2793,245700
2791,245587
2789,245474
2787,245361
2785,245248
2783,245135
2781,245022
2779,244909
2777,244796
2775,244683
2773,244570
2771,244457
2769,244344
2767,244231
2765,244118
2763,244005
2761,243892
2759,243780
2757,243668
2755,243556
2753,243444
2751,243332
2749,243220
2747,243108
2745,242996
2743,242884
2741,242772
2739,242660
2737,242548
2735,242436
2733,242324
2731,242212
2729,242100
2727,241988
2725,241876
2723,241764
2721,241652
2719,241540
2717,241428
2715,241317
2713,241206
2711,241095
2709,240984
2707,240873
2705,240762
2703,240651
2701,240540
2699,240429
2697,240318
2695,240207
2693,240096
2691,239985
2689,239874
2687,239763
2685,239652
2683,239541
2681,239430
2679,239319
2677,239208
2675,239097
2673,238986
2671,238875
2669,238765
2667,238655
2665,238545
2663,238435
2661,238325
2659,238215
2657,238105
2655,237995
2653,237885
2651,237775
2649,237665
2647,237555
2645,237445
2643,237335
2641,237225
2639,237115
2637,237005
2635,236895
2633,236785
2631,236675
2629,236565
2627,236455
2625,236345
2623,236236
2621,236127
2619,236018
2617,235909
2615,235800
2613,235691
2611,235582
2609,235473
2607,235364
2605,235255
2603,235146
2601,235037
2599,234928
2597,234819
2595,234710
2593,234601
2591,234492
2589,234383
2587,234274
2585,234165
2583,234056
2581,233947
2579,233838
2577,233730
2575,233622
2573,233514
2571,233406
2569,233298
2567,233190
2565,233082
2563,232974
2561,232866
2559,232758
2557,232650
2555,232542
2553,232434
2551,232326
2549,232218
2547,232110
2545,232002
2543,231894
2541,231786
2539,231678
2537,231570
2535,231462
2533,231354
2531,231247
2529,231140
2527,231033
2525,230926
2523,230819
2521,230712
2519,230605
2517,230498
2515,230391
2513,230284
2511,230177
2509,230070
2507,229963
2505,229856
2503,229749
2501,229642
2499,229535
2497,229428
2495,229321
2493,229214
2491,229107
2489,229000
2487,228893
2485,228786
2483,228680
2481,228574
2479,228468
2477,228362
2475,228256
2473,228150
2471,228044
2469,227938
2467,227832
2465,227726
2463,227620
2461,227514
2459,227408
2457,227302
2455,227196
2453,227090
2451,226984
2449,226878
2447,226772
2445,226666
2443,226560
2441,226454
2439,226348
2437,226243
2435,226138
2433,226033
2431,225928
2429,225823
2427,225718
2425,225613
2423,225508
2421,225403
2419,225298
2417,225193
2415,225088
2413,224983
2411,224878
2409,224773
2407,224668
2405,224563
2403,224458
2401,224353
2399,224248
2397,224143
2395,224038
2393,223933
2391,223828
2389,223724
2387,223620
2385,223516
2383,223412
2381,223308
2379,223204
2377,223100
2375,222996
2373,222892
2371,222788
2369,222684
2367,222580
2365,222476
2363,222372
2361,222268
2359,222164
2357,222060
2355,221956
2353,221852
2351,221748
2349,221644
2347,221540
2345,221436
2343,221332
2341,221229
2339,221126
2337,221023
2335,220920
2333,220817
2331,220714
2329,220611
2327,220508
2325,220405
2323,220302
2321,220199
2319,220096
2317,219993
2315,219890
2313,219787
2311,219684
2309,219581
2307,219478
2305,219375
2303,219272
2301,219169
2299,219066
2297,218963
2295,218860
2293,218758
2291,218656
2289,218554
2287,218452
2285,218350
2283,218248
2281,218146
2279,218044
2277,217942
2275,217840
2273,217738
2271,217636
2269,217534
2267,217432
2265,217330
2263,217228
2262,217126
2261,217024
2260,216922
2259,216820
2258,216718
2257,216616
2256,216514
2255,216412
2254,216311
2253,216210
2252,216109
2251,216008
2250,215907
2249,215806
2248,215705
2247,215604
2246,215503
2245,215402
2244,215301
2243,215200
2242,215099
2241,214998
2240,214897
2239,214796
2238,214695
2237,214594
2236,214493
2235,214392
2234,214291
2233,214190
2232,214089
2231,213989
2230,213889
2229,213789
2228,213689
2227,213589
2226,213489
2225,213389
2224,213289
2223,213189
2222,213089
2221,212989
2220,212889
2219,212789
2218,212689
2217,212589
2216,212489
2215,212389
2214,212289
2213,212189
2212,212089
2211,211989
2210,211889
2209,211790
2208,211691
2207,211592
2206,211493
2205,211394
2204,211295
2203,211196
2202,211097
2201,210998
2200,210899
2199,210800
2198,210701
2197,210602
2196,210503
2195,210404
2194,210305
2193,210206
2192,210107
2191,210008
2190,209909
2189,209810
2188,209711
2187,209612
2186,209513
2185,209415
2184,209317
2183,209219
2182,209121
2181,209023
2180,208925
2179,208827
2178,208729
2177,208631
2176,208533
2175,208435
2174,208337
2173,208239
2172,208141
2171,208043
2170,207945
2169,207847
2168,207749
2167,207651
2166,207553
2165,207455
2164,207357
2163,207259
2162,207162
2161,207065
2160,206968
2159,206871
2158,206774
2157,206677
2156,206580
2155,206483
2154,206386
2153,206289
2152,206192
2151,206095
2150,205998
2149,205901
2148,205804
2147,205707
2146,205610
2145,205513
2144,205416
2143,205319
2142,205222
2141,205125
2140,205028
2139,204932
2138,204836
2137,204740
2136,204644
2135,204548
2134,204452
2133,204356
2132,204260
2131,204164
2130,204068
2129,203972
2128,203876
2127,203780
2126,203684
2125,203588
2124,203492
2123,203396
2122,203300
2121,203204
2120,203108
2119,203012
2118,202916
2117,202820
2116,202724
2115,202629
2114,202534
2113,202439
2112,202344
2111,202249
2110,202154
2109,202059
2108,201964
2107,201869
2106,201774
2105,201679
2104,201584
2103,201489
2102,201394
2101,201299
2100,201204
2099,201109
2098,201014
2097,200919
2096,200824
2095,200729
2094,200634
2093,200539
2092,200444
2091,200350
2090,200256
2089,200162
2088,200068
2087,199974
2086,199880
2085,199786
2084,199692
2083,199598
2082,199504
2081,199410
2080,199316
2079,199222
2078,199128
2077,199034
2076,198940
2075,198846
2074,198752
2073,198658
2072,198564
2071,198470
2070,198376
2069,198282
2068,198188
2067,198095
2066,198002
2065,197909
2064,197816
2063,197723
2062,197630
2061,197537
2060,197444
2059,197351
2058,197258
2057,197165
2056,197072
2055,196979
2054,196886
2053,196793
2052,196700
2051,196607
2050,196514
2049,196421
2048,196328
2047,196235
2046,196142
2045,196049
2044,195956
2043,195863
2042,195771
2041,195679
2040,195587
2039,195495
2038,195403
2037,195311
2036,195219
2035,195127
2034,195035
2033,194943
2032,194851
2031,194759
2030,194667
2029,194575
2028,194483
2027,194391
2026,194299
2025,194207
2024,194115
2023,194023
2022,193931
2021,193839
2020,193747
2019,193655
2018,193563
2017,193472
2016,193381
2015,193290
2014,193199
2013,193108
2012,193017
2011,192926
2010,192835
2009,192744
2008,192653
2007,192562
2006,192471
2005,192380
2004,192289
2003,192198
2002,192107
2001,192016
2000,191925
1999,191834
1998,191743
1997,191652
1996,191561
1995,191470
1994,191379
1993,191288
1992,191198
1991,191108
1990,191018
1989,190928
1988,190838
1987,190748
1986,190658
1985,190568
1984,190478
1983,190388
1982,190298
1981,190208
1980,190118
1979,190028
1978,189938
1977,189848
1976,189758
1975,189668
1974,189578
1973,189488
1972,189398
1971,189308
1970,189218
1969,189128
1968,189038
1967,188949
1966,188860
1965,188771
1964,188682
1963,188593
1962,188504
1961,188415
1960,188326
1959,188237
1958,188148
1957,188059
1956,187970
1955,187881
1954,187792
1953,187703
1952,187614
1951,187525
1950,187436
1949,187347
1948,187258
1947,187169
1946,187080
1945,186991
1944,186902
1943,186813
1942,186725
1941,186637
1940,186549
1939,186461
1938,186373
1937,186285
1936,186197
1935,186109
1934,186021
1933,185933
1932,185845
1931,185757
1930,185669
1929,185581
1928,185493
1927,185405
1926,185317
1925,185229
1924,185141
1923,185053
1922,184965
1921,184877
1920,184789
1919,184701
1918,184613
1917,184525
1916,184438
1915,184351
1914,184264
1913,184177
1912,184090
1911,184003
1910,183916
1909,183829
1908,183742
1907,183655
1906,183568
1905,183481
1904,183394
1903,183307
1902,183220
1901,183133
1900,183046
1899,182959
1898,182872
1897,182785
1896,182698
1895,182611
1894,182524
1893,182437
1892,182350
1891,182263
1890,182177
1889,182091
1888,182005
1887,181919
1886,181833
1885,181747
1884,181661
1883,181575
1882,181489
1881,181403
1880,181317
1879,181231
1878,181145
1877,181059
1876,180973
1875,180887
1874,180801
1873,180715
1872,180629
1871,180543
1870,180457
1869,180371
1868,180285
1867,180199
1866,180113
1865,180027
1864,179942
1863,179857
1862,179772
1861,179687
1860,179602
1859,179517
1858,179432
1857,179347
1856,179262
1855,179177
1854,179092
1853,179007
1852,178922
1851,178837
1850,178752
1849,178667
1848,178582
1847,178497
1846,178412
1845,178327
1844,178242
1843,178157
1842,178072
1841,177987
1840,177902
1839,177817
1838,177732
1837,177648
1836,177564
1835,177480
1834,177396
1833,177312
1832,177228
1831,177144
1830,177060
1829,176976
1828,176892
1827,176808
1826,176724
1825,176640
1824,176556
1823,176472
1822,176388
1821,176304
1820,176220
1819,176136
1818,176052
1817,175968
1816,175884
1815,175800
1814,175716
1813,175632
1812,175548
1811,175464
1810,175381
1809,175298
1808,175215
1807,175132
1806,175049
1805,174966
1804,174883
1803,174800
1802,174717
1801,174634
1800,174551
1799,174468
1798,174385
1797,174302
1796,174219
1795,174136
1794,174053
1793,173970
1792,173887
1791,173804
1790,173721
1789,173638
1788,173555
1787,173472
1786,173389
1785,173306
1784,173223
1783,173141
1782,173059
1781,172977
1780,172895
1779,172813
1778,172731
1777,172649
1776,172567
1775,172485
1774,172403
1773,172321
1772,172239
1771,172157
1770,172075
1769,171993
1768,171911
1767,171829
1766,171747
1765,171665
1764,171583
1763,171501
1762,171419
1761,171337
1760,171255
1759,171173
1758,171091
1757,171009
1756,170928
1755,170847
1754,170766
1753,170685
1752,170604
1751,170523
1750,170442
1749,170361
1748,170280
1747,170199
1746,170118
1745,170037
1744,169956
1743,169875
1742,169794
1741,169713
1740,169632
1739,169551
1738,169470
1737,169389
1736,169308
1735,169227
1734,169146
1733,169065
1732,168984
1731,168903
1730,168822
1729,168741
1728,168661
1728,168581
1728,168501
1728,168421
1728,168341
1728,168261
1728,168181
1728,168101
1728,168021
1728,167941
1728,167861
1728,167781
1728,167701
1728,167621
1728,167541
1728,167461
1728,167381
1728,167301
1728,167221
1728,167141
1728,167061
1728,166981
1728,166901
1728,166821
1728,166741
1728,166661
1728,166582
1728,166503
1728,166424
1728,166345
1728,166266
1728,166187
1728,166108
1728,166029
1728,165950
1728,165871
1728,165792
1728,165713
1728,165634
1728,165555
1728,165476
1728,165397
1728,165318
1728,165239
1728,165160
1728,165081
1728,165002
1728,164923
1728,164844
1728,164765
1728,164686
1728,164607
1728,164528
1728,164450
1728,164372
1728,164294
1728,164216
1728,164138
1728,164060
1728,163982
1728,163904
1728,163826
1728,163748
1728,163670
1728,163592
1728,163514
1728,163436
1728,163358
1728,163280
1728,163202
1728,163124
1728,163046
1728,162968
1728,162890
1728,162812
1728,162734
1728,162656
1728,162578
1728,162500
1728,162422
1728,162345
1728,162268
1728,162191
1728,162114
1728,162037
1728,161960
1728,161883
1728,161806
1728,161729
1728,161652
1728,161575
1728,161498
1728,161421
1728,161344
1728,161267
1728,161190
1728,161113
1728,161036
1728,160959
1728,160882
1728,160805
1728,160728
1728,160651
1728,160574
1728,160497
1728,160420
1728,160343
1728,160267
1728,160191
1728,160115
1728,160039
1728,159963
1728,159887
1728,159811
1728,159735
1728,159659
1728,159583
1728,159507
1728,159431
1728,159355
1728,159279
1728,159203
1728,159127
1728,159051
1728,158975
1728,158899
1728,158823
1728,158747
1728,158671
1728,158595
1728,158519
1728,158443
1728,158367
1728,158291
1728,158215
1728,158140
1728,158065
1728,157990
1728,157915
1728,157840
1728,157765
1728,157690
1728,157615
1728,157540
1728,157465
1728,157390
1728,157315
1728,157240
1728,157165
1728,157090
1728,157015
1728,156940
1728,156865
1728,156790
1728,156715
1728,156640
1728,156565
1728,156490
1728,156415
1728,156340
1728,156265
1728,156190
1728,156115
1728,156041
1728,155967
1728,155893
1728,155819
1728,155745
1728,155671
1728,155597
1728,155523
1728,155449
1728,155375
1728,155301
1728,155227
1728,155153
1728,155079
1728,155005
1728,154931
1728,154857
1728,154783
1728,154709
1728,154635
1728,154561
1728,154487
1728,154413
1728,154339
1728,154265
1728,154191
1728,154117
1728,154043
1728,153970
1728,153897
1728,153824
1728,153751
1728,153678
1728,153605
1728,153532
1728,153459
1728,153386
1728,153313
1728,153240
1728,153167
1728,153094
1728,153021
1728,152948
1728,152875
1728,152802
1728,152729
1728,152656
1728,152583
1728,152510
1728,152437
1728,152364
1728,152291
1728,152218
1728,152145
1728,152072
1728,151999
1728,151926
1728,151854
1728,151782
1728,151710
1728,151638
1728,151566
1728,151494
1728,151422
1728,151350
1728,151278
1728,151206
1728,151134
1728,151062
1728,150990
1728,150918
1728,150846
1728,150774
1728,150702
1728,150630
1728,150558
1728,150486
1728,150414
1728,150342
1728,150270
1728,150198
1728,150126
1728,150054
1728,149982
1728,149910
1728,149838
1728,149767
1728,149696
1728,149625
1728,149554
1728,149483
1728,149412
1728,149341
1728,149270
1728,149199
1728,149128
1728,149057
1728,148986
1728,148915
1728,148844
1728,148773
1728,148702
1728,148631
1728,148560
1728,148489
1728,148418
1728,148347
1728,148276
1728,148205
1728,148134
1728,148063
1728,147992
1728,147921
1728,147850
1728,147779
1728,147709
1728,147639
1728,147569
1728,147499
1728,147429
1728,147359
1728,147289
1728,147219
1728,147149
1728,147079
1728,147009
1728,146939
1728,146869
1728,146799
1728,146729
1728,146659
1728,146589
1728,146519
1728,146449
1728,146379
1728,146309
1728,146239
1728,146169
1728,146099
1728,146029
1728,145959
1728,145889
1728,145819
1728,145749
1728,145679
1728,145610
1728,145541
1728,145472
1728,145403
1728,145334
1728,145265
1728,145196
1728,145127
1728,145058
1728,144989
1728,144920
1728,144851
1728,144782
1728,144713
1728,144644
1728,144575
1728,144506
1728,144437
1728,144368
1728,144299
1728,144230
1728,144161
1728,144092
1728,144023
1728,143954
1728,143885
1728,143816
1728,143747
1728,143678
1728,143609
1728,143541
1728,143473
1728,143405
1728,143337
1728,143269
1728,143201
1728,143133
1728,143065
1728,142997
1728,142929
1728,142861
1728,142793
1728,142725
1728,142657
1728,142589
1728,142521
1728,142453
1728,142385
1728,142317
1728,142249
1728,142181
1728,142113
1728,142045
1728,141977
1728,141909
1728,141841
1728,141773
1728,141705
1728,141637
1728,141569
1728,141501
1728,141434
1728,141367
1728,141300
1728,141233
1728,141166
1728,141099
1728,141032
1728,140965
1728,140898
1728,140831
1728,140764
1728,140697
1728,140630
1728,140563
1728,140496
1728,140429
1728,140362
1728,140295
1728,140228
1728,140161
1728,140094
1728,140027
1728,139960
1728,139893
1728,139826
1728,139759
1728,139692
1728,139625
1728,139558
1728,139491
1728,139424
1728,139357
1728,139291
1728,139225
1728,139159
1728,139093
1728,139027
1728,138961
1728,138895
1728,138829
1728,138763
1728,138697
1728,138631
1728,138565
1728,138499
1728,138433
1728,138367
1728,138301
1728,138235
1728,138169
1728,138103
1728,138037
1728,137971
1728,137905
1728,137839
1728,137773
1728,137707
1728,137641
1728,137575
1728,137509
1728,137443
1728,137377
1728,137311
1728,137246
1728,137181
1728,137116
1728,137051
1728,136986
1728,136921
1728,136856
1728,136791
1728,136726
1728,136661
1728,136596
1728,136531
1728,136466
1728,136401
1728,136336
1728,136271
1728,136206
1728,136141
1728,136076
1728,136011
1728,135946
1728,135881
1728,135816
1728,135751
1728,135686
1728,135621
1728,135556
1728,135491
1728,135426
1728,135361
1728,135296
1728,135231
1728,135166
1728,135102
1728,135038
1728,134974
1728,134910
1728,134846
1728,134782
1728,134718
1728,134654
1728,134590
1728,134526
1728,134462
1728,134398
1728,134334
1728,134270
1728,134206
1728,134142
1728,134078
1728,134014
1728,133950
1728,133886
1728,133822
1728,133758
1728,133694
1728,133630
1728,133566
1728,133502
1728,133438
1728,133374
1728,133310
1728,133246
1728,133182
1728,133118
1728,133055
1728,132992
1728,132929
1728,132866
1728,132803
1728,132740
1728,132677
1728,132614
1728,132551
1728,132488
1728,132425
1728,132362
1728,132299
1728,132236
1728,132173
1728,132110
1728,132047
1728,131984
1728,131921
1728,131858
1728,131795
1728,131732
1728,131669
1728,131606
1728,131543
1728,131480
1728,131417
1728,131354
1728,131291
1728,131228
1728,131165
1728,131102
1728,131039
1728,130976
1728,130914
1728,130852
1728,130790
1728,130728
1728,130666
1728,130604
1728,130542
1728,130480
1728,130418
1728,130356
1728,130294
1728,130232
1728,130170
1728,130108
1728,130046
1728,129984
1728,129922
1728,129860
1728,129798
1728,129736
1728,129674
1728,129612
1728,129550
1728,129488
1728,129426
1728,129364
1728,129302
1728,129240
1728,129178
1728,129116
1728,129054
1728,128992
1728,128930
1728,128869
1728,128808
1728,128747
1728,128686
1728,128625
1728,128564
1728,128503
1728,128442
1728,128381
1728,128320
1728,128259
1728,128198
1728,128137
1728,128076
1728,128015
1728,127954
1728,127893
1728,127832
1728,127771
1728,127710
1728,127649
1728,127588
1728,127527
1728,127466
1728,127405
1728,127344
1728,127283
1728,127222
1728,127161
1728,127100
1728,127039
1728,126978
1728,126917
1728,126856
1728,126795
1728,126735
1728,126675
1728,126615
1728,126555
1728,126495
1728,126435
1728,126375
1728,126315
1728,126255
1728,126195
1728,126135
1728,126075
1728,126015
1728,125955
1728,125895
1728,125835
1728,125775
1728,125715
1728,125655
1728,125595
1728,125535
1728,125475
1728,125415
1728,125355
1728,125295
1728,125235
1728,125175
1728,125115
1728,125055
1728,124995
1728,124935
1728,124875
1728,124815
1728,124755
1728,124695
1728,124636
1728,124577
1728,124518
1728,124459
1728,124400
1728,124341
1728,124282
1728,124223
1728,124164
1728,124105
1728,124046
1728,123987
1728,123928
1728,123869
1728,123810
1728,123751
1728,123692
1728,123633
1728,123574
1728,123515
1728,123456
1728,123397
1728,123338
1728,123279
1728,123220
1728,123161
1728,123102
1728,123043
1728,122984
1728,122925
1728,122866
1728,122807
1728,122748
1728,122689
1728,122630
1728,122572
1728,122514
1728,122456
1728,122398
1728,122340
1728,122282
1728,122224
1728,122166
1728,122108
1728,122050
1728,121992
1728,121934
1728,121876
1728,121818
1728,121760
1728,121702
1728,121644
1728,121586
1728,121528
1728,121470
1728,121412
1728,121354
1728,121296
1728,121238
1728,121180
1728,121122
1728,121064
1728,121006
1728,120948
1728,120890
1728,120832
1728,120774
1728,120716
1728,120658
1728,120600
1728,120542
1728,120485
1728,120428
1728,120371
1728,120314
1728,120257
1728,120200
1728,120143
1728,120086
1728,120029
1728,119972
1728,119915
1728,119858
1728,119801
1728,119744
1728,119687
1728,119630
1728,119573
1728,119516
1728,119459
1728,119402
1728,119345
1728,119288
1728,119231
1728,119174
1728,119117
1728,119060
1728,119003
1728,118946
1728,118889
1728,118832
1728,118775
1728,118718
1728,118661
1728,118604
1728,118547
1728,118490
1728,118433
1728,118377
1728,118321
1728,118265
1728,118209
1728,118153
1728,118097
1728,118041
1728,117985
1728,117929
1728,117873
1728,117817
1728,117761
1728,117705
1728,117649
1728,117593
1728,117537
1728,117481
1728,117425
1728,117369
1728,117313
1728,117257
1728,117201
1728,117145
1728,117089
1728,117033
1728,116977
1728,116921
1728,116865
1728,116809
1728,116753
1728,116697
1728,116641
1728,116585
1728,116529
1728,116473
1728,116417
1728,116361
1728,116305
1728,116250
1728,116195
1728,116140
1728,116085
1728,116030
1728,115975
1728,115920
1728,115865
1728,115810
1728,115755
1728,115700
1728,115645
1728,115590
1728,115535
1728,115480
1728,115425
1728,115370
1728,115315
1728,115260
1728,115205
1728,115150
1728,115095
1728,115040
1728,114985
1728,114930
1728,114875
1728,114820
1728,114765
1728,114710
1728,114655
1728,114600
1728,114545
1728,114490
1728,114435
1728,114380
1728,114325
1728,114270
1728,114215
1728,114161
1728,114107
1728,114053
1728,113999
1728,113945
1728,113891
1728,113837
1728,113783
1728,113729
1728,113675
1728,113621
1728,113567
1728,113513
1728,113459
1728,113405
1728,113351
1728,113297
1728,113243
1728,113189
1728,113135
1728,113081
1728,113027
1728,112973
1728,112919
1728,112865
1728,112811
1728,112757
1728,112703
1728,112649
1728,112595
1728,112541
1728,112487
1728,112433
1728,112379
1728,112325
1728,112271
1728,112217
1728,112163
1728,112109
1728,112056
1728,112003
1728,111950
1728,111897
1728,111844
1728,111791
1728,111738
1728,111685
1728,111632
1728,111579
1728,111526
1728,111473
1728,111420
1728,111367
1728,111314
1728,111261
1728,111208
1728,111155
1728,111102
1728,111049
1728,110996
1728,110943
1728,110890
1728,110837
1728,110784
1728,110731
1728,110678
1728,110625
1728,110572
1728,110519
1728,110466
1728,110413
1728,110360
1728,110307
1728,110254
1728,110201
1728,110148
1728,110095
1728,110042
1728,109990
1728,109938
1728,109886
1728,109834
1728,109782
1728,109730
1728,109678
1728,109626
1728,109574
1728,109522
1728,109470
1728,109418
1728,109366
1728,109314
1728,109262
1728,109210
1728,109158
1728,109106
1728,109054
1728,109002
1728,108950
1728,108898
1728,108846
1728,108794
1728,108742
1728,108690
1728,108638
1728,108586
1728,108534
1728,108482
1728,108430
1728,108378
1728,108326
1728,108274
1728,108222
1728,108170
1728,108118
1728,108066
1728,108014
1728,107962
1728,107911
1728,107860
1728,107809
1728,107758
1728,107707
1728,107656
1728,107605
1728,107554
1728,107503
1728,107452
1728,107401
1728,107350
1728,107299
1728,107248
1728,107197
1728,107146
1728,107095
1728,107044
1728,106993
1728,106942
1728,106891
1728,106840
1728,106789
1728,106738
1728,106687
1728,106636
1728,106585
1728,106534
1728,106483
1728,106432
1728,106381
1728,106330
1728,106279
1728,106228
1728,106177
1728,106126
1728,106075
1728,106024
1728,105973
1728,105922
1728,105871
1728,105821
1728,105771
1728,105721
1728,105671
1728,105621
1728,105571
1728,105521
1728,105471
1728,105421
1728,105371
1728,105321
1728,105271
1728,105221
1728,105171
1728,105121
1728,105071
1728,105021
1728,104971
1728,104921
1728,104871
1728,104821
1728,104771
1728,104721
1728,104671
1728,104621
1728,104571
1728,104521
1728,104471
1728,104421
1728,104371
1728,104321
1728,104271
1728,104221
1728,104171
1728,104121
1728,104071
1728,104021
1728,103971
1728,103921
1728,103871
1728,103821
1728,103771
1728,103722
1728,103673
1728,103624
1728,103575
1728,103526
1728,103477
1728,103428
1728,103379
1728,103330
1728,103281
1728,103232
1728,103183
1728,103134
1728,103085
1728,103036
1728,102987
1728,102938
1728,102889
1728,102840
1728,102791
1728,102742
1728,102693
1728,102644
1728,102595
1728,102546
1728,102497
1728,102448
1728,102399
1728,102350
1728,102301
1728,102252
1728,102203
1728,102154
1728,102105
1728,102056
1728,102007
1728,101958
1728,101909
1728,101860
1728,101811
1728,101762
1728,101713
1728,101664
1728,101616
1728,101568
1728,101520
1728,101472
1728,101424
1728,101376
1728,101328
1728,101280
1728,101232
1728,101184
1728,101136
1728,101088
1728,101040
1728,100992
1728,100944
1728,100896
1728,100848
1728,100800
1728,100752
1728,100704
1728,100656
1728,100608
1728,100560
1728,100512
1728,100464
1728,100416
1728,100368
1728,100320
1728,100272
1728,100224
1728,100176
1728,100128
1728,100080
1728,100032
1728,99984
1728,99936
1728,99888
1728,99840
1728,99792
1728,99744
1728,99696
1728,99648
1728,99600
1728,99552
1728,99505
1728,99458
1728,99411
1728,99364
1728,99317
1728,99270
1728,99223
1728,99176
1728,99129
1728,99082
1728,99035
1728,98988
1728,98941
1728,98894
1728,98847
1728,98800
1728,98753
1728,98706
1728,98659
1728,98612
1728,98565
1728,98518
1728,98471
1728,98424
1728,98377
1728,98330
1728,98283
1728,98236
1728,98189
1728,98142
1728,98095
1728,98048
1728,98001
1728,97954
1728,97907
1728,97860
1728,97813
1728,97766
1728,97719
1728,97672
1728,97625
1728,97578
1728,97531
1728,97484
1728,97438
1728,97392
1728,97346
1728,97300
1728,97254
1728,97208
1728,97162
1728,97116
1728,97070
1728,97024
1728,96978
1728,96932
1728,96886
1728,96840
1728,96794
1728,96748
1728,96702
1728,96656
1728,96610
1728,96564
1728,96518
1728,96472
1728,96426
1728,96380
1728,96334
1728,96288
1728,96242
1728,96196
1728,96150
1728,96104
1728,96058
1728,96012
1728,95966
1728,95920
1728,95874
1728,95828
1728,95782
1728,95736
1728,95690
1728,95644
1728,95598
1728,95552
1728,95506
1728,95460
1728,95414
1728,95368
1728,95323
1728,95278
1728,95233
1728,95188
1728,95143
1728,95098
1728,95053
1728,95008
1728,94963
1728,94918
1728,94873
1728,94828
1728,94783
1728,94738
1728,94693
1728,94648
1728,94603
1728,94558
1728,94513
1728,94468
1728,94423
1728,94378
1728,94333
1728,94288
1728,94243
1728,94198
1728,94153
1728,94108
1728,94063
1728,94018
1728,93973
1728,93928
1728,93883
1728,93838
1728,93793
1728,93748
1728,93703
1728,93658
1728,93613
1728,93568
1728,93523
1728,93478
1728,93433
1728,93388
1729,93343
1730,93298
1731,93254
1732,93210
1733,93166
1734,93122
1735,93078
1736,93034
1737,92990
1738,92946
1739,92902
1740,92858
1741,92814
1742,92770
1743,92726
1744,92682
1745,92638
1746,92594
1747,92550
1748,92506
1749,92462
1750,92418
1751,92374
1752,92330
1753,92286
1754,92242
1755,92198
1756,92154
1757,92110
1758,92066
1759,92022
1760,91978
1761,91934
1762,91890
1763,91846
1764,91802
1765,91758
1766,91714
1767,91670
1768,91626
1769,91582
1770,91538
1771,91494
1772,91450
1773,91406
1774,91362
1775,91318
1776,91275
1777,91232
1778,91189
1779,91146
1780,91103
1781,91060
1782,91017
1783,90974
1784,90931
1785,90888
1786,90845
1787,90802
1788,90759
1789,90716
1790,90673
1791,90630
1792,90587
1793,90544
1794,90501
1795,90458
1796,90415
1797,90372
1798,90329
1799,90286
1800,90243
1801,90200
1802,90157
1803,90114
1804,90071
1805,90028
1806,89985
1807,89942
1808,89899
1809,89856
1810,89813
1811,89770
1812,89727
1813,89684
1814,89641
1815,89598
1816,89555
1817,89512
1818,89469
1819,89426
1820,89383
1821,89340
1822,89298
1823,89256
1824,89214
1825,89172
1826,89130
1827,89088
1828,89046
1829,89004
1830,88962
1831,88920
1832,88878
1833,88836
1834,88794
1835,88752
1836,88710
1837,88668
1838,88626
1839,88584
1840,88542
1841,88500
1842,88458
1843,88416
1844,88374
1845,88332
1846,88290
1847,88248
1848,88206
1849,88164
1850,88122
1851,88080
1852,88038
1853,87996
1854,87954
1855,87912
1856,87870
1857,87828
1858,87786
1859,87744
1860,87702
1861,87660
1862,87618
1863,87576
1864,87534
1865,87492
1866,87450
1867,87408
1868,87366
1869,87325
1870,87284
1871,87243
1872,87202
1873,87161
1874,87120
1875,87079
1876,87038
1877,86997
1878,86956
1879,86915
1880,86874
1881,86833
1882,86792
1883,86751
1884,86710
1885,86669
1886,86628
1887,86587
1888,86546
1889,86505
1890,86464
1891,86423
1892,86382
1893,86341
1894,86300
1895,86259
1896,86218
1897,86177
1898,86136
1899,86095
1900,86054
1901,86013
1902,85972
1903,85931
1904,85890
1905,85849
1906,85808
1907,85767
1908,85726
1909,85685
1910,85644
1911,85603
1912,85562
1913,85521
1914,85480
1915,85439
1916,85398
1917,85358
1918,85318
1919,85278
1920,85238
1921,85198
1922,85158
1923,85118
1924,85078
1925,85038
1926,84998
1927,84958
1928,84918
1929,84878
1930,84838
1931,84798
1932,84758
1933,84718
1934,84678
1935,84638
1936,84598
1937,84558
1938,84518
1939,84478
1940,84438
1941,84398
1942,84358
1943,84318
1944,84278
1945,84238
1946,84198
1947,84158
1948,84118
1949,84078
1950,84038
1951,83998
1952,83958
1953,83918
1954,83878
1955,83838
1956,83798
1957,83758
1958,83718
1959,83678
1960,83638
1961,83598
1962,83558
1963,83518
1964,83478
1965,83438
1966,83399
1967,83360
1968,83321
1969,83282
1970,83243
1971,83204
1972,83165
1973,83126
1974,83087
1975,83048
1976,83009
1977,82970
1978,82931
1979,82892
1980,82853
1981,82814
1982,82775
1983,82736
1984,82697
1985,82658
1986,82619
1987,82580
1988,82541
1989,82502
1990,82463
1991,82424
1992,82385
1993,82346
1994,82307
1995,82268
1996,82229
1997,82190
1998,82151
1999,82112
2000,82073
2001,82034
2002,81995
2003,81956
2004,81917
2005,81878
2006,81839
2007,81800
2008,81761
2009,81722
2010,81683
2011,81644
2012,81605
2013,81566
2014,81527
2015,81488
2016,81449
2017,81411
2018,81373
2019,81335
2020,81297
2021,81259
2022,81221
2023,81183
2024,81145
2025,81107
2026,81069
2027,81031
2028,80993
2029,80955
2030,80917
2031,80879
2032,80841
2033,80803
2034,80765
2035,80727
2036,80689
2037,80651
2038,80613
2039,80575
2040,80537
2041,80499
2042,80461
2043,80423
2044,80385
2045,80347
2046,80309
2047,80271
2048,80233
2049,80195
2050,80157
2051,80119
2052,80081
2053,80043
2054,80005
2055,79967
2056,79929
2057,79891
2058,79853
2059,79815
2060,79777
2061,79739
2062,79701
2063,79663
2064,79625
2065,79587
2066,79549
2067,79511
2068,79473
2069,79436
2070,79399
2071,79362
2072,79325
2073,79288
2074,79251
2075,79214
2076,79177
2077,79140
2078,79103
2079,79066
2080,79029
2081,78992
2082,78955
2083,78918
2084,78881
2085,78844
2086,78807
2087,78770
2088,78733
2089,78696
2090,78659
2091,78622
2092,78585
2093,78548
2094,78511
2095,78474
2096,78437
2097,78400
2098,78363
2099,78326
2100,78289
2101,78252
2102,78215
2103,78178
2104,78141
2105,78104
2106,78067
2107,78030
2108,77993
2109,77956
2110,77919
2111,77882
2112,77845
2113,77808
2114,77771
2115,77734
2116,77697
2117,77660
2118,77623
2119,77586
2120,77549
2121,77512
2122,77475
2123,77439
2124,77403
2125,77367
2126,77331
2127,77295
2128,77259
2129,77223
2130,77187
2131,77151
2132,77115
2133,77079
2134,77043
2135,77007
2136,76971
2137,76935
2138,76899
2139,76863
2140,76827
2141,76791
2142,76755
2143,76719
2144,76683
2145,76647
2146,76611
2147,76575
2148,76539
2149,76503
2150,76467
2151,76431
2152,76395
2153,76359
2154,76323
2155,76287
2156,76251
2157,76215
2158,76179
2159,76143
2160,76107
2161,76071
2162,76035
2163,75999
2164,75963
2165,75927
2166,75891
2167,75855
2168,75819
2169,75783
2170,75747
2171,75711
2172,75675
2173,75639
2174,75603
2175,75567
2176,75531
2177,75495
2178,75460
2179,75425
2180,75390
2181,75355
2182,75320
2183,75285
2184,75250
2185,75215
2186,75180
2187,75145
2188,75110
2189,75075
2190,75040
2191,75005
2192,74970
2193,74935
2194,74900
2195,74865
2196,74830
2197,74795
2198,74760
2199,74725
2200,74690
2201,74655
2202,74620
2203,74585
2204,74550
2205,74515
2206,74480
2207,74445
2208,74410
2209,74375
2210,74340
2211,74305
2212,74270
2213,74235
2214,74200
2215,74165
2216,74130
2217,74095
2218,74060
2219,74025
2220,73990
2221,73955
2222,73920
2223,73885
2224,73850
2225,73815
2226,73780
2227,73745
2228,73710
2229,73675
2230,73640
2231,73605
2232,73570
2233,73535
2234,73500
2235,73466
2236,73432
2237,73398
2238,73364
2239,73330
2240,73296
2241,73262
2242,73228
2243,73194
2244,73160
2245,73126
2246,73092
2247,73058
2248,73024
2249,72990
2250,72956
2251,72922
2252,72888
2253,72854
2254,72820
2255,72786
2256,72752
2257,72718
2258,72684
2259,72650
2260,72616
2261,72582
2262,72548
2263,72514
2264,72480
2265,72446
2266,72412
2267,72378
2268,72344
2269,72310
2270,72276
2271,72242
2272,72208
2273,72174
2274,72140
2275,72106
2276,72072
2277,72038
2278,72004
2279,71970
2280,71936
2281,71902
2282,71868
2283,71834
2284,71800
2285,71766
2286,71732
2287,71698
2288,71664
2289,71630
2290,71596
2291,71562
2292,71528
2293,71495
2294,71462
2295,71429
2296,71396
2297,71363
2298,71330
2299,71297
2300,71264
2301,71231
2302,71198
2303,71165
2304,71132
2305,71099
2306,71066
2307,71033
2308,71000
2309,70967
2310,70934
2311,70901
2312,70868
2313,70835
2314,70802
2315,70769
2316,70736
2317,70703
2318,70670
2319,70637
2320,70604
2321,70571
2322,70538
2323,70505
2324,70472
2325,70439
2326,70406
2327,70373
2328,70340
2329,70307
2330,70274
2331,70241
2332,70208
2333,70175
2334,70142
2335,70109
2336,70076
2337,70043
2338,70010
2339,69977
2340,69944
2341,69911
2342,69878
2343,69845
2344,69812
2345,69779
2346,69746
2347,69713
2348,69680
2349,69647
2350,69614
2351,69581
2352,69548
2353,69515
2354,69483
2355,69451
2356,69419
2357,69387
2358,69355
2359,69323
2360,69291
2361,69259
2362,69227
2363,69195
2364,69163
2365,69131
2366,69099
2367,69067
2368,69035
2369,69003
2370,68971
2371,68939
2372,68907
2373,68875
2374,68843
2375,68811
2376,68779
2377,68747
2378,68715
2379,68683
2380,68651
2381,68619
2382,68587
2383,68555
2384,68523
2385,68491
2386,68459
2387,68427
2388,68395
2389,68363
2390,68331
2391,68299
2392,68267
2393,68235
2394,68203
2395,68171
2396,68139
2397,68107
2398,68075
2399,68043
2400,68011
2401,67979
2402,67947
2403,67915
2404,67883
2405,67851
2406,67819
2407,67787
2408,67755
2409,67723
2410,67691
2411,67659
2412,67627
2413,67595
2414,67563
2415,67531
2416,67500
2417,67469
2418,67438
2419,67407
2420,67376
2421,67345
2422,67314
2423,67283
2424,67252
2425,67221
2426,67190
2427,67159
2428,67128
2429,67097
2430,67066
2431,67035
2432,67004
2433,66973
2434,66942
2435,66911
2436,66880
2437,66849
2438,66818
2439,66787
2440,66756
2441,66725
2442,66694
2443,66663
2444,66632
2445,66601
2446,66570
2447,66539
2448,66508
2449,66477
2450,66446
2451,66415
2452,66384
2453,66353
2454,66322
2455,66291
2456,66260
2457,66229
2458,66198
2459,66167
2460,66136
2461,66105
2462,66074
2463,66043
2464,66012
2465,65981
2466,65950
2467,65919
2468,65888
2469,65857
2470,65826
2471,65795
2472,65764
2473,65733
2474,65702
2475,65671
2476,65640
2477,65609
2478,65578
2479,65547
2480,65516
2481,65486
2482,65456
2483,65426
2484,65396
2485,65366
2486,65336
2487,65306
2488,65276
2489,65246
2490,65216
2491,65186
2492,65156
2493,65126
2494,65096
2495,65066
2496,65036
2497,65006
2498,64976
2499,64946
2500,64916
2501,64886
2502,64856
2503,64826
2504,64796
2505,64766
2506,64736
2507,64706
2508,64676
2509,64646
2510,64616
2511,64586
2512,64556
2513,64526
2514,64496
2515,64466
2516,64436
2517,64406
2518,64376
2519,64346
2520,64316
2521,64286
2522,64256
2523,64226
2524,64196
2525,64166
2526,64136
2527,64106
2528,64076
2529,64046
2530,64016
2531,63986
2532,63956
2533,63926
2534,63896
2535,63866
2536,63836
2537,63806
2538,63776
2539,63746
2540,63716
2541,63686
2542,63656
2543,63626
2544,63596
2545,63566
2546,63536
2547,63506
2548,63477
2549,63448
2550,63419
2551,63390
2552,63361
2553,63332
2554,63303
2555,63274
2556,63245
2557,63216
2558,63187
2559,63158
2560,63129
2561,63100
2562,63071
2563,63042
2564,63013
2565,62984
2566,62955
2567,62926
2568,62897
2569,62868
2570,62839
2571,62810
2572,62781
2573,62752
2574,62723
2575,62694
2576,62665
2577,62636
2578,62607
2579,62578
2580,62549
2581,62520
2582,62491
2583,62462
2584,62433
2585,62404
2586,62375
2587,62346
2588,62317
2589,62288
2590,62259
2591,62230
2592,62201
2593,62172
2594,62143
2595,62114
2596,62085
2597,62056
2598,62027
2599,61998
2600,61969
2601,61940
2602,61911
2603,61882
2604,61853
2605,61824
2606,61795
2607,61766
2608,61737
2609,61708
2610,61679
2611,61650
2612,61621
2613,61592
2614,61563
2615,61534
2616,61505
2617,61477
2618,61449
2619,61421
2620,61393
2621,61365
2622,61337
2623,61309
2624,61281
2625,61253
2626,61225
2627,61197
2628,61169
2629,61141
2630,61113
2631,61085
2632,61057
2633,61029
2634,61001
2635,60973
2636,60945
2637,60917
2638,60889
2639,60861
2640,60833
2641,60805
2642,60777
2643,60749
2644,60721
2645,60693
2646,60665
2647,60637
2648,60609
2649,60581
2650,60553
2651,60525
2652,60497
2653,60469
2654,60441
2655,60413
2656,60385
2657,60357
2658,60329
2659,60301
2660,60273
2661,60245
2662,60217
2663,60189
2664,60161
2665,60133
2666,60105
2667,60077
2668,60049
2669,60021
2670,59993
2671,59965
2672,59937
2673,59909
2674,59881
2675,59853
2676,59825
2677,59797
2678,59769
2679,59741
2680,59713
2681,59685
2682,59657
2683,59629
2684,59601
2685,59573
2686,59545
2687,59517
2688,59489
2689,59462
2690,59435
2691,59408
2692,59381
2693,59354
2694,59327
2695,59300
2696,59273
2697,59246
2698,59219
2699,59192
2700,59165
2701,59138
2702,59111
2703,59084
2704,59057
2705,59030
2706,59003
2707,58976
2708,58949
2710,58922
2712,58895
2714,58868
2716,58841
2718,58814
2720,58787
2722,58760
2724,58733
2726,58706
2728,58679
2730,58652
2732,58625
2734,58598
2736,58571
2738,58544
2740,58517
2742,58490
2744,58463
2746,58436
2748,58409
2750,58382
2752,58355
2754,58328
2756,58301
2758,58274
2760,58247
2762,58220
2764,58193
2766,58166
2768,58139
2770,58112
2772,58085
2774,58058
2776,58031
2778,58004
2780,57977
2782,57950
2784,57923
2786,57896
2788,57869
2790,57842
2792,57815
2794,57788
2796,57761
2798,57734
2800,57707
2802,57680
2804,57653
2806,57626
2808,57599
2810,57572
2812,57545
2814,57519
2816,57493
2818,57467
2820,57441
2822,57415
2824,57389
2826,57363
2828,57337
2830,57311
2832,57285
2834,57259
2836,57233
2838,57207
2840,57181
2842,57155
2844,57129
2846,57103
2848,57077
2850,57051
2852,57025
2854,56999
2856,56973
2858,56947
2860,56921
2862,56895
2864,56869
2866,56843
2868,56817
2870,56791
2872,56765
2874,56739
2876,56713
2878,56687
2880,56661
2882,56635
2884,56609
2886,56583
2888,56557
2890,56531
2892,56505
2894,56479
2896,56453
2898,56427
2900,56401
2902,56375
2904,56349
2906,56323
2908,56297
2910,56271
2912,56245
2914,56219
2916,56193
2918,56167
2920,56141
2922,56115
2924,56089
2926,56063
2928,56037
2930,56011
2932,55985
2934,55959
2936,55933
2938,55907
2940,55881
2942,55855
2944,55829
2946,55803
2948,55777
2950,55751
2952,55725
2954,55699
2956,55673
2958,55647
2960,55622
2962,55597
2964,55572
2966,55547
2968,55522
2970,55497
2972,55472
2974,55447
2976,55422
2978,55397
2980,55372
2982,55347
2984,55322
2986,55297
2988,55272
2990,55247
2992,55222
2994,55197
2996,55172
2998,55147
3000,55122
3002,55097
3004,55072
3006,55047
3008,55022
3010,54997
3012,54972
3014,54947
3016,54922
3018,54897
3020,54872
3022,54847
3024,54822
3026,54797
3028,54772
3030,54747
3032,54722
3034,54697
3036,54672
3038,54647
3040,54622
3042,54597
3044,54572
3046,54547
3048,54522
3050,54497
3052,54472
3054,54447
3056,54422
3058,54397
3060,54372
3062,54347
3064,54322
3066,54297
3068,54272
3070,54247
3072,54222
3074,54197
3076,54172
3078,54147
3080,54122
3082,54097
3084,54072
3086,54047
3088,54022
3090,53997
3092,53972
3094,53947
3096,53922
3098,53897
3100,53872
3102,53847
3104,53822
3106,53797
3108,53772
3110,53747
3112,53723
3114,53699
3116,53675
3118,53651
3120,53627
3122,53603
