131072,65536
131138,65635
131203,65734
131268,65833
131333,65932
131398,66031
131463,66131
131528,66231
131593,66331
131658,66431
131723,66531
131788,66632
131853,66733
131918,66834
131983,66935
132048,67037
132112,67139
132176,67241
132240,67343
132304,67445
132368,67548
132432,67651
132496,67754
132560,67857
132624,67961
132688,68065
132752,68169
132816,68273
132880,68377
132944,68482
133007,68587
133070,68692
133133,68797
133196,68903
133259,69009
133322,69115
133385,69221
133448,69328
133511,69435
133574,69542
133637,69649
133700,69756
133762,69864
133824,69972
133886,70080
133948,70188
134010,70297
134072,70406
134134,70515
134196,70624
134258,70734
134320,70844
134382,70954
134444,71064
134505,71175
134566,71286
134627,71397
134688,71508
134749,71619
134810,71731
134871,71843
134932,71955
134993,72067
135054,72180
135115,72293
135176,72406
135236,72519
135296,72633
135356,72747
135416,72861
135476,72975
135536,73090
135596,73205
135656,73320
135716,73435
135776,73551
135836,73667
135895,73783
135954,73899
136013,74016
136072,74133
136131,74250
136190,74367
136249,74485
136308,74603
136367,74721
136426,74839
136484,74958
136542,75077
136600,75196
136658,75315
136716,75435
136774,75555
136832,75675
136890,75796
136948,75917
137006,76038
137063,76159
137120,76281
137177,76403
137234,76525
137291,76647
137348,76770
137405,76893
137462,77016
137519,77139
137575,77263
137631,77387
137687,77511
137743,77635
137799,77760
137855,77885
137911,78010
137967,78136
138023,78262
138079,78388
138134,78514
138189,78641
138244,78768
138299,78895
138354,79022
138409,79150
138464,79278
138519,79406
138573,79535
138627,79664
138681,79793
138735,79922
138789,80052
138843,80182
138897,80312
138951,80442
139005,80573
139058,80704
139111,80835
139164,80967
139217,81099
139270,81231
139323,81363
139376,81496
139429,81629
139481,81762
139533,81896
139585,82030
139637,82164
139689,82298
139741,82433
139793,82568
139845,82703
139896,82839
139947,82975
139998,83111
140049,83247
140100,83384
140151,83521
140202,83658
140253,83796
140303,83934
140353,84072
140403,84210
140453,84349
140503,84488
140553,84627
140603,84767
140653,84907
140702,85047
140751,85188
140800,85329
140849,85470
140898,85611
140947,85753
140996,85895
141044,86037
141092,86180
141140,86323
141188,86466
141236,86610
141284,86754
141332,86898
141379,87042
141426,87187
141473,87332
141520,87477
141567,87623
141614,87769
141661,87915
141707,88062
141753,88209
141799,88356
141845,88504
141891,88652
141937,88800
141983,88948
142028,89097
142073,89246
142118,89395
142163,89545
142208,89695
142253,89845
142298,89996
142342,90147
142386,90298
142430,90450
142474,90602
142518,90754
142562,90907
142605,91060
142648,91213
142691,91367
142734,91521
142777,91675
142820,91829
142863,91984
142905,92139
142947,92294
142989,92450
143031,92606
143073,92762
143115,92919
143156,93076
143197,93233
143238,93391
143279,93549
143320,93707
143361,93866
143401,94025
143441,94184
143481,94344
143521,94504
143561,94664
143601,94825
143640,94986
143679,95147
143718,95309
143757,95471
143796,95633
143835,95796
143873,95959
143911,96122
143949,96286
143987,96450
144025,96614
144063,96779
144100,96944
144137,97109
144174,97275
144211,97441
144248,97607
144285,97774
144321,97941
144357,98108
144393,98276
144429,98444
144465,98612
144501,98781
144536,98950
144571,99119
144606,99289
144641,99459
144676,99629
144710,99800
144744,99971
144778,100143
144812,100315
144846,100487
144880,100660
144913,100833
144946,101006
144979,101180
145012,101354
145045,101528
145077,101703
145109,101878
145141,102053
145173,102229
145205,102405
145236,102581
145267,102758
145298,102935
145329,103112
145360,103290
145391,103468
145421,103647
145451,103826
145481,104005
145511,104185
145541,104365
145570,104545
145599,104726
145628,104907
145657,105088
145686,105270
145714,105452
145742,105635
145770,105818
145798,106001
145826,106185
145853,106369
145880,106553
145907,106738
145934,106923
145961,107108
145987,107294
146013,107480
146039,107667
146065,107854
146091,108041
146116,108229
146141,108417
146166,108605
146191,108794
146216,108983
146240,109172
146264,109362
146288,109552
146312,109743
146335,109934
146358,110125
146381,110317
146404,110509
146427,110701
146449,110894
146471,111087
146493,111281
146515,111475
146537,111669
146558,111864
146579,112059
146600,112254
146621,112450
146641,112646
146661,112843
146681,113040
146701,113237
146721,113435
146740,113633
146759,113832
146778,114031
146797,114230
146815,114430
146833,114630
146851,114830
146869,115031
146887,115232
146904,115434
146921,115636
146938,115838
146955,116041
146971,116244
146987,116448
147003,116652
147019,116856
147035,117061
147050,117266
147065,117471
147080,117677
147095,117883
147109,118090
147123,118297
147137,118504
147151,118712
147164,118920
147177,119129
147190,119338
147203,119547
147216,119757
147228,119967
147240,120178
147252,120389
147264,120600
147275,120812
147286,121024
147297,121236
147308,121449
147318,121662
147328,121876
147338,122090
147348,122304
147357,122519
147366,122734
147375,122950
147384,123166
147392,123382
147400,123599
147408,123816
147416,124034
147423,124252
147430,124470
147437,124689
147444,124908
147450,125128
147456,125348
147462,125568
147468,125789
147473,126010
147478,126232
147483,126454
147488,126676
147492,126899
147496,127122
147500,127346
147504,127570
147507,127794
147510,128019
147513,128244
147516,128470
147518,128696
147520,128922
147522,129149
147524,129376
147525,129604
147526,129832
147527,130060
147528,130289
147528,130518
147528,130748
147528,130978
147528,131208
147527,131439
147526,131670
147525,131902
147524,132134
147522,132367
147520,132600
147518,132833
147516,133067
147513,133301
147510,133536
147507,133771
147503,134006
147499,134242
147495,134478
147491,134715
147486,134952
147481,135189
147476,135427
147471,135665
147465,135904
147459,136143
147453,136382
147446,136622
147439,136862
147432,137103
147425,137344
147417,137585
147409,137827
147401,138069
147393,138312
147384,138555
147375,138799
147366,139043
147356,139287
147346,139532
147336,139777
147326,140023
147315,140269
147304,140515
147293,140762
147282,141009
147270,141257
147258,141505
147246,141753
147233,142002
147220,142251
147207,142501
147194,142751
147180,143002
147166,143253
147152,143504
147137,143756
147122,144008
147107,144261
147092,144514
147076,144767
147060,145021
147044,145275
147027,145530
147010,145785
146993,146040
146976,146296
146958,146552
146940,146809
146922,147066
146903,147323
146884,147581
146865,147839
146846,148098
146826,148357
146806,148617
146786,148877
146765,149137
146744,149398
146723,149659
146702,149921
146680,150183
146658,150445
146636,150708
146613,150971
146590,151235
146567,151499
146543,151763
146519,152028
146495,152293
146471,152559
146446,152825
146421,153091
146396,153358
146370,153625
146344,153893
146318,154161
146292,154429
146265,154698
146238,154967
146211,155237
146183,155507
146155,155778
146127,156049
146098,156320
146069,156592
146040,156864
146011,157137
145981,157410
145951,157683
145921,157957
145890,158231
145859,158506
145828,158781
145796,159056
145764,159332
145732,159608
145700,159885
145667,160162
145634,160439
145601,160717
145567,160995
145533,161274
145499,161553
145464,161832
145429,162112
145394,162392
145359,162673
145323,162954
145287,163235
145251,163517
145214,163799
145177,164082
145140,164365
145102,164648
145064,164932
145026,165216
144987,165501
144948,165786
144909,166071
144870,166357
144830,166643
144790,166929
144750,167216
144709,167503
144668,167791
144627,168079
144585,168367
144543,168656
144501,168945
144458,169235
144415,169525
144372,169815
144329,170106
144285,170397
144241,170689
144197,170981
144152,171273
144107,171566
144062,171859
144016,172152
143970,172446
143924,172740
143877,173035
143830,173330
143783,173625
143735,173921
143687,174217
143639,174513
143591,174810
143542,175107
143493,175405
143444,175703
143394,176001
143344,176300
143294,176599
143243,176898
143192,177198
143141,177498
143089,177799
143037,178100
142985,178401
142933,178703
142880,179005
142827,179307
142774,179610
142720,179913
142666,180216
142612,180520
142557,180824
142502,181129
142447,181434
142391,181739
142335,182045
142279,182351
142222,182657
142165,182964
142108,183271
142051,183578
141993,183886
141935,184194
141877,184502
141818,184811
141759,185120
141700,185430
141640,185740
141580,186050
141520,186361
141459,186672
141398,186983
141337,187295
141275,187607
141213,187919
141151,188232
141089,188545
141026,188858
140963,189172
140900,189486
140836,189800
140772,190115
140708,190430
140643,190745
140578,191061
140513,191377
140447,191693
140381,192010
140315,192327
140248,192644
140181,192962
140114,193280
140047,193598
139979,193917
139911,194236
139843,194555
139774,194875
139705,195195
139636,195515
139566,195836
139496,196157
139426,196478
139355,196800
139284,197122
139213,197444
139142,197766
139070,198089
138998,198412
138926,198735
138853,199059
138780,199383
138707,199707
138633,200032
138559,200357
138485,200682
138410,201008
138335,201334
138260,201660
138185,201986
138109,202313
138033,202640
137957,202967
137880,203295
137803,203623
137726,203951
137648,204279
137570,204608
137492,204937
137413,205266
137334,205596
137255,205926
137176,206256
137096,206586
137016,206917
136936,207248
136855,207579
136774,207911
136693,208243
136611,208575
136529,208907
136447,209240
136365,209573
136282,209906
136199,210239
136116,210573
136032,210907
135948,211241
135864,211575
135779,211910
135694,212245
135609,212580
135524,212915
135438,213251
135352,213587
135266,213923
135179,214259
135092,214596
135005,214933
134918,215270
134830,215607
134742,215945
134654,216283
134565,216621
134476,216959
134387,217298
134297,217637
134207,217976
134117,218315
134027,218655
133936,218995
133845,219335
133754,219675
133662,220015
133570,220356
133478,220697
133386,221038
133293,221379
133200,221720
133107,222062
133013,222404
132919,222746
132825,223088
132731,223431
132636,223774
132541,224117
132446,224460
132350,224803
132254,225147
132158,225491
132062,225835
131965,226179
131868,226523
131771,226867
131674,227212
131576,227557
131478,227902
131380,228247
131281,228592
131182,228938
131083,229284
130984,229630
130884,229976
130784,230322
130684,230668
130583,231015
130482,231362
130381,231709
130280,232056
130178,232403
130076,232750
129974,233098
129872,233446
129769,233794
129666,234142
129563,234490
129460,234838
129356,235186
129252,235535
129148,235884
129043,236233
128938,236582
128833,236931
128728,237280
128622,237629
128516,237979
128410,238329
128304,238679
128197,239029
128090,239379
127983,239729
127876,240079
127768,240429
127660,240779
127552,241130
127444,241481
127335,241832
127226,242183
127117,242534
127008,242885
126898,243236
126788,243587
126678,243938
126568,244290
126457,244642
126346,244994
126235,245346
126124,245698
126012,246050
125900,246402
125788,246754
125676,247106
125563,247458
125450,247810
125337,248162
125224,248515
125111,248868
124997,249221
124883,249574
124769,249927
124655,250280
124540,250633
124425,250986
124310,251339
124195,251692
124079,252045
123963,252398
123847,252751
123731,253104
123614,253457
123497,253810
123380,254163
123263,254516
123146,254869
123028,255222
122910,255575
122792,255929
122674,256283
122555,256637
122436,256991
122317,257345
122198,257699
122079,258053
121959,258407
121839,258761
121719,259115
121599,259469
121479,259823
121358,260177
121237,260531
121116,260885
120995,261239
120873,261593
120751,261947
120629,262301
120507,262655
120385,263009
120262,263363
120139,263717
120016,264071
119893,264425
119770,264779
119646,265132
119522,265485
119398,265838
119274,266191
119150,266544
119025,266897
118900,267250
118775,267603
118650,267956
118525,268309
118400,268662
118274,269015
118148,269368
118022,269721
117896,270074
117770,270427
117643,270780
117516,271133
117389,271486
117262,271839
117135,272191
117007,272543
116879,272895
116751,273247
116623,273599
116495,273951
116367,274303
116238,274655
116109,275007
115980,275359
115851,275711
115722,276063
115593,276414
115463,276765
115333,277116
115203,277467
115073,277818
114943,278169
114813,278520
114682,278871
114551,279222
114420,279572
114289,279922
114158,280272
114027,280622
113895,280972
113763,281322
113631,281672
113499,282022
113367,282371
113235,282720
113103,283069
112970,283418
112837,283767
112704,284116
112571,284464
112438,284812
112305,285160
112172,285508
112038,285856
111904,286204
111770,286552
111636,286899
111502,287246
111368,287593
111234,287940
111099,288287
110964,288634
110829,288980
110694,289326
110559,289672
110424,290018
110289,290364
110154,290709
110018,291054
109882,291399
109746,291744
109610,292089
109474,292433
109338,292777
109202,293121
109066,293465
108929,293809
108792,294152
108655,294495
108518,294838
108381,295181
108244,295523
108107,295865
107970,296207
107833,296549
107695,296891
107557,297232
107419,297573
107281,297914
107143,298255
107005,298595
106867,298935
106729,299275
106591,299615
106452,299954
106313,300293
106174,300632
106035,300971
105896,301309
105757,301647
105618,301985
105479,302323
105340,302660
105201,302997
105062,303334
104922,303670
104782,304006
104642,304342
104502,304678
104362,305013
104222,305348
104082,305683
103942,306017
103802,306351
103662,306685
103522,307019
103382,307352
103241,307685
103100,308018
102959,308350
102818,308682
102677,309014
102536,309345
102395,309676
102254,310007
102113,310338
101972,310668
101831,310998
101690,311328
101549,311657
101408,311986
101267,312315
101125,312643
100983,312971
100841,313299
100699,313626
100557,313953
100415,314280
100273,314606
100131,314932
99989,315258
99847,315583
99705,315908
99563,316232
99421,316556
99279,316880
99137,317203
98995,317526
98853,317849
98711,318171
98569,318493
98427,318815
98285,319136
98142,319457
97999,319777
97856,320097
97713,320417
97570,320736
97427,321055
97284,321374
97141,321692
96998,322010
96855,322327
96712,322644
96569,322961
96426,323277
96283,323593
96140,323908
95997,324223
95854,324538
95711,324852
95568,325166
95425,325479
95282,325792
95139,326104
94996,326416
94853,326728
94710,327039
94567,327350
94424,327660
94281,327970
94138,328280
93995,328589
93852,328898
93709,329206
93566,329514
93423,329821
93280,330128
93137,330434
92994,330740
92851,331046
92708,331351
92565,331656
92422,331960
92279,332264
92136,332567
91993,332870
91850,333172
91707,333474
91564,333776
91421,334077
91278,334378
91135,334678
90992,334978
90849,335277
90706,335576
90563,335874
90420,336172
90277,336469
90134,336766
89991,337062
89848,337358
89705,337653
89562,337948
89419,338242
89276,338536
89133,338829
88990,339122
88847,339414
88704,339706
88561,339997
88418,340288
88275,340579
88132,340869
87989,341159
87846,341448
87704,341736
87562,342024
87420,342311
87278,342598
87136,342884
86994,343170
86852,343455
86710,343740
86568,344024
86426,344308
86284,344591
86142,344874
86000,345156
85858,345438
85716,345719
85574,346000
85432,346280
85290,346560
85148,346839
85006,347118
84864,347396
84722,347674
84581,347951
84440,348228
84299,348504
84158,348779
84017,349054
83876,349328
83735,349602
83594,349875
83453,350148
83312,350420
83171,350692
83030,350963
82889,351234
82748,351504
82607,351773
82466,352042
82325,352310
82185,352578
82045,352845
81905,353112
81765,353378
81625,353644
81485,353909
81345,354173
81205,354437
81065,354700
80925,354963
80785,355225
80645,355487
80505,355748
80366,356008
80227,356268
80088,356527
79949,356786
79810,357044
79671,357302
79532,357559
79393,357815
79254,358071
79115,358326
78976,358581
78837,358835
78699,359089
78561,359342
78423,359594
78285,359846
78147,360097
78009,360348
77871,360598
77733,360847
77595,361096
77457,361344
77319,361592
77182,361839
77045,362085
76908,362331
76771,362576
76634,362821
76497,363065
76360,363308
76223,363551
76086,363793
75949,364035
75813,364276
75677,364516
75541,364756
75405,364995
75269,365234
75133,365472
74997,365709
74861,365946
74725,366182
74590,366418
74455,366653
74320,366887
74185,367121
74050,367354
73915,367587
73780,367819
73645,368050
73510,368281
73376,368511
73242,368740
73108,368969
72974,369197
72840,369425
72706,369652
72572,369878
72438,370104
72304,370329
72171,370553
72038,370777
71905,371000
71772,371223
71639,371445
71506,371666
71373,371887
71240,372107
71108,372326
70976,372545
70844,372763
70712,372981
70580,373198
70448,373414
70316,373630
70184,373845
70053,374059
69922,374273
69791,374486
69660,374699
69529,374911
69398,375122
69267,375333
69137,375543
69007,375752
68877,375961
68747,376169
68617,376376
68487,376583
68357,376789
68227,376995
68098,377200
67969,377404
67840,377608
67711,377811
67582,378013
67453,378215
67324,378416
67196,378616
67068,378816
66940,379015
66812,379214
66684,379412
66556,379609
66428,379806
66301,380002
66174,380197
66047,380392
65920,380586
65793,380779
65666,380972
65539,381164
65413,381355
65287,381546
65161,381736
65035,381926
64909,382115
64783,382303
64657,382491
64532,382678
64407,382864
64282,383050
64157,383235
64032,383419
63907,383603
63783,383786
63659,383968
63535,384150
63411,384331
63287,384511
63163,384691
63039,384870
62916,385049
62793,385227
62670,385404
62547,385581
62424,385757
62301,385932
62179,386107
62057,386281
61935,386454
61813,386627
61691,386799
61569,386970
61447,387141
61326,387311
61205,387480
61084,387649
60963,387817
60842,387985
60721,388152
60601,388318
60481,388484
60361,388649
60241,388813
60121,388977
60001,389140
59882,389302
59763,389464
59644,389625
59525,389785
59406,389945
59287,390104
59169,390262
59051,390420
58933,390577
58815,390734
58697,390890
58579,391045
58461,391200
58344,391354
58227,391507
58110,391660
57993,391812
57876,391963
57759,392114
57643,392264
57527,392413
57411,392562
57295,392710
57179,392858
57063,393005
56948,393151
56833,393297
56718,393442
56603,393586
56488,393730
56374,393873
56260,394015
56146,394157
56032,394298
55918,394438
55804,394578
55691,394717
55578,394856
55465,394994
55352,395131
55239,395268
55126,395404
55014,395539
54902,395674
54790,395808
54678,395941
54566,396074
54454,396206
54343,396338
54232,396469
54121,396599
54010,396729
53899,396858
53788,396986
53678,397114
53568,397241
53458,397367
53348,397493
53238,397618
53128,397743
53019,397867
52910,397990
52801,398113
52692,398235
52583,398356
52475,398477
52367,398597
52259,398717
52151,398836
52043,398954
51935,399072
51828,399189
51721,399305
51614,399421
51507,399536
51400,399651
51293,399765
51187,399878
51081,399991
50975,400103
50869,400214
50763,400325
50657,400435
50552,400545
50447,400654
50342,400762
50237,400870
50132,400977
50028,401083
49924,401189
49820,401294
49716,401399
49612,401503
49508,401606
49405,401709
49302,401811
49199,401913
49096,402014
48993,402114
48890,402214
48788,402313
48686,402412
48584,402510
48482,402607
48380,402704
48279,402800
48178,402896
48077,402991
47976,403085
47875,403179
47774,403272
47674,403364
47574,403456
47474,403547
47374,403638
47274,403728
47174,403817
47075,403906
46976,403994
46877,404082
46778,404169
46679,404256
46581,404342
46483,404427
46385,404512
46287,404596
46189,404680
46091,404763
45994,404845
45897,404927
45800,405008
45703,405089
45606,405169
45509,405248
45413,405327
45317,405405
45221,405483
45125,405560
45029,405637
44934,405713
44839,405788
44744,405863
44649,405937
44554,406011
44459,406084
44365,406156
44271,406228
44177,406299
44083,406370
43989,406440
43895,406510
43802,406579
43709,406647
43616,406715
43523,406782
43430,406849
43337,406915
43245,406981
43153,407046
43061,407110
42969,407174
42877,407237
42786,407300
42695,407362
42604,407424
42513,407485
42422,407546
42331,407606
42241,407665
42151,407724
42061,407782
41971,407840
41881,407897
41791,407954
41702,408010
41613,408066
41524,408121
41435,408175
41346,408229
41257,408282
41169,408335
41081,408387
40993,408439
40905,408490
40817,408541
40729,408591
40642,408640
40555,408689
40468,408737
40381,408785
40294,408832
40208,408879
40122,408925
40036,408971
39950,409016
39864,409061
39778,409105
39693,409149
39608,409192
39523,409235
39438,409277
39353,409318
39268,409359
39184,409399
39100,409439
39016,409478
38932,409517
38848,409555
38764,409593
38681,409630
38598,409667
38515,409703
38432,409739
38349,409774
38266,409809
38184,409843
38102,409877
38020,409910
37938,409943
37856,409975
37774,410007
37693,410038
37612,410069
37531,410099
37450,410129
37369,410158
37288,410186
37208,410214
37128,410241
37048,410268
36968,410294
36888,410320
36808,410345
36729,410370
36650,410394
36571,410418
36492,410441
36413,410464
36334,410486
36255,410508
36177,410529
36099,410550
36021,410571
35943,410591
35865,410611
35787,410630
35710,410649
35633,410667
35556,410685
35479,410702
35402,410719
35325,410735
35249,410751
35173,410766
35097,410781
35021,410795
34945,410809
34869,410822
34794,410835
34719,410847
34644,410859
34569,410870
34494,410881
34419,410891
34345,410901
34271,410910
34197,410919
34123,410928
34049,410936
33975,410944
33901,410951
33828,410958
33755,410964
33682,410970
33609,410975
33536,410980
33463,410984
33391,410988
33319,410991
33247,410994
33175,410997
33103,410999
33031,411001
32959,411002
32888,411003
32817,411003
32746,411003
32675,411002
32604,411001
32533,410999
32463,410997
32393,410995
32323,410992
32253,410989
32183,410985
32113,410981
32043,410976
31974,410971
31905,410965
31836,410959
31767,410953
31698,410946
31629,410939
31560,410931
31492,410923
31424,410914
31356,410905
31288,410896
31220,410886
31152,410876
31085,410865
31018,410854
30951,410842
30884,410830
30817,410818
30750,410805
30683,410792
30617,410778
30551,410764
30485,410750
30419,410735
30353,410720
30287,410704
30221,410688
30156,410671
30091,410654
30026,410637
29961,410619
29896,410601
29831,410582
29766,410563
29702,410544
29638,410524
29574,410504
29510,410483
29446,410462
29382,410441
29318,410419
29255,410397
29192,410374
29129,410351
29066,410328
29003,410304
28940,410280
28877,410255
28815,410230
28753,410205
28691,410179
28629,410153
28567,410126
28505,410099
28443,410072
28382,410044
28321,410016
28260,409987
28199,409958
28138,409929
28077,409899
28016,409869
27955,409839
27895,409808
27835,409777
27775,409745
27715,409713
27655,409681
27595,409648
27535,409615
27476,409582
27417,409548
27358,409514
27299,409479
27240,409444
27181,409409
27122,409373
27064,409337
27006,409301
26948,409264
26890,409227
26832,409190
26774,409152
26716,409114
26658,409075
26601,409036
26544,408997
26487,408957
26430,408917
26373,408877
26316,408836
26259,408795
26202,408754
26146,408712
26090,408670
26034,408628
25978,408585
25922,408542
25866,408499
25810,408455
25754,408411
25699,408366
25644,408321
25589,408276
25534,408230
25479,408184
25424,408138
25369,408091
25315,408044
25261,407997
25207,407949
25153,407901
25099,407853
25045,407804
24991,407755
24937,407706
24883,407656
24830,407606
24777,407556
24724,407505
24671,407454
24618,407403
24565,407351
24512,407299
24459,407247
24407,407195
24355,407142
24303,407089
24251,407036
24199,406982
24147,406928
24095,406874
24043,406819
23992,406764
23941,406709
23890,406653
23839,406597
23788,406541
23737,406484
23686,406427
23635,406370
23585,406312
23535,406254
23485,406196
23435,406138
23385,406079
23335,406020
23285,405961
23235,405901
23185,405841
23136,405781
23087,405720
23038,405659
22989,405598
22940,405537
22891,405475
22842,405413
22793,405351
22744,405288
22696,405225
22648,405162
22600,405098
22552,405034
22504,404970
22456,404906
22408,404841
22360,404776
22312,404711
22265,404645
22218,404579
22171,404513
22124,404447
22077,404380
22030,404313
21983,404246
21936,404179
21889,404111
21843,404043
21797,403975
21751,403906
21705,403837
21659,403768
21613,403699
21567,403629
21521,403559
21475,403489
21430,403418
21385,403347
21340,403276
21295,403205
21250,403133
21205,403061
21160,402989
21115,402917
21070,402844
21026,402771
20982,402698
20938,402625
20894,402551
20850,402477
20806,402403
20762,402329
20718,402254
20674,402179
20630,402104
20587,402028
20544,401952
20501,401876
20458,401800
20415,401723
20372,401646
20329,401569
20286,401492
20243,401414
20200,401336
20158,401258
20116,401180
20074,401102
20032,401023
19990,400944
19948,400865
19906,400786
19864,400706
19822,400626
19780,400546
19739,400466
19698,400385
19657,400304
19616,400223
19575,400142
19534,400060
19493,399978
19452,399896
19411,399814
19370,399731
19330,399648
19290,399565
19250,399482
19210,399399
19170,399315
19130,399231
19090,399147
19050,399063
19010,398978
18970,398893
18930,398808
18891,398723
18852,398637
18813,398551
18774,398465
18735,398379
18696,398293
18657,398206
18618,398119
18579,398032
18540,397945
18501,397857
18463,397769
18425,397681
18387,397593
18349,397505
18311,397416
18273,397327
18235,397238
18197,397149
18159,397060
18121,396970
18083,396880
18046,396790
18009,396700
17972,396610
17935,396519
17898,396428
17861,396337
17824,396246
17787,396155
17750,396063
17713,395971
17676,395879
17640,395787
17604,395694
17568,395601
17532,395508
17496,395415
17460,395322
17424,395229
17388,395135
17352,395041
17316,394947
17280,394853
17244,394759
17209,394664
17174,394569
17139,394474
17104,394379
17069,394284
17034,394188
16999,394092
16964,393996
16929,393900
16894,393804
16859,393707
16824,393610
16790,393513
16756,393416
16722,393319
16688,393222
16654,393124
16620,393026
16586,392928
16552,392830
16518,392732
16484,392633
16450,392534
16416,392435
16383,392336
16350,392237
16317,392138
16284,392038
16251,391938
16218,391838
16185,391738
16152,391638
16119,391538
16086,391437
16053,391336
16020,391235
15987,391134
15955,391033
15923,390931
15891,390829
15859,390727
15827,390625
15795,390523
15763,390421
15731,390318
15699,390215
15667,390112
15635,390009
15603,389906
15571,389803
15540,389699
15509,389595
15478,389491
15447,389387
15416,389283
15385,389179
15354,389075
15323,388970
15292,388865
15261,388760
15230,388655
15199,388550
15168,388445
15138,388339
15108,388233
15078,388127
15048,388021
15018,387915
14988,387809
14958,387703
14928,387596
14898,387489
14868,387382
14838,387275
14808,387168
14778,387061
14748,386953
14719,386845
14690,386737
14661,386629
14632,386521
14603,386413
14574,386305
14545,386196
14516,386087
14487,385978
14458,385869
14429,385760
14400,385651
14371,385542
14342,385433
14313,385323
14285,385213
14257,385103
14229,384993
14201,384883
14173,384773
14145,384663
14117,384552
14089,384441
14061,384330
14033,384219
14005,384108
13977,383997
13949,383886
13921,383774
13893,383662
13866,383550
13839,383438
13812,383326
13785,383214
13758,383102
13731,382990
13704,382877
13677,382764
13650,382651
13623,382538
13596,382425
13569,382312
13542,382199
13515,382086
13488,381972
13461,381858
13435,381744
13409,381630
13383,381516
13357,381402
13331,381288
13305,381174
13279,381059
13253,380944
13227,380829
13201,380714
13175,380599
13149,380484
13123,380369
13097,380254
13071,380139
13045,380023
13020,379907
12995,379791
12970,379675
12945,379559
12920,379443
12895,379327
12870,379211
12845,379095
12820,378978
12795,378861
12770,378744
12745,378627
12720,378510
12695,378393
12670,378276
12645,378159
12620,378042
12596,377924
12572,377806
12548,377688
12524,377570
12500,377452
12476,377334
12452,377216
12428,377098
12404,376980
12380,376862
12356,376743
12332,376624
12308,376505
12284,376386
12260,376267
12236,376148
12212,376029
12189,375910
12166,375791
12143,375672
12120,375552
12097,375432
12074,375312
12051,375192
12028,375072
12005,374952
11982,374832
11959,374712
11936,374592
11913,374472
11890,374351
11867,374230
11844,374109
11821,373988
11798,373867
11775,373746
11753,373625
11731,373504
11709,373383
11687,373262
11665,373141
11643,373019
11621,372897
11599,372775
11577,372653
11555,372531
11533,372409
11511,372287
11489,372165
11467,372043
11445,371921
11423,371799
11401,371677
11379,371554
11357,371431
11336,371308
11315,371185
11294,371062
11273,370939
11252,370816
11231,370693
11210,370570
11189,370447
11168,370324
11147,370201
11126,370078
11105,369954
11084,369830
11063,369706
11042,369582
11021,369458
11000,369334
10979,369210
10958,369086
10937,368962
10917,368838
10897,368714
10877,368590
10857,368466
10837,368341
10817,368216
10797,368091
10777,367966
10757,367841
10737,367716
10717,367591
10697,367466
10677,367341
10657,367216
10637,367091
10617,366966
10597,366841
10577,366716
10557,366590
10537,366464
10517,366338
10497,366212
10478,366086
10459,365960
10440,365834
10421,365708
10402,365582
10383,365456
10364,365330
10345,365204
10326,365078
10307,364952
10288,364826
10269,364699
10250,364572
10231,364445
10212,364318
10193,364191
10174,364064
10155,363937
10136,363810
10117,363683
10098,363556
10079,363429
10061,363302
10043,363175
10025,363048
10007,362921
9989,362794
9971,362667
9953,362539
9935,362411
9917,362283
9899,362155
9881,362027
9863,361899
9845,361771
9827,361643
9809,361515
9791,361387
9773,361259
9755,361131
9737,361003
9719,360875
9701,360747
9683,360619
9665,360491
9647,360363
9630,360234
9613,360105
9596,359976
9579,359847
9562,359718
9545,359589
9528,359460
9511,359331
9494,359202
9477,359073
9460,358944
9443,358815
9426,358686
9409,358557
9392,358428
9375,358299
9358,358170
9341,358041
9324,357912
9307,357783
9290,357654
9273,357524
9256,357394
9239,357264
9222,357134
9205,357004
9189,356874
9173,356744
9157,356614
9141,356484
9125,356354
9109,356224
9093,356094
9077,355964
9061,355834
9045,355704
9029,355574
9013,355444
8997,355314
8981,355184
8965,355054
8949,354924
8933,354794
8917,354664
8901,354534
8885,354403
8869,354272
8853,354141
8837,354010
8821,353879
8805,353748
8789,353617
8773,353486
8758,353355
8743,353224
8728,353093
8713,352962
8698,352831
8683,352700
8668,352569
8653,352438
8638,352307
8623,352176
8608,352045
8593,351914
8578,351783
8563,351652
8548,351521
8533,351390
8518,351259
8503,351128
8488,350997
8473,350866
8458,350735
8443,350603
8428,350471
8413,350339
8398,350207
8383,350075
8368,349943
8353,349811
8338,349679
8323,349547
8309,349415
8295,349283
8281,349151
8267,349019
8253,348887
8239,348755
8225,348623
8211,348491
8197,348359
8183,348227
8169,348095
8155,347963
8141,347831
8127,347699
8113,347567
8099,347435
8085,347303
8071,347171
8057,347039
8043,346907
8029,346775
8015,346643
8001,346511
7987,346379
7973,346247
7959,346115
7945,345983
7931,345851
7917,345719
7903,345586
7889,345453
7876,345320
7863,345187
7850,345054
7837,344921
7824,344788
7811,344655
7798,344522
7785,344389
7772,344256
7759,344123
7746,343990
7733,343857
7720,343724
7707,343591
7694,343458
7681,343325
7668,343192
7655,343059
7642,342926
7629,342793
7616,342660
7603,342527
7590,342394
7577,342261
7564,342128
7551,341995
7538,341862
7525,341729
7512,341596
7499,341463
7486,341330
7473,341197
7460,341064
7447,340931
7434,340798
7422,340665
7410,340532
7398,340399
7386,340266
7374,340133
7362,340000
7350,339867
7338,339734
7326,339601
7314,339468
7302,339335
7290,339202
7278,339069
7266,338936
7254,338803
7242,338670
7230,338537
7218,338404
7206,338271
7194,338138
7182,338005
7170,337872
7158,337739
7146,337606
7134,337473
7122,337340
7110,337207
7098,337074
7086,336941
7074,336808
7062,336675
7050,336542
7038,336408
7026,336274
7014,336140
7002,336006
6990,335872
6979,335738
6968,335604
6957,335470
6946,335336
6935,335202
6924,335068
6913,334934
6902,334800
6891,334666
6880,334532
6869,334398
6858,334264
6847,334130
6836,333996
6825,333862
6814,333728
6803,333594
6792,333460
6781,333326
6770,333192
6759,333058
6748,332924
6737,332790
6726,332656
6715,332522
6704,332388
6693,332254
6682,332120
6671,331986
6660,331852
6649,331718
6638,331584
6627,331450
6616,331316
6605,331182
6594,331048
6583,330914
6572,330780
6561,330646
6550,330512
6539,330378
6528,330244
6518,330110
6508,329976
6498,329842
6488,329708
6478,329574
6468,329440
6458,329306
6448,329172
6438,329038
6428,328904
6418,328770
6408,328636
6398,328502
6388,328368
6378,328234
6368,328100
6358,327966
6348,327832
6338,327698
6328,327564
6318,327430
6308,327296
6298,327162
6288,327028
6278,326894
6268,326760
6258,326626
6248,326492
6238,326358
6228,326224
6218,326090
6208,325956
6198,325822
6188,325688
6178,325554
6168,325420
6158,325286
6148,325152
6138,325018
6128,324884
6118,324751
6108,324618
6098,324485
6088,324352
6078,324219
6068,324086
6059,323953
6050,323820
6041,323687
6032,323554
6023,323421
6014,323288
6005,323155
5996,323022
5987,322889
5978,322756
5969,322623
5960,322490
5951,322357
5942,322224
5933,322091
5924,321958
5915,321825
5906,321692
5897,321559
5888,321426
5879,321293
5870,321160
5861,321027
5852,320894
5843,320761
5834,320628
5825,320495
5816,320362
5807,320229
5798,320096
5789,319963
5780,319830
5771,319697
5762,319564
5753,319431
5744,319298
5735,319165
5726,319032
5717,318899
5708,318766
5699,318633
5690,318500
5681,318367
5672,318234
5663,318101
5654,317968
5645,317835
5636,317702
5627,317569
5618,317436
5609,317303
5600,317170
5591,317037
5583,316904
5575,316771
5567,316638
5559,316505
5551,316372
5543,316239
5535,316106
5527,315973
5519,315840
5511,315707
5503,315574
5495,315441
5487,315308
5479,315175
5471,315042
5463,314909
5455,314776
5447,314643
5439,314510
5431,314377
5423,314244
5415,314111
5407,313978
5399,313845
5391,313713
5383,313581
5375,313449
5367,313317
5359,313185
5351,313053
5343,312921
5335,312789
5327,312657
5319,312525
5311,312393
5303,312261
5295,312129
5287,311997
5279,311865
5271,311733
5263,311601
5255,311469
5247,311337
5239,311205
5231,311073
5223,310941
5215,310809
5207,310677
5199,310545
5191,310413
5183,310281
5175,310149
5167,310017
5159,309885
5151,309753
5143,309621
5135,309489
5127,309357
5119,309225
5111,309093
5104,308961
5097,308829
5090,308697
5083,308565
5076,308433
5069,308301
5062,308169
5055,308037
5048,307905
5041,307773
5034,307641
5027,307509
5020,307377
5013,307245
5006,307113
4999,306981
4992,306850
4985,306719
4978,306588
4971,306457
4964,306326
4957,306195
4950,306064
4943,305933
4936,305802
4929,305671
4922,305540
4915,305409
4908,305278
4901,305147
4894,305016
4887,304885
4880,304754
4873,304623
4866,304492
4859,304361
4852,304230
4845,304099
4838,303968
4831,303837
4824,303706
4817,303575
4810,303444
4803,303313
4796,303182
4789,303051
4782,302920
4775,302789
4768,302658
4761,302527
4754,302396
4747,302265
4740,302134
4733,302003
4726,301872
4719,301741
4712,301610
4705,301479
4698,301348
4691,301218
4684,301088
4677,300958
4670,300828
4663,300698
4656,300568
4649,300438
4642,300308
4635,300178
4628,300048
4621,299918
4615,299788
4609,299658
4603,299528
4597,299398
4591,299268
4585,299138
4579,299008
4573,298878
4567,298748
4561,298618
4555,298488
4549,298358
4543,298228
4537,298098
4531,297968
4525,297838
4519,297708
4513,297578
4507,297448
4501,297318
4495,297188
4489,297058
4483,296928
4477,296798
4471,296668
4465,296538
4459,296409
4453,296280
4447,296151
4441,296022
4435,295893
4429,295764
4423,295635
4417,295506
4411,295377
4405,295248
4399,295119
4393,294990
4387,294861
4381,294732
4375,294603
4369,294474
4363,294345
4357,294216
4351,294087
4345,293958
4339,293829
4333,293700
4327,293571
4321,293442
4315,293313
4309,293184
4303,293055
4297,292926
4291,292797
4285,292668
4279,292539
4273,292410
4267,292281
4261,292152
4255,292024
4249,291896
4243,291768
4237,291640
4231,291512
4225,291384
4219,291256
4213,291128
4207,291000
4201,290872
4195,290744
4189,290616
4183,290488
4177,290360
4171,290232
4165,290104
4159,289976
4153,289848
4147,289720
4141,289592
4135,289464
4129,289336
4123,289208
4117,289080
4112,288952
4107,288824
4102,288696
4097,288568
4092,288440
4087,288312
4082,288184
4077,288056
4072,287928
4067,287801
4062,287674
4057,287547
4052,287420
4047,287293
4042,287166
4037,287039
4032,286912
4027,286785
4022,286658
4017,286531
4012,286404
4007,286277
4002,286150
3997,286023
3992,285896
3987,285769
3982,285642
3977,285515
3972,285388
3967,285261
3962,285134
3957,285007
3952,284880
3947,284753
3942,284626
3937,284499
3932,284372
3927,284245
3922,284119
3917,283993
3912,283867
3907,283741
3902,283615
3897,283489
3892,283363
3887,283237
3882,283111
3877,282985
3872,282859
3867,282733
3862,282607
3857,282481
3852,282355
3847,282229
3842,282103
3837,281977
3832,281851
3827,281725
3822,281599
3817,281473
3812,281347
3807,281221
3802,281095
3797,280969
3792,280843
3787,280717
3782,280591
3777,280466
3772,280341
3767,280216
3762,280091
3757,279966
3752,279841
3747,279716
3742,279591
3737,279466
3732,279341
3727,279216
3722,279091
3717,278966
3712,278841
3707,278716
3702,278591
3697,278466
3692,278341
3687,278216
3682,278091
3677,277966
3672,277841
3667,277716
3662,277591
3657,277466
3652,277341
3647,277216
3642,277091
3637,276966
3632,276842
3627,276718
3622,276594
3617,276470
3612,276346
3607,276222
3602,276098
3597,275974
3592,275850
3588,275726
3584,275602
3580,275478
3576,275354
3572,275230
3568,275106
3564,274982
3560,274858
3556,274734
3552,274610
3548,274486
3544,274362
3540,274238
3536,274114
3532,273990
3528,273866
3524,273742
3520,273618
3516,273495
3512,273372
3508,273249
3504,273126
3500,273003
3496,272880
3492,272757
3488,272634
3484,272511
3480,272388
3476,272265
3472,272142
3468,272019
3464,271896
3460,271773
3456,271650
3452,271527
3448,271404
3444,271281
3440,271158
3436,271035
3432,270912
3428,270789
3424,270666
3420,270543
3416,270420
3412,270298
3408,270176
3404,270054
3400,269932
3396,269810
3392,269688
3388,269566
3384,269444
3380,269322
3376,269200
3372,269078
3368,268956
3364,268834
3360,268712
3356,268590
3352,268468
3348,268346
3344,268224
3340,268102
3336,267980
3332,267858
3328,267736
3324,267614
3320,267492
3316,267370
3312,267248
3308,267127
3304,267006
3300,266885
3296,266764
3292,266643
3288,266522
3284,266401
3280,266280
3276,266159
3272,266038
3268,265917
3264,265796
3260,265675
3256,265554
3252,265433
3248,265312
3244,265191
3240,265070
3236,264949
3232,264828
3228,264707
3224,264586
3220,264465
3216,264344
3212,264223
3208,264102
3204,263982
3200,263862
3196,263742
3192,263622
3188,263502
3184,263382
3180,263262
3176,263142
3172,263022
3168,262902
3164,262782
3160,262662
3156,262542
3152,262422
3148,262302
3144,262182
3140,262062
3136,261942
3132,261822
3128,261702
3124,261582
3120,261462
3116,261342
3112,261222
3108,261102
3104,260982
3100,260863
3096,260744
3092,260625
3088,260506
3084,260387
3080,260268
3076,260149
3072,260030
3068,259911
3064,259792
3060,259673
3056,259554
3052,259435
3048,259316
3044,259197
3041,259078
3038,258959
3035,258840
3032,258721
3029,258602
3026,258483
3023,258364
3020,258245
3017,258126
3014,258007
3011,257889
3008,257771
3005,257653
3002,257535
2999,257417
2996,257299
2993,257181
2990,257063
2987,256945
2984,256827
2981,256709
2978,256591
2975,256473
2972,256355
2969,256237
2966,256119
2963,256001
2960,255883
2957,255765
2954,255647
2951,255529
2948,255411
2945,255293
2942,255176
2939,255059
2936,254942
2933,254825
2930,254708
2927,254591
2924,254474
2921,254357
2918,254240
2915,254123
2912,254006
2909,253889
2906,253772
2903,253655
2900,253538
2897,253421
2894,253304
2891,253187
2888,253070
2885,252953
2882,252836
2879,252719
2876,252602
2873,252485
2870,252369
2867,252253
2864,252137
2861,252021
2858,251905
2855,251789
2852,251673
2849,251557
2846,251441
2843,251325
2840,251209
2837,251093
2834,250977
2831,250861
2828,250745
2825,250629
2822,250513
2819,250397
2816,250281
2813,250165
2810,250049
2807,249933
2804,249817
2801,249701
2798,249586
2795,249471
2792,249356
2789,249241
2786,249126
2783,249011
2780,248896
2777,248781
2774,248666
2771,248551
2768,248436
2765,248321
2762,248206
2759,248091
2756,247976
2753,247861
2750,247746
2747,247631
2744,247516
2741,247401
2738,247286
2735,247171
2732,247056
2729,246941
2726,246827
2723,246713
2720,246599
2717,246485
2714,246371
2711,246257
2708,246143
2705,246029
2702,245915
2699,245801
2696,245687
2693,245573
2690,245459
2687,245345
2684,245231
2681,245117
2678,245003
2675,244889
2672,244775
2669,244661
2666,244547
2663,244433
2660,244319
2657,244205
2654,244092
2651,243979
2648,243866
2645,243753
2642,243640
2639,243527
2636,243414
2633,243301
2630,243188
2627,243075
2624,242962
2621,242849
2618,242736
2615,242623
2612,242510
2609,242397
2606,242284
2603,242171
2600,242058
2597,241945
2594,241832
2591,241719
2588,241606
2585,241493
2582,241380
2579,241268
2576,241156
2573,241044
2570,240932
2567,240820
2564,240708
2561,240596
2558,240484
2555,240372
2552,240260
2549,240148
2546,240036
2543,239924
2540,239812
2537,239700
2534,239588
2531,239476
2528,239364
2525,239252
2522,239140
2519,239028
2516,238916
2513,238804
2510,238692
2507,238581
2504,238470
2501,238359
2498,238248
2495,238137
2492,238026
2489,237915
2486,237804
2483,237693
2480,237582
2477,237471
2474,237360
2471,237249
2468,237138
2465,237027
2462,236916
2459,236805
2457,236694
2455,236583
2453,236472
2451,236361
2449,236250
2447,236139
2445,236028
2443,235918
2441,235808
2439,235698
2437,235588
2435,235478
2433,235368
2431,235258
2429,235148
2427,235038
2425,234928
2423,234818
2421,234708
2419,234598
2417,234488
2415,234378
2413,234268
2411,234158
2409,234048
2407,233938
2405,233828
2403,233718
2401,233608
2399,233498
2397,233389
2395,233280
2393,233171
2391,233062
2389,232953
2387,232844
2385,232735
2383,232626
2381,232517
2379,232408
2377,232299
2375,232190
2373,232081
2371,231972
2369,231863
2367,231754
2365,231645
2363,231536
2361,231427
2359,231318
2357,231209
2355,231100
2353,230991
2351,230883
2349,230775
2347,230667
2345,230559
2343,230451
2341,230343
2339,230235
2337,230127
2335,230019
2333,229911
2331,229803
2329,229695
2327,229587
2325,229479
2323,229371
2321,229263
2319,229155
2317,229047
2315,228939
2313,228831
2311,228723
2309,228615
2307,228507
2305,228400
2303,228293
2301,228186
2299,228079
2297,227972
2295,227865
2293,227758
2291,227651
2289,227544
2287,227437
2285,227330
2283,227223
2281,227116
2279,227009
2277,226902
2275,226795
2273,226688
2271,226581
2269,226474
2267,226367
2265,226260
2263,226153
2261,226046
2259,225940
2257,225834
2255,225728
2253,225622
2251,225516
2249,225410
2247,225304
2245,225198
2243,225092
2241,224986
2239,224880
2237,224774
2235,224668
2233,224562
2231,224456
2229,224350
2227,224244
2225,224138
2223,224032
2221,223926
2219,223820
2217,223714
2215,223608
2213,223503
2211,223398
2209,223293
2207,223188
2205,223083
2203,222978
2201,222873
2199,222768
2197,222663
2195,222558
2193,222453
2191,222348
2189,222243
2187,222138
2185,222033
2183,221928
2181,221823
2179,221718
2177,221613
2175,221508
2173,221403
2171,221298
2169,221193
2167,221088
2165,220984
2163,220880
2161,220776
2159,220672
2157,220568
2155,220464
2153,220360
2151,220256
2149,220152
2147,220048
2145,219944
2143,219840
2141,219736
2139,219632
2137,219528
2135,219424
2133,219320
2131,219216
2129,219112
2127,219008
2125,218904
2123,218800
2121,218696
2119,218593
2117,218490
2115,218387
2113,218284
2111,218181
2109,218078
2107,217975
2105,217872
2103,217769
2101,217666
2099,217563
2097,217460
2095,217357
2093,217254
2091,217151
2089,217048
2087,216945
2085,216842
2083,216739
2081,216636
2079,216533
2077,216430
2075,216327
2073,216224
2071,216122
2069,216020
2067,215918
2065,215816
2063,215714
2061,215612
2059,215510
2057,215408
2055,215306
2053,215204
2051,215102
2049,215000
2047,214898
2045,214796
2043,214694
2041,214592
2039,214490
2037,214388
2035,214286
2033,214184
2031,214082
2029,213980
2027,213878
2025,213776
2023,213675
2021,213574
2019,213473
2017,213372
2015,213271
2013,213170
2011,213069
2009,212968
2007,212867
2005,212766
2003,212665
2001,212564
1999,212463
1997,212362
1995,212261
1993,212160
1991,212059
1989,211958
1987,211857
1985,211756
1983,211655
1981,211554
1979,211453
1977,211352
1975,211251
1973,211151
1971,211051
1969,210951
1967,210851
1965,210751
1963,210651
1961,210551
1959,210451
1957,210351
1955,210251
1953,210151
1951,210051
1949,209951
1947,209851
1945,209751
1943,209651
1941,209551
1939,209451
1937,209351
1935,209251
1933,209151
1931,209051
1929,208951
1927,208851
1925,208752
1923,208653
1921,208554
1919,208455
1917,208356
1915,208257
1913,208158
1911,208059
1909,207960
1907,207861
1905,207762
1903,207663
1901,207564
1899,207465
1897,207366
1895,207267
1893,207168
1891,207069
1889,206970
1887,206871
1885,206772
1883,206673
1881,206574
1879,206475
1877,206376
1875,206278
1873,206180
1871,206082
1869,205984
1867,205886
1865,205788
1863,205690
1861,205592
1859,205494
1857,205396
1855,205298
1853,205200
1851,205102
1849,205004
1847,204906
1845,204808
1843,204710
1841,204612
1839,204514
1837,204416
1835,204318
1833,204220
1831,204122
1829,204024
1827,203926
1825,203829
1823,203732
1821,203635
1819,203538
1817,203441
1815,203344
1813,203247
1811,203150
1809,203053
1807,202956
1806,202859
1805,202762
1804,202665
1803,202568
1802,202471
1801,202374
1800,202277
1799,202180
1798,202083
1797,201986
1796,201889
1795,201792
1794,201695
1793,201598
1792,201502
1791,201406
1790,201310
1789,201214
1788,201118
1787,201022
1786,200926
1785,200830
1784,200734
1783,200638
1782,200542
1781,200446
1780,200350
1779,200254
1778,200158
1777,200062
1776,199966
1775,199870
1774,199774
1773,199678
1772,199582
1771,199486
1770,199390
1769,199295
1768,199200
1767,199105
1766,199010
1765,198915
1764,198820
1763,198725
1762,198630
1761,198535
1760,198440
1759,198345
1758,198250
1757,198155
1756,198060
1755,197965
1754,197870
1753,197775
1752,197680
1751,197585
1750,197490
1749,197395
1748,197300
1747,197205
1746,197110
1745,197016
1744,196922
1743,196828
1742,196734
1741,196640
1740,196546
1739,196452
1738,196358
1737,196264
1736,196170
1735,196076
1734,195982
1733,195888
1732,195794
1731,195700
1730,195606
1729,195512
1728,195418
1727,195324
1726,195230
1725,195136
1724,195042
1723,194948
1722,194854
1721,194761
1720,194668
1719,194575
1718,194482
1717,194389
1716,194296
1715,194203
1714,194110
1713,194017
1712,193924
1711,193831
1710,193738
1709,193645
1708,193552
1707,193459
1706,193366
1705,193273
1704,193180
1703,193087
1702,192994
1701,192901
1700,192808
1699,192715
1698,192622
1697,192530
1696,192438
1695,192346
1694,192254
1693,192162
1692,192070
1691,191978
1690,191886
1689,191794
1688,191702
1687,191610
1686,191518
1685,191426
1684,191334
1683,191242
1682,191150
1681,191058
1680,190966
1679,190874
1678,190782
1677,190690
1676,190598
1675,190506
1674,190414
1673,190323
1672,190232
1671,190141
1670,190050
1669,189959
1668,189868
1667,189777
1666,189686
1665,189595
1664,189504
1663,189413
1662,189322
1661,189231
1660,189140
1659,189049
1658,188958
1657,188867
1656,188776
1655,188685
1654,188594
1653,188503
1652,188412
1651,188321
1650,188230
1649,188139
1648,188049
1647,187959
1646,187869
1645,187779
1644,187689
1643,187599
1642,187509
1641,187419
1640,187329
1639,187239
1638,187149
1637,187059
1636,186969
1635,186879
1634,186789
1633,186699
1632,186609
1631,186519
1630,186429
1629,186339
1628,186249
1627,186159
1626,186069
1625,185979
1624,185889
1623,185800
1622,185711
1621,185622
1620,185533
1619,185444
1618,185355
1617,185266
1616,185177
1615,185088
1614,184999
1613,184910
1612,184821
1611,184732
1610,184643
1609,184554
1608,184465
1607,184376
1606,184287
1605,184198
1604,184109
1603,184020
1602,183931
1601,183842
1600,183753
1599,183664
1598,183576
1597,183488
1596,183400
1595,183312
1594,183224
1593,183136
1592,183048
1591,182960
1590,182872
1589,182784
1588,182696
1587,182608
1586,182520
1585,182432
1584,182344
1583,182256
1582,182168
1581,182080
1580,181992
1579,181904
1578,181816
1577,181728
1576,181640
1575,181552
1574,181464
1573,181377
1572,181290
1571,181203
1570,181116
1569,181029
1568,180942
1567,180855
1566,180768
1565,180681
1564,180594
1563,180507
1562,180420
1561,180333
1560,180246
1559,180159
1558,180072
1557,179985
1556,179898
1555,179811
1554,179724
1553,179637
1552,179550
1551,179463
1550,179376
1549,179289
1548,179202
1547,179116
1546,179030
1545,178944
1544,178858
1543,178772
1542,178686
1541,178600
1540,178514
1539,178428
1538,178342
1537,178256
1536,178170
1535,178084
1534,177998
1533,177912
1532,177826
1531,177740
1530,177654
1529,177568
1528,177482
1527,177396
1526,177310
1525,177224
1524,177138
1523,177052
1522,176966
1521,176881
1520,176796
1519,176711
1518,176626
1517,176541
1516,176456
1515,176371
1514,176286
1513,176201
1512,176116
1511,176031
1510,175946
1509,175861
1508,175776
1507,175691
1506,175606
1505,175521
1504,175436
1503,175351
1502,175266
1501,175181
1500,175096
1499,175011
1498,174926
1497,174841
1496,174756
1495,174672
1494,174588
1493,174504
1492,174420
1491,174336
1490,174252
1489,174168
1488,174084
1487,174000
1486,173916
1485,173832
1484,173748
1483,173664
1482,173580
1481,173496
1480,173412
1479,173328
1478,173244
1477,173160
1476,173076
1475,172992
1474,172908
1473,172824
1472,172740
1471,172656
1470,172572
1469,172489
1468,172406
1467,172323
1466,172240
1465,172157
1464,172074
1463,171991
1462,171908
1461,171825
1460,171742
1459,171659
1458,171576
1457,171493
1456,171410
1455,171327
1454,171244
1453,171161
1452,171078
1451,170995
1450,170912
1449,170829
1448,170746
1447,170663
1446,170580
1445,170497
1444,170414
1443,170331
1442,170249
1441,170167
1440,170085
1439,170003
1438,169921
1437,169839
1436,169757
1435,169675
1434,169593
1433,169511
1432,169429
1431,169347
1430,169265
1429,169183
1428,169101
1427,169019
1426,168937
1425,168855
1424,168773
1423,168691
1422,168609
1421,168527
1420,168445
1419,168363
1418,168281
1417,168199
1416,168117
1415,168036
1414,167955
1413,167874
1412,167793
1411,167712
1410,167631
1409,167550
1408,167469
1407,167388
1406,167307
1405,167226
1404,167145
1403,167064
1402,166983
1401,166902
1400,166821
1399,166740
1398,166659
1397,166578
1396,166497
1395,166416
1394,166335
1393,166254
1392,166173
1391,166092
1390,166011
1389,165930
1388,165849
1387,165769
1386,165689
1385,165609
1384,165529
1383,165449
1382,165369
1381,165289
1380,165209
1379,165129
1378,165049
1377,164969
1376,164889
1375,164809
1374,164729
1373,164649
1372,164569
1371,164489
1370,164409
1369,164329
1368,164249
1367,164169
1366,164089
1365,164009
1364,163929
1363,163849
1362,163769
1361,163689
1360,163609
1359,163530
1358,163451
1357,163372
1356,163293
1355,163214
1354,163135
1353,163056
1352,162977
1351,162898
1350,162819
1349,162740
1348,162661
1347,162582
1346,162503
1345,162424
1344,162345
1343,162266
1342,162187
1341,162108
1340,162029
1339,161950
1338,161871
1337,161792
1336,161713
1335,161634
1334,161555
1333,161476
1332,161397
1331,161319
1330,161241
1329,161163
1328,161085
1327,161007
1326,160929
1325,160851
1324,160773
1323,160695
1322,160617
1321,160539
1320,160461
1319,160383
1318,160305
1317,160227
1316,160149
1315,160071
1314,159993
1313,159915
1312,159837
1311,159759
1310,159681
1309,159603
1308,159525
1307,159447
1306,159369
1305,159291
1304,159213
1303,159136
1302,159059
1301,158982
1300,158905
1299,158828
1298,158751
1297,158674
1296,158597
1295,158520
1294,158443
1293,158366
1292,158289
1291,158212
1290,158135
1289,158058
1288,157981
1287,157904
1286,157827
1285,157750
1284,157673
1283,157596
1282,157519
1281,157442
1280,157365
1279,157288
1278,157211
1277,157134
1276,157057
1275,156980
1274,156904
1273,156828
1272,156752
1271,156676
1270,156600
1269,156524
1268,156448
1267,156372
1266,156296
1265,156220
1264,156144
1263,156068
1262,155992
1261,155916
1260,155840
1259,155764
1258,155688
1257,155612
1256,155536
1255,155460
1254,155384
1253,155308
1252,155232
1251,155156
1250,155080
1249,155004
1248,154928
1247,154852
1246,154776
1245,154701
1244,154626
1243,154551
1242,154476
1241,154401
1240,154326
1239,154251
1238,154176
1237,154101
1236,154026
1235,153951
1234,153876
1233,153801
1232,153726
1231,153651
1230,153576
1229,153501
1228,153426
1227,153351
1226,153276
1225,153201
1224,153126
1223,153051
1222,152976
1221,152901
1220,152826
1219,152751
1218,152676
1217,152601
1216,152527
1215,152453
1214,152379
1213,152305
1212,152231
1211,152157
1210,152083
1209,152009
1208,151935
1207,151861
1206,151787
1205,151713
1204,151639
1203,151565
1202,151491
1201,151417
1200,151343
1199,151269
1198,151195
1197,151121
1196,151047
1195,150973
1194,150899
1193,150825
1192,150751
1191,150677
1190,150603
1189,150529
1188,150455
1187,150381
1186,150308
1185,150235
1184,150162
1183,150089
1182,150016
1181,149943
1180,149870
1179,149797
1178,149724
1177,149651
1176,149578
1175,149505
1174,149432
1173,149359
1172,149286
1171,149213
1170,149140
1169,149067
1168,148994
1167,148921
1166,148848
1165,148775
1164,148702
1163,148629
1162,148556
1161,148483
1160,148410
1159,148337
1158,148264
1157,148191
1156,148119
1155,148047
1154,147975
1153,147903
1152,147831
1151,147759
1150,147687
1149,147615
1148,147543
1147,147471
1146,147399
1145,147327
1144,147255
1143,147183
1142,147111
1141,147039
1140,146967
1139,146895
1138,146823
1137,146751
1136,146679
1135,146607
1134,146535
1133,146463
1132,146391
1131,146319
1130,146247
1129,146175
1128,146103
1127,146031
1126,145959
1125,145888
1124,145817
1123,145746
1122,145675
1121,145604
1120,145533
1119,145462
1118,145391
1117,145320
1116,145249
1115,145178
1114,145107
1113,145036
1112,144965
1111,144894
1110,144823
1109,144752
1108,144681
1107,144610
1106,144539
1105,144468
1104,144397
1103,144326
1102,144255
1101,144184
1100,144113
1099,144042
1098,143971
1097,143900
1096,143829
1095,143758
1094,143688
1093,143618
1092,143548
1091,143478
1090,143408
1089,143338
1088,143268
1087,143198
1086,143128
1085,143058
1084,142988
1083,142918
1082,142848
1081,142778
1080,142708
1079,142638
1078,142568
1077,142498
1076,142428
1075,142358
1074,142288
1073,142218
1072,142148
1071,142078
1070,142008
1069,141938
1068,141868
1067,141798
1066,141728
1065,141658
1064,141588
1063,141519
1062,141450
1061,141381
1060,141312
1059,141243
1058,141174
1057,141105
1056,141036
1055,140967
1054,140898
1053,140829
1052,140760
1051,140691
1050,140622
1049,140553
1048,140484
1047,140415
1046,140346
1045,140277
1044,140208
1043,140139
1042,140070
1041,140001
1040,139932
1039,139863
1038,139794
1037,139725
1036,139656
1035,139587
1034,139518
1033,139449
1032,139380
1031,139312
1030,139244
1029,139176
1028,139108
1027,139040
1026,138972
1025,138904
1024,138836
1023,138768
1022,138700
1021,138632
1020,138564
1019,138496
1018,138428
1017,138360
1016,138292
1015,138224
1014,138156
1013,138088
1012,138020
1011,137952
1010,137884
1009,137816
1008,137748
1007,137680
1006,137612
1005,137544
1004,137476
1003,137408
1002,137340
1001,137272
1000,137204
999,137137
998,137070
997,137003
996,136936
995,136869
994,136802
993,136735
992,136668
991,136601
990,136534
989,136467
988,136400
987,136333
986,136266
985,136199
984,136132
983,136065
982,135998
981,135931
980,135864
979,135797
978,135730
977,135663
976,135596
975,135529
974,135462
973,135395
972,135328
971,135261
970,135194
969,135127
968,135060
967,134994
966,134928
965,134862
964,134796
963,134730
962,134664
961,134598
960,134532
959,134466
958,134400
957,134334
956,134268
955,134202
954,134136
953,134070
952,134004
951,133938
950,133872
949,133806
948,133740
947,133674
946,133608
945,133542
944,133476
943,133410
942,133344
941,133278
940,133212
939,133146
938,133080
937,133014
936,132948
935,132882
934,132816
933,132751
932,132686
931,132621
930,132556
929,132491
928,132426
927,132361
926,132296
925,132231
924,132166
923,132101
922,132036
921,131971
920,131906
919,131841
918,131776
917,131711
916,131646
915,131581
914,131516
913,131451
912,131386
911,131321
910,131256
909,131191
909,131126
909,131061
909,130996
909,130931
909,130866
909,130801
909,130736
909,130671
909,130607
909,130543
909,130479
909,130415
909,130351
909,130287
909,130223
909,130159
909,130095
909,130031
909,129967
909,129903
909,129839
909,129775
909,129711
909,129647
909,129583
909,129519
909,129455
909,129391
909,129327
909,129263
909,129199
909,129135
909,129071
909,129007
909,128943
909,128879
909,128815
909,128751
909,128687
909,128623
909,128560
909,128497
909,128434
909,128371
909,128308
909,128245
909,128182
909,128119
909,128056
909,127993
909,127930
909,127867
909,127804
909,127741
909,127678
909,127615
909,127552
909,127489
909,127426
909,127363
909,127300
909,127237
909,127174
909,127111
909,127048
909,126985
909,126922
909,126859
909,126796
909,126733
909,126670
909,126607
909,126545
909,126483
909,126421
909,126359
909,126297
909,126235
909,126173
909,126111
909,126049
909,125987
909,125925
909,125863
909,125801
909,125739
909,125677
909,125615
909,125553
909,125491
909,125429
909,125367
909,125305
909,125243
909,125181
909,125119
909,125057
909,124995
909,124933
909,124871
909,124809
909,124747
909,124685
909,124623
909,124561
909,124500
909,124439
909,124378
909,124317
909,124256
909,124195
909,124134
909,124073
909,124012
909,123951
909,123890
909,123829
909,123768
909,123707
909,123646
909,123585
909,123524
909,123463
909,123402
909,123341
909,123280
909,123219
909,123158
909,123097
909,123036
909,122975
909,122914
909,122853
909,122792
909,122731
909,122670
909,122609
909,122548
909,122488
909,122428
909,122368
909,122308
909,122248
909,122188
909,122128
909,122068
909,122008
909,121948
909,121888
909,121828
909,121768
909,121708
909,121648
909,121588
909,121528
909,121468
909,121408
909,121348
909,121288
909,121228
909,121168
909,121108
909,121048
909,120988
909,120928
909,120868
909,120808
909,120748
909,120688
909,120628
909,120568
909,120508
909,120449
909,120390
909,120331
909,120272
909,120213
909,120154
909,120095
909,120036
909,119977
909,119918
909,119859
909,119800
909,119741
909,119682
909,119623
909,119564
909,119505
909,119446
909,119387
909,119328
909,119269
909,119210
909,119151
909,119092
909,119033
909,118974
909,118915
909,118856
909,118797
909,118738
909,118679
909,118620
909,118561
909,118502
909,118443
909,118385
909,118327
909,118269
909,118211
909,118153
909,118095
909,118037
909,117979
909,117921
909,117863
909,117805
909,117747
909,117689
909,117631
909,117573
909,117515
909,117457
909,117399
909,117341
909,117283
909,117225
909,117167
909,117109
909,117051
909,116993
909,116935
909,116877
909,116819
909,116761
909,116703
909,116645
909,116587
909,116529
909,116471
909,116413
909,116356
909,116299
909,116242
909,116185
909,116128
909,116071
909,116014
909,115957
909,115900
909,115843
909,115786
909,115729
909,115672
909,115615
909,115558
909,115501
909,115444
909,115387
909,115330
909,115273
909,115216
909,115159
909,115102
909,115045
909,114988
909,114931
909,114874
909,114817
909,114760
909,114703
909,114646
909,114589
909,114532
909,114475
909,114418
909,114361
909,114305
909,114249
909,114193
909,114137
909,114081
909,114025
909,113969
909,113913
909,113857
909,113801
909,113745
909,113689
909,113633
909,113577
909,113521
909,113465
909,113409
909,113353
909,113297
909,113241
909,113185
909,113129
909,113073
909,113017
909,112961
909,112905
909,112849
909,112793
909,112737
909,112681
909,112625
909,112569
909,112513
909,112457
909,112401
909,112345
909,112289
909,112234
909,112179
909,112124
909,112069
909,112014
909,111959
909,111904
909,111849
909,111794
909,111739
909,111684
909,111629
909,111574
909,111519
909,111464
909,111409
909,111354
909,111299
909,111244
909,111189
909,111134
909,111079
909,111024
909,110969
909,110914
909,110859
909,110804
909,110749
909,110694
909,110639
909,110584
909,110529
909,110474
909,110419
909,110364
909,110309
909,110254
909,110200
909,110146
909,110092
909,110038
909,109984
909,109930
909,109876
909,109822
909,109768
909,109714
909,109660
909,109606
909,109552
909,109498
909,109444
909,109390
909,109336
909,109282
909,109228
909,109174
909,109120
909,109066
909,109012
909,108958
909,108904
909,108850
909,108796
909,108742
909,108688
909,108634
909,108580
909,108526
909,108472
909,108418
909,108364
909,108310
909,108256
909,108203
909,108150
909,108097
909,108044
909,107991
909,107938
909,107885
909,107832
909,107779
909,107726
909,107673
909,107620
909,107567
909,107514
909,107461
909,107408
909,107355
909,107302
909,107249
909,107196
909,107143
909,107090
909,107037
909,106984
909,106931
909,106878
909,106825
909,106772
909,106719
909,106666
909,106613
909,106560
909,106507
909,106454
909,106401
909,106348
909,106295
909,106242
909,106189
909,106137
909,106085
909,106033
909,105981
909,105929
909,105877
909,105825
909,105773
909,105721
909,105669
909,105617
909,105565
909,105513
909,105461
909,105409
909,105357
909,105305
909,105253
909,105201
909,105149
909,105097
909,105045
909,104993
909,104941
909,104889
909,104837
909,104785
909,104733
909,104681
909,104629
909,104577
909,104525
909,104473
909,104421
909,104369
909,104317
909,104265
909,104213
909,104161
909,104110
909,104059
909,104008
909,103957
909,103906
909,103855
909,103804
909,103753
909,103702
909,103651
909,103600
909,103549
909,103498
909,103447
909,103396
909,103345
909,103294
909,103243
909,103192
909,103141
909,103090
909,103039
909,102988
909,102937
909,102886
909,102835
909,102784
909,102733
909,102682
909,102631
909,102580
909,102529
909,102478
909,102427
909,102376
909,102325
909,102274
909,102223
909,102172
909,102121
909,102071
909,102021
909,101971
909,101921
909,101871
909,101821
909,101771
909,101721
909,101671
909,101621
909,101571
909,101521
909,101471
909,101421
909,101371
909,101321
909,101271
909,101221
909,101171
909,101121
909,101071
909,101021
909,100971
909,100921
909,100871
909,100821
909,100771
909,100721
909,100671
909,100621
909,100571
909,100521
909,100471
909,100421
909,100371
909,100321
909,100271
909,100221
909,100171
909,100121
909,100071
909,100022
909,99973
909,99924
909,99875
909,99826
909,99777
909,99728
909,99679
909,99630
909,99581
909,99532
909,99483
909,99434
909,99385
909,99336
909,99287
909,99238
909,99189
909,99140
909,99091
909,99042
909,98993
909,98944
909,98895
909,98846
909,98797
909,98748
909,98699
909,98650
909,98601
909,98552
909,98503
909,98454
909,98405
909,98356
909,98307
909,98258
909,98209
909,98160
909,98111
909,98062
909,98013
909,97965
909,97917
909,97869
909,97821
909,97773
909,97725
909,97677
909,97629
909,97581
909,97533
909,97485
909,97437
909,97389
909,97341
909,97293
909,97245
909,97197
909,97149
909,97101
909,97053
909,97005
909,96957
909,96909
909,96861
909,96813
909,96765
909,96717
909,96669
909,96621
909,96573
909,96525
909,96477
909,96429
909,96381
909,96333
909,96285
909,96237
909,96189
909,96141
909,96093
909,96045
909,95997
909,95950
909,95903
909,95856
909,95809
909,95762
909,95715
909,95668
909,95621
909,95574
909,95527
909,95480
909,95433
909,95386
909,95339
909,95292
909,95245
909,95198
909,95151
909,95104
909,95057
909,95010
909,94963
909,94916
909,94869
909,94822
909,94775
909,94728
909,94681
909,94634
909,94587
909,94540
909,94493
909,94446
909,94399
909,94352
909,94305
909,94258
909,94211
909,94164
909,94117
909,94070
909,94023
909,93976
909,93929
909,93883
909,93837
909,93791
909,93745
909,93699
909,93653
909,93607
909,93561
909,93515
909,93469
909,93423
909,93377
909,93331
909,93285
909,93239
909,93193
909,93147
909,93101
909,93055
909,93009
909,92963
909,92917
909,92871
909,92825
909,92779
909,92733
909,92687
909,92641
909,92595
909,92549
909,92503
909,92457
909,92411
909,92365
909,92319
909,92273
909,92227
909,92181
909,92135
909,92089
909,92043
909,91997
909,91951
909,91905
909,91860
909,91815
909,91770
909,91725
909,91680
909,91635
909,91590
909,91545
909,91500
909,91455
909,91410
909,91365
909,91320
909,91275
909,91230
909,91185
909,91140
909,91095
909,91050
909,91005
909,90960
909,90915
909,90870
909,90825
909,90780
909,90735
909,90690
909,90645
909,90600
909,90555
909,90510
909,90465
909,90420
909,90375
909,90330
909,90285
909,90240
909,90195
909,90150
909,90105
909,90060
909,90015
909,89970
909,89925
909,89880
909,89835
909,89791
909,89747
909,89703
909,89659
909,89615
909,89571
909,89527
909,89483
909,89439
909,89395
909,89351
909,89307
909,89263
909,89219
909,89175
909,89131
909,89087
909,89043
909,88999
909,88955
909,88911
909,88867
909,88823
909,88779
909,88735
909,88691
909,88647
909,88603
909,88559
909,88515
909,88471
909,88427
909,88383
909,88339
909,88295
909,88251
909,88207
909,88163
909,88119
909,88075
909,88031
909,87987
909,87943
909,87899
909,87855
909,87811
909,87768
909,87725
909,87682
909,87639
909,87596
909,87553
909,87510
909,87467
909,87424
909,87381
909,87338
909,87295
909,87252
909,87209
909,87166
909,87123
909,87080
909,87037
909,86994
909,86951
909,86908
909,86865
909,86822
909,86779
909,86736
909,86693
909,86650
909,86607
909,86564
909,86521
909,86478
909,86435
909,86392
909,86349
909,86306
909,86263
909,86220
909,86177
909,86134
909,86091
909,86048
909,86005
909,85962
909,85919
909,85876
909,85833
909,85790
909,85747
909,85705
909,85663
909,85621
909,85579
909,85537
909,85495
909,85453
909,85411
909,85369
909,85327
909,85285
909,85243
909,85201
909,85159
909,85117
909,85075
909,85033
909,84991
909,84949
909,84907
909,84865
909,84823
909,84781
909,84739
909,84697
909,84655
909,84613
909,84571
909,84529
909,84487
909,84445
909,84403
909,84361
909,84319
909,84277
909,84235
909,84193
909,84151
909,84109
909,84067
909,84025
909,83983
909,83941
909,83899
909,83857
909,83815
909,83773
909,83731
909,83690
909,83649
909,83608
909,83567
909,83526
909,83485
909,83444
909,83403
909,83362
909,83321
909,83280
909,83239
909,83198
909,83157
909,83116
909,83075
909,83034
909,82993
909,82952
909,82911
909,82870
909,82829
909,82788
909,82747
909,82706
909,82665
909,82624
909,82583
909,82542
909,82501
909,82460
909,82419
909,82378
909,82337
909,82296
909,82255
909,82214
909,82173
909,82132
909,82091
909,82050
909,82009
909,81968
909,81927
909,81886
909,81845
909,81804
909,81763
909,81722
909,81681
909,81641
909,81601
909,81561
909,81521
909,81481
909,81441
909,81401
909,81361
909,81321
909,81281
909,81241
909,81201
909,81161
909,81121
909,81081
909,81041
909,81001
909,80961
909,80921
909,80881
909,80841
909,80801
909,80761
909,80721
909,80681
909,80641
909,80601
909,80561
909,80521
909,80481
909,80441
909,80401
909,80361
909,80321
909,80281
909,80241
909,80201
909,80161
909,80121
909,80081
909,80041
909,80001
909,79961
909,79921
909,79881
909,79841
909,79801
909,79761
909,79721
909,79681
909,79641
909,79602
909,79563
909,79524
909,79485
909,79446
909,79407
909,79368
909,79329
909,79290
909,79251
909,79212
909,79173
909,79134
909,79095
909,79056
909,79017
909,78978
909,78939
909,78900
909,78861
909,78822
909,78783
909,78744
909,78705
909,78666
909,78627
909,78588
909,78549
909,78510
909,78471
909,78432
909,78393
909,78354
909,78315
909,78276
909,78237
909,78198
909,78159
909,78120
909,78081
909,78042
909,78003
909,77964
909,77925
909,77886
909,77847
909,77808
909,77769
909,77730
909,77691
909,77652
909,77613
909,77575
909,77537
909,77499
909,77461
909,77423
909,77385
909,77347
909,77309
909,77271
909,77233
909,77195
909,77157
909,77119
909,77081
909,77043
909,77005
909,76967
909,76929
909,76891
909,76853
909,76815
909,76777
909,76739
909,76701
909,76663
909,76625
909,76587
909,76549
909,76511
909,76473
909,76435
909,76397
909,76359
909,76321
909,76283
909,76245
909,76207
909,76169
909,76131
909,76093
909,76055
909,76017
909,75979
909,75941
909,75903
909,75865
909,75827
909,75789
909,75751
909,75713
909,75675
909,75637
909,75599
909,75561
909,75524
909,75487
909,75450
909,75413
909,75376
909,75339
909,75302
909,75265
909,75228
909,75191
909,75154
909,75117
909,75080
909,75043
909,75006
909,74969
909,74932
909,74895
909,74858
909,74821
909,74784
909,74747
909,74710
909,74673
909,74636
909,74599
909,74562
909,74525
909,74488
909,74451
909,74414
909,74377
909,74340
909,74303
909,74266
909,74229
909,74192
909,74155
909,74118
909,74081
909,74044
909,74007
909,73970
909,73933
909,73896
909,73859
909,73822
909,73785
909,73748
909,73711
909,73674
909,73637
909,73600
909,73563
909,73526
909,73490
909,73454
909,73418
909,73382
909,73346
909,73310
909,73274
909,73238
909,73202
909,73166
909,73130
909,73094
909,73058
909,73022
909,72986
909,72950
909,72914
909,72878
909,72842
909,72806
909,72770
909,72734
909,72698
909,72662
909,72626
909,72590
909,72554
909,72518
909,72482
909,72446
909,72410
909,72374
909,72338
909,72302
909,72266
909,72230
909,72194
909,72158
909,72122
909,72086
909,72050
909,72014
909,71978
909,71942
909,71906
909,71870
909,71834
909,71798
909,71762
909,71726
909,71690
909,71654
909,71618
909,71582
909,71546
909,71510
909,71474
909,71439
909,71404
909,71369
909,71334
909,71299
909,71264
909,71229
909,71194
909,71159
909,71124
909,71089
909,71054
909,71019
909,70984
909,70949
909,70914
909,70879
909,70844
909,70809
909,70774
909,70739
909,70704
909,70669
909,70634
909,70599
909,70564
909,70529
909,70494
909,70459
909,70424
909,70389
909,70354
909,70319
909,70284
909,70249
909,70214
909,70179
909,70144
909,70109
909,70074
909,70039
909,70004
909,69969
909,69934
909,69899
909,69864
909,69829
909,69794
909,69759
909,69724
909,69689
909,69654
909,69619
909,69584
909,69549
909,69514
909,69479
909,69444
909,69410
909,69376
909,69342
909,69308
909,69274
909,69240
909,69206
909,69172
909,69138
909,69104
909,69070
909,69036
909,69002
909,68968
909,68934
909,68900
909,68866
909,68832
909,68798
909,68764
909,68730
909,68696
909,68662
909,68628
909,68594
909,68560
909,68526
909,68492
909,68458
909,68424
909,68390
909,68356
909,68322
909,68288
909,68254
909,68220
909,68186
909,68152
909,68118
909,68084
909,68050
909,68016
909,67982
909,67948
909,67914
909,67880
909,67846
909,67812
909,67778
909,67744
909,67710
909,67676
909,67642
909,67608
909,67574
909,67540
909,67506
909,67472
909,67438
909,67404
909,67371
909,67338
909,67305
909,67272
909,67239
909,67206
909,67173
909,67140
909,67107
909,67074
909,67041
909,67008
909,66975
909,66942
909,66909
909,66876
909,66843
909,66810
909,66777
909,66744
909,66711
909,66678
909,66645
909,66612
909,66579
909,66546
909,66513
909,66480
909,66447
909,66414
909,66381
909,66348
909,66315
909,66282
909,66249
909,66216
909,66183
909,66150
909,66117
909,66084
909,66051
909,66018
909,65985
909,65952
909,65919
909,65886
909,65853
909,65820
909,65787
909,65754
909,65721
909,65688
909,65655
909,65622
909,65589
909,65556
909,65523
909,65490
909,65457
909,65424
909,65391
909,65358
909,65326
909,65294
909,65262
909,65230
909,65198
909,65166
909,65134
909,65102
909,65070
909,65038
909,65006
909,64974
909,64942
909,64910
909,64878
909,64846
909,64814
909,64782
909,64750
909,64718
909,64686
909,64654
909,64622
909,64590
909,64558
909,64526
909,64494
909,64462
909,64430
909,64398
909,64366
909,64334
909,64302
909,64270
909,64238
909,64206
909,64174
909,64142
909,64110
909,64078
909,64046
909,64014
909,63982
909,63950
909,63918
909,63886
909,63854
909,63822
909,63790
909,63758
909,63726
909,63694
909,63662
909,63630
909,63598
909,63566
909,63534
909,63502
909,63470
909,63438
909,63406
909,63374
909,63342
909,63310
909,63279
909,63248
909,63217
909,63186
909,63155
909,63124
909,63093
909,63062
909,63031
909,63000
909,62969
909,62938
909,62907
909,62876
909,62845
909,62814
909,62783
909,62752
909,62721
909,62690
909,62659
909,62628
909,62597
909,62566
909,62535
909,62504
909,62473
909,62442
909,62411
909,62380
909,62349
909,62318
909,62287
909,62256
909,62225
909,62194
909,62163
909,62132
909,62101
909,62070
909,62039
909,62008
909,61977
909,61946
909,61915
909,61884
909,61853
909,61822
909,61791
909,61760
909,61729
909,61698
909,61667
909,61636
909,61605
909,61574
909,61543
909,61512
909,61481
909,61450
909,61419
909,61388
909,61357
909,61326
909,61295
909,61264
909,61234
909,61204
909,61174
909,61144
909,61114
909,61084
909,61054
909,61024
909,60994
909,60964
909,60934
909,60904
909,60874
909,60844
909,60814
909,60784
909,60754
909,60724
909,60694
909,60664
909,60634
909,60604
909,60574
909,60544
909,60514
909,60484
909,60454
909,60424
909,60394
909,60364
909,60334
909,60304
909,60274
909,60244
909,60214
909,60184
909,60154
909,60124
909,60094
909,60064
909,60034
909,60004
909,59974
909,59944
909,59914
909,59884
909,59854
909,59824
909,59794
909,59764
909,59734
909,59704
909,59674
909,59644
909,59614
909,59584
909,59554
909,59524
909,59494
909,59464
909,59434
909,59404
909,59374
909,59344
909,59314
909,59284
909,59254
909,59224
909,59195
909,59166
909,59137
909,59108
909,59079
909,59050
909,59021
909,58992
909,58963
909,58934
909,58905
909,58876
909,58847
909,58818
909,58789
909,58760
909,58731
909,58702
909,58673
909,58644
909,58615
909,58586
909,58557
909,58528
909,58499
909,58470
909,58441
909,58412
909,58383
909,58354
909,58325
909,58296
909,58267
909,58238
909,58209
909,58180
909,58151
909,58122
909,58093
909,58064
909,58035
909,58006
909,57977
909,57948
909,57919
909,57890
909,57861
909,57832
909,57803
909,57774
909,57745
909,57716
909,57687
909,57658
909,57629
909,57600
909,57571
909,57542
909,57513
909,57484
909,57455
909,57426
909,57397
909,57368
909,57339
909,57310
909,57281
909,57252
909,57223
909,57194
909,57165
909,57137
909,57109
909,57081
909,57053
909,57025
909,56997
909,56969
909,56941
909,56913
909,56885
909,56857
909,56829
909,56801
909,56773
909,56745
909,56717
909,56689
909,56661
909,56633
909,56605
909,56577
909,56549
909,56521
909,56493
909,56465
909,56437
909,56409
909,56381
909,56353
909,56325
909,56297
909,56269
909,56241
909,56213
909,56185
909,56157
909,56129
909,56101
909,56073
909,56045
909,56017
909,55989
909,55961
909,55933
909,55905
909,55877
909,55849
909,55821
909,55793
909,55765
909,55737
909,55709
909,55681
909,55653
909,55625
909,55597
909,55569
909,55541
909,55513
909,55485
909,55457
909,55429
909,55401
909,55373
909,55345
909,55317
909,55289
909,55261
909,55233
909,55205
909,55177
909,55149
909,55122
909,55095
909,55068
909,55041
909,55014
909,54987
909,54960
909,54933
909,54906
909,54879
909,54852
909,54825
909,54798
909,54771
909,54744
909,54717
909,54690
909,54663
909,54636
909,54609
909,54582
909,54555
909,54528
909,54501
909,54474
909,54447
909,54420
909,54393
909,54366
909,54339
909,54312
909,54285
909,54258
909,54231
909,54204
909,54177
909,54150
909,54123
909,54096
909,54069
909,54042
909,54015
909,53988
909,53961
909,53934
909,53907
909,53880
909,53853
909,53826
909,53799
909,53772
909,53745
909,53718
909,53691
909,53664
909,53637
909,53610
909,53583
909,53556
909,53529
909,53502
909,53475
909,53448
909,53421
909,53394
909,53367
909,53340
909,53313
909,53286
909,53259
909,53232
909,53205
909,53178
909,53151
909,53124
909,53097
909,53071
909,53045
909,53019
909,52993
909,52967
909,52941
909,52915
909,52889
909,52863
909,52837
909,52811
909,52785
909,52759
909,52733
909,52707
909,52681
909,52655
909,52629
909,52603
909,52577
909,52551
909,52525
909,52499
909,52473
909,52447
909,52421
909,52395
909,52369
909,52343
909,52317
909,52291
909,52265
909,52239
909,52213
909,52187
909,52161
909,52135
909,52109
909,52083
909,52057
909,52031
909,52005
909,51979
909,51953
909,51927
909,51901
909,51875
909,51849
909,51823
909,51797
909,51771
909,51745
909,51719
909,51693
909,51667
909,51641
909,51615
909,51589
909,51563
909,51537
909,51511
909,51485
909,51459
909,51433
909,51407
909,51381
909,51355
909,51329
909,51303
909,51277
909,51251
909,51225
909,51199
909,51173
909,51147
909,51121
909,51095
909,51069
909,51043
909,51018
909,50993
909,50968
909,50943
909,50918
909,50893
909,50868
909,50843
909,50818
909,50793
909,50768
909,50743
909,50718
909,50693
909,50668
909,50643
909,50618
909,50593
909,50568
909,50543
909,50518
909,50493
909,50468
909,50443
909,50418
909,50393
909,50368
909,50343
909,50318
909,50293
909,50268
909,50243
909,50218
909,50193
909,50168
909,50143
909,50118
909,50093
909,50068
909,50043
909,50018
909,49993
909,49968
909,49943
909,49918
909,49893
909,49868
909,49843
909,49818
909,49793
909,49768
909,49743
909,49718
909,49693
909,49668
909,49643
909,49618
909,49593
909,49568
909,49543
909,49518
909,49493
909,49468
909,49443
909,49418
909,49393
909,49368
909,49343
909,49318
909,49293
909,49268
909,49243
909,49218
909,49193
909,49168
909,49143
909,49118
909,49093
909,49068
909,49043
909,49018
909,48994
909,48970
909,48946
909,48922
909,48898
909,48874
909,48850
909,48826
909,48802
909,48778
909,48754
909,48730
909,48706
909,48682
909,48658
909,48634
909,48610
909,48586
909,48562
909,48538
909,48514
909,48490
909,48466
909,48442
909,48418
909,48394
909,48370
909,48346
909,48322
909,48298
909,48274
909,48250
909,48226
909,48202
909,48178
909,48154
909,48130
909,48106
909,48082
909,48058
909,48034
909,48010
909,47986
909,47962
909,47938
909,47914
909,47890
909,47866
909,47842
909,47818
909,47794
909,47770
909,47746
909,47722
909,47698
909,47674
909,47650
909,47626
909,47602
909,47578
909,47554
909,47530
909,47506
909,47482
909,47458
909,47434
909,47410
909,47386
909,47362
909,47338
909,47314
909,47290
909,47266
909,47242
909,47218
909,47194
909,47170
909,47146
909,47122
909,47098
909,47074
909,47050
909,47026
909,47002
909,46978
909,46955
909,46932
909,46909
909,46886
909,46863
909,46840
909,46817
909,46794
909,46771
909,46748
909,46725
909,46702
909,46679
909,46656
909,46633
909,46610
909,46587
909,46564
909,46541
909,46518
909,46495
909,46472
909,46449
909,46426
909,46403
909,46380
909,46357
909,46334
909,46311
909,46288
909,46265
909,46242
909,46219
909,46196
909,46173
909,46150
909,46127
909,46104
909,46081
909,46058
909,46035
909,46012
909,45989
909,45966
909,45943
909,45920
909,45897
909,45874
909,45851
909,45828
909,45805
909,45782
909,45759
909,45736
909,45713
909,45690
909,45667
909,45644
909,45621
909,45598
909,45575
909,45552
909,45529
909,45506
909,45483
909,45460
909,45437
909,45414
909,45391
909,45368
909,45345
909,45322
909,45299
909,45276
909,45253
909,45230
909,45207
909,45184
909,45161
909,45138
909,45115
909,45092
909,45069
909,45046
909,45023
909,45000
909,44977
909,44954
909,44931
909,44909
909,44887
909,44865
909,44843
909,44821
909,44799
909,44777
909,44755
909,44733
909,44711
909,44689
909,44667
909,44645
909,44623
909,44601
909,44579
909,44557
909,44535
909,44513
909,44491
909,44469
909,44447
909,44425
909,44403
909,44381
909,44359
909,44337
909,44315
909,44293
909,44271
909,44249
909,44227
909,44205
909,44183
909,44161
909,44139
909,44117
909,44095
909,44073
909,44051
909,44029
909,44007
909,43985
909,43963
909,43941
909,43919
909,43897
909,43875
909,43853
909,43831
909,43809
909,43787
909,43765
909,43743
909,43721
909,43699
909,43677
909,43655
909,43633
909,43611
909,43589
909,43567
909,43545
909,43523
909,43501
909,43479
909,43457
909,43435
909,43413
909,43391
909,43369
909,43347
909,43325
909,43303
909,43281
909,43259
909,43237
909,43215
909,43193
909,43171
909,43149
909,43127
909,43105
909,43083
909,43061
909,43039
909,43017
909,42995
909,42973
909,42951
909,42929
909,42907
909,42885
909,42864
909,42843
909,42822
909,42801
909,42780
909,42759
909,42738
909,42717
909,42696
909,42675
909,42654
909,42633
909,42612
909,42591
909,42570
909,42549
909,42528
909,42507
909,42486
909,42465
909,42444
909,42423
909,42402
909,42381
909,42360
909,42339
909,42318
909,42297
909,42276
909,42255
909,42234
909,42213
909,42192
909,42171
909,42150
909,42129
909,42108
909,42087
909,42066
909,42045
909,42024
909,42003
909,41982
909,41961
909,41940
909,41919
909,41898
909,41877
909,41856
909,41835
909,41814
909,41793
909,41772
909,41751
909,41730
909,41709
909,41688
909,41667
909,41646
909,41625
909,41604
909,41583
909,41562
909,41541
909,41520
909,41499
909,41478
909,41457
909,41436
909,41415
909,41394
909,41373
909,41352
909,41331
909,41310
909,41289
909,41268
909,41247
909,41226
909,41205
909,41184
909,41163
909,41142
909,41121
909,41100
909,41079
909,41058
909,41037
909,41016
909,40995
909,40974
909,40953
909,40932
909,40911
909,40890
909,40869
909,40848
909,40828
909,40808
909,40788
909,40768
909,40748
909,40728
909,40708
909,40688
909,40668
909,40648
909,40628
909,40608
909,40588
909,40568
909,40548
909,40528
909,40508
909,40488
909,40468
909,40448
909,40428
909,40408
909,40388
909,40368
909,40348
909,40328
909,40308
909,40288
909,40268
909,40248
909,40228
909,40208
909,40188
909,40168
909,40148
909,40128
909,40108
909,40088
909,40068
909,40048
909,40028
909,40008
909,39988
909,39968
909,39948
909,39928
909,39908
909,39888
909,39868
909,39848
909,39828
909,39808
909,39788
909,39768
909,39748
909,39728
909,39708
909,39688
909,39668
909,39648
909,39628
909,39608
909,39588
909,39568
909,39548
909,39528
909,39508
909,39488
909,39468
909,39448
909,39428
909,39408
909,39388
909,39368
909,39348
909,39328
909,39308
909,39288
909,39268
909,39248
909,39228
909,39208
909,39188
909,39168
909,39148
909,39128
909,39108
909,39088
909,39068
909,39048
909,39028
909,39008
909,38988
909,38968
909,38948
909,38928
909,38908
909,38888
909,38868
909,38848
909,38828
909,38808
909,38789
909,38770
909,38751
909,38732
909,38713
909,38694
909,38675
909,38656
909,38637
909,38618
909,38599
909,38580
909,38561
909,38542
909,38523
909,38504
909,38485
909,38466
909,38447
909,38428
909,38409
909,38390
909,38371
909,38352
909,38333
909,38314
909,38295
909,38276
909,38257
909,38238
909,38219
909,38200
909,38181
909,38162
909,38143
909,38124
909,38105
909,38086
909,38067
909,38048
909,38029
909,38010
909,37991
909,37972
909,37953
909,37934
909,37915
909,37896
909,37877
909,37858
909,37839
909,37820
909,37801
909,37782
909,37763
909,37744
909,37725
909,37706
909,37687
909,37668
909,37649
909,37630
909,37611
909,37592
909,37573
909,37554
909,37535
909,37516
909,37497
909,37478
909,37459
909,37440
909,37421
909,37402
909,37383
909,37364
909,37345
909,37326
909,37307
909,37288
909,37269
909,37250
909,37231
909,37212
909,37193
909,37174
909,37155
909,37136
909,37117
909,37098
909,37079
909,37060
909,37041
909,37022
909,37003
909,36984
909,36965
909,36946
909,36927
909,36908
909,36889
909,36870
909,36851
909,36832
909,36813
909,36794
909,36775
909,36756
909,36738
909,36720
909,36702
909,36684
909,36666
909,36648
909,36630
909,36612
909,36594
909,36576
909,36558
909,36540
909,36522
909,36504
909,36486
909,36468
909,36450
909,36432
909,36414
909,36396
909,36378
909,36360
909,36342
909,36324
909,36306
909,36288
909,36270
909,36252
909,36234
909,36216
909,36198
909,36180
909,36162
909,36144
909,36126
909,36108
909,36090
909,36072
909,36054
909,36036
909,36018
909,36000
909,35982
909,35964
909,35946
909,35928
909,35910
909,35892
909,35874
909,35856
909,35838
909,35820
909,35802
909,35784
909,35766
909,35748
909,35730
909,35712
909,35694
909,35676
909,35658
909,35640
909,35622
909,35604
909,35586
909,35568
909,35550
909,35532
909,35514
909,35496
909,35478
909,35460
909,35442
909,35424
909,35406
909,35388
909,35370
909,35352
909,35334
909,35316
909,35298
909,35280
909,35262
909,35244
909,35226
909,35208
909,35190
909,35172
909,35154
909,35136
909,35118
909,35100
909,35082
909,35064
909,35046
909,35028
909,35010
909,34992
909,34974
909,34956
909,34938
909,34920
909,34902
909,34884
909,34866
909,34848
909,34830
909,34812
909,34794
909,34776
909,34758
909,34740
909,34722
909,34705
909,34688
909,34671
909,34654
909,34637
909,34620
909,34603
909,34586
909,34569
909,34552
909,34535
909,34518
909,34501
909,34484
909,34467
909,34450
909,34433
909,34416
909,34399
909,34382
909,34365
909,34348
909,34331
909,34314
909,34297
909,34280
909,34263
909,34246
909,34229
909,34212
909,34195
909,34178
909,34161
909,34144
909,34127
909,34110
909,34093
909,34076
909,34059
909,34042
909,34025
909,34008
909,33991
909,33974
909,33957
909,33940
909,33923
909,33906
909,33889
909,33872
909,33855
909,33838
909,33821
909,33804
909,33787
909,33770
909,33753
909,33736
909,33719
909,33702
909,33685
909,33668
909,33651
909,33634
909,33617
909,33600
909,33583
909,33566
909,33549
909,33532
909,33515
909,33498
909,33481
909,33464
909,33447
909,33430
909,33413
909,33396
909,33379
909,33362
909,33345
909,33328
909,33311
909,33294
909,33277
909,33260
909,33243
909,33226
909,33209
909,33192
909,33175
909,33158
909,33141
909,33124
909,33107
909,33090
909,33073
909,33056
909,33039
909,33022
909,33005
909,32988
909,32971
909,32954
909,32937
909,32920
909,32903
909,32886
909,32869
909,32852
909,32835
909,32818
909,32801
909,32784
909,32767
909,32750
909,32733
909,32716
909,32699
909,32682
909,32665
909,32649
909,32633
909,32617
909,32601
909,32585
909,32569
909,32553
909,32537
909,32521
909,32505
909,32489
909,32473
909,32457
909,32441
909,32425
909,32409
909,32393
909,32377
909,32361
909,32345
909,32329
909,32313
909,32297
909,32281
909,32265
909,32249
909,32233
909,32217
909,32201
909,32185
909,32169
909,32153
909,32137
909,32121
909,32105
909,32089
909,32073
909,32057
909,32041
909,32025
909,32009
909,31993
909,31977
909,31961
909,31945
909,31929
909,31913
909,31897
909,31881
909,31865
909,31849
909,31833
909,31817
909,31801
909,31785
909,31769
909,31753
909,31737
909,31721
909,31705
909,31689
909,31673
909,31657
909,31641
909,31625
909,31609
909,31593
909,31577
909,31561
909,31545
909,31529
909,31513
909,31497
909,31481
909,31465
909,31449
909,31433
909,31417
909,31401
909,31385
909,31369
909,31353
909,31337
909,31321
909,31305
909,31289
909,31273
909,31257
909,31241
909,31225
909,31209
909,31193
909,31177
909,31161
909,31145
909,31129
909,31113
909,31097
909,31081
909,31065
909,31049
909,31033
909,31017
909,31001
909,30985
909,30969
909,30953
909,30937
909,30921
909,30905
909,30889
909,30873
909,30857
909,30841
909,30825
909,30809
909,30793
909,30777
909,30761
909,30745
909,30729
909,30713
909,30697
909,30681
909,30665
909,30649
909,30633
909,30618
909,30603
909,30588
909,30573
909,30558
909,30543
909,30528
909,30513
909,30498
909,30483
909,30468
909,30453
909,30438
909,30423
909,30408
909,30393
909,30378
909,30363
909,30348
909,30333
909,30318
909,30303
909,30288
909,30273
909,30258
909,30243
909,30228
909,30213
909,30198
909,30183
909,30168
909,30153
909,30138
909,30123
909,30108
909,30093
909,30078
909,30063
909,30048
909,30033
909,30018
909,30003
909,29988
909,29973
909,29958
909,29943
909,29928
909,29913
909,29898
909,29883
909,29868
909,29853
909,29838
909,29823
909,29808
909,29793
909,29778
909,29763
909,29748
909,29733
909,29718
909,29703
909,29688
909,29673
909,29658
909,29643
909,29628
909,29613
909,29598
909,29583
909,29568
909,29553
909,29538
909,29523
909,29508
909,29493
909,29478
909,29463
909,29448
909,29433
909,29418
909,29403
909,29388
909,29373
909,29358
909,29343
909,29328
909,29313
909,29298
909,29283
909,29268
909,29253
909,29238
909,29223
909,29208
909,29193
909,29178
909,29163
909,29148
909,29133
909,29118
909,29103
909,29088
909,29073
909,29058
909,29043
909,29028
909,29013
909,28998
909,28983
909,28968
909,28953
909,28938
909,28923
909,28908
909,28893
909,28878
909,28863
909,28848
909,28833
909,28818
909,28803
909,28788
909,28773
909,28758
909,28743
909,28728
909,28713
909,28698
909,28683
909,28668
909,28653
909,28638
909,28623
909,28608
909,28593
909,28579
909,28565
909,28551
909,28537
909,28523
909,28509
909,28495
909,28481
909,28467
909,28453
909,28439
909,28425
909,28411
909,28397
909,28383
909,28369
909,28355
909,28341
909,28327
909,28313
909,28299
909,28285
909,28271
909,28257
909,28243
909,28229
909,28215
909,28201
909,28187
909,28173
909,28159
909,28145
909,28131
909,28117
909,28103
909,28089
909,28075
909,28061
909,28047
909,28033
909,28019
909,28005
909,27991
909,27977
909,27963
909,27949
909,27935
909,27921
909,27907
909,27893
909,27879
909,27865
909,27851
909,27837
909,27823
909,27809
909,27795
909,27781
909,27767
909,27753
909,27739
909,27725
909,27711
909,27697
909,27683
909,27669
909,27655
909,27641
909,27627
909,27613
909,27599
909,27585
909,27571
909,27557
909,27543
909,27529
909,27515
909,27501
909,27487
909,27473
909,27459
909,27445
909,27431
909,27417
909,27403
909,27389
909,27375
909,27361
909,27347
909,27333
909,27319
909,27305
909,27291
909,27277
909,27263
909,27249
909,27235
909,27221
909,27207
909,27193
909,27179
909,27165
909,27151
909,27137
909,27123
909,27109
909,27095
909,27081
909,27067
909,27053
909,27039
909,27025
909,27011
909,26997
909,26983
909,26969
909,26955
909,26941
909,26927
909,26913
909,26899
909,26885
909,26871
909,26857
909,26843
909,26829
909,26815
909,26801
909,26787
909,26773
909,26759
909,26745
909,26731
909,26717
909,26703
909,26689
909,26675
909,26661
909,26647
909,26633
909,26619
909,26605
909,26591
909,26577
909,26563
909,26549
909,26536
909,26523
909,26510
909,26497
909,26484
909,26471
909,26458
909,26445
909,26432
909,26419
909,26406
909,26393
909,26380
909,26367
909,26354
909,26341
909,26328
909,26315
909,26302
909,26289
909,26276
909,26263
909,26250
909,26237
909,26224
909,26211
909,26198
909,26185
909,26172
909,26159
909,26146
909,26133
909,26120
909,26107
909,26094
909,26081
909,26068
909,26055
909,26042
909,26029
909,26016
909,26003
909,25990
909,25977
909,25964
909,25951
909,25938
909,25925
909,25912
909,25899
909,25886
909,25873
909,25860
909,25847
909,25834
909,25821
909,25808
909,25795
909,25782
909,25769
909,25756
909,25743
909,25730
909,25717
909,25704
909,25691
909,25678
909,25665
909,25652
909,25639
909,25626
909,25613
909,25600
909,25587
909,25574
909,25561
909,25548
909,25535
909,25522
909,25509
909,25496
909,25483
909,25470
909,25457
909,25444
909,25431
909,25418
909,25405
909,25392
909,25379
909,25366
909,25353
909,25340
909,25327
909,25314
909,25301
909,25288
909,25275
909,25262
909,25249
909,25236
909,25223
909,25210
909,25197
909,25184
909,25171
909,25158
909,25145
909,25132
909,25119
909,25106
909,25093
909,25080
909,25067
909,25054
909,25041
909,25028
909,25015
909,25002
909,24989
909,24976
909,24963
909,24950
909,24937
909,24924
909,24911
909,24898
909,24885
909,24872
909,24859
909,24846
909,24833
909,24820
909,24807
909,24794
909,24781
909,24768
909,24755
909,24742
909,24729
909,24716
909,24703
909,24690
909,24677
909,24664
909,24651
909,24638
909,24625
909,24612
909,24599
909,24586
909,24573
909,24560
909,24547
909,24534
909,24521
909,24508
909,24496
909,24484
909,24472
909,24460
909,24448
909,24436
909,24424
909,24412
909,24400
909,24388
909,24376
909,24364
909,24352
909,24340
909,24328
909,24316
909,24304
909,24292
909,24280
909,24268
909,24256
909,24244
909,24232
909,24220
909,24208
909,24196
909,24184
909,24172
909,24160
909,24148
909,24136
909,24124
909,24112
909,24100
909,24088
909,24076
909,24064
909,24052
909,24040
909,24028
909,24016
909,24004
909,23992
909,23980
909,23968
909,23956
909,23944
909,23932
909,23920
909,23908
909,23896
909,23884
909,23872
909,23860
909,23848
909,23836
909,23824
909,23812
909,23800
909,23788
909,23776
909,23764
909,23752
909,23740
909,23728
909,23716
909,23704
909,23692
909,23680
909,23668
909,23656
909,23644
909,23632
909,23620
909,23608
909,23596
909,23584
909,23572
909,23560
909,23548
909,23536
909,23524
909,23512
909,23500
909,23488
909,23476
909,23464
909,23452
909,23440
909,23428
909,23416
909,23404
909,23392
909,23380
909,23368
909,23356
909,23344
909,23332
909,23320
909,23308
909,23296
909,23284
909,23272
909,23260
909,23248
909,23236
909,23224
909,23212
909,23200
909,23188
909,23176
909,23164
909,23152
909,23140
909,23128
909,23116
909,23104
909,23092
909,23080
909,23068
909,23056
909,23044
909,23032
909,23020
909,23008
909,22996
909,22984
909,22972
909,22960
909,22948
909,22936
909,22924
909,22912
909,22900
909,22888
909,22876
909,22864
909,22852
909,22840
909,22828
909,22816
909,22804
909,22792
909,22780
909,22768
909,22756
909,22744
909,22732
909,22720
909,22708
909,22696
909,22684
909,22672
909,22660
909,22648
909,22636
909,22624
909,22612
909,22600
909,22588
909,22576
909,22564
909,22552
909,22540
909,22528
909,22516
909,22504
909,22492
909,22480
909,22468
909,22456
909,22445
909,22434
909,22423
909,22412
909,22401
909,22390
909,22379
909,22368
909,22357
909,22346
909,22335
909,22324
909,22313
909,22302
909,22291
909,22280
909,22269
909,22258
909,22247
909,22236
909,22225
909,22214
909,22203
909,22192
909,22181
909,22170
909,22159
909,22148
909,22137
909,22126
909,22115
909,22104
909,22093
909,22082
909,22071
909,22060
909,22049
909,22038
909,22027
909,22016
909,22005
909,21994
909,21983
909,21972
909,21961
909,21950
909,21939
909,21928
909,21917
909,21906
909,21895
909,21884
909,21873
909,21862
909,21851
909,21840
909,21829
909,21818
909,21807
909,21796
909,21785
909,21774
909,21763
909,21752
909,21741
909,21730
909,21719
909,21708
909,21697
909,21686
909,21675
909,21664
909,21653
909,21642
909,21631
909,21620
909,21609
909,21598
909,21587
909,21576
909,21565
909,21554
909,21543
909,21532
909,21521
909,21510
909,21499
909,21488
909,21477
909,21466
909,21455
909,21444
909,21433
909,21422
909,21411
909,21400
909,21389
909,21378
909,21367
909,21356
909,21345
909,21334
909,21323
909,21312
909,21301
909,21290
909,21279
909,21268
909,21257
909,21246
909,21235
909,21224
909,21213
909,21202
909,21191
909,21180
909,21169
909,21158
909,21147
909,21136
909,21125
909,21114
909,21103
909,21092
909,21081
909,21070
909,21059
909,21048
909,21037
909,21026
909,21015
909,21004
909,20993
909,20982
909,20971
909,20960
909,20949
909,20938
909,20927
909,20916
909,20905
909,20894
909,20883
909,20872
909,20861
909,20850
909,20839
909,20828
909,20817
909,20806
909,20795
909,20784
909,20773
909,20762
909,20751
909,20740
909,20729
909,20718
909,20707
909,20696
909,20685
909,20674
909,20663
909,20652
909,20641
909,20630
909,20619
909,20608
909,20597
909,20586
909,20575
909,20564
909,20553
909,20542
909,20531
909,20520
909,20509
909,20498
909,20487
909,20476
909,20465
909,20454
909,20443
909,20432
909,20421
909,20411
909,20401
909,20391
909,20381
909,20371
909,20361
909,20351
909,20341
909,20331
909,20321
909,20311
909,20301
909,20291
909,20281
909,20271
909,20261
909,20251
909,20241
909,20231
909,20221
909,20211
909,20201
909,20191
909,20181
909,20171
909,20161
909,20151
909,20141
909,20131
909,20121
909,20111
909,20101
909,20091
909,20081
909,20071
909,20061
909,20051
909,20041
909,20031
909,20021
909,20011
909,20001
909,19991
909,19981
909,19971
909,19961
909,19951
909,19941
909,19931
909,19921
909,19911
909,19901
909,19891
909,19881
909,19871
909,19861
909,19851
909,19841
909,19831
909,19821
909,19811
909,19801
909,19791
909,19781
909,19771
909,19761
909,19751
909,19741
909,19731
909,19721
909,19711
909,19701
909,19691
909,19681
909,19671
909,19661
909,19651
909,19641
909,19631
909,19621
909,19611
909,19601
909,19591
909,19581
909,19571
909,19561
909,19551
909,19541
909,19531
909,19521
909,19511
909,19501
909,19491
909,19481
909,19471
909,19461
909,19451
909,19441
909,19431
909,19421
909,19411
909,19401
909,19391
909,19381
909,19371
909,19361
909,19351
909,19341
909,19331
909,19321
909,19311
909,19301
909,19291
909,19281
909,19271
909,19261
909,19251
909,19241
909,19231
909,19221
909,19211
909,19201
909,19191
909,19181
909,19171
909,19161
909,19151
909,19141
909,19131
909,19121
909,19111
909,19101
909,19091
909,19081
909,19071
909,19061
909,19051
909,19041
909,19031
909,19021
909,19011
909,19001
909,18991
909,18981
909,18971
909,18961
909,18951
909,18941
909,18931
909,18921
909,18911
909,18901
909,18891
909,18881
909,18871
909,18861
909,18851
909,18841
909,18831
909,18821
909,18811
909,18801
909,18791
909,18781
909,18771
909,18761
909,18751
909,18741
909,18731
909,18721
909,18711
909,18701
909,18691
909,18681
909,18671
909,18661
909,18651
909,18641
909,18631
909,18621
909,18611
909,18601
909,18591
909,18581
909,18571
909,18561
909,18551
909,18541
909,18531
909,18521
909,18511
909,18501
909,18491
909,18481
909,18471
909,18461
909,18451
909,18441
909,18431
909,18421
909,18411
909,18401
909,18391
909,18381
909,18372
909,18363
909,18354
909,18345
909,18336
909,18327
909,18318
909,18309
909,18300
909,18291
909,18282
909,18273
909,18264
909,18255
909,18246
909,18237
909,18228
909,18219
909,18210
909,18201
909,18192
909,18183
909,18174
909,18165
909,18156
909,18147
909,18138
909,18129
909,18120
909,18111
909,18102
909,18093
909,18084
909,18075
909,18066
909,18057
909,18048
909,18039
909,18030
909,18021
909,18012
909,18003
909,17994
909,17985
909,17976
909,17967
909,17958
909,17949
909,17940
909,17931
909,17922
909,17913
909,17904
909,17895
909,17886
909,17877
909,17868
909,17859
909,17850
909,17841
909,17832
909,17823
909,17814
909,17805
909,17796
909,17787
909,17778
909,17769
909,17760
909,17751
909,17742
909,17733
909,17724
909,17715
909,17706
909,17697
909,17688
909,17679
909,17670
909,17661
909,17652
909,17643
909,17634
909,17625
909,17616
909,17607
909,17598
909,17589
909,17580
909,17571
909,17562
909,17553
909,17544
909,17535
909,17526
909,17517
909,17508
909,17499
909,17490
909,17481
909,17472
909,17463
909,17454
909,17445
909,17436
909,17427
909,17418
909,17409
909,17400
909,17391
909,17382
909,17373
909,17364
909,17355
909,17346
909,17337
909,17328
909,17319
909,17310
909,17301
909,17292
909,17283
909,17274
909,17265
909,17256
909,17247
909,17238
909,17229
909,17220
909,17211
909,17202
909,17193
909,17184
909,17175
909,17166
909,17157
909,17148
909,17139
909,17130
909,17121
909,17112
909,17103
909,17094
909,17085
909,17076
909,17067
909,17058
909,17049
909,17040
909,17031
909,17022
909,17013
909,17004
909,16995
909,16986
909,16977
909,16968
909,16959
909,16950
909,16941
909,16932
909,16923
909,16914
909,16905
909,16896
909,16887
909,16878
909,16869
909,16860
909,16851
909,16842
909,16833
909,16824
909,16815
909,16806
909,16797
909,16788
909,16779
909,16770
909,16761
909,16752
909,16743
909,16734
909,16725
909,16716
909,16707
909,16698
909,16689
909,16680
909,16671
909,16662
909,16653
909,16644
909,16635
909,16626
909,16617
909,16608
909,16599
909,16590
909,16581
909,16572
909,16563
909,16554
909,16545
909,16536
909,16527
909,16518
909,16509
909,16500
909,16491
909,16482
909,16473
909,16464
909,16455
909,16446
909,16437
909,16428
909,16419
909,16410
909,16401
909,16392
909,16383
909,16374
909,16365
909,16356
909,16347
909,16338
909,16330
909,16322
909,16314
909,16306
909,16298
909,16290
909,16282
909,16274
909,16266
909,16258
909,16250
909,16242
909,16234
909,16226
909,16218
909,16210
909,16202
909,16194
909,16186
909,16178
909,16170
909,16162
909,16154
909,16146
909,16138
909,16130
909,16122
909,16114
909,16106
909,16098
909,16090
909,16082
909,16074
909,16066
909,16058
909,16050
909,16042
909,16034
909,16026
909,16018
909,16010
909,16002
909,15994
909,15986
909,15978
909,15970
909,15962
909,15954
909,15946
909,15938
909,15930
909,15922
909,15914
909,15906
909,15898
909,15890
909,15882
909,15874
909,15866
909,15858
909,15850
909,15842
909,15834
909,15826
909,15818
909,15810
909,15802
909,15794
909,15786
909,15778
909,15770
909,15762
909,15754
909,15746
909,15738
909,15730
909,15722
909,15714
909,15706
909,15698
909,15690
909,15682
909,15674
909,15666
909,15658
909,15650
909,15642
909,15634
909,15626
909,15618
909,15610
909,15602
909,15594
909,15586
909,15578
909,15570
909,15562
909,15554
909,15546
909,15538
909,15530
909,15522
909,15514
909,15506
909,15498
909,15490
909,15482
909,15474
909,15466
909,15458
909,15450
909,15442
909,15434
909,15426
909,15418
909,15410
909,15402
909,15394
909,15386
909,15378
909,15370
909,15362
909,15354
909,15346
909,15338
909,15330
909,15322
909,15314
909,15306
909,15298
909,15290
909,15282
909,15274
909,15266
909,15258
909,15250
909,15242
909,15234
909,15226
909,15218
909,15210
909,15202
909,15194
909,15186
909,15178
909,15170
909,15162
909,15154
909,15146
909,15138
909,15130
909,15122
909,15114
909,15106
909,15098
909,15090
909,15082
909,15074
909,15066
909,15058
909,15050
909,15042
909,15034
909,15026
909,15018
909,15010
909,15002
909,14994
909,14986
909,14978
909,14970
909,14962
909,14954
909,14946
909,14938
909,14930
909,14922
909,14914
909,14906
909,14898
909,14890
909,14882
909,14874
909,14866
909,14858
909,14850
909,14842
909,14834
909,14826
909,14818
909,14810
909,14802
909,14794
909,14786
909,14778
909,14770
909,14762
909,14754
909,14746
909,14738
909,14730
909,14722
909,14714
909,14706
909,14698
909,14690
909,14682
909,14674
909,14666
909,14658
909,14650
909,14642
909,14634
909,14626
909,14618
909,14610
909,14602
909,14594
909,14586
909,14578
909,14570
909,14562
909,14554
909,14546
909,14538
909,14530
909,14522
909,14514
909,14506
909,14498
909,14490
909,14482
909,14474
909,14466
909,14458
909,14450
909,14442
909,14434
909,14426
909,14418
909,14410
909,14402
909,14394
909,14386
909,14378
909,14370
909,14362
909,14354
909,14346
909,14338
909,14330
909,14322
909,14314
909,14306
909,14298
909,14290
909,14283
909,14276
909,14269
909,14262
909,14255
909,14248
909,14241
909,14234
909,14227
909,14220
909,14213
909,14206
909,14199
909,14192
909,14185
909,14178
909,14171
909,14164
909,14157
909,14150
909,14143
909,14136
909,14129
909,14122
909,14115
909,14108
909,14101
909,14094
909,14087
909,14080
909,14073
909,14066
909,14059
909,14052
909,14045
909,14038
909,14031
909,14024
909,14017
909,14010
909,14003
909,13996
909,13989
909,13982
909,13975
909,13968
909,13961
909,13954
909,13947
909,13940
909,13933
909,13926
909,13919
909,13912
909,13905
909,13898
909,13891
909,13884
909,13877
909,13870
909,13863
909,13856
909,13849
909,13842
909,13835
909,13828
909,13821
909,13814
909,13807
909,13800
909,13793
909,13786
909,13779
909,13772
909,13765
909,13758
909,13751
909,13744
909,13737
909,13730
909,13723
909,13716
909,13709
909,13702
909,13695
909,13688
909,13681
909,13674
909,13667
909,13660
909,13653
909,13646
909,13639
909,13632
909,13625
909,13618
909,13611
909,13604
909,13597
909,13590
909,13583
909,13576
909,13569
909,13562
909,13555
909,13548
909,13541
909,13534
909,13527
909,13520
909,13513
909,13506
909,13499
909,13492
909,13485
909,13478
909,13471
909,13464
909,13457
909,13450
909,13443
909,13436
909,13429
909,13422
909,13415
909,13408
909,13401
909,13394
909,13387
909,13380
909,13373
909,13366
909,13359
909,13352
909,13345
909,13338
909,13331
909,13324
909,13317
909,13310
909,13303
909,13296
909,13289
909,13282
909,13275
909,13268
909,13261
909,13254
909,13247
909,13240
909,13233
909,13226
909,13219
909,13212
909,13205
909,13198
909,13191
909,13184
909,13177
909,13170
909,13163
909,13156
909,13149
909,13142
909,13135
909,13128
909,13121
909,13114
909,13107
909,13100
909,13093
909,13086
909,13079
909,13072
909,13065
909,13058
909,13051
909,13044
909,13037
909,13030
909,13023
909,13016
909,13009
909,13002
909,12995
909,12988
909,12981
909,12974
909,12967
909,12960
909,12953
909,12946
909,12939
909,12932
909,12925
909,12918
909,12911
909,12904
909,12897
909,12890
909,12883
909,12876
909,12869
909,12862
909,12855
909,12848
909,12841
909,12834
909,12827
909,12820
909,12813
909,12806
909,12799
909,12792
909,12785
909,12778
909,12771
909,12764
909,12757
909,12750
909,12743
909,12736
909,12729
909,12722
909,12715
909,12708
909,12701
909,12694
909,12687
909,12680
909,12673
909,12666
909,12659
909,12652
909,12645
909,12638
909,12631
909,12624
909,12617
909,12610
909,12603
909,12596
909,12589
909,12582
909,12575
909,12568
909,12561
909,12554
909,12547
909,12540
909,12533
909,12526
909,12519
909,12512
909,12505
909,12498
909,12491
909,12484
909,12477
909,12470
909,12463
909,12456
909,12449
909,12442
909,12435
909,12428
909,12421
909,12414
909,12407
909,12400
909,12393
909,12386
909,12379
909,12372
909,12365
909,12358
909,12351
909,12344
909,12337
909,12330
909,12323
909,12316
909,12309
909,12302
909,12295
909,12288
909,12281
909,12274
909,12267
909,12260
909,12253
909,12247
909,12241
909,12235
909,12229
909,12223
909,12217
909,12211
909,12205
909,12199
909,12193
909,12187
909,12181
909,12175
909,12169
909,12163
909,12157
909,12151
909,12145
909,12139
909,12133
909,12127
909,12121
909,12115
909,12109
909,12103
909,12097
909,12091
909,12085
909,12079
909,12073
909,12067
909,12061
909,12055
909,12049
909,12043
909,12037
909,12031
909,12025
909,12019
909,12013
909,12007
909,12001
909,11995
909,11989
909,11983
909,11977
909,11971
909,11965
909,11959
909,11953
909,11947
909,11941
909,11935
909,11929
909,11923
909,11917
909,11911
909,11905
909,11899
909,11893
909,11887
909,11881
909,11875
909,11869
909,11863
909,11857
909,11851
909,11845
909,11839
909,11833
909,11827
909,11821
909,11815
909,11809
909,11803
909,11797
909,11791
909,11785
909,11779
909,11773
909,11767
909,11761
909,11755
909,11749
909,11743
909,11737
909,11731
909,11725
909,11719
909,11713
909,11707
909,11701
909,11695
909,11689
909,11683
909,11677
909,11671
909,11665
909,11659
909,11653
909,11647
909,11641
909,11635
909,11629
909,11623
909,11617
909,11611
909,11605
909,11599
909,11593
909,11587
909,11581
909,11575
909,11569
909,11563
909,11557
909,11551
909,11545
909,11539
909,11533
909,11527
909,11521
909,11515
909,11509
909,11503
909,11497
909,11491
909,11485
909,11479
909,11473
909,11467
909,11461
909,11455
909,11449
909,11443
909,11437
909,11431
909,11425
909,11419
909,11413
909,11407
909,11401
909,11395
909,11389
909,11383
909,11377
909,11371
909,11365
909,11359
909,11353
909,11347
909,11341
909,11335
909,11329
909,11323
909,11317
909,11311
909,11305
909,11299
909,11293
909,11287
909,11281
909,11275
909,11269
909,11263
909,11257
909,11251
909,11245
909,11239
909,11233
909,11227
909,11221
909,11215
909,11209
909,11203
909,11197
909,11191
909,11185
909,11179
909,11173
909,11167
909,11161
909,11155
909,11149
909,11143
909,11137
909,11131
909,11125
909,11119
909,11113
909,11107
909,11101
909,11095
909,11089
909,11083
909,11077
909,11071
909,11065
909,11059
909,11053
909,11047
909,11041
909,11035
909,11029
909,11023
909,11017
909,11011
909,11005
909,10999
909,10993
909,10987
909,10981
909,10975
909,10969
909,10963
909,10957
909,10951
909,10945
909,10939
909,10933
909,10927
909,10921
909,10915
909,10909
909,10903
909,10897
909,10891
909,10885
909,10879
909,10873
909,10867
909,10861
909,10855
909,10849
909,10843
909,10837
909,10831
909,10825
909,10819
909,10813
909,10807
909,10801
909,10795
909,10789
909,10783
909,10777
909,10771
909,10765
909,10759
909,10753
909,10747
909,10741
909,10735
909,10729
909,10723
909,10717
909,10711
909,10705
909,10699
909,10693
909,10687
909,10681
909,10675
909,10669
909,10663
909,10657
909,10651
909,10645
909,10639
909,10633
909,10627
909,10621
909,10615
909,10609
909,10603
909,10597
909,10591
909,10585
909,10579
909,10573
909,10567
909,10561
909,10555
909,10549
909,10543
909,10537
909,10531
909,10525
909,10519
909,10513
909,10507
909,10501
909,10495
909,10489
909,10483
909,10477
909,10471
909,10465
909,10459
909,10453
909,10447
909,10441
909,10435
909,10429
909,10423
909,10417
909,10411
909,10405
909,10399
909,10393
909,10387
909,10381
909,10375
909,10369
909,10363
909,10357
909,10351
909,10345
909,10339
909,10333
909,10327
909,10321
909,10315
909,10309
909,10303
909,10297
909,10291
909,10285
909,10279
909,10273
909,10267
909,10261
909,10255
909,10249
909,10243
909,10237
909,10231
909,10225
909,10219
909,10213
909,10207
909,10202
909,10197
909,10192
909,10187
909,10182
909,10177
909,10172
909,10167
909,10162
909,10157
909,10152
909,10147
909,10142
909,10137
909,10132
909,10127
909,10122
909,10117
909,10112
909,10107
909,10102
909,10097
909,10092
909,10087
909,10082
909,10077
909,10072
909,10067
909,10062
909,10057
909,10052
909,10047
909,10042
909,10037
909,10032
909,10027
909,10022
909,10017
909,10012
909,10007
909,10002
909,9997
909,9992
909,9987
909,9982
909,9977
909,9972
909,9967
909,9962
909,9957
909,9952
909,9947
909,9942
909,9937
909,9932
909,9927
909,9922
909,9917
909,9912
909,9907
909,9902
909,9897
909,9892
909,9887
909,9882
909,9877
909,9872
909,9867
909,9862
909,9857
909,9852
909,9847
909,9842
909,9837
909,9832
909,9827
909,9822
909,9817
909,9812
909,9807
909,9802
909,9797
909,9792
909,9787
909,9782
909,9777
909,9772
909,9767
909,9762
909,9757
909,9752
909,9747
909,9742
909,9737
909,9732
909,9727
909,9722
909,9717
909,9712
909,9707
909,9702
909,9697
909,9692
909,9687
909,9682
909,9677
909,9672
909,9667
909,9662
909,9657
909,9652
909,9647
909,9642
909,9637
909,9632
909,9627
909,9622
909,9617
909,9612
909,9607
909,9602
909,9597
909,9592
909,9587
909,9582
909,9577
909,9572
909,9567
909,9562
909,9557
909,9552
909,9547
909,9542
909,9537
909,9532
909,9527
909,9522
909,9517
909,9512
909,9507
909,9502
909,9497
909,9492
909,9487
909,9482
909,9477
909,9472
909,9467
909,9462
909,9457
909,9452
909,9447
909,9442
909,9437
909,9432
909,9427
909,9422
909,9417
909,9412
909,9407
909,9402
909,9397
909,9392
909,9387
909,9382
909,9377
909,9372
909,9367
909,9362
909,9357
909,9352
909,9347
909,9342
909,9337
909,9332
909,9327
909,9322
909,9317
909,9312
909,9307
909,9302
909,9297
909,9292
909,9287
909,9282
909,9277
909,9272
909,9267
909,9262
909,9257
909,9252
909,9247
909,9242
909,9237
909,9232
909,9227
909,9222
909,9217
909,9212
909,9207
909,9202
909,9197
909,9192
909,9187
909,9182
909,9177
909,9172
909,9167
909,9162
909,9157
909,9152
909,9147
909,9142
909,9137
909,9132
909,9127
909,9122
909,9117
909,9112
909,9107
909,9102
909,9097
909,9092
909,9087
909,9082
909,9077
909,9072
909,9067
909,9062
909,9057
909,9052
909,9047
909,9042
909,9037
909,9032
909,9027
909,9022
909,9017
909,9012
909,9007
909,9002
909,8997
909,8992
909,8987
909,8982
909,8977
909,8972
909,8967
909,8962
909,8957
909,8952
909,8947
909,8942
909,8937
909,8932
909,8927
909,8922
909,8917
909,8912
909,8907
909,8902
909,8897
909,8892
909,8887
909,8882
909,8877
909,8872
909,8867
909,8862
909,8857
909,8852
909,8847
909,8842
909,8837
909,8832
909,8827
909,8822
909,8817
909,8812
909,8807
909,8802
909,8797
909,8792
909,8787
909,8782
909,8777
909,8772
909,8767
909,8762
909,8757
909,8752
909,8747
909,8742
909,8737
909,8732
909,8727
909,8722
909,8717
909,8712
909,8707
909,8702
909,8697
909,8692
909,8687
909,8682
909,8677
909,8672
909,8667
909,8662
909,8657
909,8652
909,8647
909,8642
909,8637
909,8632
909,8627
909,8622
909,8617
909,8612
909,8607
909,8602
909,8597
909,8592
909,8587
909,8582
909,8577
909,8572
909,8567
909,8562
909,8557
909,8552
909,8547
909,8542
909,8537
909,8532
909,8527
909,8522
909,8517
909,8512
909,8507
909,8502
909,8497
909,8492
909,8487
909,8482
909,8477
909,8472
909,8467
909,8462
909,8457
909,8452
909,8447
909,8442
909,8437
909,8432
909,8427
909,8422
909,8417
909,8412
909,8407
909,8402
909,8397
909,8392
909,8387
909,8382
909,8377
909,8372
909,8367
909,8362
909,8357
909,8352
909,8347
909,8342
909,8337
909,8332
909,8327
909,8322
909,8317
909,8312
909,8307
909,8302
909,8297
909,8292
909,8287
909,8282
909,8277
909,8272
909,8267
909,8262
909,8257
909,8252
909,8247
909,8242
909,8237
909,8232
909,8227
909,8222
909,8217
909,8212
909,8207
909,8202
909,8197
909,8192
909,8187
909,8182
909,8177
909,8172
909,8167
909,8163
909,8159
909,8155
909,8151
909,8147
909,8143
909,8139
909,8135
909,8131
909,8127
909,8123
909,8119
909,8115
909,8111
909,8107
909,8103
909,8099
909,8095
909,8091
909,8087
909,8083
909,8079
909,8075
909,8071
909,8067
909,8063
909,8059
909,8055
909,8051
909,8047
909,8043
909,8039
909,8035
909,8031
909,8027
909,8023
909,8019
909,8015
909,8011
909,8007
909,8003
909,7999
909,7995
909,7991
909,7987
909,7983
909,7979
909,7975
909,7971
909,7967
909,7963
909,7959
909,7955
909,7951
909,7947
909,7943
909,7939
909,7935
909,7931
909,7927
909,7923
909,7919
909,7915
909,7911
909,7907
909,7903
909,7899
909,7895
909,7891
909,7887
909,7883
909,7879
909,7875
909,7871
909,7867
909,7863
909,7859
909,7855
909,7851
909,7847
909,7843
909,7839
909,7835
909,7831
909,7827
909,7823
909,7819
909,7815
909,7811
909,7807
909,7803
909,7799
909,7795
909,7791
909,7787
909,7783
909,7779
909,7775
909,7771
909,7767
909,7763
909,7759
909,7755
909,7751
909,7747
909,7743
909,7739
909,7735
909,7731
909,7727
909,7723
909,7719
909,7715
909,7711
909,7707
909,7703
909,7699
909,7695
909,7691
909,7687
909,7683
909,7679
909,7675
909,7671
909,7667
909,7663
909,7659
909,7655
909,7651
909,7647
909,7643
909,7639
909,7635
909,7631
909,7627
909,7623
909,7619
909,7615
909,7611
909,7607
909,7603
909,7599
909,7595
909,7591
909,7587
909,7583
909,7579
909,7575
909,7571
909,7567
909,7563
909,7559
909,7555
909,7551
909,7547
909,7543
909,7539
909,7535
909,7531
909,7527
909,7523
909,7519
909,7515
909,7511
909,7507
909,7503
909,7499
909,7495
909,7491
909,7487
909,7483
909,7479
909,7475
909,7471
909,7467
909,7463
909,7459
909,7455
909,7451
909,7447
909,7443
909,7439
909,7435
909,7431
909,7427
909,7423
909,7419
909,7415
909,7411
909,7407
909,7403
909,7399
909,7395
909,7391
909,7387
909,7383
909,7379
909,7375
909,7371
909,7367
909,7363
909,7359
909,7355
909,7351
909,7347
909,7343
909,7339
909,7335
909,7331
909,7327
909,7323
909,7319
909,7315
909,7311
909,7307
909,7303
909,7299
909,7295
909,7291
909,7287
909,7283
909,7279
909,7275
909,7271
909,7267
909,7263
909,7259
909,7255
909,7251
909,7247
909,7243
909,7239
909,7235
909,7231
909,7227
909,7223
909,7219
909,7215
909,7211
909,7207
909,7203
909,7199
909,7195
909,7191
909,7187
909,7183
909,7179
909,7175
909,7171
909,7167
909,7163
909,7159
909,7155
909,7151
909,7147
909,7143
909,7139
909,7135
909,7131
909,7127
909,7123
909,7119
909,7115
909,7111
909,7107
909,7103
909,7099
909,7095
909,7091
909,7087
909,7083
909,7079
909,7075
909,7071
909,7067
909,7063
909,7059
909,7055
909,7051
909,7047
909,7043
909,7039
909,7035
909,7031
909,7027
909,7023
909,7019
909,7015
909,7011
909,7007
909,7003
909,6999
909,6995
909,6991
909,6987
909,6983
909,6979
909,6975
909,6971
909,6967
909,6963
909,6959
909,6955
909,6951
909,6947
909,6943
909,6939
909,6935
909,6931
909,6927
909,6923
909,6919
909,6915
909,6911
909,6907
909,6903
909,6899
909,6895
909,6891
909,6887
909,6883
909,6879
909,6875
909,6871
909,6867
909,6863
909,6859
909,6855
909,6851
909,6847
909,6843
909,6839
909,6835
909,6831
909,6827
909,6823
909,6819
909,6815
909,6811
909,6807
909,6803
909,6799
909,6795
909,6791
909,6787
909,6783
909,6779
909,6775
909,6771
909,6767
909,6763
909,6759
909,6755
909,6751
909,6747
909,6743
909,6739
909,6735
909,6731
909,6727
909,6723
909,6719
909,6715
909,6711
909,6707
909,6703
909,6699
909,6695
909,6691
909,6687
909,6683
909,6679
909,6675
909,6671
909,6667
909,6663
909,6659
909,6655
909,6651
909,6647
909,6643
909,6639
909,6635
909,6631
909,6627
909,6623
909,6619
909,6615
909,6611
909,6607
909,6603
909,6599
909,6595
909,6591
909,6587
909,6583
909,6579
909,6575
909,6571
909,6567
909,6563
909,6559
909,6555
909,6551
909,6547
909,6543
909,6539
909,6535
909,6531
909,6527
909,6523
909,6519
909,6515
909,6511
909,6507
909,6503
909,6499
909,6495
909,6491
909,6487
909,6483
909,6479
909,6475
909,6471
909,6467
909,6463
909,6459
909,6455
909,6451
909,6447
909,6443
909,6439
909,6435
909,6431
909,6427
909,6423
909,6419
909,6415
909,6411
909,6407
909,6403
909,6399
909,6395
909,6391
909,6387
909,6383
909,6379
909,6375
909,6371
909,6367
909,6363
909,6359
909,6355
909,6351
909,6347
909,6343
909,6339
909,6335
909,6331
909,6327
909,6323
909,6319
909,6315
909,6311
909,6307
909,6303
909,6299
909,6295
909,6291
909,6287
909,6283
909,6279
909,6275
909,6271
909,6267
909,6263
909,6259
909,6255
909,6251
909,6247
909,6243
909,6239
909,6235
909,6231
909,6227
909,6223
909,6219
909,6215
909,6211
909,6207
909,6203
909,6199
909,6195
909,6191
909,6187
909,6183
909,6179
909,6175
909,6171
909,6167
909,6163
909,6159
909,6155
909,6151
909,6147
909,6143
909,6139
909,6135
909,6131
909,6127
909,6123
909,6120
909,6117
909,6114
909,6111
909,6108
909,6105
909,6102
909,6099
909,6096
909,6093
909,6090
909,6087
909,6084
909,6081
909,6078
909,6075
909,6072
909,6069
909,6066
909,6063
909,6060
909,6057
909,6054
909,6051
909,6048
909,6045
909,6042
909,6039
909,6036
909,6033
909,6030
909,6027
909,6024
909,6021
909,6018
909,6015
909,6012
909,6009
909,6006
909,6003
909,6000
909,5997
909,5994
909,5991
909,5988
909,5985
909,5982
909,5979
909,5976
909,5973
909,5970
909,5967
909,5964
909,5961
909,5958
909,5955
909,5952
909,5949
909,5946
909,5943
909,5940
909,5937
909,5934
909,5931
909,5928
909,5925
909,5922
909,5919
909,5916
909,5913
909,5910
909,5907
909,5904
909,5901
909,5898
909,5895
909,5892
909,5889
909,5886
909,5883
909,5880
909,5877
909,5874
909,5871
909,5868
909,5865
909,5862
909,5859
909,5856
909,5853
909,5850
909,5847
909,5844
909,5841
909,5838
909,5835
909,5832
909,5829
909,5826
909,5823
909,5820
909,5817
909,5814
909,5811
909,5808
909,5805
909,5802
909,5799
909,5796
909,5793
909,5790
909,5787
909,5784
909,5781
909,5778
909,5775
909,5772
909,5769
909,5766
909,5763
909,5760
909,5757
909,5754
909,5751
909,5748
909,5745
909,5742
909,5739
909,5736
909,5733
909,5730
909,5727
909,5724
909,5721
909,5718
909,5715
909,5712
909,5709
909,5706
909,5703
909,5700
909,5697
909,5694
909,5691
909,5688
909,5685
909,5682
909,5679
909,5676
909,5673
909,5670
909,5667
909,5664
909,5661
909,5658
909,5655
909,5652
909,5649
909,5646
909,5643
909,5640
909,5637
909,5634
909,5631
909,5628
909,5625
909,5622
909,5619
909,5616
909,5613
909,5610
909,5607
909,5604
909,5601
909,5598
909,5595
909,5592
909,5589
909,5586
909,5583
909,5580
909,5577
909,5574
909,5571
909,5568
909,5565
909,5562
909,5559
909,5556
909,5553
909,5550
909,5547
909,5544
909,5541
909,5538
909,5535
909,5532
909,5529
909,5526
909,5523
909,5520
909,5517
909,5514
909,5511
909,5508
909,5505
909,5502
909,5499
909,5496
909,5493
909,5490
909,5487
909,5484
909,5481
909,5478
909,5475
909,5472
909,5469
909,5466
909,5463
909,5460
909,5457
909,5454
909,5451
909,5448
909,5445
909,5442
909,5439
909,5436
909,5433
909,5430
909,5427
909,5424
909,5421
909,5418
909,5415
909,5412
909,5409
909,5406
909,5403
909,5400
909,5397
909,5394
909,5391
909,5388
909,5385
909,5382
909,5379
909,5376
909,5373
909,5370
909,5367
909,5364
909,5361
909,5358
909,5355
909,5352
909,5349
909,5346
909,5343
909,5340
909,5337
909,5334
909,5331
909,5328
909,5325
909,5322
909,5319
909,5316
909,5313
909,5310
909,5307
909,5304
909,5301
909,5298
909,5295
909,5292
909,5289
909,5286
909,5283
909,5280
909,5277
909,5274
909,5271
909,5268
909,5265
909,5262
909,5259
909,5256
909,5253
909,5250
909,5247
909,5244
909,5241
909,5238
909,5235
909,5232
909,5229
909,5226
909,5223
909,5220
909,5217
909,5214
909,5211
909,5208
909,5205
909,5202
909,5199
909,5196
909,5193
909,5190
909,5187
909,5184
909,5181
909,5178
909,5175
909,5172
909,5169
909,5166
909,5163
909,5160
909,5157
909,5154
909,5151
909,5148
909,5145
909,5142
909,5139
909,5136
909,5133
909,5130
909,5127
909,5124
909,5121
909,5118
909,5115
909,5112
909,5109
909,5106
909,5103
909,5100
909,5097
909,5094
909,5091
909,5088
909,5085
909,5082
909,5079
909,5076
909,5073
909,5070
909,5067
909,5064
909,5061
909,5058
909,5055
909,5052
909,5049
909,5046
909,5043
909,5040
909,5037
909,5034
909,5031
909,5028
909,5025
909,5022
909,5019
909,5016
909,5013
909,5010
909,5007
909,5004
909,5001
909,4998
909,4995
909,4992
909,4989
909,4986
909,4983
909,4980
909,4977
909,4974
909,4971
909,4968
909,4965
909,4962
909,4959
909,4956
909,4953
909,4950
909,4947
909,4944
909,4941
909,4938
909,4935
909,4932
909,4929
909,4926
909,4923
909,4920
909,4917
909,4914
909,4911
909,4908
909,4905
909,4902
909,4899
909,4896
909,4893
909,4890
909,4887
909,4884
909,4881
909,4878
909,4875
909,4872
909,4869
909,4866
909,4863
909,4860
909,4857
909,4854
909,4851
909,4848
909,4845
909,4842
909,4839
909,4836
909,4833
909,4830
909,4827
909,4824
909,4821
909,4818
909,4815
909,4812
909,4809
909,4806
909,4803
909,4800
909,4797
909,4794
909,4791
909,4788
909,4785
909,4782
909,4779
909,4776
909,4773
909,4770
909,4767
909,4764
909,4761
909,4758
909,4755
909,4752
909,4749
909,4746
909,4743
909,4740
909,4737
909,4734
909,4731
909,4728
909,4725
909,4722
909,4719
909,4716
909,4713
909,4710
909,4707
909,4704
909,4701
909,4698
909,4695
909,4692
909,4689
909,4686
909,4683
909,4680
909,4677
909,4674
909,4671
909,4668
909,4665
909,4662
909,4659
909,4656
909,4653
909,4650
909,4647
909,4644
909,4641
909,4638
909,4635
909,4632
909,4629
909,4626
909,4623
909,4620
909,4617
909,4614
909,4611
909,4608
909,4605
909,4602
909,4599
909,4596
909,4593
909,4590
909,4587
909,4584
909,4581
909,4578
909,4575
909,4572
909,4569
909,4566
909,4563
909,4560
909,4557
909,4554
909,4551
909,4548
909,4545
909,4542
909,4539
909,4536
909,4533
909,4530
909,4527
909,4524
909,4521
909,4518
909,4515
909,4512
909,4509
909,4506
909,4503
909,4500
909,4497
909,4494
909,4491
909,4488
909,4485
909,4482
909,4479
909,4476
909,4473
909,4470
909,4467
909,4464
909,4461
909,4458
909,4455
909,4452
909,4449
909,4446
909,4443
909,4440
909,4437
909,4434
909,4431
909,4428
909,4425
909,4422
909,4419
909,4416
909,4413
909,4410
909,4407
909,4404
909,4401
909,4398
909,4395
909,4392
909,4389
909,4386
909,4383
909,4380
909,4377
909,4374
909,4371
909,4368
909,4365
909,4362
909,4359
909,4356
909,4353
909,4350
909,4347
909,4344
909,4341
909,4338
909,4335
909,4332
909,4329
909,4326
909,4323
909,4320
909,4317
909,4314
909,4311
909,4308
909,4305
909,4302
909,4299
909,4296
909,4293
909,4290
909,4287
909,4284
909,4281
909,4278
909,4275
909,4272
909,4269
909,4266
909,4263
909,4260
909,4257
909,4254
909,4251
909,4248
909,4245
909,4242
909,4239
909,4236
909,4233
909,4230
909,4227
909,4224
909,4221
909,4218
909,4215
909,4212
909,4209
909,4206
909,4203
909,4200
909,4197
909,4194
909,4191
909,4188
909,4185
909,4182
909,4179
909,4176
909,4173
909,4170
909,4167
909,4164
909,4161
909,4158
909,4155
909,4152
909,4149
909,4146
909,4143
909,4140
909,4137
909,4134
909,4131
909,4128
909,4125
909,4122
909,4119
909,4116
909,4113
909,4110
909,4107
909,4104
909,4101
909,4098
909,4095
909,4092
909,4089
909,4086
909,4083
909,4081
909,4079
909,4077
909,4075
909,4073
909,4071
909,4069
909,4067
909,4065
909,4063
909,4061
909,4059
909,4057
909,4055
909,4053
909,4051
909,4049
909,4047
909,4045
909,4043
909,4041
909,4039
909,4037
909,4035
909,4033
909,4031
909,4029
909,4027
909,4025
909,4023
909,4021
909,4019
909,4017
909,4015
909,4013
909,4011
909,4009
909,4007
909,4005
909,4003
909,4001
909,3999
909,3997
909,3995
909,3993
909,3991
909,3989
909,3987
909,3985
909,3983
909,3981
909,3979
909,3977
909,3975
909,3973
909,3971
909,3969
909,3967
909,3965
909,3963
909,3961
909,3959
909,3957
909,3955
909,3953
909,3951
909,3949
909,3947
909,3945
909,3943
909,3941
909,3939
909,3937
909,3935
909,3933
909,3931
909,3929
909,3927
909,3925
909,3923
909,3921
909,3919
909,3917
909,3915
909,3913
909,3911
909,3909
909,3907
909,3905
909,3903
909,3901
909,3899
909,3897
909,3895
909,3893
909,3891
909,3889
909,3887
909,3885
909,3883
909,3881
909,3879
909,3877
909,3875
909,3873
909,3871
909,3869
909,3867
909,3865
909,3863
909,3861
909,3859
909,3857
909,3855
909,3853
909,3851
909,3849
909,3847
909,3845
909,3843
909,3841
909,3839
909,3837
909,3835
909,3833
909,3831
909,3829
909,3827
909,3825
909,3823
909,3821
909,3819
909,3817
909,3815
909,3813
909,3811
909,3809
909,3807
909,3805
909,3803
909,3801
909,3799
909,3797
909,3795
909,3793
909,3791
909,3789
909,3787
909,3785
909,3783
909,3781
909,3779
909,3777
909,3775
909,3773
909,3771
909,3769
909,3767
909,3765
909,3763
909,3761
909,3759
909,3757
909,3755
909,3753
909,3751
909,3749
909,3747
909,3745
909,3743
909,3741
909,3739
909,3737
909,3735
909,3733
909,3731
909,3729
909,3727
909,3725
909,3723
909,3721
909,3719
909,3717
909,3715
909,3713
909,3711
909,3709
909,3707
909,3705
909,3703
909,3701
909,3699
909,3697
909,3695
909,3693
909,3691
909,3689
909,3687
909,3685
909,3683
909,3681
909,3679
909,3677
909,3675
909,3673
909,3671
909,3669
909,3667
909,3665
909,3663
909,3661
909,3659
909,3657
909,3655
909,3653
909,3651
909,3649
909,3647
909,3645
909,3643
909,3641
909,3639
909,3637
909,3635
909,3633
909,3631
909,3629
909,3627
909,3625
909,3623
909,3621
909,3619
909,3617
909,3615
909,3613
909,3611
909,3609
909,3607
909,3605
909,3603
909,3601
909,3599
909,3597
909,3595
909,3593
909,3591
909,3589
909,3587
909,3585
909,3583
909,3581
909,3579
909,3577
909,3575
909,3573
909,3571
909,3569
909,3567
909,3565
909,3563
909,3561
909,3559
909,3557
909,3555
909,3553
909,3551
909,3549
909,3547
909,3545
909,3543
909,3541
909,3539
909,3537
909,3535
909,3533
909,3531
909,3529
909,3527
909,3525
909,3523
909,3521
909,3519
909,3517
909,3515
909,3513
909,3511
909,3509
909,3507
909,3505
909,3503
909,3501
909,3499
909,3497
909,3495
909,3493
909,3491
909,3489
909,3487
909,3485
909,3483
909,3481
909,3479
909,3477
909,3475
909,3473
909,3471
909,3469
909,3467
909,3465
909,3463
909,3461
909,3459
909,3457
909,3455
909,3453
909,3451
909,3449
909,3447
909,3445
909,3443
909,3441
909,3439
909,3437
909,3435
909,3433
909,3431
909,3429
909,3427
909,3425
909,3423
909,3421
909,3419
909,3417
909,3415
909,3413
909,3411
909,3409
909,3407
909,3405
909,3403
909,3401
909,3399
909,3397
909,3395
909,3393
909,3391
909,3389
909,3387
909,3385
909,3383
909,3381
909,3379
909,3377
909,3375
909,3373
909,3371
909,3369
909,3367
909,3365
909,3363
909,3361
909,3359
909,3357
909,3355
909,3353
909,3351
909,3349
909,3347
909,3345
909,3343
909,3341
909,3339
909,3337
909,3335
909,3333
909,3331
909,3329
909,3327
909,3325
909,3323
909,3321
909,3319
909,3317
909,3315
909,3313
909,3311
909,3309
909,3307
909,3305
909,3303
909,3301
909,3299
909,3297
909,3295
909,3293
909,3291
909,3289
909,3287
909,3285
909,3283
909,3281
909,3279
909,3277
909,3275
909,3273
909,3271
909,3269
909,3267
909,3265
909,3263
909,3261
909,3259
909,3257
909,3255
909,3253
909,3251
909,3249
909,3247
909,3245
909,3243
909,3241
909,3239
909,3237
909,3235
909,3233
909,3231
909,3229
909,3227
909,3225
909,3223
909,3221
909,3219
909,3217
909,3215
909,3213
909,3211
909,3209
909,3207
909,3205
909,3203
909,3201
909,3199
909,3197
909,3195
909,3193
909,3191
909,3189
909,3187
909,3185
909,3183
909,3181
909,3179
909,3177
909,3175
909,3173
909,3171
909,3169
909,3167
909,3165
909,3163
909,3161
909,3159
909,3157
909,3155
909,3153
909,3151
909,3149
909,3147
909,3145
909,3143
909,3141
909,3139
909,3137
909,3135
909,3133
909,3131
909,3129
909,3127
909,3125
909,3123
909,3121
909,3119
909,3117
909,3115
909,3113
909,3111
909,3109
909,3107
909,3105
909,3103
909,3101
909,3099
909,3097
909,3095
909,3093
909,3091
909,3089
909,3087
909,3085
909,3083
909,3081
909,3079
909,3077
909,3075
909,3073
909,3071
909,3069
909,3067
909,3065
909,3063
909,3061
909,3059
909,3057
909,3055
909,3053
909,3051
909,3049
909,3047
909,3045
909,3043
909,3041
909,3039
909,3037
909,3035
909,3033
909,3031
909,3029
909,3027
909,3025
909,3023
909,3021
909,3019
909,3017
909,3015
909,3013
909,3011
909,3009
909,3007
909,3005
909,3003
909,3001
909,2999
909,2997
909,2995
909,2993
909,2991
909,2989
909,2987
909,2985
909,2983
909,2981
909,2979
909,2977
909,2975
909,2973
909,2971
909,2969
909,2967
909,2965
909,2963
909,2961
909,2959
909,2957
909,2955
909,2953
909,2951
909,2949
909,2947
909,2945
909,2943
909,2941
909,2939
909,2937
909,2935
909,2933
909,2931
909,2929
909,2927
909,2925
909,2923
909,2921
909,2919
909,2917
909,2915
909,2913
909,2911
909,2909
909,2907
909,2905
909,2903
909,2901
909,2899
909,2897
909,2895
909,2893
909,2891
909,2889
909,2887
909,2885
909,2883
909,2881
909,2879
909,2877
909,2875
909,2873
909,2871
909,2869
909,2867
909,2865
909,2863
909,2861
909,2859
909,2857
909,2855
909,2853
909,2851
909,2849
909,2847
909,2845
909,2843
909,2841
909,2839
909,2837
909,2835
909,2833
909,2831
909,2829
909,2827
909,2825
909,2823
909,2821
909,2819
909,2817
909,2815
909,2813
909,2811
909,2809
909,2807
909,2805
909,2803
909,2801
909,2799
909,2797
909,2795
909,2793
909,2791
909,2789
909,2787
909,2785
909,2783
909,2781
909,2779
909,2777
909,2775
909,2773
909,2771
909,2769
909,2767
909,2765
909,2763
909,2761
909,2759
909,2757
909,2755
909,2753
909,2751
909,2749
909,2747
909,2745
909,2743
909,2741
909,2739
909,2737
909,2735
909,2733
909,2731
909,2729
909,2727
909,2725
909,2723
909,2721
909,2719
909,2717
909,2715
909,2713
909,2711
909,2709
909,2707
909,2705
909,2703
909,2701
909,2699
909,2697
909,2695
909,2693
909,2691
909,2689
909,2687
909,2685
909,2683
909,2681
909,2679
909,2677
909,2675
909,2673
909,2671
909,2669
909,2667
909,2665
909,2663
909,2661
909,2659
909,2657
909,2655
909,2653
909,2651
909,2649
909,2647
909,2645
909,2643
909,2641
909,2639
909,2637
909,2635
909,2633
909,2631
909,2629
909,2627
909,2625
909,2623
909,2621
909,2619
909,2617
909,2615
909,2613
909,2611
909,2609
909,2607
909,2605
909,2603
909,2601
909,2599
909,2597
909,2595
909,2593
909,2591
909,2589
909,2587
909,2585
909,2583
909,2581
909,2579
909,2577
909,2575
909,2573
909,2571
909,2569
909,2567
909,2565
909,2563
909,2561
909,2559
909,2557
909,2555
909,2553
909,2551
909,2549
909,2547
909,2545
909,2543
909,2541
909,2539
909,2537
909,2535
909,2533
909,2531
909,2529
909,2527
909,2525
909,2523
909,2521
909,2519
909,2517
909,2515
909,2513
909,2511
909,2509
909,2507
909,2505
909,2503
909,2501
909,2499
909,2497
909,2495
909,2493
909,2491
909,2489
909,2487
909,2485
909,2483
909,2481
909,2479
909,2477
909,2475
909,2473
909,2471
909,2469
909,2467
909,2465
909,2463
909,2461
909,2459
909,2457
909,2455
909,2453
909,2451
909,2449
909,2447
909,2445
909,2443
909,2441
909,2439
909,2437
909,2435
909,2433
909,2431
909,2429
909,2427
909,2425
909,2423
909,2421
909,2419
909,2417
909,2415
909,2413
909,2411
909,2409
909,2407
909,2405
909,2403
909,2401
909,2399
909,2397
909,2395
909,2393
909,2391
909,2389
909,2387
909,2385
909,2383
909,2381
909,2379
909,2377
909,2375
909,2373
909,2371
909,2369
909,2367
909,2365
909,2363
909,2361
909,2359
909,2357
909,2355
909,2353
909,2351
909,2349
909,2347
909,2345
909,2343
909,2341
909,2339
909,2337
909,2335
909,2333
909,2331
909,2329
909,2327
909,2325
909,2323
909,2321
909,2319
909,2317
909,2315
909,2313
909,2311
909,2309
909,2307
909,2305
909,2303
909,2301
909,2299
909,2297
909,2295
909,2293
909,2291
909,2289
909,2287
909,2285
909,2283
909,2281
909,2279
909,2277
909,2275
909,2273
909,2271
909,2269
909,2267
909,2265
909,2263
909,2261
909,2259
909,2257
909,2255
909,2253
909,2251
909,2249
909,2247
909,2245
909,2243
909,2241
909,2239
909,2237
909,2235
909,2233
909,2231
909,2229
909,2227
909,2225
909,2223
909,2221
909,2219
909,2217
909,2215
909,2213
909,2211
909,2209
909,2207
909,2205
909,2203
909,2201
909,2199
909,2197
909,2195
909,2193
909,2191
909,2189
909,2187
909,2185
909,2183
909,2181
909,2179
909,2177
909,2175
909,2173
909,2171
909,2169
909,2167
909,2165
909,2163
909,2161
909,2159
909,2157
909,2155
909,2153
909,2151
909,2149
909,2147
909,2145
909,2143
909,2141
909,2139
909,2137
909,2135
909,2133
909,2131
909,2129
909,2127
909,2125
909,2123
909,2121
909,2119
909,2117
909,2115
909,2113
909,2111
909,2109
909,2107
909,2105
909,2103
909,2101
909,2099
909,2097
909,2095
909,2093
909,2091
909,2089
909,2087
909,2085
909,2083
909,2081
909,2079
909,2077
909,2075
909,2073
909,2071
909,2069
909,2067
909,2065
909,2063
909,2061
909,2059
909,2057
909,2055
909,2053
909,2051
909,2049
909,2047
909,2045
909,2043
909,2041
909,2040
909,2039
909,2038
909,2037
909,2036
909,2035
909,2034
909,2033
909,2032
909,2031
909,2030
909,2029
909,2028
909,2027
909,2026
909,2025
909,2024
909,2023
909,2022
909,2021
909,2020
909,2019
909,2018
909,2017
909,2016
909,2015
909,2014
909,2013
909,2012
909,2011
909,2010
909,2009
909,2008
909,2007
909,2006
909,2005
909,2004
909,2003
909,2002
909,2001
909,2000
909,1999
909,1998
909,1997
909,1996
909,1995
909,1994
909,1993
909,1992
909,1991
909,1990
909,1989
909,1988
909,1987
909,1986
909,1985
909,1984
909,1983
909,1982
909,1981
909,1980
909,1979
909,1978
909,1977
909,1976
909,1975
909,1974
909,1973
909,1972
909,1971
909,1970
909,1969
909,1968
909,1967
909,1966
909,1965
909,1964
909,1963
909,1962
909,1961
909,1960
909,1959
909,1958
909,1957
909,1956
909,1955
909,1954
909,1953
909,1952
909,1951
909,1950
909,1949
909,1948
909,1947
909,1946
909,1945
909,1944
909,1943
909,1942
909,1941
909,1940
909,1939
909,1938
909,1937
909,1936
909,1935
909,1934
909,1933
909,1932
909,1931
909,1930
909,1929
909,1928
909,1927
909,1926
909,1925
909,1924
909,1923
909,1922
909,1921
909,1920
909,1919
909,1918
909,1917
909,1916
909,1915
909,1914
909,1913
909,1912
909,1911
909,1910
909,1909
909,1908
909,1907
909,1906
909,1905
909,1904
909,1903
909,1902
909,1901
909,1900
909,1899
909,1898
909,1897
909,1896
909,1895
909,1894
909,1893
909,1892
909,1891
909,1890
909,1889
909,1888
909,1887
909,1886
909,1885
909,1884
909,1883
909,1882
909,1881
909,1880
909,1879
909,1878
909,1877
909,1876
909,1875
909,1874
909,1873
909,1872
909,1871
909,1870
909,1869
909,1868
909,1867
909,1866
909,1865
909,1864
909,1863
909,1862
909,1861
909,1860
909,1859
909,1858
909,1857
909,1856
909,1855
909,1854
909,1853
909,1852
909,1851
909,1850
909,1849
909,1848
909,1847
909,1846
909,1845
909,1844
909,1843
909,1842
909,1841
909,1840
909,1839
909,1838
909,1837
909,1836
909,1835
909,1834
909,1833
909,1832
909,1831
909,1830
909,1829
909,1828
909,1827
909,1826
909,1825
909,1824
909,1823
909,1822
909,1821
909,1820
909,1819
909,1818
909,1817
909,1816
909,1815
909,1814
909,1813
909,1812
909,1811
909,1810
909,1809
909,1808
909,1807
909,1806
909,1805
909,1804
909,1803
909,1802
909,1801
909,1800
909,1799
909,1798
909,1797
909,1796
909,1795
909,1794
909,1793
909,1792
909,1791
909,1790
909,1789
909,1788
909,1787
909,1786
909,1785
909,1784
909,1783
909,1782
909,1781
909,1780
909,1779
909,1778
909,1777
909,1776
909,1775
909,1774
909,1773
909,1772
909,1771
909,1770
909,1769
909,1768
909,1767
909,1766
909,1765
909,1764
909,1763
909,1762
909,1761
909,1760
909,1759
909,1758
909,1757
909,1756
909,1755
909,1754
909,1753
909,1752
909,1751
909,1750
909,1749
909,1748
909,1747
909,1746
909,1745
909,1744
909,1743
909,1742
909,1741
909,1740
909,1739
909,1738
909,1737
909,1736
909,1735
909,1734
909,1733
909,1732
909,1731
909,1730
909,1729
909,1728
909,1727
909,1726
909,1725
909,1724
909,1723
909,1722
909,1721
909,1720
909,1719
909,1718
909,1717
909,1716
909,1715
909,1714
909,1713
909,1712
909,1711
909,1710
909,1709
909,1708
909,1707
909,1706
909,1705
909,1704
909,1703
909,1702
909,1701
909,1700
909,1699
909,1698
909,1697
909,1696
909,1695
909,1694
909,1693
909,1692
909,1691
909,1690
909,1689
909,1688
909,1687
909,1686
909,1685
909,1684
909,1683
909,1682
909,1681
909,1680
909,1679
909,1678
909,1677
909,1676
909,1675
909,1674
909,1673
909,1672
909,1671
909,1670
909,1669
909,1668
909,1667
909,1666
909,1665
909,1664
909,1663
909,1662
909,1661
909,1660
909,1659
909,1658
909,1657
909,1656
909,1655
909,1654
909,1653
909,1652
909,1651
909,1650
909,1649
909,1648
909,1647
909,1646
909,1645
909,1644
909,1643
909,1642
909,1641
909,1640
909,1639
909,1638
909,1637
909,1636
909,1635
909,1634
909,1633
909,1632
909,1631
909,1630
909,1629
909,1628
909,1627
909,1626
909,1625
909,1624
909,1623
909,1622
909,1621
909,1620
909,1619
909,1618
909,1617
909,1616
909,1615
909,1614
909,1613
909,1612
909,1611
909,1610
909,1609
909,1608
909,1607
909,1606
909,1605
909,1604
909,1603
909,1602
909,1601
909,1600
909,1599
909,1598
909,1597
909,1596
909,1595
909,1594
909,1593
909,1592
909,1591
909,1590
909,1589
909,1588
909,1587
909,1586
909,1585
909,1584
909,1583
909,1582
909,1581
909,1580
909,1579
909,1578
909,1577
909,1576
909,1575
909,1574
909,1573
909,1572
909,1571
909,1570
909,1569
909,1568
909,1567
909,1566
909,1565
909,1564
909,1563
909,1562
909,1561
909,1560
909,1559
909,1558
909,1557
909,1556
909,1555
909,1554
909,1553
909,1552
909,1551
909,1550
909,1549
909,1548
909,1547
909,1546
909,1545
909,1544
909,1543
909,1542
909,1541
909,1540
909,1539
909,1538
909,1537
909,1536
909,1535
909,1534
909,1533
909,1532
909,1531
909,1530
909,1529
909,1528
909,1527
909,1526
909,1525
909,1524
909,1523
909,1522
909,1521
909,1520
909,1519
909,1518
909,1517
909,1516
909,1515
909,1514
909,1513
909,1512
909,1511
909,1510
909,1509
909,1508
909,1507
909,1506
909,1505
909,1504
909,1503
909,1502
909,1501
909,1500
909,1499
909,1498
909,1497
909,1496
909,1495
909,1494
909,1493
909,1492
909,1491
909,1490
909,1489
909,1488
909,1487
909,1486
909,1485
909,1484
909,1483
909,1482
909,1481
909,1480
909,1479
909,1478
909,1477
909,1476
909,1475
909,1474
909,1473
909,1472
909,1471
909,1470
909,1469
909,1468
909,1467
909,1466
909,1465
909,1464
909,1463
909,1462
909,1461
909,1460
909,1459
909,1458
909,1457
909,1456
909,1455
909,1454
909,1453
909,1452
909,1451
909,1450
909,1449
909,1448
909,1447
909,1446
909,1445
909,1444
909,1443
909,1442
909,1441
909,1440
909,1439
909,1438
909,1437
909,1436
909,1435
909,1434
909,1433
909,1432
909,1431
909,1430
909,1429
909,1428
909,1427
909,1426
909,1425
909,1424
909,1423
909,1422
909,1421
909,1420
909,1419
909,1418
909,1417
909,1416
909,1415
909,1414
909,1413
909,1412
909,1411
909,1410
909,1409
909,1408
909,1407
909,1406
909,1405
909,1404
909,1403
909,1402
909,1401
909,1400
909,1399
909,1398
909,1397
909,1396
909,1395
909,1394
909,1393
909,1392
909,1391
909,1390
909,1389
909,1388
909,1387
909,1386
909,1385
909,1384
909,1383
909,1382
909,1381
909,1380
909,1379
909,1378
909,1377
909,1376
909,1375
909,1374
909,1373
909,1372
909,1371
909,1370
909,1369
909,1368
909,1367
909,1366
909,1365
909,1364
909,1363
909,1362
909,1361
909,1360
909,1359
909,1358
909,1357
909,1356
909,1355
909,1354
909,1353
909,1352
909,1351
909,1350
909,1349
909,1348
909,1347
909,1346
909,1345
909,1344
909,1343
909,1342
909,1341
909,1340
909,1339
909,1338
909,1337
909,1336
909,1335
909,1334
909,1333
909,1332
909,1331
909,1330
909,1329
909,1328
909,1327
909,1326
909,1325
909,1324
909,1323
909,1322
909,1321
909,1320
909,1319
909,1318
909,1317
909,1316
909,1315
909,1314
909,1313
909,1312
909,1311
909,1310
909,1309
909,1308
909,1307
909,1306
909,1305
909,1304
909,1303
909,1302
909,1301
909,1300
909,1299
909,1298
909,1297
909,1296
909,1295
909,1294
909,1293
909,1292
909,1291
909,1290
909,1289
909,1288
909,1287
909,1286
909,1285
909,1284
909,1283
909,1282
909,1281
909,1280
909,1279
909,1278
909,1277
909,1276
909,1275
909,1274
909,1273
909,1272
909,1271
909,1270
909,1269
909,1268
909,1267
909,1266
909,1265
909,1264
909,1263
909,1262
909,1261
909,1260
909,1259
909,1258
909,1257
909,1256
909,1255
909,1254
909,1253
909,1252
909,1251
909,1250
909,1249
909,1248
909,1247
909,1246
909,1245
909,1244
909,1243
909,1242
909,1241
909,1240
909,1239
909,1238
909,1237
909,1236
909,1235
909,1234
909,1233
909,1232
909,1231
909,1230
909,1229
909,1228
909,1227
909,1226
909,1225
909,1224
909,1223
909,1222
909,1221
909,1220
909,1219
909,1218
909,1217
909,1216
909,1215
909,1214
909,1213
909,1212
909,1211
909,1210
909,1209
909,1208
909,1207
909,1206
909,1205
909,1204
909,1203
909,1202
909,1201
909,1200
909,1199
909,1198
909,1197
909,1196
909,1195
909,1194
909,1193
909,1192
909,1191
909,1190
909,1189
909,1188
909,1187
909,1186
909,1185
909,1184
909,1183
909,1182
909,1181
909,1180
909,1179
909,1178
909,1177
909,1176
909,1175
909,1174
909,1173
909,1172
909,1171
909,1170
909,1169
909,1168
909,1167
909,1166
909,1165
909,1164
909,1163
909,1162
909,1161
909,1160
909,1159
909,1158
909,1157
909,1156
909,1155
909,1154
909,1153
909,1152
909,1151
909,1150
909,1149
909,1148
909,1147
909,1146
909,1145
909,1144
909,1143
909,1142
909,1141
909,1140
909,1139
909,1138
909,1137
909,1136
909,1135
909,1134
909,1133
909,1132
909,1131
909,1130
909,1129
909,1128
909,1127
909,1126
909,1125
909,1124
909,1123
909,1122
909,1121
909,1120
909,1119
909,1118
909,1117
909,1116
909,1115
909,1114
909,1113
909,1112
909,1111
909,1110
909,1109
909,1108
909,1107
909,1106
909,1105
909,1104
909,1103
909,1102
909,1101
909,1100
909,1099
909,1098
909,1097
909,1096
909,1095
909,1094
909,1093
909,1092
909,1091
909,1090
909,1089
909,1088
909,1087
909,1086
909,1085
909,1084
909,1083
909,1082
909,1081
909,1080
909,1079
909,1078
909,1077
909,1076
909,1075
909,1074
909,1073
909,1072
909,1071
909,1070
909,1069
909,1068
909,1067
909,1066
909,1065
909,1064
909,1063
909,1062
909,1061
909,1060
909,1059
909,1058
909,1057
909,1056
909,1055
909,1054
909,1053
909,1052
909,1051
909,1050
909,1049
909,1048
909,1047
909,1046
909,1045
909,1044
909,1043
909,1042
909,1041
909,1040
909,1039
909,1038
909,1037
909,1036
909,1035
909,1034
909,1033
909,1032
909,1031
909,1030
909,1029
909,1028
909,1027
909,1026
909,1025
909,1024
909,1023
909,1022
909,1021
909,1020
909,1019
909,1018
909,1017
909,1016
909,1015
909,1014
909,1013
909,1012
909,1011
909,1010
909,1009
909,1008
909,1007
909,1006
909,1005
909,1004
909,1003
909,1002
909,1001
909,1000
909,999
909,998
909,997
909,996
909,995
909,994
909,993
909,992
909,991
909,990
909,989
909,988
909,987
909,986
909,985
909,984
909,983
909,982
909,981
909,980
909,979
909,978
909,977
909,976
909,975
909,974
909,973
909,972
909,971
909,970
909,969
909,968
909,967
909,966
909,965
909,964
909,963
909,962
909,961
909,960
909,959
909,958
909,957
909,956
909,955
909,954
909,953
909,952
909,951
909,950
909,949
909,948
909,947
909,946
909,945
909,944
909,943
909,942
909,941
909,940
909,939
909,938
909,937
909,936
909,935
909,934
909,933
909,932
909,931
909,930
909,929
909,928
909,927
909,926
909,925
909,924
909,923
909,922
909,921
909,920
909,919
909,918
909,917
909,916
909,915
909,914
909,913
909,912
909,911
909,910
909,909
909,908
909,907
909,906
909,905
909,904
909,903
909,902
909,901
909,900
909,899
909,898
909,897
909,896
909,895
909,894
909,893
909,892
909,891
909,890
909,889
909,888
909,887
909,886
909,885
909,884
909,883
909,882
909,881
909,880
909,879
909,878
909,877
909,876
909,875
909,874
909,873
909,872
909,871
909,870
909,869
909,868
909,867
909,866
909,865
909,864
909,863
909,862
909,861
909,860
909,859
909,858
909,857
909,856
909,855
909,854
909,853
909,852
909,851
909,850
909,849
909,848
909,847
909,846
909,845
909,844
909,843
909,842
909,841
909,840
909,839
909,838
909,837
909,836
909,835
909,834
909,833
909,832
909,831
909,830
909,829
909,828
909,827
909,826
909,825
909,824
909,823
909,822
909,821
909,820
909,819
909,818
909,817
909,816
909,815
909,814
909,813
909,812
909,811
909,810
909,809
909,808
909,807
909,806
909,805
909,804
909,803
909,802
909,801
909,800
909,799
909,798
909,797
909,796
909,795
909,794
909,793
909,792
909,791
909,790
909,789
909,788
909,787
909,786
909,785
909,784
909,783
909,782
909,781
909,780
909,779
909,778
909,777
909,776
909,775
909,774
909,773
909,772
909,771
909,770
909,769
909,768
909,767
909,766
909,765
909,764
909,763
909,762
909,761
909,760
909,759
909,758
909,757
909,756
909,755
909,754
909,753
909,752
909,751
909,750
909,749
909,748
909,747
909,746
909,745
909,744
909,743
909,742
909,741
909,740
909,739
909,738
909,737
909,736
909,735
909,734
909,733
909,732
909,731
909,730
909,729
909,728
909,727
909,726
909,725
909,724
909,723
909,722
909,721
909,720
909,719
909,718
909,717
909,716
909,715
909,714
909,713
909,712
909,711
909,710
909,709
909,708
909,707
909,706
909,705
909,704
909,703
909,702
909,701
909,700
909,699
909,698
909,697
909,696
909,695
909,694
909,693
909,692
909,691
909,690
909,689
909,688
909,687
909,686
909,685
909,684
909,683
909,682
909,681
909,680
909,679
909,678
909,677
909,676
909,675
909,674
909,673
909,672
909,671
909,670
909,669
909,668
909,667
909,666
909,665
909,664
909,663
909,662
909,661
909,660
909,659
909,658
909,657
909,656
909,655
909,654
909,653
909,652
909,651
909,650
909,649
909,648
909,647
909,646
909,645
909,644
909,643
909,642
909,641
909,640
909,639
909,638
909,637
909,636
909,635
909,634
909,633
909,632
909,631
909,630
909,629
909,628
909,627
909,626
909,625
909,624
909,623
909,622
909,621
909,620
909,619
909,618
909,617
909,616
909,615
909,614
909,613
909,612
909,611
909,610
909,609
909,608
909,607
909,606
909,605
909,604
909,603
909,602
909,601
909,600
909,599
909,598
909,597
909,596
909,595
909,594
909,593
909,592
909,591
909,590
909,589
909,588
909,587
909,586
909,585
909,584
909,583
909,582
909,581
909,580
909,579
909,578
909,577
909,576
909,575
909,574
909,573
909,572
909,571
909,570
909,569
909,568
909,567
909,566
909,565
909,564
909,563
909,562
909,561
909,560
909,559
909,558
909,557
909,556
909,555
909,554
909,553
909,552
909,551
909,550
909,549
909,548
909,547
909,546
909,545
909,544
909,543
909,542
909,541
909,540
909,539
909,538
909,537
909,536
909,535
909,534
909,533
909,532
909,531
909,530
909,529
909,528
909,527
909,526
909,525
909,524
909,523
909,522
909,521
909,520
909,519
909,518
909,517
909,516
909,515
909,514
909,513
909,512
909,511
909,510
909,509
909,508
909,507
909,506
909,505
909,504
909,503
909,502
909,501
909,500
909,499
909,498
909,497
909,496
909,495
909,494
909,493
909,492
909,491
909,490
909,489
909,488
909,487
909,486
909,485
909,484
909,483
909,482
909,481
909,480
909,479
909,478
909,477
909,476
909,475
909,474
909,473
909,472
909,471
909,470
909,469
909,468
909,467
909,466
909,465
909,464
909,463
909,462
909,461
909,460
909,459
909,458
909,457
909,456
909,455
909,454
909,453
909,452
909,451
909,450
909,449
909,448
909,447
909,446
909,445
909,444
909,443
909,442
909,441
909,440
909,439
909,438
909,437
909,436
909,435
909,434
909,433
909,432
909,431
909,430
909,429
909,428
909,427
909,426
909,425
909,424
909,423
909,422
909,421
909,420
909,419
909,418
909,417
909,416
909,415
909,414
909,413
909,412
909,411
909,410
909,409
909,408
909,407
909,406
909,405
909,404
909,403
909,402
909,401
909,400
909,399
909,398
909,397
909,396
909,395
909,394
909,393
909,392
909,391
909,390
909,389
909,388
909,387
909,386
909,385
909,384
909,383
909,382
909,381
909,380
909,379
909,378
909,377
909,376
909,375
909,374
909,373
909,372
909,371
909,370
909,369
909,368
909,367
909,366
909,365
909,364
909,363
909,362
909,361
909,360
909,359
909,358
909,357
909,356
909,355
909,354
909,353
909,352
909,351
909,350
909,349
909,348
909,347
909,346
909,345
909,344
909,343
909,342
909,341
909,340
909,339
909,338
909,337
909,336
909,335
909,334
909,333
909,332
909,331
909,330
909,329
909,328
909,327
909,326
909,325
909,324
909,323
909,322
909,321
909,320
909,319
909,318
909,317
909,316
909,315
909,314
909,313
909,312
909,311
909,310
909,309
909,308
909,307
909,306
909,305
909,304
909,303
909,302
909,301
909,300
909,299
909,298
909,297
909,296
909,295
909,294
909,293
909,292
909,291
909,290
909,289
909,288
909,287
909,286
909,285
909,284
909,283
909,282
909,281
909,280
909,279
909,278
909,277
909,276
909,275
909,274
909,273
909,272
909,271
909,270
909,269
909,268
909,267
909,266
909,265
909,264
909,263
909,262
909,261
909,260
909,259
909,258
909,257
909,256
909,255
909,254
909,253
909,252
909,251
909,250
909,249
909,248
909,247
909,246
909,245
909,244
909,243
909,242
909,241
909,240
909,239
909,238
909,237
909,236
909,235
909,234
909,233
909,232
909,231
909,230
909,229
909,228
909,227
909,226
909,225
909,224
909,223
909,222
909,221
909,220
909,219
909,218
909,217
909,216
909,215
909,214
909,213
909,212
909,211
909,210
909,209
909,208
909,207
909,206
909,205
909,204
909,203
909,202
909,201
909,200
909,199
909,198
909,197
909,196
909,195
909,194
909,193
909,192
909,191
909,190
909,189
909,188
909,187
909,186
909,185
909,184
909,183
909,182
909,181
909,180
909,179
909,178
909,177
909,176
909,175
909,174
909,173
909,172
909,171
909,170
909,169
909,168
909,167
909,166
909,165
909,164
909,163
909,162
909,161
909,160
909,159
909,158
909,157
909,156
909,155
909,154
909,153
909,152
909,151
909,150
909,149
909,148
909,147
909,146
909,145
909,144
909,143
909,142
909,141
909,140
909,139
909,138
909,137
909,136
909,135
909,134
909,133
909,132
909,131
909,130
909,129
909,128
909,127
909,126
909,125
909,124
909,123
909,122
909,121
909,120
909,119
909,118
909,117
909,116
909,115
909,114
909,113
909,112
909,111
909,110
909,109
909,108
909,107
909,106
909,105
909,104
909,103
909,102
909,101
909,100
909,99
909,98
909,97
909,96
909,95
909,94
909,93
909,92
909,91
909,90
909,89
909,88
909,87
909,86
909,85
909,84
909,83
909,82
909,81
909,80
909,79
909,78
909,77
909,76
909,75
909,74
909,73
909,72
909,71
909,70
909,69
909,68
909,67
909,66
909,65
909,64
909,63
909,62
909,61
909,60
909,59
909,58
909,57
909,56
909,55
909,54
909,53
909,52
909,51
909,50
909,49
909,48
909,47
909,46
909,45
909,44
909,43
909,42
909,41
909,40
909,39
909,38
909,37
909,36
909,35
909,34
909,33
909,32
909,31
909,30
909,29
909,28
909,27
909,26
909,25
909,24
909,23
909,22
909,21
909,20
909,19
909,18
909,17
909,16
909,15
909,14
909,13
909,12
909,11
909,10
909,9
909,8
909,7
909,6
909,5
909,4
909,3
909,2
909,1
909,1
909,1
909,1
909,1
909,1
909,1
909,1
909,1
909,1
909,1
909,1
909,1
909,1
909,1
909,1
909,1
909,1
909,1
909,1
909,1
909,1
909,1
909,1
909,1
909,1
909,1
909,1
909,1
909,1
909,1
909,1
909,1
909,1
909,1
909,1
909,1
909,1
909,1
909,1
909,1
909,1
909,1
909,1
909,1
909,1
909,1
909,1
909,1
909,1
909,1
909,1
909,1
909,1
909,1
909,1
909,1
909,1
909,1
909,1
909,1
909,1
909,1
909,1
909,1
909,1
909,1
909,1
909,1
909,1
909,1
909,1
909,1
909,1
909,1
909,1
909,1
909,1
909,1
909,1
909,1
909,1
909,1
909,1
909,1
909,1
909,1
909,1
909,1
909,1
909,1
909,1
909,1
909,1
909,1
909,1
909,1
909,1
909,1
909,1
909,1
909,1
909,1
909,1
909,1
909,1
909,1
909,1
909,1
909,1
909,1
909,1
909,1
909,1
909,1
909,1
909,1
909,1
909,1
909,1
909,1
909,1
909,1
909,1
909,1
909,1
909,1
909,1
909,1
909,1
909,1
909,1
909,1
909,1
909,1
909,1
909,1
909,1
909,1
909,1
909,1
909,1
909,1
909,1
909,1
909,1
909,1
909,1
909,1
909,1
909,1
909,1
909,1
909,1
909,1
909,1
909,1
909,1
909,1
909,1
909,1
909,1
909,1
909,1
909,1
909,1
909,1
909,1
909,1
909,1
909,1
909,1
909,1
909,1
909,1
909,1
909,1
909,1
909,1
909,1
909,1
909,1
909,1
909,1
909,1
909,1
909,1
909,1
909,1
909,1
909,1
909,1
909,1
909,1
909,1
909,1
909,1
909,1
909,1
909,1
909,1
909,1
909,1
909,1
909,1
909,1
909,1
909,1
909,1
909,1
909,1
909,1
909,1
909,1
909,1
909,1
909,1
909,1
909,1
909,1
909,1
909,1
909,1
909,1
909,1
909,1
909,1
909,1
909,1
909,1
909,1
909,1
909,1
909,1
909,1
909,1
909,1
909,1
909,1
909,1
909,1
909,1
909,1
909,1
909,1
909,1
909,1
909,1
909,1
909,1
909,1
909,1
909,1
909,1
909,1
909,1
909,1
909,1
909,1
909,1
909,1
909,1
909,1
909,1
909,1
909,1
909,1
909,1
909,1
909,1
909,1
909,1
909,1
909,1
909,1
909,1
909,1
909,1
909,1
909,1
909,1
909,1
909,1
909,1
909,1
909,1
909,1
909,1
909,1
909,1
909,1
909,1
909,1
909,1
909,1
909,1
909,1
909,1
909,1
909,1
909,1
909,1
909,1
909,1
909,1
909,1
909,1
909,1
909,1
909,1
909,1
909,1
909,1
909,1
909,1
909,1
909,1
909,1
909,1
909,1
909,1
909,1
909,1
909,1
909,1
909,1
909,1
909,1
909,1
909,1
909,1
909,1
909,1
909,1
909,1
909,1
909,1
909,1
909,1
909,1
909,1
909,1
909,1
909,1
909,1
909,1
909,1
909,1
909,1
909,1
909,1
909,1
909,1
909,1
909,1
909,1
909,1
909,1
909,1
909,1
909,1
909,1
909,1
909,1
909,1
909,1
909,1
909,1
909,1
909,1
909,1
909,1
909,1
909,1
909,1
909,1
909,1
909,1
909,1
909,1
909,1
909,1
909,1
909,1
909,1
909,1
909,1
909,1
909,1
909,1
909,1
909,1
909,1
909,1
909,1
909,1
909,1
909,1
909,1
909,1
909,1
909,1
909,1
909,1
909,1
909,1
909,1
909,1
909,1
909,1
909,1
909,1
909,1
909,1
909,1
909,1
909,1
909,1
909,1
909,1
909,1
909,1
909,1
909,1
909,1
909,1
909,1
909,1
909,1
909,1
909,1
909,1
909,1
909,1
909,1
909,1
909,1
909,1
909,1
909,1
909,1
909,1
909,1
909,1
909,1
909,1
909,1
909,1
909,1
909,1
909,1
909,1
909,1
909,1
909,1
909,1
909,1
909,1
909,1
909,1
909,1
909,1
909,1
909,1
909,1
909,1
909,1
909,1
909,1
909,1
909,1
909,1
909,1
909,1
909,1
909,1
909,1
909,1
909,1
909,1
909,1
909,1
909,1
909,1
909,1
909,1
909,1
909,1
909,1
909,1
909,1
909,1
909,1
909,1
909,1
909,1
909,1
909,1
909,1
909,1
909,1
909,1
909,1
909,1
909,1
909,1
909,1
909,1
909,1
909,1
909,1
909,1
909,1
909,1
909,1
909,1
909,1
909,1
909,1
909,1
909,1
909,1
909,1
909,1
909,1
909,1
909,1
909,1
909,1
909,1
909,1
909,1
909,1
909,1
909,1
909,1
909,1
909,1
909,1
909,1
909,1
909,1
909,1
909,1
909,1
909,1
909,1
909,1
909,1
909,1
909,1
909,1
909,1
909,1
909,1
909,1
909,1
909,1
909,1
909,1
909,1
909,1
909,1
909,1
909,1
909,1
909,1
909,1
909,1
909,1
909,1
909,1
909,1
909,1
909,1
909,1
909,1
909,1
909,1
909,1
909,1
909,1
909,1
909,1
909,1
909,1
909,1
909,1
909,1
909,1
909,1
909,1
909,1
909,1
909,1
909,1
909,1
909,1
909,1
909,1
909,1
909,1
909,1
909,1
909,1
909,1
909,1
909,1
909,1
909,1
909,1
909,1
909,1
909,1
909,1
909,1
909,1
909,1
909,1
909,1
909,1
909,1
909,1
909,1
909,1
909,1
909,1
909,1
909,1
909,1
909,1
909,1
909,1
909,1
909,1
909,1
909,1
909,1
909,1
909,1
909,1
909,1
909,1
909,1
909,1
909,1
909,1
909,1
909,1
909,1
909,1
909,1
909,1
909,1
909,1
909,1
909,1
909,1
909,1
909,1
909,1
909,1
909,1
909,1
909,1
909,1
909,1
909,1
909,1
909,1
909,1
909,1
909,1
909,1
909,1
909,1
909,1
909,1
909,1
909,1
909,1
909,1
909,1
909,1
909,1
909,1
909,1
909,1
909,1
909,1
909,1
909,1
909,1
909,1
909,1
909,1
909,1
909,1
909,1
909,1
909,1
909,1
909,1
909,1
909,1
909,1
909,1
909,1
909,1
909,1
909,1
909,1
909,1
909,1
909,1
909,1
909,1
909,1
909,1
909,1
909,1
909,1
909,1
909,1
909,1
909,1
909,1
909,1
909,1
909,1
909,1
909,1
909,1
909,1
909,1
909,1
909,1
909,1
909,1
909,1
909,1
909,1
909,1
909,1
909,1
909,1
909,1
909,1
909,1
909,1
909,1
909,1
909,1
909,1
909,1
909,1
909,1
909,1
909,1
909,1
909,1
909,1
909,1
909,1
909,1
909,1
909,1
909,1
909,1
909,1
909,1
909,1
909,1
909,1
909,1
909,1
909,1
909,1
909,1
909,1
909,1
909,1
909,1
909,1
909,1
909,1
909,1
909,1
909,1
909,1
909,1
909,1
909,1
909,1
909,1
909,1
909,1
909,1
909,1
909,1
909,1
909,1
909,1
909,1
909,1
909,1
909,1
909,1
909,1
909,1
909,1
909,1
909,1
909,1
909,1
909,1
909,1
909,1
909,1
909,1
909,1
909,1
909,1
909,1
909,1
909,1
909,1
909,1
909,1
909,1
909,1
909,1
909,1
909,1
909,1
909,1
909,1
909,1
909,1
909,1
909,1
909,1
909,1
909,1
909,1
909,1
909,1
909,1
909,1
909,1
909,1
909,1
909,1
909,1
909,1
909,1
909,1
909,1
909,1
909,1
909,1
909,1
909,1
909,1
909,1
909,1
909,1
909,1
909,1
909,1
909,1
909,1
909,1
909,1
909,1
909,1
909,1
909,1
909,1
909,1
909,1
909,1
909,1
909,1
909,1
909,1
909,1
909,1
909,1
909,1
909,1
909,1
909,1
909,1
909,1
909,1
909,1
909,1
909,1
909,1
909,1
909,1
909,1
909,1
909,1
909,1
909,1
909,1
909,1
909,1
909,1
909,1
909,1
909,1
909,1
909,1
909,1
909,1
909,1
909,1
909,1
909,1
909,1
909,1
909,1
909,1
909,1
909,1
909,1
909,1
909,1
909,1
909,1
909,1
909,1
909,1
909,1
909,1
909,1
909,1
909,1
909,1
909,1
909,1
909,1
909,1
909,1
909,1
909,1
909,1
909,1
909,1
909,1
909,1
909,1
909,1
909,1
909,1
909,1
909,1
909,1
909,1
909,1
909,1
909,1
909,1
909,1
909,1
909,1
909,1
909,1
909,1
909,1
909,1
909,1
909,1
909,1
909,1
909,1
909,1
909,1
909,1
909,1
909,1
909,1
909,1
909,1
909,1
909,1
909,1
909,1
909,1
909,1
909,1
909,1
909,1
909,1
909,1
909,1
909,1
909,1
909,1
909,1
909,1
909,1
909,1
909,1
909,1
909,1
909,1
909,1
909,1
909,1
909,1
909,1
909,1
909,1
909,1
909,1
909,1
909,1
909,1
909,1
909,1
909,1
909,1
909,1
909,1
909,1
909,1
909,1
909,1
909,1
909,1
909,1
909,1
909,1
909,1
909,1
909,1
909,1
909,1
909,1
909,1
909,1
909,1
909,1
909,1
909,1
909,1
909,1
909,1
909,1
909,1
909,1
909,1
909,1
909,1
909,1
909,1
909,1
909,1
909,1
909,1
909,1
909,1
909,1
909,1
909,1
909,1
909,1
909,1
909,1
909,1
909,1
909,1
909,1
909,1
909,1
909,1
909,1
909,1
909,1
909,1
909,1
909,1
909,1
909,1
909,1
909,1
909,1
909,1
909,1
909,1
909,1
909,1
909,1
909,1
909,1
909,1
909,1
909,1
909,1
909,1
909,1
909,1
909,1
909,1
909,1
909,1
909,1
909,1
909,1
909,1
909,1
909,1
909,1
909,1
909,1
909,1
909,1
909,1
909,1
909,1
909,1
909,1
909,1
909,1
909,1
909,1
909,1
909,1
909,1
909,1
909,1
909,1
909,1
909,1
909,1
909,1
909,1
909,1
909,1
909,1
909,1
909,1
909,1
909,1
909,1
909,1
909,1
909,1
909,1
909,1
909,1
909,1
909,1
909,1
909,1
909,1
909,1
909,1
909,1
909,1
909,1
909,1
909,1
909,1
909,1
909,1
909,1
909,1
909,1
909,1
909,1
909,1
909,1
909,1
909,1
909,1
909,1
909,1
909,1
909,1
909,1
909,1
909,1
909,1
909,1
909,1
909,1
909,1
909,1
909,1
909,1
909,1
909,1
909,1
909,1
909,1
909,1
909,1
909,1
909,1
909,1
909,1
909,1
909,1
909,1
909,1
909,1
909,1
909,1
909,1
909,1
909,1
909,1
909,1
909,1
909,1
909,1
909,1
909,1
909,1
909,1
909,1
909,1
909,1
909,1
909,1
909,1
909,1
909,1
909,1
909,1
909,1
909,1
909,1
909,1
909,1
909,1
909,1
909,1
909,1
909,1
909,1
909,1
909,1
909,1
909,1
909,1
909,1
909,1
909,1
909,1
909,1
909,1
909,1
909,1
909,1
909,1
909,1
909,1
909,1
909,1
909,1
909,1
909,1
909,1
909,1
909,1
909,1
909,1
909,1
909,1
909,1
909,1
909,1
909,1
909,1
909,1
909,1
909,1
909,1
909,1
909,1
909,1
909,1
909,1
909,1
909,1
909,1
909,1
909,1
909,1
909,1
909,1
909,1
909,1
909,1
909,1
909,1
909,1
909,1
909,1
909,1
909,1
909,1
909,1
909,1
909,1
909,1
909,1
909,1
909,1
909,1
909,1
909,1
909,1
909,1
909,1
909,1
909,1
909,1
909,1
909,1
909,1
909,1
909,1
909,1
909,1
909,1
909,1
909,1
909,1
909,1
909,1
909,1
909,1
909,1
909,1
909,1
909,1
909,1
909,1
909,1
909,1
909,1
909,1
909,1
909,1
909,1
909,1
909,1
909,1
909,1
909,1
909,1
909,1
909,1
909,1
909,1
909,1
909,1
909,1
909,1
909,1
909,1
909,1
909,1
909,1
909,1
909,1
909,1
909,1
909,1
909,1
909,1
909,1
909,1
909,1
909,1
909,1
909,1
909,1
909,1
909,1
909,1
909,1
909,1
909,1
909,1
909,1
909,1
909,1
909,1
909,1
909,1
909,1
909,1
909,1
909,1
909,1
909,1
909,1
909,1
909,1
909,1
909,1
909,1
909,1
909,1
909,1
909,1
909,1
909,1
909,1
909,1
909,1
909,1
909,1
909,1
909,1
909,1
909,1
909,1
909,1
909,1
909,1
909,1
909,1
909,1
909,1
909,1
909,1
909,1
909,1
909,1
909,1
909,1
909,1
909,1
909,1
909,1
909,1
909,1
909,1
909,1
909,1
909,1
909,1
909,1
909,1
909,1
909,1
909,1
909,1
909,1
909,1
909,1
909,1
909,1
909,1
909,1
909,1
909,1
909,1
909,1
909,1
909,1
909,1
909,1
909,1
909,1
909,1
909,1
909,1
909,1
909,1
909,1
909,1
909,1
909,1
909,1
909,1
909,1
909,1
909,1
909,1
909,1
909,1
909,1
909,1
909,1
909,1
909,1
909,1
909,1
909,1
909,1
909,1
909,1
909,1
909,1
909,1
909,1
909,1
909,1
909,1
909,1
909,1
909,1
909,1
909,1
909,1
909,1
909,1
909,1
909,1
909,1
909,1
909,1
909,1
909,1
909,1
909,1
909,1
909,1
909,1
909,1
909,1
909,1
909,1
909,1
909,1
909,1
909,1
909,1
909,1
909,1
909,1
909,1
909,1
909,1
909,1
909,1
909,1
909,1
909,1
909,1
909,1
909,1
909,1
909,1
909,1
909,1
909,1
909,1
909,1
909,1
909,1
909,1
909,1
909,1
909,1
909,1
909,1
909,1
909,1
909,1
909,1
909,1
909,1
909,1
909,1
909,1
909,1
909,1
909,1
909,1
909,1
909,1
909,1
909,1
909,1
909,1
909,1
909,1
909,1
909,1
909,1
909,1
909,1
909,1
909,1
909,1
909,1
909,1
909,1
909,1
909,1
909,1
909,1
909,1
909,1
909,1
909,1
909,1
909,1
909,1
909,1
909,1
909,1
909,1
909,1
909,1
909,1
909,1
909,1
909,1
909,1
909,1
909,1
909,1
909,1
909,1
909,1
909,1
909,1
909,1
909,1
909,1
909,1
909,1
909,1
909,1
909,1
909,1
909,1
909,1
909,1
909,1
909,1
909,1
909,1
909,1
909,1
909,1
909,1
909,1
909,1
909,1
909,1
909,1
909,1
909,1
909,1
909,1
909,1
909,1
909,1
909,1
909,1
909,1
909,1
909,1
909,1
909,1
909,1
909,1
909,1
909,1
909,1
909,1
909,1
909,1
909,1
909,1
909,1
909,1
909,1
909,1
909,1
909,1
909,1
909,1
909,1
909,1
909,1
909,1
909,1
909,1
909,1
909,1
909,1
909,1
909,1
909,1
909,1
909,1
909,1
909,1
909,1
909,1
909,1
909,1
909,1
909,1
909,1
909,1
909,1
909,1
909,1
909,1
909,1
909,1
909,1
909,1
909,1
909,1
909,1
909,1
909,1
909,1
909,1
909,1
909,1
909,1
909,1
909,1
909,1
909,1
909,1
909,1
909,1
909,1
909,1
909,1
909,1
909,1
909,1
909,1
909,1
909,1
909,1
909,1
909,1
909,1
909,1
909,1
909,1
909,1
909,1
909,1
909,1
909,1
909,1
909,1
909,1
909,1
909,1
909,1
909,1
909,1
909,1
909,1
909,1
909,1
909,1
909,1
909,1
909,1
909,1
909,1
909,1
909,1
909,1
909,1
909,1
909,1
909,1
909,1
909,1
909,1
909,1
909,1
909,1
909,1
909,1
909,1
909,1
909,1
909,1
909,1
909,1
909,1
909,1
909,1
909,1
909,1
909,1
909,1
909,1
909,1
909,1
909,1
909,1
909,1
909,1
909,1
909,1
909,1
909,1
909,1
909,1
909,1
909,1
909,1
909,1
909,1
909,1
909,1
909,1
909,1
909,1
909,1
909,1
909,1
909,1
909,1
909,1
909,1
909,1
909,1
909,1
909,1
909,1
909,1
909,1
909,1
909,1
909,1
909,1
909,1
909,1
909,1
909,1
909,1
909,1
909,1
909,1
909,1
909,1
909,1
909,1
909,1
909,1
909,1
909,1
909,1
909,1
909,1
909,1
909,1
909,1
909,1
909,1
909,1
909,1
909,1
909,1
909,1
909,1
909,1
909,1
909,1
909,1
909,1
909,1
909,1
909,1
909,1
909,1
909,1
909,1
909,1
909,1
909,1
909,1
909,1
909,1
909,1
909,1
909,1
909,1
909,1
909,1
909,1
909,1
909,1
909,1
909,1
909,1
909,1
909,1
909,1
909,1
909,1
909,1
909,1
909,1
909,1
909,1
909,1
909,1
909,1
909,1
909,1
909,1
909,1
909,1
909,1
909,1
909,1
909,1
909,1
909,1
909,1
909,1
909,1
909,1
909,1
909,1
909,1
909,1
909,1
909,1
909,1
909,1
909,1
909,1
909,1
909,1
909,1
909,1
909,1
909,1
909,1
909,1
909,1
909,1
909,1
909,1
909,1
909,1
909,1
909,1
909,1
909,1
909,1
909,1
909,1
909,1
909,1
909,1
909,1
909,1
909,1
909,1
909,1
909,1
909,1
909,1
909,1
909,1
909,1
909,1
909,1
909,1
909,1
909,1
909,1
909,1
909,1
909,1
909,1
909,1
909,1
909,1
909,1
909,1
909,1
909,1
909,1
909,1
909,1
909,1
909,1
909,1
909,1
909,1
909,1
909,1
909,1
909,1
909,1
909,1
909,1
909,1
909,1
909,1
909,1
909,1
909,1
909,1
909,1
909,1
909,1
909,1
909,1
909,1
909,1
909,1
909,1
909,1
909,1
909,1
909,1
909,1
909,1
909,1
909,1
909,1
909,1
909,1
909,1
909,1
909,1
909,1
909,1
909,1
909,1
909,1
909,1
909,1
909,1
909,1
909,1
909,1
909,1
909,1
909,1
909,1
909,1
909,1
909,1
909,1
909,1
909,1
909,1
909,1
909,1
909,1
909,1
909,1
909,1
909,1
909,1
909,1
909,1
909,1
909,1
909,1
909,1
909,1
909,1
909,1
909,1
909,1
909,1
909,1
909,1
909,1
909,1
909,1
909,1
909,1
909,1
909,1
909,1
909,1
909,1
909,1
909,1
909,1
909,1
909,1
909,1
909,1
909,1
909,1
909,1
909,1
909,1
909,1
909,1
909,1
909,1
909,1
909,1
909,1
909,1
909,1
909,1
909,1
909,1
909,1
909,1
909,1
909,1
909,1
909,1
909,1
909,1
909,1
909,1
909,1
909,1
909,1
909,1
909,1
909,1
909,1
909,1
909,1
909,1
909,1
909,1
909,1
909,1
909,1
909,1
909,1
909,1
909,1
909,1
909,1
909,1
909,1
909,1
909,1
909,1
909,1
909,1
909,1
909,1
909,1
909,1
909,1
909,1
909,1
909,1
909,1
909,1
909,1
909,1
909,1
909,1
909,1
909,1
909,1
909,1
909,1
909,1
909,1
909,1
909,1
909,1
909,1
909,1
909,1
909,1
909,1
909,1
909,1
909,1
909,1
909,1
909,1
909,1
909,1
909,1
909,1
909,1
909,1
909,1
909,1
909,1
909,1
909,1
909,1
909,1
909,1
909,1
909,1
909,1
909,1
909,1
909,1
909,1
909,1
909,1
909,1
909,1
909,1
909,1
909,1
909,1
909,1
909,1
909,1
909,1
909,1
909,1
909,1
909,1
909,1
909,1
909,1
909,1
909,1
909,1
909,1
909,1
909,1
909,1
909,1
909,1
909,1
909,1
909,1
909,1
909,1
909,1
909,1
909,1
909,1
909,1
909,1
909,1
909,1
909,1
909,1
909,1
909,1
909,1
909,1
909,1
909,1
909,1
909,1
909,1
909,1
909,1
909,1
909,1
909,1
909,1
909,1
909,1
909,1
909,1
909,1
909,1
909,1
909,1
909,1
909,1
909,1
909,1
909,1
909,1
909,1
909,1
909,1
909,1
909,1
909,1
909,1
909,1
909,1
909,1
909,1
909,1
909,1
909,1
909,1
909,1
909,1
909,1
909,1
909,1
909,1
909,1
909,1
909,1
909,1
909,1
909,1
909,1
909,1
909,1
909,1
909,1
909,1
909,1
909,1
909,1
909,1
909,1
909,1
909,1
909,1
909,1
909,1
909,1
909,1
909,1
909,1
909,1
909,1
909,1
909,1
909,1
909,1
909,1
909,1
909,1
909,1
909,1
909,1
909,1
909,1
909,1
909,1
909,1
909,1
909,1
909,1
909,1
909,1
909,1
909,1
909,1
909,1
909,1
909,1
909,1
909,1
909,1
909,1
909,1
909,1
909,1
909,1
909,1
909,1
909,1
909,1
909,1
909,1
909,1
909,1
909,1
909,1
909,1
909,1
909,1
909,1
909,1
909,1
909,1
909,1
909,1
909,1
909,1
909,1
909,1
909,1
909,1
909,1
909,1
909,1
909,1
909,1
909,1
909,1
909,1
909,1
909,1
909,1
909,1
909,1
909,1
909,1
909,1
909,1
909,1
909,1
909,1
909,1
909,1
909,1
909,1
909,1
909,1
909,1
909,1
909,1
909,1
909,1
909,1
909,1
909,1
909,1
909,1
909,1
909,1
909,1
909,1
909,1
909,1
909,1
909,1
909,1
909,1
909,1
909,1
909,1
909,1
909,1
909,1
909,1
909,1
909,1
909,1
909,1
909,1
909,1
909,1
909,1
909,1
909,1
909,1
909,1
909,1
909,1
909,1
909,1
909,1
909,1
909,1
909,1
909,1
909,1
909,1
909,1
909,1
909,1
909,1
909,1
909,1
909,1
909,1
909,1
909,1
909,1
909,1
909,1
909,1
909,1
909,1
909,1
909,1
909,1
909,1
909,1
909,1
909,1
909,1
909,1
909,1
909,1
909,1
909,1
909,1
909,1
909,1
909,1
909,1
909,1
909,1
909,1
909,1
909,1
909,1
909,1
909,1
909,1
909,1
909,1
909,1
909,1
909,1
909,1
909,1
909,1
909,1
909,1
909,1
909,1
909,1
909,1
909,1
909,1
909,1
909,1
909,1
909,1
909,1
909,1
909,1
909,1
909,1
909,1
909,1
909,1
909,1
909,1
909,1
909,1
909,1
909,1
909,1
909,1
909,1
909,1
909,1
909,1
909,1
909,1
909,1
909,1
909,1
909,1
909,1
909,1
909,1
909,1
909,1
909,1
909,1
909,1
909,1
909,1
909,1
909,1
909,1
909,1
909,1
909,1
909,1
909,1
909,1
909,1
909,1
909,1
909,1
909,1
909,1
909,1
909,1
909,1
909,1
909,1
909,1
909,1
909,1
909,1
909,1
909,1
909,1
909,1
909,1
909,1
909,1
909,1
909,1
909,1
909,1
909,1
909,1
909,1
909,1
909,1
909,1
909,1
909,1
909,1
909,1
909,1
909,1
909,1
909,1
909,1
909,1
909,1
909,1
909,1
909,1
909,1
909,1
909,1
909,1
909,1
909,1
909,1
909,1
909,1
909,1
909,1
909,1
909,1
909,1
909,1
909,1
909,1
909,1
909,1
909,1
909,1
909,1
909,1
909,1
909,1
909,1
909,1
909,1
909,1
909,1
909,1
909,1
909,1
909,1
909,1
909,1
909,1
909,1
909,1
909,1
909,1
909,1
909,1
909,1
909,1
909,1
909,1
909,1
909,1
909,1
909,1
909,1
909,1
909,1
909,1
909,1
909,1
909,1
909,1
909,1
909,1
909,1
909,1
909,1
909,1
909,1
909,1
909,1
909,1
909,1
909,1
909,1
909,1
909,1
909,1
909,1
909,1
909,1
909,1
909,1
909,1
909,1
909,1
909,1
909,1
909,1
909,1
909,1
909,1
909,1
909,1
909,1
909,1
909,1
909,1
909,1
909,1
909,1
909,1
909,1
909,1
909,1
909,1
909,1
909,1
909,1
909,1
909,1
909,1
909,1
909,1
909,1
909,1
909,1
909,1
909,1
909,1
909,1
909,1
909,1
909,1
909,1
909,1
909,1
909,1
909,1
909,1
909,1
909,1
909,1
909,1
909,1
909,1
909,1
909,1
909,1
909,1
909,1
909,1
909,1
909,1
909,1
909,1
909,1
909,1
909,1
909,1
909,1
909,1
909,1
909,1
909,1
909,1
909,1
909,1
909,1
909,1
909,1
909,1
909,1
909,1
909,1
909,1
909,1
909,1
909,1
909,1
909,1
909,1
909,1
909,1
909,1
909,1
909,1
909,1
909,1
909,1
909,1
909,1
909,1
909,1
909,1
909,1
909,1
909,1
909,1
909,1
909,1
909,1
909,1
909,1
909,1
909,1
909,1
909,1
909,1
909,1
909,1
909,1
909,1
909,1
909,1
909,1
909,1
909,1
909,1
909,1
909,1
909,1
909,1
909,1
909,1
909,1
909,1
909,1
909,1
909,1
909,1
909,1
909,1
909,1
909,1
909,1
909,1
909,1
909,1
909,1
909,1
909,1
909,1
909,1
909,1
909,1
909,1
909,1
909,1
909,1
909,1
909,1
909,1
909,1
909,1
909,1
909,1
909,1
909,1
909,1
909,1
909,1
909,1
909,1
909,1
909,1
909,1
909,1
909,1
909,1
909,1
909,1
909,1
909,1
909,1
909,1
909,1
909,1
909,1
909,1
909,1
909,1
909,1
909,1
909,1
909,1
909,1
909,1
909,1
909,1
909,1
909,1
909,1
909,1
909,1
909,1
909,1
909,1
909,1
909,1
909,1
909,1
909,1
909,1
909,1
909,1
909,1
909,1
909,1
909,1
909,1
909,1
909,1
909,1
909,1
909,1
909,1
909,1
909,1
909,1
909,1
909,1
909,1
909,1
909,1
909,1
909,1
909,1
909,1
909,1
909,1
909,1
909,1
909,1
909,1
909,1
909,1
909,1
909,1
909,1
909,1
909,1
909,1
909,1
909,1
909,1
909,1
909,1
909,1
909,1
909,1
909,1
909,1
909,1
909,1
909,1
909,1
909,1
909,1
909,1
909,1
909,1
909,1
909,1
909,1
909,1
909,1
909,1
909,1
909,1
909,1
909,1
909,1
909,1
909,1
909,1
909,1
909,1
909,1
909,1
909,1
909,1
909,1
909,1
909,1
909,1
909,1
909,1
909,1
909,1
909,1
909,1
909,1
909,1
909,1
909,1
909,1
909,1
909,1
909,1
909,1
909,1
909,1
909,1
909,1
909,1
909,1
909,1
909,1
909,1
909,1
909,1
909,1
909,1
909,1
909,1
909,1
909,1
909,1
909,1
909,1
909,1
909,1
909,1
909,1
909,1
909,1
909,1
909,1
909,1
909,1
909,1
909,1
909,1
909,1
909,1
909,1
909,1
909,1
909,1
909,1
909,1
909,1
909,1
909,1
909,1
909,1
909,1
909,1
909,1
909,1
909,1
909,1
909,1
909,1
909,1
909,1
909,1
909,1
909,1
909,1
909,1
909,1
909,1
909,1
909,1
909,1
909,1
909,1
909,1
909,1
909,1
909,1
909,1
909,1
909,1
909,1
909,1
909,1
909,1
909,1
909,1
909,1
909,1
909,1
909,1
909,1
909,1
909,1
909,1
909,1
909,1
909,1
909,1
909,1
909,1
909,1
909,1
909,1
909,1
909,1
909,1
909,1
909,1
909,1
909,1
909,1
909,1
909,1
909,1
909,1
909,1
909,1
909,1
909,1
909,1
909,1
909,1
909,1
909,1
909,1
909,1
909,1
909,1
909,1
909,1
909,1
909,1
909,1
909,1
909,1
909,1
909,1
909,1
909,1
909,1
909,1
909,1
909,1
909,1
909,1
909,1
909,1
909,1
909,1
909,1
909,1
909,1
909,1
909,1
909,1
909,1
909,1
909,1
909,1
909,1
909,1
909,1
909,1
909,1
909,1
909,1
909,1
909,1
909,1
909,1
909,1
909,1
909,1
909,1
909,1
909,1
909,1
909,1
909,1
909,1
909,1
909,1
909,1
909,1
909,1
909,1
909,1
909,1
909,1
909,1
909,1
909,1
909,1
909,1
909,1
909,1
909,1
909,1
909,1
909,1
909,1
909,1
909,1
909,1
909,1
909,1
909,1
909,1
909,1
909,1
909,1
909,1
909,1
909,1
909,1
909,1
909,1
909,1
909,1
909,1
909,1
909,1
909,1
909,1
909,1
909,1
909,1
909,1
909,1
909,1
909,1
909,1
909,1
909,1
909,1
909,1
909,1
909,1
909,1
909,1
909,1
909,1
909,1
909,1
909,1
909,1
909,1
909,1
909,1
909,1
909,1
909,1
909,1
909,1
909,1
909,1
909,1
909,1
909,1
909,1
909,1
909,1
909,1
909,1
909,1
909,1
909,1
909,1
909,1
909,1
909,1
909,1
909,1
909,1
909,1
909,1
909,1
909,1
909,1
909,1
909,1
909,1
909,1
909,1
909,1
909,1
909,1
909,1
909,1
909,1
909,1
909,1
909,1
909,1
909,1
909,1
909,1
909,1
909,1
909,1
909,1
909,1
909,1
909,1
909,1
909,1
909,1
909,1
909,1
909,1
909,1
909,1
909,1
909,1
909,1
909,1
909,1
909,1
909,1
909,1
909,1
909,1
909,1
909,1
909,1
909,1
909,1
909,1
909,1
909,1
909,1
909,1
909,1
909,1
909,1
909,1
909,1
909,1
909,1
909,1
909,1
909,1
909,1
909,1
909,1
909,1
909,1
909,1
909,1
909,1
909,1
909,1
909,1
909,1
909,1
909,1
909,1
909,1
909,1
909,1
909,1
909,1
909,1
909,1
909,1
909,1
909,1
909,1
909,1
909,1
909,1
909,1
909,1
909,1
909,1
909,1
909,1
909,1
909,1
909,1
909,1
909,1
909,1
909,1
909,1
909,1
909,1
909,1
909,1
909,1
909,1
909,1
909,1
909,1
909,1
909,1
909,1
909,1
909,1
909,1
909,1
909,1
909,1
909,1
909,1
909,1
909,1
909,1
909,1
909,1
909,1
909,1
909,1
909,1
909,1
909,1
909,1
909,1
909,1
909,1
909,1
909,1
909,1
