0x02000000,0x01000000
0x02004189,0x0100624D
0x02008301,0x0100C4D1
0x0200C468,0x0101278B
0x020105BE,0x01018A7C
0x02014703,0x0101EDA4
0x02018837,0x01025103
0x0201C959,0x0102B499
0x02020A6A,0x01031866
0x02024B6A,0x01037C6B
0x02028C58,0x0103E0A7
0x0202CD35,0x0104451B
0x02030E00,0x0104A9C6
0x02034EB9,0x01050EA9
0x02038F60,0x010573C4
0x0203CFF5,0x0105D917
0x02041078,0x01063EA2
0x020450E9,0x0106A466
0x02049148,0x01070A62
0x0204D195,0x01077097
0x020511CF,0x0107D704
0x020551F7,0x01083DAA
0x0205920C,0x0108A489
0x0205D20E,0x01090BA1
0x020611FE,0x010972F2
0x020651DB,0x0109DA7C
0x020691A5,0x010A4240
0x0206D15C,0x010AAA3D
0x02071100,0x010B1274
0x02075090,0x010B7AE5
0x0207900D,0x010BE38F
0x0207CF77,0x010C4C73
0x02080ECD,0x010CB591
0x02084E10,0x010D1EEA
0x02088D3F,0x010D887D
0x0208CC5A,0x010DF24A
0x02090B61,0x010E5C52
0x02094A54,0x010EC695
0x02098933,0x010F3112
0x0209C7FE,0x010F9BCA
0x020A06B5,0x011006BD
0x020A4557,0x011071EC
0x020A83E5,0x0110DD56
0x020AC25E,0x011148FB
0x020B00C2,0x0111B4DC
0x020B3F12,0x011220F9
0x020B7D4D,0x01128D51
0x020BBB73,0x0112F9E5
0x020BF984,0x011366B5
0x020C3780,0x0113D3C1
0x020C7566,0x0114410A
0x020CB337,0x0114AE8F
0x020CF0F3,0x01151C51
0x020D2E99,0x01158A4F
0x020D6C29,0x0115F88A
0x020DA9A4,0x01166702
0x020DE709,0x0116D5B7
0x020E2458,0x011744A9
0x020E6191,0x0117B3D8
0x020E9EB4,0x01182345
0x020EDBC1,0x011892EF
0x020F18B7,0x011902D7
0x020F5597,0x011972FD
0x020F9260,0x0119E361
0x020FCF13,0x011A5403
0x02100BAF,0x011AC4E3
0x02104834,0x011B3601
0x021084A2,0x011BA75D
0x0210C0F9,0x011C18F8
0x0210FD39,0x011C8AD2
0x02113962,0x011CFCEA
0x02117573,0x011D6F41
0x0211B16D,0x011DE1D7
0x0211ED4F,0x011E54AC
0x0212291A,0x011EC7C1
0x021264CD,0x011F3B15
0x0212A068,0x011FAEA9
0x0212DBEB,0x0120227C
0x02131756,0x0120968F
0x021352A9,0x01210AE2
0x02138DE3,0x01217F75
0x0213C905,0x0121F448
0x0214040F,0x0122695B
0x02143F00,0x0122DEAF
0x021479D8,0x01235443
0x0214B498,0x0123CA18
0x0214EF3F,0x0124402E
0x021529CD,0x0124B685
0x02156442,0x01252D1D
0x02159E9D,0x0125A3F6
0x0215D8DF,0x01261B10
0x02161308,0x0126926C
0x02164D17,0x01270A09
0x0216870C,0x012781E8
0x0216C0E8,0x0127FA09
0x0216FAAA,0x0128726C
0x02173452,0x0128EB11
0x02176DE0,0x012963F8
0x0217A754,0x0129DD21
0x0217E0AD,0x012A568D
0x021819EC,0x012AD03C
0x02185310,0x012B4A2D
0x02188C1A,0x012BC461
0x0218C509,0x012C3ED8
0x0218FDDD,0x012CB992
0x02193696,0x012D3490
0x02196F34,0x012DAFD1
0x0219A7B7,0x012E2B55
0x0219E01F,0x012EA71D
0x021A186B,0x012F2329
0x021A509C,0x012F9F79
0x021A88B1,0x01301C0D
0x021AC0AB,0x013098E5
0x021AF889,0x01311601
0x021B304B,0x01319362
0x021B67F1,0x01321107
0x021B9F7B,0x01328EF1
0x021BD6E9,0x01330D20
0x021C0E3A,0x01338B94
0x021C456F,0x01340A4D
0x021C7C87,0x0134894B
0x021CB382,0x0135088E
0x021CEA61,0x01358817
0x021D2123,0x013607E6
0x021D57C8,0x013687FA
0x021D8E4F,0x01370854
0x021DC4B9,0x013788F4
0x021DFB06,0x013809DA
0x021E3135,0x01388B07
0x021E6747,0x01390C7A
0x021E9D3B,0x01398E34
0x021ED311,0x013A1034
0x021F08C9,0x013A927B
0x021F3E63,0x013B1509
0x021F73DF,0x013B97DE
0x021FA93D,0x013C1AFA
0x021FDE7C,0x013C9E5E
0x0220139D,0x013D2209
0x0220489F,0x013DA5FC
0x02207D82,0x013E2A36
0x0220B247,0x013EAEB8
0x0220E6ED,0x013F3382
0x02211B74,0x013FB894
0x02214FDB,0x01403DEF
0x02218423,0x0140C392
0x0221B84C,0x0141497E
0x0221EC55,0x0141CFB2
0x0222203E,0x0142562F
0x02225408,0x0142DCF5
0x022287B2,0x01436404
0x0222BB3C,0x0143EB5C
0x0222EEA6,0x014472FE
0x022321EF,0x0144FAE9
0x02235518,0x0145831E
0x02238820,0x01460B9C
0x0223BB08,0x01469464
0x0223EDCF,0x01471D76
0x02242075,0x0147A6D3
0x022452FA,0x0148307A
0x0224855E,0x0148BA6B
0x0224B7A1,0x014944A7
0x0224E9C3,0x0149CF2D
0x02251BC3,0x014A59FE
0x02254DA2,0x014AE51A
0x02257F5F,0x014B7081
0x0225B0FA,0x014BFC33
0x0225E273,0x014C8831
0x022613CA,0x014D147A
0x022644FF,0x014DA10F
0x02267612,0x014E2DF0
0x0226A702,0x014EBB1D
0x0226D7D0,0x014F4896
0x0227087B,0x014FD65B
0x02273903,0x0150646C
0x02276969,0x0150F2C9
0x022799AC,0x01518173
0x0227C9CB,0x0152106A
0x0227F9C7,0x01529FAE
0x022829A0,0x01532F3E
0x02285955,0x0153BF1C
0x022888E7,0x01544F47
0x0228B855,0x0154DFBF
0x0228E79F,0x01557085
0x022916C5,0x01560198
0x022945C7,0x015692F9
0x022974A5,0x015724A8
0x0229A35F,0x0157B6A5
0x0229D1F4,0x015848F0
0x022A0064,0x0158DB89
0x022A2EB0,0x01596E71
0x022A5CD7,0x015A01A8
0x022A8AD9,0x015A952D
0x022AB8B6,0x015B2901
0x022AE66E,0x015BBD24
0x022B1400,0x015C5196
0x022B416D,0x015CE657
0x022B6EB4,0x015D7B68
0x022B9BD6,0x015E10C8
0x022BC8D2,0x015EA678
0x022BF5A8,0x015F3C78
0x022C2258,0x015FD2C8
0x022C4EE2,0x01606968
0x022C7B45,0x01610058
0x022CA782,0x01619798
0x022CD398,0x01622F29
0x022CFF87,0x0162C70A
0x022D2B50,0x01635F3C
0x022D56F2,0x0163F7BF
0x022D826D,0x01649093
0x022DADC0,0x016529B8
0x022DD8EC,0x0165C32E
0x022E03F1,0x01665CF5
0x022E2ECE,0x0166F70E
0x022E5983,0x01679179
0x022E8410,0x01682C35
0x022EAE76,0x0168C743
0x022ED8B3,0x016962A3
0x022F02C8,0x0169FE56
0x022F2CB5,0x016A9A5B
0x022F5679,0x016B36B2
0x022F8015,0x016BD35C
0x022FA988,0x016C7059
0x022FD2D2,0x016D0DA8
0x022FFBF3,0x016DAB4A
0x023024EB,0x016E4940
0x02304DBA,0x016EE789
0x0230765F,0x016F8625
0x02309EDB,0x01702515
0x0230C72D,0x0170C458
0x0230EF56,0x017163EF
0x02311755,0x017203DA
0x02313F2A,0x0172A419
0x023166D5,0x017344AC
0x02318E55,0x0173E593
0x0231B5AB,0x017486CF
0x0231DCD6,0x0175285F
0x023203D7,0x0175CA44
0x02322AAD,0x01766C7E
0x02325158,0x01770F0D
0x023277D8,0x0177B1F1
0x02329E2D,0x0178552A
0x0232C456,0x0178F8B9
0x0232EA54,0x01799C9D
0x02331026,0x017A40D7
0x023335CD,0x017AE566
0x02335B48,0x017B8A4B
0x02338097,0x017C2F86
0x0233A5BA,0x017CD517
0x0233CAB1,0x017D7AFF
0x0233EF7B,0x017E213D
0x02341419,0x017EC7D1
0x0234388A,0x017F6EBC
0x02345CCF,0x018015FE
0x023480E7,0x0180BD97
0x0234A4D2,0x01816587
0x0234C890,0x01820DCE
0x0234EC20,0x0182B66C
0x02350F83,0x01835F62
0x023532B8,0x018408AF
0x023555C0,0x0184B254
0x0235789A,0x01855C51
0x02359B46,0x018606A5
0x0235BDC4,0x0186B151
0x0235E014,0x01875C56
0x02360236,0x018807B3
0x02362429,0x0188B368
0x023645EE,0x01895F76
0x02366784,0x018A0BDD
0x023688EB,0x018AB89C
0x0236AA23,0x018B65B4
0x0236CB2C,0x018C1325
0x0236EC06,0x018CC0EF
0x02370CB0,0x018D6F13
0x02372D2B,0x018E1D90
0x02374D76,0x018ECC67
0x02376D91,0x018F7B97
0x02378D7D,0x01902B21
0x0237AD39,0x0190DB05
0x0237CCC4,0x01918B43
0x0237EC1F,0x01923BDB
0x02380B4A,0x0192ECCE
0x02382A44,0x01939E1B
0x0238490E,0x01944FC2
0x023867A7,0x019501C4
0x0238860F,0x0195B421
0x0238A446,0x019666D9
0x0238C24B,0x019719EC
0x0238E01F,0x0197CD5A
0x0238FDC2,0x01988123
0x02391B33,0x01993548
0x02393872,0x0199E9C8
0x0239557F,0x019A9EA4
0x0239725A,0x019B53DB
0x02398F03,0x019C096E
0x0239AB7A,0x019CBF5D
0x0239C7BF,0x019D75A8
0x0239E3D1,0x019E2C4F
0x0239FFB0,0x019EE353
0x023A1B5D,0x019F9AB3
0x023A36D7,0x01A05270
0x023A521E,0x01A10A89
0x023A6D32,0x01A1C2FF
0x023A8812,0x01A27BD2
0x023AA2BF,0x01A33502
0x023ABD38,0x01A3EE8F
0x023AD77D,0x01A4A879
0x023AF18F,0x01A562C1
0x023B0B6D,0x01A61D66
0x023B2516,0x01A6D869
0x023B3E8B,0x01A793CA
0x023B57CC,0x01A84F88
0x023B70D8,0x01A90BA4
0x023B89B0,0x01A9C81E
0x023BA253,0x01AA84F7
0x023BBAC1,0x01AB422E
0x023BD2FA,0x01ABFFC3
0x023BEAFE,0x01ACBDB7
0x023C02CC,0x01AD7C09
0x023C1A65,0x01AE3ABA
0x023C31C8,0x01AEF9CA
0x023C48F6,0x01AFB939
0x023C5FEE,0x01B07907
0x023C76B0,0x01B13934
0x023C8D3C,0x01B1F9C0
0x023CA392,0x01B2BAAC
0x023CB9B1,0x01B37BF7
0x023CCF9A,0x01B43DA2
0x023CE54C,0x01B4FFAC
0x023CFAC7,0x01B5C216
0x023D100B,0x01B684E0
0x023D2518,0x01B7480A
0x023D39EE,0x01B80B94
0x023D4E8D,0x01B8CF7E
0x023D62F5,0x01B993C9
0x023D7725,0x01BA5874
0x023D8B1D,0x01BB1D80
0x023D9EDE,0x01BBE2EC
0x023DB267,0x01BCA8B9
0x023DC5B7,0x01BD6EE7
0x023DD8CF,0x01BE3576
0x023DEBAF,0x01BEFC66
0x023DFE56,0x01BFC3B7
0x023E10C5,0x01C08B69
0x023E22FB,0x01C1537C
0x023E34F8,0x01C21BF1
0x023E46BC,0x01C2E4C7
0x023E5847,0x01C3ADFF
0x023E6999,0x01C47799
0x023E7AB2,0x01C54195
0x023E8B91,0x01C60BF2
0x023E9C36,0x01C6D6B1
0x023EACA2,0x01C7A1D3
0x023EBCD4,0x01C86D57
0x023ECCCC,0x01C9393D
0x023EDC8A,0x01CA0585
0x023EEC0D,0x01CAD230
0x023EFB56,0x01CB9F3D
0x023F0A64,0x01CC6CAD
0x023F1938,0x01CD3A80
0x023F27D1,0x01CE08B6
0x023F362F,0x01CED74F
0x023F4452,0x01CFA64B
0x023F523A,0x01D075AA
0x023F5FE6,0x01D1456C
0x023F6D57,0x01D21591
0x023F7A8C,0x01D2E61A
0x023F8786,0x01D3B706
0x023F9444,0x01D48856
0x023FA0C6,0x01D55A09
0x023FAD0C,0x01D62C20
0x023FB916,0x01D6FE9B
0x023FC4E3,0x01D7D17A
0x023FD074,0x01D8A4BD
0x023FDBC8,0x01D97864
0x023FE6DF,0x01DA4C6F
0x023FF1BA,0x01DB20DE
0x023FFC58,0x01DBF5B2
0x024006B9,0x01DCCAEA
0x024010DC,0x01DDA086
0x02401AC2,0x01DE7687
0x0240246B,0x01DF4CED
0x02402DD6,0x01E023B7
0x02403703,0x01E0FAE6
0x02403FF2,0x01E1D27A
0x024048A3,0x01E2AA73
0x02405116,0x01E382D1
0x0240594B,0x01E45B94
0x02406142,0x01E534BC
0x024068FA,0x01E60E49
0x02407074,0x01E6E83C
0x024077AF,0x01E7C294
0x02407EAB,0x01E89D51
0x02408568,0x01E97874
0x02408BE6,0x01EA53FC
0x02409225,0x01EB2FEA
0x02409824,0x01EC0C3E
0x02409DE4,0x01ECE8F8
0x0240A364,0x01EDC617
0x0240A8A5,0x01EEA39C
0x0240ADA6,0x01EF8187
0x0240B267,0x01F05FD8
0x0240B6E8,0x01F13E90
0x0240BB29,0x01F21DAE
0x0240BF29,0x01F2FD32
0x0240C2E9,0x01F3DD1C
0x0240C668,0x01F4BD6D
0x0240C9A7,0x01F59E24
0x0240CCA5,0x01F67F41
0x0240CF62,0x01F760C5
0x0240D1DE,0x01F842B0
0x0240D419,0x01F92501
0x0240D613,0x01FA07B9
0x0240D7CB,0x01FAEAD8
0x0240D942,0x01FBCE5D
0x0240DA77,0x01FCB249
0x0240DB6A,0x01FD969C
0x0240DC1C,0x01FE7B56
0x0240DC8C,0x01FF6077
0x0240DCBA,0x020045FF
0x0240DCA5,0x02012BEE
0x0240DC4E,0x02021245
0x0240DBB5,0x0202F903
0x0240DAD9,0x0203E028
0x0240D9BA,0x0204C7B4
0x0240D859,0x0205AFA8
0x0240D6B5,0x02069803
0x0240D4CE,0x020780C6
0x0240D2A4,0x020869F0
0x0240D036,0x02095382
0x0240CD85,0x020A3D7B
0x0240CA90,0x020B27DC
0x0240C758,0x020C12A4
0x0240C3DC,0x020CFDD4
0x0240C01C,0x020DE96C
0x0240BC18,0x020ED56C
0x0240B7D0,0x020FC1D3
0x0240B344,0x0210AEA2
0x0240AE74,0x02119BD9
0x0240A960,0x02128978
0x0240A407,0x0213777F
0x02409E6A,0x021465EE
0x02409888,0x021554C5
0x02409261,0x02164404
0x02408BF5,0x021733AB
0x02408544,0x021823BA
0x02407E4E,0x02191431
0x02407713,0x021A0510
0x02406F93,0x021AF657
0x024067CD,0x021BE806
0x02405FC2,0x021CDA1E
0x02405771,0x021DCC9E
0x02404EDA,0x021EBF86
0x024045FD,0x021FB2D6
0x02403CDA,0x0220A68E
0x02403371,0x02219AAF
0x024029C2,0x02228F38
0x02401FCD,0x02238429
0x02401591,0x02247983
0x02400B0F,0x02256F45
0x02400046,0x0226656F
0x023FF537,0x02275C02
0x023FE9E1,0x022852FD
0x023FDE44,0x02294A60
0x023FD260,0x022A422C
0x023FC635,0x022B3A60
0x023FB9C3,0x022C32FD
0x023FAD09,0x022D2C02
0x023FA008,0x022E256F
0x023F92BF,0x022F1F45
0x023F852F,0x02301983
0x023F7757,0x0231142A
0x023F6937,0x02320F39
0x023F5AD0,0x02330AB0
0x023F4C21,0x02340690
0x023F3D29,0x023502D8
0x023F2DE9,0x0235FF89
0x023F1E61,0x0236FCA2
0x023F0E91,0x0237FA23
0x023EFE78,0x0238F80D
0x023EEE17,0x0239F65F
0x023EDD6D,0x023AF519
0x023ECC7A,0x023BF43C
0x023EBB3E,0x023CF3C7
0x023EA9BA,0x023DF3BA
0x023E97ED,0x023EF416
0x023E85D6,0x023FF4DA
0x023E7376,0x0240F606
0x023E60CD,0x0241F79A
0x023E4DDB,0x0242F997
0x023E3A9F,0x0243FBFC
0x023E271A,0x0244FEC9
0x023E134B,0x024601FE
0x023DFF32,0x0247059B
0x023DEACF,0x024809A0
0x023DD623,0x02490E0D
0x023DC12D,0x024A12E2
0x023DABED,0x024B181F
0x023D9662,0x024C1DC4
0x023D808D,0x024D23D1
0x023D6A6E,0x024E2A46
0x023D5404,0x024F3123
0x023D3D50,0x02503868
0x023D2651,0x02514015
0x023D0F08,0x02524829
0x023CF774,0x025350A5
0x023CDF95,0x02545989
0x023CC76B,0x025562D4
0x023CAEF6,0x02566C87
0x023C9636,0x025776A2
0x023C7D2B,0x02588124
0x023C63D5,0x02598C0E
0x023C4A34,0x025A975F
0x023C3047,0x025BA317
0x023C160F,0x025CAF37
0x023BFB8C,0x025DBBBE
0x023BE0BD,0x025EC8AC
0x023BC5A2,0x025FD601
0x023BAA3C,0x0260E3BD
0x023B8E8A,0x0261F1E0
0x023B728C,0x0263006A
0x023B5642,0x02640F5B
0x023B39AC,0x02651EB3
0x023B1CCA,0x02662E72
0x023AFF9C,0x02673E97
0x023AE222,0x02684F23
0x023AC45B,0x02696016
0x023AA648,0x026A716F
0x023A87E9,0x026B832F
0x023A693D,0x026C9555
0x023A4A45,0x026DA7E1
0x023A2B00,0x026EBAD3
0x023A0B6E,0x026FCE2B
0x0239EB90,0x0270E1EA
0x0239CB65,0x0271F60F
0x0239AAED,0x02730A99
0x02398A28,0x02741F89
0x02396916,0x027534DF
0x023947B7,0x02764A9B
0x0239260B,0x027760BC
0x02390412,0x02787743
0x0238E1CC,0x02798E2F
0x0238BF38,0x027AA580
0x02389C57,0x027BBD37
0x02387929,0x027CD553
0x023855AD,0x027DEDD4
0x023831E4,0x027F06BA
0x02380DCD,0x02802004
0x0237E969,0x028139B3
0x0237C4B7,0x028253C7
0x02379FB7,0x02836E3F
0x02377A69,0x0284891C
0x023754CE,0x0285A45D
0x02372EE5,0x0286C002
0x023708AE,0x0287DC0B
0x0236E229,0x0288F878
0x0236BB56,0x028A1549
0x02369435,0x028B327E
0x02366CC6,0x028C5017
0x02364509,0x028D6E13
0x02361CFD,0x028E8C72
0x0235F4A3,0x028FAB35
0x0235CBFB,0x0290CA5B
0x0235A305,0x0291E9E4
0x023579C0,0x029309D0
0x0235502D,0x02942A1F
0x0235264B,0x02954AD0
0x0234FC1B,0x02966BE4
0x0234D19C,0x02978D5A
0x0234A6CF,0x0298AF33
0x02347BB3,0x0299D16E
0x02345049,0x029AF40B
0x02342490,0x029C170A
0x0233F888,0x029D3A6A
0x0233CC32,0x029E5E2C
0x02339F8D,0x029F8250
0x02337299,0x02A0A6D5
0x02334556,0x02A1CBBB
0x023317C4,0x02A2F102
0x0232E9E4,0x02A416AA
0x0232BBB5,0x02A53CB3
0x02328D37,0x02A6631C
0x02325E6A,0x02A789E6
0x02322F4E,0x02A8B110
0x0231FFE3,0x02A9D89A
0x0231D029,0x02AB0084
0x0231A020,0x02AC28CE
0x02316FC7,0x02AD5178
0x02313F1F,0x02AE7A81
0x02310E28,0x02AFA3EA
0x0230DCE2,0x02B0CDB2
0x0230AB4D,0x02B1F7D9
0x02307969,0x02B3225F
0x02304735,0x02B44D43
0x023014B2,0x02B57886
0x022FE1E0,0x02B6A427
0x022FAEBF,0x02B7D026
0x022F7B4E,0x02B8FC83
0x022F478E,0x02BA293E
0x022F137F,0x02BB5657
0x022EDF20,0x02BC83CD
0x022EAA72,0x02BDB1A0
0x022E7575,0x02BEDFD1
0x022E4028,0x02C00E5E
0x022E0A8C,0x02C13D48
0x022DD4A1,0x02C26C8F
0x022D9E66,0x02C39C32
0x022D67DC,0x02C4CC31
0x022D3103,0x02C5FC8C
0x022CF9DA,0x02C72D43
0x022CC262,0x02C85E55
0x022C8A9A,0x02C98FC3
0x022C5283,0x02CAC18C
0x022C1A1D,0x02CBF3B0
0x022BE167,0x02CD262F
0x022BA862,0x02CE5908
0x022B6F0D,0x02CF8C3B
0x022B3569,0x02D0BFC9
0x022AFB76,0x02D1F3B1
0x022AC133,0x02D327F2
0x022A86A1,0x02D45C8D
0x022A4BBF,0x02D59181
0x022A108E,0x02D6C6CE
0x0229D50E,0x02D7FC74
0x0229993E,0x02D93272
0x02295D1F,0x02DA68C9
0x022920B1,0x02DB9F78
0x0228E3F3,0x02DCD67F
0x0228A6E6,0x02DE0DDE
0x0228698A,0x02DF4594
0x02282BDE,0x02E07DA1
0x0227EDE3,0x02E1B605
0x0227AF99,0x02E2EEC0
0x02277100,0x02E427D2
0x02273217,0x02E5613A
0x0226F2DF,0x02E69AF8
0x0226B358,0x02E7D50C
0x02267382,0x02E90F76
0x0226335D,0x02EA4A35
0x0225F2E9,0x02EB8549
0x0225B226,0x02ECC0B2
0x02257114,0x02EDFC6F
0x02252FB3,0x02EF3881
0x0224EE02,0x02F074E7
0x0224AC03,0x02F1B1A1
0x022469B5,0x02F2EEAE
0x02242718,0x02F42C0F
0x0223E42C,0x02F569C3
0x0223A0F1,0x02F6A7C9
0x02235D67,0x02F7E622
0x0223198E,0x02F924CD
0x0222D566,0x02FA63CA
0x022290F0,0x02FBA319
0x02224C2B,0x02FCE2B9
0x02220717,0x02FE22AB
0x0221C1B5,0x02FF62ED
0x02217C04,0x0300A380
0x02213605,0x0301E463
0x0220EFB7,0x03032597
0x0220A91B,0x0304671A
0x02206230,0x0305A8ED
0x02201AF7,0x0306EB0F
0x021FD370,0x03082D80
0x021F8B9A,0x03097040
0x021F4376,0x030AB34E
0x021EFB04,0x030BF6AA
0x021EB244,0x030D3A54
0x021E6936,0x030E7E4B
0x021E1FDA,0x030FC290
0x021DD630,0x03110721
0x021D8C38,0x03124BFF
0x021D41F2,0x03139129
0x021CF75E,0x0314D69F
0x021CAC7C,0x03161C61
0x021C614D,0x0317626E
0x021C15D0,0x0318A8C6
0x021BCA06,0x0319EF69
0x021B7DEE,0x031B3657
0x021B3189,0x031C7D8F
0x021AE4D6,0x031DC510
0x021A97D6,0x031F0CDB
0x021A4A89,0x032054EF
0x0219FCEE,0x03219D4C
0x0219AF06,0x0322E5F1
0x021960D1,0x03242EDF
0x0219124F,0x03257814
0x0218C380,0x0326C191
0x02187464,0x03280B55
0x021824FC,0x03295560
0x0217D547,0x032A9FB2
0x02178545,0x032BEA4A
0x021734F7,0x032D3528
0x0216E45C,0x032E804B
0x02169375,0x032FCBB3
0x02164241,0x03311760
0x0215F0C1,0x03326352
0x02159EF5,0x0333AF88
0x02154CDD,0x0334FC02
0x0214FA79,0x033648BF
0x0214A7C9,0x033795BF
0x021454CD,0x0338E302
0x02140185,0x033A3087
0x0213ADF1,0x033B7E4E
0x02135A12,0x033CCC57
0x021305E7,0x033E1AA2
0x0212B171,0x033F692D
0x02125CB0,0x0340B7F9
0x021207A3,0x03420705
0x0211B24B,0x03435651
0x02115CA8,0x0344A5DD
0x021106BA,0x0345F5A8
0x0210B081,0x034745B2
0x021059FE,0x034895FA
0x02100330,0x0349E680
0x020FAC17,0x034B3744
0x020F54B4,0x034C8845
0x020EFD06,0x034DD983
0x020EA50E,0x034F2AFD
0x020E4CCC,0x03507CB3
0x020DF440,0x0351CEA5
0x020D9B6A,0x035320D3
0x020D424A,0x0354733C
0x020CE8E0,0x0355C5DF
0x020C8F2D,0x035718BC
0x020C3530,0x03586BD3
0x020BDAEA,0x0359BF23
0x020B805A,0x035B12AC
0x020B2581,0x035C666E
0x020ACA5F,0x035DBA68
0x020A6EF4,0x035F0E9A
0x020A1340,0x03606304
0x0209B743,0x0361B7A5
0x02095AFE,0x03630C7C
0x0208FE70,0x03646189
0x0208A19A,0x0365B6CC
0x0208447B,0x03670C44
0x0207E714,0x036861F1
0x02078965,0x0369B7D3
0x02072B6E,0x036B0DE9
0x0206CD30,0x036C6433
0x02066EAA,0x036DBAB0
0x02060FDC,0x036F1160
0x0205B0C7,0x03706842
0x0205516B,0x0371BF56
0x0204F1C7,0x0373169C
0x020491DC,0x03746E13
0x020431AA,0x0375C5BB
0x0203D132,0x03771D93
0x02037073,0x0378759B
0x02030F6D,0x0379CDD3
0x0202AE21,0x037B263A
0x02024C8F,0x037C7ECF
0x0201EAB7,0x037DD793
0x02018899,0x037F3084
0x02012635,0x038089A3
0x0200C38B,0x0381E2EE
0x0200609C,0x03833C66
0x01FFFD67,0x0384960A
0x01FF99ED,0x0385EFD9
0x01FF362E,0x038749D3
0x01FED22A,0x0388A3F8
0x01FE6DE1,0x0389FE47
0x01FE0953,0x038B58C0
0x01FDA481,0x038CB362
0x01FD3F6A,0x038E0E2D
0x01FCDA0F,0x038F6920
0x01FC7470,0x0390C43B
0x01FC0E8D,0x03921F7E
0x01FBA866,0x03937AE8
0x01FB41FC,0x0394D678
0x01FADB4E,0x0396322E
0x01FA745D,0x03978E0A
0x01FA0D29,0x0398EA0B
0x01F9A5B2,0x039A4631
0x01F93DF8,0x039BA27B
0x01F8D5FB,0x039CFEE8
0x01F86DBB,0x039E5B79
0x01F80539,0x039FB82C
0x01F79C75,0x03A11502
0x01F7336F,0x03A271FA
0x01F6CA27,0x03A3CF13
0x01F6609D,0x03A52C4D
0x01F5F6D2,0x03A689A7
0x01F58CC5,0x03A7E721
0x01F52277,0x03A944BB
0x01F4B7E8,0x03AAA274
0x01F44D18,0x03AC004B
0x01F3E207,0x03AD5E40
0x01F376B6,0x03AEBC53
0x01F30B24,0x03B01A83
0x01F29F52,0x03B178CF
0x01F23340,0x03B2D737
0x01F1C6EE,0x03B435BB
0x01F15A5D,0x03B5945A
0x01F0ED8C,0x03B6F313
0x01F0807C,0x03B851E6
0x01F0132D,0x03B9B0D3
0x01EFA59F,0x03BB0FD9
0x01EF37D2,0x03BC6EF7
0x01EEC9C6,0x03BDCE2E
0x01EE5B7C,0x03BF2D7C
0x01EDECF3,0x03C08CE1
0x01ED7E2C,0x03C1EC5D
0x01ED0F28,0x03C34BEF
0x01EC9FE6,0x03C4AB96
0x01EC3066,0x03C60B52
0x01EBC0A9,0x03C76B23
0x01EB50AF,0x03C8CB08
0x01EAE078,0x03CA2B01
0x01EA7004,0x03CB8B0D
0x01E9FF54,0x03CCEB2B
0x01E98E67,0x03CE4B5B
0x01E91D3E,0x03CFAB9C
0x01E8ABD9,0x03D10BEE
0x01E83A38,0x03D26C51
0x01E7C85C,0x03D3CCC4
0x01E75644,0x03D52D46
0x01E6E3F1,0x03D68DD7
0x01E67163,0x03D7EE76
0x01E5FE9A,0x03D94F23
0x01E58B97,0x03DAAFDE
0x01E51859,0x03DC10A5
0x01E4A4E1,0x03DD7179
0x01E4312F,0x03DED258
0x01E3BD43,0x03E03343
0x01E3491E,0x03E19438
0x01E2D4BF,0x03E2F537
0x01E26027,0x03E45640
0x01E1EB56,0x03E5B752
0x01E1764C,0x03E7186D
0x01E1010A,0x03E87990
0x01E08B8F,0x03E9DABA
0x01E015DC,0x03EB3BEB
0x01DF9FF1,0x03EC9D23
0x01DF29CE,0x03EDFE61
0x01DEB374,0x03EF5FA4
0x01DE3CE3,0x03F0C0EC
0x01DDC61A,0x03F22238
0x01DD4F1B,0x03F38388
0x01DCD7E5,0x03F4E4DB
0x01DC6078,0x03F64631
0x01DBE8D5,0x03F7A789
0x01DB70FC,0x03F908E2
0x01DAF8ED,0x03FA6A3C
0x01DA80A9,0x03FBCB97
0x01DA082F,0x03FD2CF2
0x01D98F80,0x03FE8E4C
0x01D9169C,0x03FFEFA5
0x01D89D83,0x040150FD
0x01D82436,0x0402B252
0x01D7AAB5,0x040413A5
0x01D73100,0x040574F4
0x01D6B717,0x0406D63F
0x01D63CFA,0x04083786
0x01D5C2AA,0x040998C8
0x01D54827,0x040AFA04
0x01D4CD71,0x040C5B3A
0x01D45288,0x040DBC6A
0x01D3D76D,0x040F1D93
0x01D35C1F,0x04107EB4
0x01D2E09F,0x0411DFCC
0x01D264ED,0x041340DC
0x01D1E90A,0x0414A1E2
0x01D16CF6,0x041602DE
0x01D0F0B0,0x041763D0
0x01D0743A,0x0418C4B7
0x01CFF793,0x041A2592
0x01CF7ABC,0x041B8661
0x01CEFDB4,0x041CE723
0x01CE807C,0x041E47D8
0x01CE0315,0x041FA87F
0x01CD857E,0x04210918
0x01CD07B8,0x042269A2
0x01CC89C3,0x0423CA1C
0x01CC0B9F,0x04252A86
0x01CB8D4D,0x04268ADF
0x01CB0ECD,0x0427EB27
0x01CA901F,0x04294B5D
0x01CA1143,0x042AAB81
0x01C99239,0x042C0B92
0x01C91302,0x042D6B90
0x01C8939E,0x042ECB7A
0x01C8140D,0x04302B4F
0x01C7944F,0x04318B0F
0x01C71465,0x0432EAB9
0x01C6944F,0x04344A4D
0x01C6140D,0x0435A9CA
0x01C5939F,0x0437092F
0x01C51306,0x0438687C
0x01C49242,0x0439C7B1
0x01C41153,0x043B26CD
0x01C39039,0x043C85CF
0x01C30EF5,0x043DE4B7
0x01C28D87,0x043F4384
0x01C20BEF,0x0440A236
0x01C18A2D,0x044200CC
0x01C10842,0x04435F45
0x01C0862E,0x0444BDA1
0x01C003F1,0x04461BDF
0x01BF818B,0x044779FF
0x01BEFEFD,0x0448D800
0x01BE7C47,0x044A35E2
0x01BDF969,0x044B93A4
0x01BD7663,0x044CF145
0x01BCF336,0x044E4EC5
0x01BC6FE2,0x044FAC24
0x01BBEC67,0x04510961
0x01BB68C5,0x0452667B
0x01BAE4FD,0x0453C371
0x01BA610F,0x04552043
0x01B9DCFB,0x04567CF1
0x01B958C1,0x0457D97A
0x01B8D462,0x045935DD
0x01B84FDE,0x045A921A
0x01B7CB35,0x045BEE30
0x01B74668,0x045D4A1F
0x01B6C176,0x045EA5E6
0x01B63C60,0x04600185
0x01B5B726,0x04615CFB
0x01B531C9,0x0462B847
0x01B4AC49,0x04641369
0x01B426A5,0x04656E60
0x01B3A0DF,0x0466C92C
0x01B31AF6,0x046823CC
0x01B294EB,0x04697E40
0x01B20EBE,0x046AD887
0x01B1886F,0x046C32A0
0x01B101FF,0x046D8C8B
0x01B07B6E,0x046EE647
0x01AFF4BC,0x04703FD4
0x01AF6DE9,0x04719931
0x01AEE6F6,0x0472F25E
0x01AE5FE2,0x04744B5A
0x01ADD8AF,0x0475A424
0x01AD515C,0x0476FCBC
0x01ACC9EA,0x04785521
0x01AC4258,0x0479AD53
0x01ABBAA8,0x047B0551
0x01AB32D9,0x047C5D1B
0x01AAAAEC,0x047DB4B0
0x01AA22E1,0x047F0C10
0x01A99AB8,0x0480633A
0x01A91271,0x0481BA2D
0x01A88A0D,0x048310E9
0x01A8018C,0x0484676D
0x01A778EE,0x0485BDB9
0x01A6F034,0x048713CC
0x01A6675E,0x048869A6
0x01A5DE6C,0x0489BF46
0x01A5555E,0x048B14AB
0x01A4CC35,0x048C69D5
0x01A442F1,0x048DBEC3
0x01A3B992,0x048F1375
0x01A33018,0x049067EA
0x01A2A684,0x0491BC22
0x01A21CD6,0x0493101C
0x01A1930E,0x049463D8
0x01A1092C,0x0495B755
0x01A07F31,0x04970A92
0x019FF51D,0x04985D8F
0x019F6AF0,0x0499B04C
0x019EE0AB,0x049B02C7
0x019E564E,0x049C5501
0x019DCBD9,0x049DA6F8
0x019D414C,0x049EF8AD
0x019CB6A8,0x04A04A1E
0x019C2BED,0x04A19B4B
0x019BA11B,0x04A2EC34
0x019B1632,0x04A43CD8
0x019A8B33,0x04A58D36
0x019A001E,0x04A6DD4E
0x019974F3,0x04A82D1F
0x0198E9B3,0x04A97CA9
0x01985E5D,0x04AACBEB
0x0197D2F2,0x04AC1AE5
0x01974773,0x04AD6996
0x0196BBDF,0x04AEB7FE
0x01963037,0x04B0061C
0x0195A47B,0x04B153F0
0x019518AC,0x04B2A179
0x01948CC9,0x04B3EEB6
0x019400D3,0x04B53BA7
0x019374CA,0x04B6884B
0x0192E8AF,0x04B7D4A2
0x01925C81,0x04B920AC
0x0191D041,0x04BA6C67
0x019143F0,0x04BBB7D4
0x0190B78D,0x04BD02F1
0x01902B19,0x04BE4DBE
0x018F9E94,0x04BF983B
0x018F11FE,0x04C0E267
0x018E8558,0x04C22C42
0x018DF8A2,0x04C375CB
0x018D6BDC,0x04C4BF02
0x018CDF06,0x04C607E6
0x018C5221,0x04C75076
0x018BC52D,0x04C898B2
0x018B382A,0x04C9E099
0x018AAB18,0x04CB282B
0x018A1DF8,0x04CC6F68
0x018990CA,0x04CDB64F
0x0189038E,0x04CEFCDF
0x01887645,0x04D04318
0x0187E8EF,0x04D188F9
0x01875B8C,0x04D2CE82
0x0186CE1C,0x04D413B3
0x0186409F,0x04D5588A
0x0185B316,0x04D69D08
0x01852581,0x04D7E12B
0x018497E1,0x04D924F4
0x01840A35,0x04DA6862
0x01837C7E,0x04DBAB74
0x0182EEBC,0x04DCEE2A
0x018260F0,0x04DE3083
0x0181D31A,0x04DF727F
0x0181453A,0x04E0B41D
0x0180B750,0x04E1F55D
0x0180295C,0x04E3363E
0x017F9B5F,0x04E476C0
0x017F0D59,0x04E5B6E2
0x017E7F4A,0x04E6F6A4
0x017DF133,0x04E83605
0x017D6314,0x04E97505
0x017CD4ED,0x04EAB3A3
0x017C46BE,0x04EBF1DF
0x017BB887,0x04ED2FB8
0x017B2A49,0x04EE6D2E
0x017A9C04,0x04EFAA40
0x017A0DB9,0x04F0E6EE
0x01797F67,0x04F22338
0x0178F10F,0x04F35F1C
0x017862B1,0x04F49A9B
0x0177D44E,0x04F5D5B4
0x017745E5,0x04F71066
0x0176B777,0x04F84AB1
0x01762905,0x04F98495
0x01759A8E,0x04FABE11
0x01750C13,0x04FBF724
0x01747D94,0x04FD2FCE
0x0173EF11,0x04FE680F
0x0173608A,0x04FF9FE6
0x0172D200,0x0500D753
0x01724373,0x05020E55
0x0171B4E3,0x050344EC
0x01712651,0x05047B17
0x017097BC,0x0505B0D6
0x01700925,0x0506E628
0x016F7A8D,0x05081B0D
0x016EEBF3,0x05094F85
0x016E5D58,0x050A838F
0x016DCEBC,0x050BB72A
0x016D401F,0x050CEA56
0x016CB182,0x050E1D13
0x016C22E4,0x050F4F60
0x016B9446,0x0510813D
0x016B05A9,0x0511B2A9
0x016A770C,0x0512E3A4
0x0169E870,0x0514142E
0x016959D5,0x05154446
0x0168CB3B,0x051673EB
0x01683CA3,0x0517A31D
0x0167AE0C,0x0518D1DC
0x01671F77,0x051A0027
0x016690E5,0x051B2DFE
0x01660255,0x051C5B61
0x016573C8,0x051D884F
0x0164E53E,0x051EB4C7
0x016456B7,0x051FE0C9
0x0163C833,0x05210C55
0x016339B3,0x0522376A
0x0162AB37,0x05236208
0x01621CBF,0x05248C2F
0x01618E4C,0x0525B5DE
0x0160FFDD,0x0526DF14
0x01607173,0x052807D1
0x015FE30F,0x05293015
0x015F54B0,0x052A57DF
0x015EC657,0x052B7F2F
0x015E3803,0x052CA605
0x015DA9B6,0x052DCC60
0x015D1B6F,0x052EF240
0x015C8D2F,0x053017A4
0x015BFEF5,0x05313C8C
0x015B70C2,0x053260F8
0x015AE297,0x053384E7
0x015A5473,0x0534A859
0x0159C657,0x0535CB4D
0x01593843,0x0536EDC3
0x0158AA37,0x05380FBB
0x01581C34,0x05393134
0x01578E39,0x053A522E
0x01570047,0x053B72A8
0x0156725F,0x053C92A2
0x0155E480,0x053DB21C
0x015556AB,0x053ED115
0x0154C8DF,0x053FEF8D
0x01543B1E,0x05410D84
0x0153AD67,0x05422AF9
0x01531FBA,0x054347EC
0x01529218,0x0544645C
0x01520481,0x05458049
0x015176F5,0x05469BB3
0x0150E975,0x0547B699
0x01505C01,0x0548D0FB
0x014FCE98,0x0549EAD9
0x014F413C,0x054B0432
0x014EB3EC,0x054C1D06
0x014E26A8,0x054D3555
0x014D9971,0x054E4D1E
0x014D0C47,0x054F6461
0x014C7F2B,0x05507B1D
0x014BF21C,0x05519152
0x014B651B,0x0552A700
0x014AD828,0x0553BC27
0x014A4B43,0x0554D0C6
0x0149BE6C,0x0555E4DD
0x014931A3,0x0556F86B
0x0148A4E9,0x05580B70
0x0148183E,0x05591DEC
0x01478BA2,0x055A2FDF
0x0146FF16,0x055B4148
0x01467299,0x055C5227
0x0145E62C,0x055D627B
0x014559CF,0x055E7244
0x0144CD82,0x055F8182
0x01444146,0x05609035
0x0143B51B,0x05619E5C
0x01432900,0x0562ABF7
0x01429CF7,0x0563B905
0x014210FF,0x0564C587
0x01418518,0x0565D17C
0x0140F943,0x0566DCE3
0x01406D80,0x0567E7BD
0x013FE1CF,0x0568F209
0x013F5630,0x0569FBC7
0x013ECAA4,0x056B04F6
0x013E3F2B,0x056C0D96
0x013DB3C4,0x056D15A7
0x013D2871,0x056E1D29
0x013C9D31,0x056F241B
0x013C1204,0x05702A7D
0x013B86EB,0x0571304F
0x013AFBE6,0x05723590
0x013A70F5,0x05733A41
0x0139E618,0x05743E60
0x01395B50,0x057541EE
0x0138D09D,0x057644EA
0x013845FE,0x05774754
0x0137BB75,0x0578492C
0x01373101,0x05794A72
0x0136A6A2,0x057A4B25
0x01361C59,0x057B4B45
0x01359226,0x057C4AD2
0x01350809,0x057D49CB
0x01347E02,0x057E4830
0x0133F411,0x057F4601
0x01336A37,0x0580433E
0x0132E074,0x05813FE6
0x013256C8,0x05823BFA
0x0131CD33,0x05833779
0x013143B5,0x05843262
0x0130BA4F,0x05852CB6
0x01303100,0x05862674
0x012FA7C9,0x05871F9C
0x012F1EAA,0x0588182E
0x012E95A4,0x05891029
0x012E0CB6,0x058A078D
0x012D83E1,0x058AFE5A
0x012CFB24,0x058BF490
0x012C7280,0x058CEA2F
0x012BE9F6,0x058DDF36
0x012B6185,0x058ED3A5
0x012AD92D,0x058FC77C
0x012A50EF,0x0590BABB
0x0129C8CB,0x0591AD61
0x012940C1,0x05929F6E
0x0128B8D1,0x059390E2
0x012830FB,0x059481BD
0x0127A940,0x059571FF
0x012721A0,0x059661A7
0x01269A1A,0x059750B5
0x012612AF,0x05983F29
0x01258B60,0x05992D03
0x0125042C,0x059A1A43
0x01247D13,0x059B06E8
0x0123F616,0x059BF2F2
0x01236F35,0x059CDE61
0x0122E870,0x059DC935
0x012261C7,0x059EB36E
0x0121DB3B,0x059F9D0B
0x012154CB,0x05A0860C
0x0120CE78,0x05A16E72
0x01204841,0x05A2563B
0x011FC227,0x05A33D68
0x011F3C2B,0x05A423F9
0x011EB64C,0x05A509ED
0x011E308A,0x05A5EF44
0x011DAAE6,0x05A6D3FE
0x011D2560,0x05A7B81B
0x011C9FF7,0x05A89B9B
0x011C1AAC,0x05A97E7D
0x011B9580,0x05AA60C1
0x011B1072,0x05AB4268
0x011A8B82,0x05AC2371
0x011A06B1,0x05AD03DB
0x011981FF,0x05ADE3A7
0x0118FD6C,0x05AEC2D5
0x011878F8,0x05AFA164
0x0117F4A3,0x05B07F54
0x0117706E,0x05B15CA5
0x0116EC58,0x05B23957
0x01166862,0x05B3156A
0x0115E48B,0x05B3F0DE
0x011560D4,0x05B4CBB2
0x0114DD3D,0x05B5A5E7
0x011459C7,0x05B67F7C
0x0113D671,0x05B75871
0x0113533C,0x05B830C6
0x0112D027,0x05B9087B
0x01124D33,0x05B9DF90
0x0111CA60,0x05BAB604
0x011147AE,0x05BB8BD8
0x0110C51D,0x05BC610B
0x011042AD,0x05BD359E
0x010FC05F,0x05BE0990
0x010F3E32,0x05BEDCE1
0x010EBC27,0x05BFAF91
0x010E3A3E,0x05C0819F
0x010DB877,0x05C1530C
0x010D36D2,0x05C223D8
0x010CB54F,0x05C2F402
0x010C33EE,0x05C3C38B
0x010BB2B0,0x05C49272
0x010B3195,0x05C560B7
0x010AB09C,0x05C62E5A
0x010A2FC6,0x05C6FB5B
0x0109AF13,0x05C7C7BA
0x01092E83,0x05C89377
0x0108AE16,0x05C95E91
0x01082DCD,0x05CA2909
0x0107ADA7,0x05CAF2DF
0x01072DA5,0x05CBBC12
0x0106ADC6,0x05CC84A2
0x01062E0B,0x05CD4C90
0x0105AE74,0x05CE13DB
0x01052F01,0x05CEDA83
0x0104AFB2,0x05CFA088
0x01043087,0x05D065EA
0x0103B181,0x05D12AA9
0x0103329F,0x05D1EEC5
0x0102B3E2,0x05D2B23E
0x01023549,0x05D37513
0x0101B6D5,0x05D43745
0x01013886,0x05D4F8D4
0x0100BA5C,0x05D5B9BF
0x01003C57,0x05D67A07
0x00FFBE77,0x05D739AB
0x00FF40BD,0x05D7F8AB
0x00FEC328,0x05D8B708
0x00FE45B9,0x05D974C1
0x00FDC86F,0x05DA31D6
0x00FD4B4B,0x05DAEE47
0x00FCCE4D,0x05DBAA15
0x00FC5175,0x05DC653F
0x00FBD4C3,0x05DD1FC5
0x00FB5837,0x05DDD9A7
0x00FADBD1,0x05DE92E5
0x00FA5F92,0x05DF4B7F
0x00F9E379,0x05E00374
0x00F96787,0x05E0BAC5
0x00F8EBBB,0x05E17172
0x00F87016,0x05E2277B
0x00F7F498,0x05E2DCE0
0x00F77941,0x05E391A1
0x00F6FE11,0x05E445BD
0x00F68308,0x05E4F935
0x00F60826,0x05E5AC09
0x00F58D6B,0x05E65E38
0x00F512D7,0x05E70FC3
0x00F4986B,0x05E7C0AA
0x00F41E26,0x05E870EC
0x00F3A409,0x05E9208A
0x00F32A14,0x05E9CF84
0x00F2B047,0x05EA7DD9
0x00F236A1,0x05EB2B8A
0x00F1BD23,0x05EBD896
0x00F143CD,0x05EC84FE
0x00F0CA9F,0x05ED30C2
0x00F0519A,0x05EDDBE1
0x00EFD8BD,0x05EE865C
0x00EF6008,0x05EF3032
0x00EEE77C,0x05EFD964
0x00EE6F18,0x05F081F2
0x00EDF6DD,0x05F129DB
0x00ED7ECA,0x05F1D120
0x00ED06E0,0x05F277C1
0x00EC8F1F,0x05F31DBD
0x00EC1787,0x05F3C315
0x00EBA018,0x05F467C9
0x00EB28D2,0x05F50BD9
0x00EAB1B5,0x05F5AF44
0x00EA3AC1,0x05F6520B
0x00E9C3F6,0x05F6F42E
0x00E94D54,0x05F795AD
0x00E8D6DC,0x05F83688
0x00E8608D,0x05F8D6BE
0x00E7EA68,0x05F97650
0x00E7746C,0x05FA153E
0x00E6FE9A,0x05FAB388
0x00E688F2,0x05FB512E
0x00E61373,0x05FBEE30
0x00E59E1E,0x05FC8A8F
0x00E528F3,0x05FD264A
0x00E4B3F2,0x05FDC161
0x00E43F1B,0x05FE5BD4
0x00E3CA6E,0x05FEF5A3
0x00E355EB,0x05FF8ECF
0x00E2E192,0x06002757
0x00E26D64,0x0600BF3C
0x00E1F960,0x0601567D
0x00E18586,0x0601ED1B
0x00E111D7,0x06028315
0x00E09E52,0x0603186C
0x00E02AF8,0x0603AD1F
0x00DFB7C8,0x0604412F
0x00DF44C3,0x0604D49C
0x00DED1E9,0x06056766
0x00DE5F39,0x0605F98D
0x00DDECB4,0x06068B11
0x00DD7A5A,0x06071BF2
0x00DD082B,0x0607AC30
0x00DC9627,0x06083BCB
0x00DC244E,0x0608CAC4
0x00DBB2A0,0x0609591A
0x00DB411D,0x0609E6CD
0x00DACFC5,0x060A73DE
0x00DA5E98,0x060B004D
0x00D9ED96,0x060B8C19
0x00D97CBF,0x060C1743
0x00D90C14,0x060CA1CB
0x00D89B94,0x060D2BB1
0x00D82B3F,0x060DB4F5
0x00D7BB16,0x060E3D97
0x00D74B18,0x060EC597
0x00D6DB46,0x060F4CF5
0x00D66B9F,0x060FD3B2
0x00D5FC24,0x061059CD
0x00D58CD5,0x0610DF47
0x00D51DB1,0x0611641F
0x00D4AEB9,0x0611E856
0x00D43FED,0x06126BEC
0x00D3D14C,0x0612EEE1
0x00D362D7,0x06137135
0x00D2F48E,0x0613F2E8
0x00D28671,0x061473FA
0x00D21880,0x0614F46B
0x00D1AABB,0x0615743C
0x00D13D22,0x0615F36C
0x00D0CFB5,0x061671FC
0x00D06274,0x0616EFEC
0x00CFF55F,0x06176D3C
0x00CF8876,0x0617E9EC
0x00CF1BB9,0x061865FC
0x00CEAF28,0x0618E16C
0x00CE42C3,0x06195C3C
0x00CDD68A,0x0619D66D
0x00CD6A7E,0x061A4FFE
0x00CCFE9E,0x061AC8F0
0x00CC92EA,0x061B4143
0x00CC2762,0x061BB8F6
0x00CBBC07,0x061C300A
0x00CB50D8,0x061CA680
0x00CAE5D5,0x061D1C57
0x00CA7AFF,0x061D918F
0x00CA1055,0x061E0629
0x00C9A5D7,0x061E7A24
0x00C93B86,0x061EED81
0x00C8D161,0x061F6040
0x00C86769,0x061FD261
0x00C7FD9D,0x062043E4
0x00C793FE,0x0620B4CA
0x00C72A8B,0x06212512
0x00C6C145,0x062194BD
0x00C6582B,0x062203CA
0x00C5EF3E,0x0622723A
0x00C5867D,0x0622E00D
0x00C51DE9,0x06234D43
0x00C4B582,0x0623B9DD
0x00C44D47,0x062425DA
0x00C3E539,0x0624913B
0x00C37D58,0x0624FBFF
0x00C315A3,0x06256627
0x00C2AE1B,0x0625CFB3
0x00C246C0,0x062638A3
0x00C1DF91,0x0626A0F8
0x00C1788F,0x062708B1
0x00C111BA,0x06276FCF
0x00C0AB11,0x0627D651
0x00C04495,0x06283C38
0x00BFDE46,0x0628A184
0x00BF7823,0x06290636
0x00BF122D,0x06296A4D
0x00BEAC64,0x0629CDC9
0x00BE46C8,0x062A30AB
0x00BDE158,0x062A92F3
0x00BD7C15,0x062AF4A1
0x00BD16FF,0x062B55B5
0x00BCB216,0x062BB62F
0x00BC4D59,0x062C1610
0x00BBE8C9,0x062C7558
0x00BB8466,0x062CD406
0x00BB2030,0x062D321B
0x00BABC26,0x062D8F97
0x00BA5849,0x062DEC7B
0x00B9F499,0x062E48C6
0x00B99116,0x062EA479
0x00B92DBF,0x062EFF94
0x00B8CA95,0x062F5A17
0x00B86798,0x062FB402
0x00B804C8,0x06300D55
0x00B7A224,0x06306611
0x00B73FAD,0x0630BE35
0x00B6DD63,0x063115C2
0x00B67B45,0x06316CB8
0x00B61954,0x0631C318
0x00B5B790,0x063218E1
0x00B555F9,0x06326E14
0x00B4F48E,0x0632C2B0
0x00B49350,0x063316B6
0x00B4323F,0x06336A26
0x00B3D15A,0x0633BD01
0x00B370A2,0x06340F46
0x00B31017,0x063460F6
0x00B2AFB8,0x0634B211
0x00B24F86,0x06350297
0x00B1EF80,0x06355288
0x00B18FA7,0x0635A1E4
0x00B12FFB,0x0635F0AC
0x00B0D07B,0x06363EE0
0x00B07128,0x06368C80
0x00B01201,0x0636D98C
0x00AFB307,0x06372604
0x00AF5439,0x063771E9
0x00AEF598,0x0637BD3B
0x00AE9723,0x063807F9
0x00AE38DB,0x06385225
0x00ADDABF,0x06389BBE
0x00AD7CD0,0x0638E4C4
0x00AD1F0D,0x06392D38
0x00ACC176,0x0639751A
0x00AC640C,0x0639BC6A
0x00AC06CE,0x063A0329
0x00ABA9BD,0x063A4956
0x00AB4CD8,0x063A8EF2
0x00AAF01F,0x063AD3FD
0x00AA9392,0x063B1877
0x00AA3732,0x063B5C60
0x00A9DAFE,0x063B9FB9
0x00A97EF6,0x063BE281
0x00A9231A,0x063C24B9
0x00A8C76B,0x063C6661
0x00A86BE8,0x063CA77A
0x00A81091,0x063CE803
0x00A7B566,0x063D27FD
0x00A75A67,0x063D6768
0x00A6FF94,0x063DA644
0x00A6A4ED,0x063DE492
0x00A64A72,0x063E2251
0x00A5F023,0x063E5F82
0x00A59600,0x063E9C25
0x00A53C09,0x063ED83A
0x00A4E23E,0x063F13C2
0x00A4889F,0x063F4EBC
0x00A42F2C,0x063F8929
0x00A3D5E5,0x063FC309
0x00A37CC9,0x063FFC5C
0x00A323D9,0x06403523
0x00A2CB15,0x06406D5E
0x00A2727D,0x0640A50C
0x00A21A10,0x0640DC2F
0x00A1C1CF,0x064112C6
0x00A169BA,0x064148D1
0x00A111D0,0x06417E51
0x00A0BA12,0x0641B346
0x00A0627F,0x0641E7B0
0x00A00B18,0x06421B90
0x009FB3DC,0x06424EE6
0x009F5CCC,0x064281B1
0x009F05E7,0x0642B3F3
0x009EAF2E,0x0642E5AB
0x009E58A0,0x064316D9
0x009E023D,0x0643477E
0x009DAC06,0x0643779A
0x009D55FA,0x0643A72D
0x009D0019,0x0643D638
0x009CAA63,0x064404BA
0x009C54D8,0x064432B4
0x009BFF78,0x06446026
0x009BAA44,0x06448D11
0x009B553B,0x0644B974
0x009B005D,0x0644E550
0x009AABAA,0x064510A5
0x009A5721,0x06453B73
0x009A02C3,0x064565BB
0x0099AE90,0x06458F7C
0x00995A88,0x0645B8B7
0x009906AB,0x0645E16C
0x0098B2F9,0x0646099C
0x00985F71,0x06463146
0x00980C14,0x0646586B
0x0097B8E2,0x06467F0B
0x009765DA,0x0646A526
0x009712FD,0x0646CABD
0x0096C04A,0x0646EFD0
0x00966DC2,0x0647145F
0x00961B64,0x0647386A
0x0095C931,0x06475BF1
0x00957728,0x06477EF5
0x00952549,0x0647A176
0x0094D394,0x0647C374
0x0094820A,0x0647E4EF
0x009430AA,0x064805E8
0x0093DF74,0x0648265F
0x00938E68,0x06484654
0x00933D86,0x064865C7
0x0092ECCE,0x064884B9
0x00929C40,0x0648A329
0x00924BDC,0x0648C118
0x0091FBA2,0x0648DE87
0x0091AB92,0x0648FB75
0x00915BAC,0x064917E3
0x00910BEF,0x064933D1
0x0090BC5C,0x06494F3F
0x00906CF3,0x06496A2D
0x00901DB3,0x0649849C
0x008FCE9D,0x06499E8C
0x008F7FB1,0x0649B7FD
0x008F30EE,0x0649D0EF
0x008EE254,0x0649E963
0x008E93E4,0x064A0159
0x008E459D,0x064A18D1
0x008DF780,0x064A2FCB
0x008DA98C,0x064A4648
0x008D5BC1,0x064A5C47
0x008D0E1F,0x064A71C9
0x008CC0A6,0x064A86CF
0x008C7356,0x064A9B58
0x008C262F,0x064AAF65
0x008BD931,0x064AC2F6
0x008B8C5C,0x064AD60B
0x008B3FB0,0x064AE8A5
0x008AF32D,0x064AFAC3
0x008AA6D3,0x064B0C66
0x008A5AA1,0x064B1D8E
0x008A0E98,0x064B2E3C
0x0089C2B8,0x064B3E70
0x00897700,0x064B4E29
0x00892B71,0x064B5D69
0x0088E00A,0x064B6C2F
0x008894CC,0x064B7A7C
0x008849B6,0x064B8850
0x0087FEC9,0x064B95AB
0x0087B404,0x064BA28D
0x00876967,0x064BAEF7
0x00871EF2,0x064BBAE8
0x0086D4A5,0x064BC662
0x00868A80,0x064BD164
0x00864084,0x064BDBEE
0x0085F6AF,0x064BE601
0x0085AD02,0x064BEF9D
0x0085637D,0x064BF8C3
0x00851A20,0x064C0172
0x0084D0EB,0x064C09AB
0x008487DE,0x064C116E
0x00843EF8,0x064C18BB
0x0083F63A,0x064C1F93
0x0083ADA3,0x064C25F6
0x00836534,0x064C2BE4
0x00831CEC,0x064C315D
0x0082D4CC,0x064C3661
0x00828CD3,0x064C3AF1
0x00824501,0x064C3F0D
0x0081FD57,0x064C42B5
0x0081B5D4,0x064C45EA
0x00816E78,0x064C48AB
0x00812743,0x064C4AF9
0x0080E035,0x064C4CD5
0x0080994E,0x064C4E3E
0x0080528E,0x064C4F35
0x00800BF5,0x064C4FBA
0x007FC583,0x064C4FCD
0x007F7F37,0x064C4F6E
0x007F3912,0x064C4E9E
0x007EF314,0x064C4D5D
0x007EAD3C,0x064C4BAB
0x007E678B,0x064C4988
0x007E2200,0x064C46F5
0x007DDC9C,0x064C43F2
0x007D975E,0x064C407F
0x007D5246,0x064C3C9C
0x007D0D55,0x064C384A
0x007CC88A,0x064C3389
0x007C83E5,0x064C2E59
0x007C3F66,0x064C28BA
0x007BFB0D,0x064C22AD
0x007BB6DA,0x064C1C32
0x007B72CD,0x064C1549
0x007B2EE6,0x064C0DF2
0x007AEB25,0x064C062E
0x007AA789,0x064BFDFD
0x007A6413,0x064BF55F
0x007A20C3,0x064BEC54
0x0079DD98,0x064BE2DC
0x00799A93,0x064BD8F8
0x007957B3,0x064BCEA8
0x007914F9,0x064BC3ED
0x0078D264,0x064BB8C6
0x00788FF4,0x064BAD34
0x00784DAA,0x064BA137
0x00780B85,0x064B94CF
0x0077C985,0x064B87FD
0x007787AA,0x064B7AC0
0x007745F4,0x064B6D19
0x00770463,0x064B5F09
0x0076C2F7,0x064B508F
0x007681B0,0x064B41AC
0x0076408D,0x064B3260
0x0075FF8F,0x064B22AB
0x0075BEB6,0x064B128D
0x00757E01,0x064B0207
0x00753D71,0x064AF119
0x0074FD05,0x064ADFC3
0x0074BCBE,0x064ACE06
0x00747C9B,0x064ABBE1
0x00743C9C,0x064AA955
0x0073FCC1,0x064A9662
0x0073BD0B,0x064A8309
0x00737D79,0x064A6F49
0x00733E0B,0x064A5B23
0x0072FEC1,0x064A4697
0x0072BF9B,0x064A31A6
0x00728099,0x064A1C4F
0x007241BA,0x064A0693
0x007202FF,0x0649F072
0x0071C468,0x0649D9EC
0x007185F5,0x0649C302
0x007147A5,0x0649ABB4
0x00710979,0x06499402
0x0070CB70,0x06497BEC
0x00708D8B,0x06496373
0x00704FC9,0x06494A96
0x0070122A,0x06493156
0x006FD4AE,0x064917B4
0x006F9756,0x0648FDAF
0x006F5A21,0x0648E348
0x006F1D0F,0x0648C87F
0x006EE020,0x0648AD54
0x006EA354,0x064891C7
0x006E66AA,0x064875D9
0x006E2A23,0x0648598A
0x006DEDBF,0x06483CDA
0x006DB17E,0x06481FC9
0x006D755F,0x06480258
0x006D3963,0x0647E487
0x006CFD89,0x0647C656
0x006CC1D2,0x0647A7C5
0x006C863D,0x064788D5
0x006C4ACA,0x06476986
0x006C0F7A,0x064749D8
0x006BD44C,0x064729CB
0x006B9940,0x06470960
0x006B5E56,0x0646E896
0x006B238E,0x0646C76E
0x006AE8E8,0x0646A5E9
0x006AAE64,0x06468406
0x006A7402,0x064661C6
0x006A39C2,0x06463F29
0x0069FFA3,0x06461C2F
0x0069C5A6,0x0645F8D8
0x00698BCB,0x0645D525
0x00695211,0x0645B116
0x00691879,0x06458CAB
0x0068DF02,0x064567E4
0x0068A5AC,0x064542C2
0x00686C78,0x06451D45
0x00683365,0x0644F76D
0x0067FA73,0x0644D13A
0x0067C1A2,0x0644AAAD
0x006788F2,0x064483C5
0x00675063,0x06445C83
0x006717F5,0x064434E8
0x0066DFA8,0x06440CF3
0x0066A77C,0x0643E4A5
0x00666F70,0x0643BBFE
0x00663785,0x064392FE
0x0065FFBB,0x064369A5
0x0065C811,0x06433FF4
0x00659088,0x064315EB
0x0065591F,0x0642EB8A
0x006521D7,0x0642C0D1
0x0064EAAF,0x064295C1
0x0064B3A7,0x06426A59
0x00647CBF,0x06423E9A
0x006445F8,0x06421285
0x00640F51,0x0641E619
0x0063D8CA,0x0641B957
0x0063A263,0x06418C3F
0x00636C1B,0x06415ED1
0x006335F3,0x0641310D
0x0062FFEB,0x064102F4
0x0062CA03,0x0640D486
0x0062943A,0x0640A5C3
0x00625E91,0x064076AB
0x00622908,0x0640473E
0x0061F39E,0x0640177D
0x0061BE53,0x063FE768
0x00618928,0x063FB6FF
0x0061541C,0x063F8643
0x00611F2F,0x063F5533
0x0060EA61,0x063F23D0
0x0060B5B2,0x063EF21A
0x00608123,0x063EC012
0x00604CB3,0x063E8DB7
0x00601861,0x063E5B0A
0x005FE42E,0x063E280B
0x005FB01A,0x063DF4BA
0x005F7C25,0x063DC118
0x005F484F,0x063D8D24
0x005F1497,0x063D58DF
0x005EE0FE,0x063D2449
0x005EAD83,0x063CEF62
0x005E7A27,0x063CBA2B
0x005E46E9,0x063C84A4
0x005E13C9,0x063C4ECD
0x005DE0C8,0x063C18A6
0x005DADE5,0x063BE22F
0x005D7B20,0x063BAB69
0x005D4879,0x063B7454
0x005D15F0,0x063B3CF0
0x005CE385,0x063B053D
0x005CB138,0x063ACD3C
0x005C7F09,0x063A94ED
0x005C4CF7,0x063A5C50
0x005C1B03,0x063A2365
0x005BE92D,0x0639EA2C
0x005BB774,0x0639B0A6
0x005B85D9,0x063976D3
0x005B545B,0x06393CB3
0x005B22FB,0x06390246
0x005AF1B8,0x0638C78C
0x005AC092,0x06388C86
0x005A8F8A,0x06385134
0x005A5E9F,0x06381596
0x005A2DD1,0x0637D9AD
0x0059FD20,0x06379D78
0x0059CC8C,0x063760F8
0x00599C15,0x0637242D
0x00596BBB,0x0636E717
0x00593B7E,0x0636A9B7
0x00590B5D,0x06366C0C
0x0058DB59,0x06362E17
0x0058AB72,0x0635EFD8
0x00587BA7,0x0635B14F
0x00584BF9,0x0635727D
0x00581C67,0x06353362
0x0057ECF2,0x0634F3FD
0x0057BD99,0x0634B450
0x00578E5C,0x0634745A
0x00575F3C,0x0634341B
0x00573038,0x0633F394
0x00570150,0x0633B2C5
0x0056D284,0x063371AE
0x0056A3D4,0x06333050
0x00567540,0x0632EEAA
0x005646C8,0x0632ACBD
0x0056186C,0x06326A89
0x0055EA2B,0x0632280E
0x0055BC06,0x0631E54D
0x00558DFD,0x0631A245
0x0055600F,0x06315EF7
0x0055323D,0x06311B63
0x00550486,0x0630D789
0x0054D6EB,0x0630936A
0x0054A96B,0x06304F06
0x00547C06,0x06300A5C
0x00544EBD,0x062FC56E
0x0054218F,0x062F803B
0x0053F47C,0x062F3AC3
0x0053C784,0x062EF507
0x00539AA7,0x062EAF07
0x00536DE5,0x062E68C3
0x0053413E,0x062E223B
0x005314B2,0x062DDB70
0x0052E840,0x062D9461
0x0052BBE9,0x062D4D0F
0x00528FAD,0x062D057A
0x0052638B,0x062CBDA3
0x00523784,0x062C7589
0x00520B97,0x062C2D2D
0x0051DFC5,0x062BE48F
0x0051B40D,0x062B9BAF
0x00518870,0x062B528D
0x00515CED,0x062B092A
0x00513184,0x062ABF86
0x00510635,0x062A75A0
0x0050DB00,0x062A2B7A
0x0050AFE5,0x0629E113
0x005084E4,0x0629966B
0x005059FD,0x06294B83
0x00502F30,0x0629005B
0x0050047D,0x0628B4F3
0x004FD9E4,0x0628694B
0x004FAF64,0x06281D64
0x004F84FE,0x0627D13D
0x004F5AB2,0x062784D7
0x004F307F,0x06273832
0x004F0666,0x0626EB4F
0x004EDC66,0x06269E2D
0x004EB27F,0x062650CD
0x004E88B2,0x0626032F
0x004E5EFE,0x0625B553
0x004E3563,0x06256739
0x004E0BE1,0x062518E1
0x004DE278,0x0624CA4C
0x004DB928,0x06247B7A
0x004D8FF1,0x06242C6B
0x004D66D3,0x0623DD1F
0x004D3DCE,0x06238D96
0x004D14E2,0x06233DD1
0x004CEC0F,0x0622EDCF
0x004CC354,0x06229D91
0x004C9AB2,0x06224D18
0x004C7229,0x0621FC63
0x004C49B8,0x0621AB72
0x004C2160,0x06215A46
0x004BF920,0x062108DF
0x004BD0F8,0x0620B73D
0x004BA8E9,0x06206560
0x004B80F2,0x06201349
0x004B5913,0x061FC0F7
0x004B314C,0x061F6E6B
0x004B099D,0x061F1BA5
0x004AE207,0x061EC8A5
0x004ABA89,0x061E756C
0x004A9322,0x061E21F9
0x004A6BD3,0x061DCE4D
0x004A449C,0x061D7A68
0x004A1D7D,0x061D264A
0x0049F676,0x061CD1F3
0x0049CF86,0x061C7D64
0x0049A8AE,0x061C289C
0x004981EE,0x061BD39C
0x00495B45,0x061B7E64
0x004934B3,0x061B28F4
0x00490E39,0x061AD34D
0x0048E7D6,0x061A7D6E
0x0048C18B,0x061A2758
0x00489B57,0x0619D10B
0x0048753A,0x06197A87
0x00484F34,0x061923CC
0x00482945,0x0618CCDB
0x0048036D,0x061875B4
0x0047DDAC,0x06181E56
0x0047B802,0x0617C6C2
0x0047926F,0x06176EF9
0x00476CF3,0x061716FA
0x0047478E,0x0616BEC5
0x0047223F,0x0616665B
0x0046FD07,0x06160DBC
0x0046D7E6,0x0615B4E8
0x0046B2DB,0x06155BDF
0x00468DE7,0x061502A2
0x00466909,0x0614A930
0x00464442,0x06144F8A
0x00461F91,0x0613F5B0
0x0045FAF6,0x06139BA2
0x0045D672,0x06134160
0x0045B204,0x0612E6EB
0x00458DAC,0x06128C42
0x0045696A,0x06123166
0x0045453E,0x0611D657
0x00452128,0x06117B15
0x0044FD28,0x06111FA1
0x0044D93E,0x0610C3FA
0x0044B56A,0x06106821
0x004491AC,0x06100C15
0x00446E03,0x060FAFD7
0x00444A70,0x060F5368
0x004426F3,0x060EF6C7
0x0044038B,0x060E99F4
0x0043E039,0x060E3CF0
0x0043BCFC,0x060DDFBB
0x004399D5,0x060D8255
0x004376C3,0x060D24BE
0x004353C6,0x060CC6F6
0x004330DF,0x060C68FE
0x00430E0D,0x060C0AD6
0x0042EB50,0x060BAC7D
0x0042C8A8,0x060B4DF4
0x0042A615,0x060AEF3B
0x00428398,0x060A9053
0x00426130,0x060A313B
0x00423EDD,0x0609D1F4
0x00421C9E,0x0609727E
0x0041FA74,0x060912D9
0x0041D85F,0x0608B305
0x0041B65F,0x06085302
0x00419474,0x0607F2D1
0x0041729D,0x06079271
0x004150DB,0x060731E3
0x00412F2D,0x0606D127
0x00410D94,0x0606703D
0x0040EC0F,0x06060F25
0x0040CA9F,0x0605ADE0
0x0040A943,0x06054C6D
0x004087FB,0x0604EACD
0x004066C8,0x06048900
0x004045A9,0x06042706
0x0040249E,0x0603C4DF
0x004003A7,0x0603628C
0x003FE2C4,0x0603000C
0x003FC1F5,0x06029D60
0x003FA13A,0x06023A88
0x003F8093,0x0601D784
0x003F6000,0x06017454
0x003F3F81,0x060110F8
0x003F1F16,0x0600AD71
0x003EFEBF,0x060049BE
0x003EDE7B,0x05FFE5E0
0x003EBE4B,0x05FF81D7
0x003E9E2F,0x05FF1DA3
0x003E7E26,0x05FEB944
0x003E5E31,0x05FE54BB
0x003E3E4F,0x05FDF007
0x003E1E81,0x05FD8B29
0x003DFEC6,0x05FD2621
0x003DDF1E,0x05FCC0EF
0x003DBF8A,0x05FC5B93
0x003DA009,0x05FBF60D
0x003D809B,0x05FB905E
0x003D6140,0x05FB2A85
0x003D41F8,0x05FAC483
0x003D22C3,0x05FA5E58
0x003D03A1,0x05F9F804
0x003CE492,0x05F99187
0x003CC596,0x05F92AE2
0x003CA6AD,0x05F8C414
0x003C87D7,0x05F85D1E
0x003C6914,0x05F7F600
0x003C4A64,0x05F78EBA
0x003C2BC6,0x05F7274C
0x003C0D3B,0x05F6BFB6
0x003BEEC3,0x05F657F8
0x003BD05D,0x05F5F013
0x003BB20A,0x05F58807
0x003B93C9,0x05F51FD3
0x003B759B,0x05F4B778
0x003B577F,0x05F44EF7
0x003B3975,0x05F3E64F
0x003B1B7E,0x05F37D80
0x003AFD99,0x05F3148B
0x003ADFC6,0x05F2AB6F
0x003AC205,0x05F2422D
0x003AA456,0x05F1D8C5
0x003A86BA,0x05F16F37
0x003A6930,0x05F10584
0x003A4BB8,0x05F09BAB
0x003A2E52,0x05F031AD
0x003A10FD,0x05EFC789
0x0039F3BA,0x05EF5D40
0x0039D689,0x05EEF2D2
0x0039B96A,0x05EE883F
0x00399C5D,0x05EE1D88
0x00397F61,0x05EDB2AC
0x00396277,0x05ED47AB
0x0039459F,0x05ECDC86
0x003928D8,0x05EC713D
0x00390C23,0x05EC05D0
0x0038EF7F,0x05EB9A3F
0x0038D2ED,0x05EB2E8A
0x0038B66C,0x05EAC2B2
0x003899FC,0x05EA56B6
0x00387D9E,0x05E9EA97
0x00386151,0x05E97E55
0x00384515,0x05E911EF
0x003828EA,0x05E8A566
0x00380CD0,0x05E838BB
0x0037F0C8,0x05E7CBED
0x0037D4D1,0x05E75EFC
0x0037B8EB,0x05E6F1E9
0x00379D16,0x05E684B4
0x00378152,0x05E6175D
0x0037659E,0x05E5A9E4
0x003749FB,0x05E53C49
0x00372E69,0x05E4CE8C
0x003712E8,0x05E460AD
0x0036F778,0x05E3F2AD
0x0036DC18,0x05E3848B
0x0036C0C9,0x05E31648
0x0036A58B,0x05E2A7E4
0x00368A5D,0x05E2395F
0x00366F40,0x05E1CAB9
0x00365433,0x05E15BF3
0x00363937,0x05E0ED0C
0x00361E4B,0x05E07E05
0x0036036F,0x05E00EDD
0x0035E8A4,0x05DF9F95
0x0035CDE9,0x05DF302D
0x0035B33E,0x05DEC0A5
0x003598A4,0x05DE50FD
0x00357E1A,0x05DDE136
0x003563A0,0x05DD714F
0x00354936,0x05DD0149
0x00352EDC,0x05DC9123
0x00351492,0x05DC20DE
0x0034FA58,0x05DBB07A
0x0034E02E,0x05DB3FF7
0x0034C614,0x05DACF56
0x0034AC0A,0x05DA5E96
0x0034920F,0x05D9EDB7
0x00347824,0x05D97CBA
0x00345E49,0x05D90B9F
0x0034447E,0x05D89A66
0x00342AC2,0x05D8290E
0x00341116,0x05D7B799
0x0033F77A,0x05D74606
0x0033DDED,0x05D6D455
0x0033C470,0x05D66287
0x0033AB02,0x05D5F09B
0x003391A4,0x05D57E92
0x00337855,0x05D50C6C
0x00335F15,0x05D49A29
0x003345E5,0x05D427C9
0x00332CC4,0x05D3B54C
0x003313B2,0x05D342B2
0x0032FAAF,0x05D2CFFC
0x0032E1BB,0x05D25D29
0x0032C8D7,0x05D1EA3A
0x0032B002,0x05D1772E
0x0032973C,0x05D10406
0x00327E85,0x05D090C2
0x003265DD,0x05D01D63
0x00324D44,0x05CFA9E8
0x003234BA,0x05CF3651
0x00321C3F,0x05CEC29F
0x003203D2,0x05CE4ED1
0x0031EB74,0x05CDDAE8
0x0031D325,0x05CD66E4
0x0031BAE5,0x05CCF2C5
0x0031A2B3,0x05CC7E8B
0x00318A90,0x05CC0A36
0x0031727C,0x05CB95C6
0x00315A76,0x05CB213C
0x0031427F,0x05CAAC97
0x00312A96,0x05CA37D8
0x003112BC,0x05C9C2FF
0x0030FAF0,0x05C94E0B
0x0030E333,0x05C8D8FD
0x0030CB84,0x05C863D6
0x0030B3E3,0x05C7EE95
0x00309C51,0x05C7793A
0x003084CD,0x05C703C6
0x00306D57,0x05C68E38
0x003055EF,0x05C61891
0x00303E95,0x05C5A2D1
0x00302749,0x05C52CF7
0x0030100C,0x05C4B704
0x002FF8DD,0x05C440F8
0x002FE1BC,0x05C3CAD4
0x002FCAA9,0x05C35497
0x002FB3A4,0x05C2DE41
0x002F9CAC,0x05C267D3
0x002F85C2,0x05C1F14D
0x002F6EE6,0x05C17AAE
0x002F5818,0x05C103F7
0x002F4158,0x05C08D28
0x002F2AA6,0x05C01641
0x002F1401,0x05BF9F42
0x002EFD6A,0x05BF282C
0x002EE6E1,0x05BEB0FE
0x002ED065,0x05BE39B9
0x002EB9F7,0x05BDC25C
0x002EA396,0x05BD4AE8
0x002E8D43,0x05BCD35D
0x002E76FD,0x05BC5BBB
0x002E60C5,0x05BBE402
0x002E4A9A,0x05BB6C32
0x002E347C,0x05BAF44B
0x002E1E6C,0x05BA7C4E
0x002E0869,0x05BA043A
0x002DF273,0x05B98C10
0x002DDC8B,0x05B913CF
0x002DC6B0,0x05B89B78
0x002DB0E2,0x05B8230B
0x002D9B21,0x05B7AA88
0x002D856D,0x05B731EF
0x002D6FC6,0x05B6B940
0x002D5A2C,0x05B6407B
0x002D449F,0x05B5C7A1
0x002D2F1F,0x05B54EB1
0x002D19AC,0x05B4D5AC
0x002D0446,0x05B45C92
0x002CEEED,0x05B3E362
0x002CD9A1,0x05B36A1D
0x002CC462,0x05B2F0C3
0x002CAF2F,0x05B27754
0x002C9A09,0x05B1FDD1
0x002C84F0,0x05B18439
0x002C6FE4,0x05B10A8C
0x002C5AE4,0x05B090CB
0x002C45F1,0x05B016F5
0x002C310A,0x05AF9D0B
0x002C1C30,0x05AF230D
0x002C0763,0x05AEA8FB
0x002BF2A2,0x05AE2ED5
0x002BDDED,0x05ADB49B
0x002BC945,0x05AD3A4D
0x002BB4A9,0x05ACBFEB
0x002BA01A,0x05AC4576
0x002B8B97,0x05ABCAED
0x002B7720,0x05AB5051
0x002B62B6,0x05AAD5A1
0x002B4E58,0x05AA5ADE
0x002B3A06,0x05A9E008
0x002B25C0,0x05A9651F
0x002B1186,0x05A8EA23
0x002AFD59,0x05A86F14
0x002AE938,0x05A7F3F2
0x002AD523,0x05A778BD
0x002AC11A,0x05A6FD76
0x002AAD1D,0x05A6821C
0x002A992C,0x05A606B0
0x002A8547,0x05A58B32
0x002A716E,0x05A50FA1
0x002A5DA1,0x05A493FE
0x002A49DF,0x05A41849
0x002A3629,0x05A39C82
0x002A227F,0x05A320AA
0x002A0EE1,0x05A2A4C0
0x0029FB4F,0x05A228C4
0x0029E7C8,0x05A1ACB7
0x0029D44D,0x05A13098
0x0029C0DE,0x05A0B468
0x0029AD7A,0x05A03826
0x00299A22,0x059FBBD3
0x002986D5,0x059F3F6F
0x00297394,0x059EC2FA
0x0029605E,0x059E4674
0x00294D34,0x059DC9DD
0x00293A15,0x059D4D35
0x00292702,0x059CD07D
0x002913FA,0x059C53B4
0x002900FD,0x059BD6DB
0x0028EE0C,0x059B59F1
0x0028DB26,0x059ADCF7
0x0028C84B,0x059A5FED
0x0028B57C,0x0599E2D3
0x0028A2B8,0x059965A9
0x00288FFF,0x0598E86F
0x00287D51,0x05986B25
0x00286AAE,0x0597EDCB
0x00285816,0x05977061
0x0028458A,0x0596F2E8
0x00283309,0x0596755F
0x00282093,0x0595F7C7
0x00280E28,0x05957A1F
0x0027FBC8,0x0594FC68
0x0027E973,0x05947EA2
0x0027D728,0x059400CD
0x0027C4E8,0x059382E9
0x0027B2B3,0x059304F6
0x0027A089,0x059286F4
0x00278E6A,0x059208E3
0x00277C56,0x05918AC3
0x00276A4C,0x05910C95
0x0027584D,0x05908E58
0x00274659,0x0590100D
0x0027346F,0x058F91B3
0x00272290,0x058F134B
0x002710BC,0x058E94D5
0x0026FEF2,0x058E1651
0x0026ED33,0x058D97BF
0x0026DB7E,0x058D191F
0x0026C9D4,0x058C9A71
0x0026B834,0x058C1BB5
0x0026A69F,0x058B9CEB
0x00269514,0x058B1E14
0x00268394,0x058A9F2F
0x0026721E,0x058A203D
0x002660B2,0x0589A13D
0x00264F51,0x05892230
0x00263DFA,0x0588A316
0x00262CAD,0x058823EE
0x00261B6B,0x0587A4B9
0x00260A33,0x05872577
0x0025F905,0x0586A628
0x0025E7E1,0x058626CD
0x0025D6C7,0x0585A765
0x0025C5B7,0x058527F0
0x0025B4B2,0x0584A86E
0x0025A3B7,0x058428E0
0x002592C6,0x0583A945
0x002581DF,0x0583299E
0x00257102,0x0582A9EB
0x0025602F,0x05822A2C
0x00254F66,0x0581AA60
0x00253EA7,0x05812A88
0x00252DF1,0x0580AAA4
0x00251D45,0x05802AB4
0x00250CA3,0x057FAAB8
0x0024FC0B,0x057F2AB1
0x0024EB7D,0x057EAA9E
0x0024DAF9,0x057E2A7F
0x0024CA7E,0x057DAA55
0x0024BA0D,0x057D2A1F
0x0024A9A6,0x057CA9DE
0x00249948,0x057C2992
0x002488F4,0x057BA93A
0x002478AA,0x057B28D7
0x00246869,0x057AA869
0x00245832,0x057A27F0
0x00244804,0x0579A76C
0x002437E0,0x057926DD
0x002427C6,0x0578A643
0x002417B5,0x0578259F
0x002407AD,0x0577A4F0
0x0023F7AF,0x05772436
0x0023E7BA,0x0576A372
0x0023D7CF,0x057622A3
0x0023C7ED,0x0575A1CA
0x0023B814,0x057520E7
0x0023A845,0x05749FF9
0x0023987F,0x05741F01
0x002388C2,0x05739DFF
0x0023790F,0x05731CF3
0x00236965,0x05729BDD
0x002359C4,0x05721ABD
0x00234A2C,0x05719993
0x00233A9D,0x0571185F
0x00232B17,0x05709722
0x00231B9B,0x057015DB
0x00230C28,0x056F948B
0x0022FCBE,0x056F1331
0x0022ED5D,0x056E91CE
0x0022DE05,0x056E1061
0x0022CEB6,0x056D8EEB
0x0022BF70,0x056D0D6C
0x0022B033,0x056C8BE4
0x0022A0FF,0x056C0A53
0x002291D4,0x056B88B9
0x002282B1,0x056B0716
0x00227397,0x056A856A
0x00226486,0x056A03B5
0x0022557E,0x056981F7
0x0022467F,0x05690031
0x00223788,0x05687E62
0x0022289A,0x0567FC8A
0x002219B5,0x05677AAA
0x00220AD9,0x0566F8C1
0x0021FC05,0x056676D0
0x0021ED3A,0x0565F4D7
0x0021DE78,0x056572D6
0x0021CFBE,0x0564F0CC
0x0021C10D,0x05646EBA
0x0021B264,0x0563ECA0
0x0021A3C4,0x05636A7E
0x0021952D,0x0562E854
0x0021869E,0x05626623
0x00217818,0x0561E3EA
0x0021699A,0x056161A9
0x00215B24,0x0560DF60
0x00214CB7,0x05605D10
0x00213E52,0x055FDAB8
0x00212FF6,0x055F5859
0x002121A2,0x055ED5F2
0x00211356,0x055E5384
0x00210513,0x055DD10F
0x0020F6D8,0x055D4E93
0x0020E8A5,0x055CCC10
0x0020DA7B,0x055C4985
0x0020CC59,0x055BC6F3
0x0020BE3F,0x055B445A
0x0020B02D,0x055AC1BB
0x0020A223,0x055A3F15
0x00209422,0x0559BC68
0x00208629,0x055939B4
0x00207838,0x0558B6FA
0x00206A4F,0x05583439
0x00205C6E,0x0557B171
0x00204E95,0x05572EA3
0x002040C4,0x0556ABCE
0x002032FB,0x055628F3
0x0020253A,0x0555A612
0x00201781,0x0555232B
0x002009D0,0x0554A03D
0x001FFC27,0x05541D49
0x001FEE86,0x05539A4F
0x001FE0ED,0x0553174F
0x001FD35C,0x05529449
0x001FC5D3,0x0552113D
0x001FB851,0x05518E2C
0x001FAAD7,0x05510B15
0x001F9D65,0x055087F8
0x001F8FFB,0x055004D5
0x001F8299,0x054F81AD
0x001F753E,0x054EFE7F
0x001F67EB,0x054E7B4C
0x001F5AA0,0x054DF813
0x001F4D5C,0x054D74D5
0x001F4020,0x054CF192
0x001F32EC,0x054C6E49
0x001F25BF,0x054BEAFB
0x001F189A,0x054B67A8
0x001F0B7D,0x054AE450
0x001EFE67,0x054A60F3
0x001EF159,0x0549DD91
0x001EE452,0x05495A2A
0x001ED753,0x0548D6BE
0x001ECA5B,0x0548534D
0x001EBD6B,0x0547CFD7
0x001EB082,0x05474C5D
0x001EA3A1,0x0546C8DE
0x001E96C7,0x0546455A
0x001E89F4,0x0545C1D2
0x001E7D29,0x05453E45
0x001E7065,0x0544BAB4
0x001E63A8,0x0544371F
0x001E56F3,0x0543B385
0x001E4A45,0x05432FE7
0x001E3D9E,0x0542AC45
0x001E30FF,0x0542289F
0x001E2467,0x0541A4F4
0x001E17D6,0x05412145
0x001E0B4C,0x05409D92
0x001DFECA,0x054019DB
0x001DF24F,0x053F9621
0x001DE5DB,0x053F1263
0x001DD96E,0x053E8EA1
0x001DCD08,0x053E0ADB
0x001DC0A9,0x053D8711
0x001DB451,0x053D0344
0x001DA801,0x053C7F73
0x001D9BB8,0x053BFB9F
0x001D8F76,0x053B77C7
0x001D833B,0x053AF3EC
0x001D7707,0x053A700D
0x001D6ADA,0x0539EC2B
0x001D5EB4,0x05396846
0x001D5295,0x0538E45D
0x001D467C,0x05386071
0x001D3A6A,0x0537DC82
0x001D2E5F,0x05375890
0x001D225B,0x0536D49B
0x001D165E,0x053650A3
0x001D0A68,0x0535CCA8
0x001CFE79,0x053548AA
0x001CF291,0x0534C4A9
0x001CE6AF,0x053440A5
0x001CDAD4,0x0533BC9F
0x001CCF00,0x05333896
0x001CC333,0x0532B48A
0x001CB76C,0x0532307C
0x001CABAC,0x0531AC6B
0x001C9FF3,0x05312858
0x001C9440,0x0530A442
0x001C8894,0x0530202A
0x001C7CEF,0x052F9C0F
0x001C7150,0x052F17F2
0x001C65B8,0x052E93D3
0x001C5A27,0x052E0FB1
0x001C4E9C,0x052D8B8D
0x001C4318,0x052D0767
0x001C379A,0x052C833F
0x001C2C23,0x052BFF15
0x001C20B2,0x052B7AE9
0x001C1548,0x052AF6BB
0x001C09E4,0x052A728B
0x001BFE87,0x0529EE59
0x001BF330,0x05296A26
0x001BE7E0,0x0528E5F1
0x001BDC96,0x052861BA
0x001BD153,0x0527DD81
0x001BC616,0x05275947
0x001BBADF,0x0526D50B
0x001BAFAF,0x052650CE
0x001BA485,0x0525CC8F
0x001B9961,0x0525484F
0x001B8E44,0x0524C40D
0x001B832D,0x05243FCA
0x001B781C,0x0523BB86
0x001B6D12,0x05233740
0x001B620E,0x0522B2F9
0x001B5710,0x05222EB1
0x001B4C18,0x0521AA68
0x001B4126,0x0521261E
0x001B363B,0x0520A1D3
0x001B2B56,0x05201D87
0x001B2077,0x051F993A
0x001B159E,0x051F14EC
0x001B0ACB,0x051E909D
0x001AFFFE,0x051E0C4D
0x001AF537,0x051D87FC
0x001AEA77,0x051D03AB
0x001ADFBD,0x051C7F59
0x001AD509,0x051BFB06
0x001ACA5B,0x051B76B3
0x001ABFB3,0x051AF25F
0x001AB511,0x051A6E0A
0x001AAA75,0x0519E9B5
0x001A9FDF,0x05196560
0x001A954F,0x0518E10A
0x001A8AC5,0x05185CB4
0x001A8041,0x0517D85D
0x001A75C2,0x05175406
0x001A6B49,0x0516CFAF
0x001A60D6,0x05164B58
0x001A5669,0x0515C701
0x001A4C02,0x051542A9
0x001A41A1,0x0514BE51
0x001A3746,0x051439F9
0x001A2CF1,0x0513B5A1
0x001A22A1,0x05133149
0x001A1857,0x0512ACF1
0x001A0E13,0x0512289A
0x001A03D5,0x0511A443
0x0019F99C,0x05111FEC
0x0019EF69,0x05109B95
0x0019E53C,0x0510173E
0x0019DB15,0x050F92E8
0x0019D0F3,0x050F0E92
0x0019C6D7,0x050E8A3C
0x0019BCC1,0x050E05E7
0x0019B2B0,0x050D8192
0x0019A8A5,0x050CFD3E
0x00199EA0,0x050C78EA
0x001994A0,0x050BF497
0x00198AA6,0x050B7045
0x001980B1,0x050AEBF3
0x001976C2,0x050A67A2
0x00196CD8,0x0509E352
0x001962F4,0x05095F03
0x00195915,0x0508DAB4
0x00194F3C,0x05085666
0x00194568,0x0507D219
0x00193B9A,0x05074DCD
0x001931D1,0x0506C982
0x0019280E,0x05064538
0x00191E50,0x0505C0EF
0x00191498,0x05053CA7
0x00190AE5,0x0504B860
0x00190138,0x0504341A
0x0018F790,0x0503AFD6
0x0018EDED,0x05032B93
0x0018E450,0x0502A751
0x0018DAB8,0x05022310
0x0018D125,0x05019ED1
0x0018C798,0x05011A93
0x0018BE10,0x05009657
0x0018B48D,0x0500121C
0x0018AB10,0x04FF8DE2
0x0018A198,0x04FF09AA
0x00189825,0x04FE8574
0x00188EB7,0x04FE013F
0x0018854F,0x04FD7D0C
0x00187BEC,0x04FCF8DA
0x0018728E,0x04FC74AA
0x00186935,0x04FBF07C
0x00185FE2,0x04FB6C50
0x00185694,0x04FAE825
0x00184D4B,0x04FA63FC
0x00184407,0x04F9DFD5
0x00183AC8,0x04F95BB0
0x0018318E,0x04F8D78D
0x00182859,0x04F8536C
0x00181F29,0x04F7CF4D
0x001815FF,0x04F74B30
0x00180CDA,0x04F6C715
0x001803BA,0x04F642FC
0x0017FA9F,0x04F5BEE5
0x0017F189,0x04F53AD0
0x0017E878,0x04F4B6BE
0x0017DF6C,0x04F432AE
0x0017D665,0x04F3AEA0
0x0017CD63,0x04F32A94
0x0017C466,0x04F2A68B
0x0017BB6E,0x04F22284
0x0017B27B,0x04F19E80
0x0017A98D,0x04F11A7E
0x0017A0A4,0x04F0967E
0x001797BF,0x04F01281
0x00178EDF,0x04EF8E86
0x00178604,0x04EF0A8E
0x00177D2E,0x04EE8699
0x0017745D,0x04EE02A6
0x00176B91,0x04ED7EB6
0x001762CA,0x04ECFAC9
0x00175A08,0x04EC76DE
0x0017514A,0x04EBF2F6
0x00174891,0x04EB6F11
0x00173FDD,0x04EAEB2F
0x0017372E,0x04EA6750
0x00172E84,0x04E9E373
0x001725DE,0x04E95F99
0x00171D3D,0x04E8DBC2
0x001714A1,0x04E857EE
0x00170C0A,0x04E7D41D
0x00170377,0x04E7504F
0x0016FAE9,0x04E6CC84
0x0016F260,0x04E648BD
0x0016E9DB,0x04E5C4F9
0x0016E15B,0x04E54138
0x0016D8E0,0x04E4BD7A
0x0016D069,0x04E439BF
0x0016C7F7,0x04E3B608
0x0016BF8A,0x04E33254
0x0016B721,0x04E2AEA3
0x0016AEBD,0x04E22AF5
0x0016A65D,0x04E1A74B
0x00169E02,0x04E123A4
0x001695AC,0x04E0A001
0x00168D5A,0x04E01C61
0x0016850D,0x04DF98C5
0x00167CC4,0x04DF152C
0x00167480,0x04DE9197
0x00166C40,0x04DE0E05
0x00166405,0x04DD8A77
0x00165BCE,0x04DD06ED
0x0016539C,0x04DC8366
0x00164B6E,0x04DBFFE3
0x00164345,0x04DB7C64
0x00163B20,0x04DAF8E8
0x001632FF,0x04DA7570
0x00162AE3,0x04D9F1FC
0x001622CB,0x04D96E8C
0x00161AB8,0x04D8EB20
0x001612A9,0x04D867B8
0x00160A9F,0x04D7E453
0x00160299,0x04D760F2
0x0015FA97,0x04D6DD95
0x0015F29A,0x04D65A3C
0x0015EAA1,0x04D5D6E7
0x0015E2AC,0x04D55396
0x0015DABC,0x04D4D04A
0x0015D2D0,0x04D44D02
0x0015CAE8,0x04D3C9BE
0x0015C305,0x04D3467E
0x0015BB26,0x04D2C342
0x0015B34B,0x04D2400A
0x0015AB74,0x04D1BCD7
0x0015A3A2,0x04D139A8
0x00159BD4,0x04D0B67D
0x0015940A,0x04D03357
0x00158C44,0x04CFB035
0x00158483,0x04CF2D17
0x00157CC6,0x04CEA9FE
0x0015750D,0x04CE26E9
0x00156D58,0x04CDA3D9
0x001565A7,0x04CD20CD
0x00155DFA,0x04CC9DC6
0x00155652,0x04CC1AC3
0x00154EAE,0x04CB97C5
0x0015470E,0x04CB14CB
0x00153F72,0x04CA91D6
0x001537DA,0x04CA0EE6
0x00153046,0x04C98BFA
0x001528B6,0x04C90913
0x0015212A,0x04C88631
0x001519A2,0x04C80353
0x0015121F,0x04C7807A
0x00150AA0,0x04C6FDA6
0x00150325,0x04C67AD7
0x0014FBAE,0x04C5F80D
0x0014F43B,0x04C57547
0x0014ECCC,0x04C4F286
0x0014E561,0x04C46FCA
0x0014DDFA,0x04C3ED13
0x0014D697,0x04C36A61
0x0014CF38,0x04C2E7B4
0x0014C7DD,0x04C2650C
0x0014C086,0x04C1E269
0x0014B933,0x04C15FCB
0x0014B1E3,0x04C0DD32
0x0014AA97,0x04C05A9F
0x0014A34F,0x04BFD811
0x00149C0B,0x04BF5588
0x001494CB,0x04BED304
0x00148D8F,0x04BE5085
0x00148657,0x04BDCE0B
0x00147F23,0x04BD4B97
0x001477F3,0x04BCC928
0x001470C6,0x04BC46BE
0x0014699D,0x04BBC45A
0x00146278,0x04BB41FB
0x00145B57,0x04BABFA1
0x0014543A,0x04BA3D4D
0x00144D21,0x04B9BAFE
0x0014460B,0x04B938B5
0x00143EF9,0x04B8B671
0x001437EB,0x04B83433
0x001430E1,0x04B7B1FA
0x001429DB,0x04B72FC7
0x001422D8,0x04B6AD99
0x00141BD9,0x04B62B71
0x001414DE,0x04B5A94E
0x00140DE7,0x04B52731
0x001406F3,0x04B4A51A
0x00140003,0x04B42308
0x0013F917,0x04B3A0FC
0x0013F22E,0x04B31EF6
0x0013EB49,0x04B29CF5
0x0013E468,0x04B21AFA
0x0013DD8A,0x04B19905
0x0013D6B0,0x04B11716
0x0013CFDA,0x04B0952D
0x0013C907,0x04B01349
0x0013C238,0x04AF916B
0x0013BB6D,0x04AF0F93
0x0013B4A5,0x04AE8DC1
0x0013ADE1,0x04AE0BF5
0x0013A720,0x04AD8A2F
0x0013A063,0x04AD086F
0x001399AA,0x04AC86B5
0x001392F4,0x04AC0501
0x00138C42,0x04AB8353
0x00138593,0x04AB01AB
0x00137EE8,0x04AA8009
0x00137840,0x04A9FE6D
0x0013719C,0x04A97CD7
0x00136AFB,0x04A8FB47
0x0013645E,0x04A879BE
0x00135DC4,0x04A7F83B
0x0013572E,0x04A776BE
0x0013509B,0x04A6F547
0x00134A0C,0x04A673D6
0x00134380,0x04A5F26C
0x00133CF8,0x04A57108
0x00133673,0x04A4EFAA
0x00132FF2,0x04A46E53
0x00132974,0x04A3ED02
0x001322FA,0x04A36BB7
0x00131C83,0x04A2EA73
0x00131610,0x04A26935
0x00130FA0,0x04A1E7FD
0x00130933,0x04A166CC
0x001302CA,0x04A0E5A1
0x0012FC64,0x04A0647D
0x0012F601,0x049FE35F
0x0012EFA2,0x049F6248
0x0012E946,0x049EE137
0x0012E2EE,0x049E602D
0x0012DC99,0x049DDF2A
0x0012D647,0x049D5E2D
0x0012CFF9,0x049CDD37
0x0012C9AE,0x049C5C47
0x0012C366,0x049BDB5E
0x0012BD22,0x049B5A7C
0x0012B6E1,0x049AD9A0
0x0012B0A3,0x049A58CB
0x0012AA68,0x0499D7FD
0x0012A431,0x04995736
0x00129DFD,0x0498D675
0x001297CC,0x049855BB
0x0012919E,0x0497D508
0x00128B74,0x0497545C
0x0012854D,0x0496D3B7
0x00127F29,0x04965318
0x00127908,0x0495D280
0x001272EB,0x049551EF
0x00126CD1,0x0494D165
0x001266BA,0x049450E2
0x001260A6,0x0493D066
0x00125A95,0x04934FF1
0x00125488,0x0492CF83
0x00124E7E,0x04924F1C
0x00124877,0x0491CEBC
0x00124273,0x04914E63
0x00123C72,0x0490CE11
0x00123674,0x04904DC6
0x0012307A,0x048FCD82
0x00122A83,0x048F4D45
0x0012248F,0x048ECD0F
0x00121E9E,0x048E4CE0
0x001218B0,0x048DCCB9
0x001212C5,0x048D4C99
0x00120CDD,0x048CCC80
0x001206F8,0x048C4C6E
0x00120116,0x048BCC63
0x0011FB37,0x048B4C60
0x0011F55B,0x048ACC64
0x0011EF83,0x048A4C6F
0x0011E9AE,0x0489CC81
0x0011E3DC,0x04894C9B
0x0011DE0D,0x0488CCBC
0x0011D841,0x04884CE4
0x0011D278,0x0487CD14
0x0011CCB2,0x04874D4B
0x0011C6EF,0x0486CD8A
0x0011C12F,0x04864DD0
0x0011BB72,0x0485CE1D
0x0011B5B8,0x04854E72
0x0011B001,0x0484CECE
0x0011AA4D,0x04844F32
0x0011A49C,0x0483CF9D
0x00119EEE,0x04835010
0x00119943,0x0482D08A
0x0011939A,0x0482510C
0x00118DF4,0x0481D195
0x00118851,0x04815226
0x001182B1,0x0480D2BE
0x00117D14,0x0480535E
0x0011777A,0x047FD406
0x001171E3,0x047F54B5
0x00116C4F,0x047ED56C
0x001166BE,0x047E562A
0x00116130,0x047DD6F0
0x00115BA5,0x047D57BE
0x0011561C,0x047CD894
0x00115096,0x047C5971
0x00114B13,0x047BDA56
0x00114593,0x047B5B43
0x00114016,0x047ADC37
0x00113A9C,0x047A5D33
0x00113525,0x0479DE37
0x00112FB0,0x04795F43
0x00112A3E,0x0478E057
0x001124CF,0x04786172
0x00111F63,0x0477E295
0x001119FA,0x047763C0
0x00111493,0x0476E4F3
0x00110F2F,0x0476662E
0x001109CE,0x0475E771
0x00110470,0x047568BC
0x0010FF15,0x0474EA0F
0x0010F9BC,0x04746B6A
0x0010F466,0x0473ECCD
0x0010EF13,0x04736E38
0x0010E9C3,0x0472EFAB
0x0010E475,0x04727126
0x0010DF2A,0x0471F2A9
0x0010D9E2,0x04717434
0x0010D49C,0x0470F5C7
0x0010CF59,0x04707762
0x0010CA19,0x046FF905
0x0010C4DC,0x046F7AB0
0x0010BFA1,0x046EFC63
0x0010BA69,0x046E7E1E
0x0010B534,0x046DFFE1
0x0010B001,0x046D81AC
0x0010AAD1,0x046D0380
0x0010A5A4,0x046C855C
0x0010A079,0x046C0740
0x00109B51,0x046B892C
0x0010962C,0x046B0B20
0x00109109,0x046A8D1C
0x00108BE9,0x046A0F21
0x001086CB,0x0469912E
0x001081B0,0x04691343
0x00107C98,0x04689560
0x00107782,0x04681786
0x0010726F,0x046799B4
0x00106D5F,0x04671BEA
0x00106851,0x04669E29
0x00106346,0x04662070
0x00105E3D,0x0465A2BF
0x00105937,0x04652517
0x00105433,0x0464A777
0x00104F32,0x046429E0
0x00104A34,0x0463AC51
0x00104538,0x04632ECA
0x0010403F,0x0462B14C
0x00103B48,0x046233D6
0x00103654,0x0461B669
0x00103162,0x04613904
0x00102C73,0x0460BBA8
0x00102786,0x04603E54
0x0010229C,0x045FC109
0x00101DB4,0x045F43C6
0x001018CF,0x045EC68C
0x001013EC,0x045E495A
0x00100F0C,0x045DCC31
0x00100A2E,0x045D4F10
0x00100553,0x045CD1F8
0x0010007A,0x045C54E8
0x000FFBA4,0x045BD7E1
0x000FF6D0,0x045B5AE3
0x000FF1FF,0x045ADDED
0x000FED30,0x045A6100
0x000FE864,0x0459E41B
0x000FE39A,0x0459673F
0x000FDED2,0x0458EA6C
0x000FDA0D,0x04586DA1
0x000FD54A,0x0457F0DF
0x000FD08A,0x04577426
0x000FCBCC,0x0456F776
0x000FC710,0x04567ACE
0x000FC257,0x0455FE2F
0x000FBDA0,0x04558199
0x000FB8EC,0x0455050C
0x000FB43A,0x04548887
0x000FAF8A,0x04540C0B
0x000FAADD,0x04538F98
0x000FA632,0x0453132E
0x000FA18A,0x045296CC
0x000F9CE4,0x04521A73
0x000F9840,0x04519E23
0x000F939F,0x045121DC
0x000F8F00,0x0450A59E
0x000F8A63,0x04502969
0x000F85C9,0x044FAD3D
0x000F8131,0x044F3119
0x000F7C9B,0x044EB4FE
0x000F7808,0x044E38EC
0x000F7377,0x044DBCE3
0x000F6EE8,0x044D40E3
0x000F6A5B,0x044CC4EC
0x000F65D1,0x044C48FE
0x000F6149,0x044BCD19
0x000F5CC3,0x044B513D
0x000F5840,0x044AD56A
0x000F53BF,0x044A59A0
0x000F4F40,0x0449DDDF
0x000F4AC3,0x04496227
0x000F4649,0x0448E678
0x000F41D1,0x04486AD2
0x000F3D5B,0x0447EF35
0x000F38E7,0x044773A1
0x000F3476,0x0446F816
0x000F3007,0x04467C94
0x000F2B9A,0x0446011B
0x000F272F,0x044585AB
0x000F22C7,0x04450A44
0x000F1E61,0x04448EE6
0x000F19FD,0x04441392
0x000F159B,0x04439847
0x000F113B,0x04431D05
0x000F0CDE,0x0442A1CC
0x000F0883,0x0442269C
0x000F042A,0x0441AB75
0x000EFFD3,0x04413057
0x000EFB7E,0x0440B543
0x000EF72C,0x04403A38
0x000EF2DC,0x043FBF36
0x000EEE8E,0x043F443D
0x000EEA42,0x043EC94D
0x000EE5F8,0x043E4E67
0x000EE1B0,0x043DD38A
0x000EDD6A,0x043D58B6
0x000ED927,0x043CDDEB
0x000ED4E6,0x043C632A
0x000ED0A7,0x043BE872
0x000ECC6A,0x043B6DC3
0x000EC82F,0x043AF31E
0x000EC3F6,0x043A7882
0x000EBFBF,0x0439FDEF
0x000EBB8A,0x04398366
0x000EB758,0x043908E6
0x000EB328,0x04388E6F
0x000EAEFA,0x04381402
0x000EAACE,0x0437999E
0x000EA6A4,0x04371F43
0x000EA27C,0x0436A4F2
0x000E9E56,0x04362AAA
0x000E9A32,0x0435B06B
0x000E9610,0x04353636
0x000E91F0,0x0434BC0A
0x000E8DD2,0x043441E8
0x000E89B6,0x0433C7CF
0x000E859C,0x04334DBF
0x000E8184,0x0432D3B9
0x000E7D6E,0x043259BC
0x000E795B,0x0431DFC9
0x000E754A,0x043165DF
0x000E713B,0x0430EBFF
0x000E6D2E,0x04307228
0x000E6923,0x042FF85B
0x000E651A,0x042F7E97
0x000E6113,0x042F04DD
0x000E5D0E,0x042E8B2C
0x000E590B,0x042E1185
0x000E550A,0x042D97E7
0x000E510B,0x042D1E53
0x000E4D0E,0x042CA4C8
0x000E4913,0x042C2B47
0x000E451A,0x042BB1D0
0x000E4123,0x042B3862
0x000E3D2D,0x042ABEFE
0x000E3939,0x042A45A3
0x000E3547,0x0429CC52
0x000E3157,0x0429530A
0x000E2D69,0x0428D9CC
0x000E297D,0x04286098
0x000E2593,0x0427E76D
0x000E21AB,0x04276E4C
0x000E1DC5,0x0426F535
0x000E19E1,0x04267C27
0x000E15FF,0x04260323
0x000E121F,0x04258A28
0x000E0E41,0x04251137
0x000E0A65,0x04249850
0x000E068B,0x04241F73
0x000E02B2,0x0423A69F
0x000DFEDB,0x04232DD5
0x000DFB06,0x0422B515
0x000DF733,0x04223C5E
0x000DF362,0x0421C3B1
0x000DEF93,0x04214B0E
0x000DEBC6,0x0420D274
0x000DE7FB,0x042059E4
0x000DE432,0x041FE15E
0x000DE06A,0x041F68E2
0x000DDCA4,0x041EF06F
0x000DD8E0,0x041E7806
0x000DD51E,0x041DFFA7
0x000DD15E,0x041D8752
0x000DCDA0,0x041D0F07
0x000DC9E4,0x041C96C5
0x000DC629,0x041C1E8D
0x000DC270,0x041BA65F
0x000DBEB9,0x041B2E3B
0x000DBB04,0x041AB621
0x000DB751,0x041A3E10
0x000DB3A0,0x0419C609
0x000DAFF0,0x04194E0C
0x000DAC42,0x0418D619
0x000DA896,0x04185E30
0x000DA4EC,0x0417E651
0x000DA144,0x04176E7C
0x000D9D9D,0x0416F6B0
0x000D99F8,0x04167EEE
0x000D9655,0x04160736
0x000D92B4,0x04158F88
0x000D8F15,0x041517E4
0x000D8B77,0x0414A04A
0x000D87DB,0x041428BA
0x000D8441,0x0413B134
0x000D80A9,0x041339B8
0x000D7D12,0x0412C246
0x000D797D,0x04124ADD
0x000D75EA,0x0411D37E
0x000D7259,0x04115C29
0x000D6EC9,0x0410E4DE
0x000D6B3B,0x04106D9D
0x000D67AF,0x040FF666
0x000D6425,0x040F7F39
0x000D609C,0x040F0816
0x000D5D15,0x040E90FD
0x000D5990,0x040E19EE
0x000D560D,0x040DA2E9
0x000D528B,0x040D2BEE
0x000D4F0B,0x040CB4FD
0x000D4B8D,0x040C3E16
0x000D4810,0x040BC739
0x000D4495,0x040B5066
0x000D411C,0x040AD99D
0x000D3DA4,0x040A62DE
0x000D3A2E,0x0409EC29
0x000D36BA,0x0409757E
0x000D3348,0x0408FEDD
0x000D2FD7,0x04088846
0x000D2C68,0x040811BA
0x000D28FB,0x04079B38
0x000D258F,0x040724C0
0x000D2225,0x0406AE52
0x000D1EBD,0x040637EE
0x000D1B56,0x0405C194
0x000D17F1,0x04054B44
0x000D148E,0x0404D4FE
0x000D112C,0x04045EC2
0x000D0DCC,0x0403E890
0x000D0A6D,0x04037268
0x000D0710,0x0402FC4B
0x000D03B5,0x04028638
0x000D005B,0x0402102F
0x000CFD03,0x04019A30
0x000CF9AD,0x0401243B
0x000CF658,0x0400AE50
0x000CF305,0x0400386F
0x000CEFB4,0x03FFC299
0x000CEC64,0x03FF4CCD
0x000CE916,0x03FED70B
0x000CE5C9,0x03FE6153
0x000CE27E,0x03FDEBA5
0x000CDF35,0x03FD7601
0x000CDBED,0x03FD0068
0x000CD8A7,0x03FC8AD9
0x000CD562,0x03FC1554
0x000CD21F,0x03FB9FD9
0x000CCEDD,0x03FB2A68
0x000CCB9D,0x03FAB502
0x000CC85F,0x03FA3FA6
0x000CC522,0x03F9CA54
0x000CC1E7,0x03F9550C
0x000CBEAD,0x03F8DFCE
0x000CBB75,0x03F86A9B
0x000CB83E,0x03F7F572
0x000CB509,0x03F78053
0x000CB1D6,0x03F70B3E
0x000CAEA4,0x03F69634
0x000CAB74,0x03F62134
0x000CA845,0x03F5AC3E
0x000CA518,0x03F53752
0x000CA1EC,0x03F4C271
0x000C9EC2,0x03F44D9A
0x000C9B99,0x03F3D8CD
0x000C9872,0x03F3640B
0x000C954C,0x03F2EF53
0x000C9228,0x03F27AA5
0x000C8F05,0x03F20601
0x000C8BE4,0x03F19168
0x000C88C4,0x03F11CD9
0x000C85A6,0x03F0A854
0x000C8289,0x03F033DA
0x000C7F6E,0x03EFBF6A
0x000C7C54,0x03EF4B04
0x000C793C,0x03EED6A9
0x000C7625,0x03EE6258
0x000C7310,0x03EDEE11
0x000C6FFC,0x03ED79D5
0x000C6CEA,0x03ED05A3
0x000C69D9,0x03EC917B
0x000C66CA,0x03EC1D5E
0x000C63BC,0x03EBA94B
0x000C60B0,0x03EB3542
0x000C5DA5,0x03EAC144
0x000C5A9C,0x03EA4D50
0x000C5794,0x03E9D966
0x000C548E,0x03E96587
0x000C5189,0x03E8F1B2
0x000C4E86,0x03E87DE7
0x000C4B84,0x03E80A27
0x000C4883,0x03E79671
0x000C4584,0x03E722C6
0x000C4286,0x03E6AF25
0x000C3F8A,0x03E63B8E
0x000C3C8F,0x03E5C802
0x000C3996,0x03E55480
0x000C369E,0x03E4E109
0x000C33A7,0x03E46D9C
0x000C30B2,0x03E3FA39
0x000C2DBE,0x03E386E1
0x000C2ACC,0x03E31393
0x000C27DB,0x03E2A050
0x000C24EC,0x03E22D17
0x000C21FE,0x03E1B9E9
0x000C1F11,0x03E146C5
0x000C1C26,0x03E0D3AB
0x000C193C,0x03E0609C
0x000C1654,0x03DFED97
0x000C136D,0x03DF7A9D
0x000C1087,0x03DF07AD
0x000C0DA3,0x03DE94C8
0x000C0AC0,0x03DE21ED
0x000C07DF,0x03DDAF1D
0x000C04FF,0x03DD3C57
0x000C0220,0x03DCC99B
0x000BFF43,0x03DC56EA
0x000BFC67,0x03DBE443
0x000BF98C,0x03DB71A7
0x000BF6B3,0x03DAFF15
0x000BF3DB,0x03DA8C8E
0x000BF104,0x03DA1A11
0x000BEE2F,0x03D9A79F
0x000BEB5B,0x03D93537
0x000BE889,0x03D8C2DA
0x000BE5B8,0x03D85087
0x000BE2E8,0x03D7DE3F
0x000BE01A,0x03D76C01
0x000BDD4D,0x03D6F9CE
0x000BDA81,0x03D687A5
0x000BD7B7,0x03D61587
0x000BD4EE,0x03D5A373
0x000BD226,0x03D5316A
0x000BCF60,0x03D4BF6B
0x000BCC9B,0x03D44D77
0x000BC9D7,0x03D3DB8D
0x000BC715,0x03D369AE
0x000BC454,0x03D2F7D9
0x000BC194,0x03D2860F
0x000BBED5,0x03D21450
0x000BBC18,0x03D1A29B
0x000BB95C,0x03D130F1
0x000BB6A1,0x03D0BF51
0x000BB3E8,0x03D04DBC
0x000BB130,0x03CFDC31
0x000BAE79,0x03CF6AB1
0x000BABC4,0x03CEF93B
0x000BA910,0x03CE87D0
0x000BA65D,0x03CE166F
0x000BA3AB,0x03CDA519
0x000BA0FB,0x03CD33CE
0x000B9E4C,0x03CCC28D
0x000B9B9E,0x03CC5157
0x000B98F2,0x03CBE02B
0x000B9647,0x03CB6F0A
0x000B939D,0x03CAFDF3
0x000B90F4,0x03CA8CE7
0x000B8E4D,0x03CA1BE6
0x000B8BA7,0x03C9AAEF
0x000B8902,0x03C93A03
0x000B865E,0x03C8C921
0x000B83BC,0x03C8584A
0x000B811B,0x03C7E77E
0x000B7E7B,0x03C776BC
0x000B7BDC,0x03C70605
0x000B793F,0x03C69558
0x000B76A3,0x03C624B6
0x000B7408,0x03C5B41F
0x000B716E,0x03C54392
0x000B6ED6,0x03C4D310
0x000B6C3F,0x03C46298
0x000B69A9,0x03C3F22B
0x000B6714,0x03C381C9
0x000B6481,0x03C31171
0x000B61EF,0x03C2A124
0x000B5F5E,0x03C230E1
0x000B5CCE,0x03C1C0A9
0x000B5A3F,0x03C1507C
0x000B57B2,0x03C0E059
0x000B5526,0x03C07041
0x000B529B,0x03C00034
0x000B5011,0x03BF9031
0x000B4D88,0x03BF2039
0x000B4B01,0x03BEB04B
0x000B487B,0x03BE4068
0x000B45F6,0x03BDD090
0x000B4372,0x03BD60C2
0x000B40EF,0x03BCF0FF
0x000B3E6E,0x03BC8147
0x000B3BEE,0x03BC1199
0x000B396F,0x03BBA1F6
0x000B36F1,0x03BB325E
0x000B3474,0x03BAC2D0
0x000B31F8,0x03BA534D
0x000B2F7E,0x03B9E3D5
0x000B2D05,0x03B97467
0x000B2A8D,0x03B90504
0x000B2816,0x03B895AC
0x000B25A0,0x03B8265E
0x000B232B,0x03B7B71B
0x000B20B8,0x03B747E3
0x000B1E46,0x03B6D8B5
0x000B1BD5,0x03B66992
0x000B1965,0x03B5FA7A
0x000B16F6,0x03B58B6C
0x000B1488,0x03B51C69
0x000B121C,0x03B4AD71
0x000B0FB1,0x03B43E83
0x000B0D47,0x03B3CFA0
0x000B0ADE,0x03B360C8
0x000B0876,0x03B2F1FA
0x000B060F,0x03B28337
0x000B03A9,0x03B2147F
0x000B0145,0x03B1A5D1
0x000AFEE2,0x03B1372E
0x000AFC80,0x03B0C896
0x000AFA1F,0x03B05A08
0x000AF7BF,0x03AFEB85
0x000AF560,0x03AF7D0D
0x000AF302,0x03AF0E9F
0x000AF0A5,0x03AEA03C
0x000AEE49,0x03AE31E4
0x000AEBEF,0x03ADC397
0x000AE996,0x03AD5554
0x000AE73E,0x03ACE71C
0x000AE4E7,0x03AC78EF
0x000AE291,0x03AC0ACC
0x000AE03C,0x03AB9CB4
0x000ADDE8,0x03AB2EA7
0x000ADB95,0x03AAC0A4
0x000AD943,0x03AA52AC
0x000AD6F3,0x03A9E4BF
0x000AD4A4,0x03A976DD
0x000AD256,0x03A90905
0x000AD009,0x03A89B38
0x000ACDBD,0x03A82D76
0x000ACB72,0x03A7BFBE
0x000AC928,0x03A75211
0x000AC6DF,0x03A6E46F
0x000AC497,0x03A676D8
0x000AC250,0x03A6094B
0x000AC00A,0x03A59BC9
0x000ABDC5,0x03A52E52
0x000ABB81,0x03A4C0E5
0x000AB93E,0x03A45383
0x000AB6FD,0x03A3E62C
0x000AB4BD,0x03A378E0
0x000AB27E,0x03A30B9E
0x000AB040,0x03A29E67
0x000AAE03,0x03A2313B
0x000AABC7,0x03A1C419
0x000AA98C,0x03A15702
0x000AA752,0x03A0E9F6
0x000AA519,0x03A07CF5
0x000AA2E1,0x03A00FFE
0x000AA0AA,0x039FA312
0x000A9E74,0x039F3631
0x000A9C3F,0x039EC95B
0x000A9A0B,0x039E5C8F
0x000A97D8,0x039DEFCE
0x000A95A6,0x039D8318
0x000A9375,0x039D166C
0x000A9145,0x039CA9CB
0x000A8F16,0x039C3D35
0x000A8CE8,0x039BD0AA
0x000A8ABB,0x039B6429
0x000A888F,0x039AF7B3
0x000A8664,0x039A8B48
0x000A843A,0x039A1EE8
0x000A8211,0x0399B292
0x000A7FE9,0x03994647
0x000A7DC2,0x0398DA07
0x000A7B9C,0x03986DD2
0x000A7977,0x039801A7
0x000A7753,0x03979587
0x000A7530,0x03972972
0x000A730E,0x0396BD68
0x000A70ED,0x03965168
0x000A6ECD,0x0395E573
0x000A6CAE,0x03957989
0x000A6A90,0x03950DA9
0x000A6873,0x0394A1D4
0x000A6657,0x0394360A
0x000A643C,0x0393CA4B
0x000A6222,0x03935E96
0x000A6009,0x0392F2EC
0x000A5DF1,0x0392874D
0x000A5BDA,0x03921BB9
0x000A59C4,0x0391B02F
0x000A57AF,0x039144B0
0x000A559B,0x0390D93C
0x000A5388,0x03906DD3
0x000A5176,0x03900274
0x000A4F65,0x038F9720
0x000A4D55,0x038F2BD7
0x000A4B46,0x038EC099
0x000A4938,0x038E5565
0x000A472B,0x038DEA3C
0x000A451F,0x038D7F1E
0x000A4314,0x038D140B
0x000A410A,0x038CA902
0x000A3F01,0x038C3E04
0x000A3CF9,0x038BD311
0x000A3AF2,0x038B6829
0x000A38EC,0x038AFD4B
0x000A36E7,0x038A9278
0x000A34E3,0x038A27B0
0x000A32E0,0x0389BCF3
0x000A30DE,0x03895240
0x000A2EDC,0x0388E798
0x000A2CDB,0x03887CFB
0x000A2ADB,0x03881269
0x000A28DC,0x0387A7E1
0x000A26DE,0x03873D64
0x000A24E1,0x0386D2F2
0x000A22E5,0x0386688B
0x000A20EA,0x0385FE2E
0x000A1EF0,0x038593DC
0x000A1CF7,0x03852995
0x000A1AFF,0x0384BF59
0x000A1908,0x03845527
0x000A1712,0x0383EB00
0x000A151C,0x038380E4
0x000A1327,0x038316D3
0x000A1133,0x0382ACCC
0x000A0F40,0x038242D0
0x000A0D4E,0x0381D8DF
0x000A0B5D,0x03816EF9
0x000A096D,0x0381051D
0x000A077E,0x03809B4C
0x000A0590,0x03803186
0x000A03A3,0x037FC7CB
0x000A01B7,0x037F5E1A
0x0009FFCB,0x037EF474
0x0009FDE0,0x037E8AD9
0x0009FBF6,0x037E2149
0x0009FA0D,0x037DB7C3
0x0009F825,0x037D4E48
0x0009F63E,0x037CE4D8
0x0009F458,0x037C7B73
0x0009F273,0x037C1218
0x0009F08F,0x037BA8C8
0x0009EEAB,0x037B3F83
0x0009ECC8,0x037AD649
0x0009EAE6,0x037A6D19
0x0009E905,0x037A03F4
0x0009E725,0x03799ADA
0x0009E546,0x037931CB
0x0009E368,0x0378C8C6
0x0009E18B,0x03785FCC
0x0009DFAE,0x0377F6DD
0x0009DDD2,0x03778DF9
0x0009DBF7,0x0377251F
0x0009DA1D,0x0376BC50
0x0009D844,0x0376538C
0x0009D66C,0x0375EAD2
0x0009D495,0x03758223
0x0009D2BF,0x0375197F
0x0009D0E9,0x0374B0E6
0x0009CF14,0x03744857
0x0009CD40,0x0373DFD3
0x0009CB6D,0x0373775A
0x0009C99B,0x03730EEC
0x0009C7CA,0x0372A688
0x0009C5F9,0x03723E2F
0x0009C429,0x0371D5E1
0x0009C25A,0x03716D9E
0x0009C08C,0x03710565
0x0009BEBF,0x03709D37
0x0009BCF3,0x03703514
0x0009BB28,0x036FCCFC
0x0009B95D,0x036F64EE
0x0009B793,0x036EFCEB
0x0009B5CA,0x036E94F3
0x0009B402,0x036E2D05
0x0009B23B,0x036DC522
0x0009B075,0x036D5D4A
0x0009AEAF,0x036CF57D
0x0009ACEA,0x036C8DBA
0x0009AB26,0x036C2602
0x0009A963,0x036BBE55
0x0009A7A1,0x036B56B3
0x0009A5DF,0x036AEF1B
0x0009A41E,0x036A878E
0x0009A25E,0x036A200C
0x0009A09F,0x0369B894
0x00099EE1,0x03695127
0x00099D24,0x0368E9C5
0x00099B67,0x0368826E
0x000999AB,0x03681B21
0x000997F0,0x0367B3DF
0x00099636,0x03674CA8
0x0009947D,0x0366E57B
0x000992C4,0x03667E59
0x0009910C,0x03661742
0x00098F55,0x0365B036
0x00098D9F,0x03654934
0x00098BEA,0x0364E23D
0x00098A35,0x03647B51
0x00098881,0x0364146F
0x000986CE,0x0363AD98
0x0009851C,0x036346CC
0x0009836B,0x0362E00B
0x000981BA,0x03627954
0x0009800A,0x036212A8
0x00097E5B,0x0361AC07
0x00097CAD,0x03614570
0x00097B00,0x0360DEE4
0x00097953,0x03607863
0x000977A7,0x036011EC
0x000975FC,0x035FAB80
0x00097452,0x035F451F
0x000972A8,0x035EDEC9
0x000970FF,0x035E787D
0x00096F57,0x035E123C
0x00096DB0,0x035DAC06
0x00096C0A,0x035D45DA
0x00096A64,0x035CDFB9
0x000968BF,0x035C79A3
0x0009671B,0x035C1397
0x00096578,0x035BAD96
0x000963D5,0x035B47A0
0x00096233,0x035AE1B5
0x00096092,0x035A7BD4
0x00095EF2,0x035A15FE
0x00095D52,0x0359B033
0x00095BB3,0x03594A72
0x00095A15,0x0358E4BC
0x00095878,0x03587F11
0x000956DB,0x03581970
0x0009553F,0x0357B3DA
0x000953A4,0x03574E4F
0x0009520A,0x0356E8CE
0x00095070,0x03568358
0x00094ED7,0x03561DED
0x00094D3F,0x0355B88C
0x00094BA8,0x03555336
0x00094A11,0x0354EDEB
0x0009487B,0x035488AA
0x000946E6,0x03542374
0x00094552,0x0353BE49
0x000943BE,0x03535928
0x0009422B,0x0352F412
0x00094099,0x03528F07
0x00093F08,0x03522A06
0x00093D77,0x0351C510
0x00093BE7,0x03516025
0x00093A58,0x0350FB44
0x000938C9,0x0350966E
0x0009373B,0x035031A3
0x000935AE,0x034FCCE2
0x00093422,0x034F682C
0x00093296,0x034F0381
0x0009310B,0x034E9EE0
0x00092F81,0x034E3A4A
0x00092DF8,0x034DD5BF
0x00092C6F,0x034D713E
0x00092AE7,0x034D0CC8
0x00092960,0x034CA85C
0x000927D9,0x034C43FB
0x00092653,0x034BDFA5
0x000924CE,0x034B7B59
0x0009234A,0x034B1718
0x000921C6,0x034AB2E2
0x00092043,0x034A4EB6
0x00091EC1,0x0349EA95
0x00091D3F,0x0349867F
0x00091BBE,0x03492273
0x00091A3E,0x0348BE72
0x000918BE,0x03485A7B
0x0009173F,0x0347F68F
0x000915C1,0x034792AE
0x00091444,0x03472ED7
0x000912C7,0x0346CB0B
0x0009114B,0x0346674A
0x00090FD0,0x03460393
0x00090E55,0x03459FE7
0x00090CDB,0x03453C45
0x00090B62,0x0344D8AE
0x000909E9,0x03447522
0x00090871,0x034411A0
0x000906FA,0x0343AE29
0x00090583,0x03434ABC
0x0009040D,0x0342E75A
0x00090298,0x03428403
0x00090124,0x034220B6
0x0008FFB0,0x0341BD74
0x0008FE3D,0x03415A3D
0x0008FCCB,0x0340F710
0x0008FB59,0x034093EE
0x0008F9E8,0x034030D6
0x0008F878,0x033FCDC9
0x0008F708,0x033F6AC6
0x0008F599,0x033F07CE
0x0008F42B,0x033EA4E1
0x0008F2BD,0x033E41FE
0x0008F150,0x033DDF26
0x0008EFE4,0x033D7C58
0x0008EE78,0x033D1995
0x0008ED0D,0x033CB6DD
0x0008EBA3,0x033C542F
0x0008EA39,0x033BF18C
0x0008E8D0,0x033B8EF3
0x0008E768,0x033B2C65
0x0008E600,0x033AC9E1
0x0008E499,0x033A6768
0x0008E333,0x033A04FA
0x0008E1CD,0x0339A296
0x0008E068,0x0339403D
0x0008DF04,0x0338DDEE
0x0008DDA0,0x03387BAA
0x0008DC3D,0x03381970
0x0008DADB,0x0337B741
0x0008D979,0x0337551D
0x0008D818,0x0336F303
0x0008D6B7,0x033690F4
0x0008D557,0x03362EEF
0x0008D3F8,0x0335CCF5
0x0008D299,0x03356B05
0x0008D13B,0x03350920
0x0008CFDE,0x0334A745
0x0008CE81,0x03344575
0x0008CD25,0x0333E3AF
0x0008CBCA,0x033381F4
0x0008CA6F,0x03332044
0x0008C915,0x0332BE9E
0x0008C7BC,0x03325D03
0x0008C663,0x0331FB72
0x0008C50B,0x033199EC
0x0008C3B3,0x03313870
0x0008C25C,0x0330D6FF
0x0008C106,0x03307598
0x0008BFB0,0x0330143C
0x0008BE5B,0x032FB2EA
0x0008BD07,0x032F51A3
0x0008BBB3,0x032EF066
0x0008BA60,0x032E8F34
0x0008B90D,0x032E2E0C
0x0008B7BB,0x032DCCEF
0x0008B66A,0x032D6BDC
0x0008B519,0x032D0AD4
0x0008B3C9,0x032CA9D6
0x0008B27A,0x032C48E3
0x0008B12B,0x032BE7FA
0x0008AFDD,0x032B871C
0x0008AE8F,0x032B2648
0x0008AD42,0x032AC57F
0x0008ABF6,0x032A64C0
0x0008AAAA,0x032A040C
0x0008A95F,0x0329A362
0x0008A815,0x032942C3
0x0008A6CB,0x0328E22E
0x0008A582,0x032881A4
0x0008A439,0x03282124
0x0008A2F1,0x0327C0AF
0x0008A1AA,0x03276044
0x0008A063,0x0326FFE4
0x00089F1D,0x03269F8E
0x00089DD7,0x03263F43
0x00089C92,0x0325DF02
0x00089B4E,0x03257ECC
0x00089A0A,0x03251EA0
0x000898C7,0x0324BE7F
0x00089784,0x03245E68
0x00089642,0x0323FE5B
0x00089501,0x03239E59
0x000893C0,0x03233E61
0x00089280,0x0322DE74
0x00089140,0x03227E91
0x00089001,0x03221EB9
0x00088EC3,0x0321BEEB
0x00088D85,0x03215F28
0x00088C48,0x0320FF6F
0x00088B0B,0x03209FC1
0x000889CF,0x0320401D
0x00088893,0x031FE083
0x00088758,0x031F80F4
0x0008861E,0x031F216F
0x000884E4,0x031EC1F5
0x000883AB,0x031E6285
0x00088272,0x031E0320
0x0008813A,0x031DA3C5
0x00088003,0x031D4474
0x00087ECC,0x031CE52E
0x00087D96,0x031C85F2
0x00087C60,0x031C26C1
0x00087B2B,0x031BC79A
0x000879F6,0x031B687D
0x000878C2,0x031B096B
0x0008778F,0x031AAA63
0x0008765C,0x031A4B66
0x0008752A,0x0319EC73
0x000873F8,0x03198D8A
0x000872C7,0x03192EAC
0x00087196,0x0318CFD8
0x00087066,0x0318710F
0x00086F37,0x03181250
0x00086E08,0x0317B39B
0x00086CDA,0x031754F1
0x00086BAC,0x0316F651
0x00086A7F,0x031697BC
0x00086952,0x03163931
0x00086826,0x0315DAB0
0x000866FB,0x03157C3A
0x000865D0,0x03151DCE
0x000864A6,0x0314BF6C
0x0008637C,0x03146115
0x00086253,0x031402C8
0x0008612A,0x0313A486
0x00086002,0x0313464E
0x00085EDA,0x0312E820
0x00085DB3,0x031289FD
0x00085C8D,0x03122BE4
0x00085B67,0x0311CDD5
0x00085A42,0x03116FD1
0x0008591D,0x031111D7
0x000857F9,0x0310B3E7
0x000856D5,0x03105602
0x000855B2,0x030FF827
0x0008548F,0x030F9A56
0x0008536D,0x030F3C90
0x0008524B,0x030EDED4
0x0008512A,0x030E8122
0x0008500A,0x030E237B
0x00084EEA,0x030DC5DE
0x00084DCB,0x030D684B
0x00084CAC,0x030D0AC3
0x00084B8E,0x030CAD45
0x00084A70,0x030C4FD1
0x00084953,0x030BF268
0x00084836,0x030B9509
0x0008471A,0x030B37B4
0x000845FE,0x030ADA6A
0x000844E3,0x030A7D2A
0x000843C8,0x030A1FF4
0x000842AE,0x0309C2C9
0x00084195,0x030965A8
0x0008407C,0x03090891
0x00083F64,0x0308AB84
0x00083E4C,0x03084E82
0x00083D35,0x0307F18A
0x00083C1E,0x0307949C
0x00083B08,0x030737B9
0x000839F2,0x0306DAE0
0x000838DD,0x03067E11
0x000837C8,0x0306214C
0x000836B4,0x0305C492
0x000835A0,0x030567E2
0x0008348D,0x03050B3C
0x0008337A,0x0304AEA1
0x00083268,0x03045210
0x00083156,0x0303F589
0x00083045,0x0303990C
0x00082F34,0x03033C9A
0x00082E24,0x0302E032
0x00082D14,0x030283D4
0x00082C05,0x03022780
0x00082AF6,0x0301CB37
0x000829E8,0x03016EF8
0x000828DA,0x030112C3
0x000827CD,0x0300B698
0x000826C1,0x03005A78
0x000825B5,0x02FFFE62
0x000824AA,0x02FFA256
0x0008239F,0x02FF4654
0x00082295,0x02FEEA5C
0x0008218B,0x02FE8E6F
0x00082082,0x02FE328C
0x00081F79,0x02FDD6B3
0x00081E71,0x02FD7AE4
0x00081D69,0x02FD1F20
0x00081C62,0x02FCC366
0x00081B5B,0x02FC67B6
0x00081A55,0x02FC0C10
0x0008194F,0x02FBB074
0x0008184A,0x02FB54E3
0x00081745,0x02FAF95C
0x00081641,0x02FA9DDF
0x0008153D,0x02FA426C
0x0008143A,0x02F9E703
0x00081337,0x02F98BA5
0x00081235,0x02F93051
0x00081133,0x02F8D507
0x00081032,0x02F879C7
0x00080F31,0x02F81E91
0x00080E31,0x02F7C365
0x00080D31,0x02F76844
0x00080C32,0x02F70D2D
0x00080B33,0x02F6B220
0x00080A35,0x02F6571D
0x00080937,0x02F5FC24
0x00080839,0x02F5A135
0x0008073C,0x02F54651
0x0008063F,0x02F4EB77
0x00080543,0x02F490A7
0x00080447,0x02F435E1
0x0008034C,0x02F3DB25
0x00080251,0x02F38073
0x00080157,0x02F325CC
0x0008005D,0x02F2CB2F
0x0007FF64,0x02F2709C
0x0007FE6B,0x02F21613
0x0007FD73,0x02F1BB94
0x0007FC7B,0x02F1611F
0x0007FB84,0x02F106B4
0x0007FA8D,0x02F0AC53
0x0007F997,0x02F051FD
0x0007F8A1,0x02EFF7B1
0x0007F7AC,0x02EF9D6F
0x0007F6B7,0x02EF4337
0x0007F5C3,0x02EEE909
0x0007F4CF,0x02EE8EE5
0x0007F3DC,0x02EE34CB
0x0007F2E9,0x02EDDABB
0x0007F1F6,0x02ED80B5
0x0007F104,0x02ED26BA
0x0007F012,0x02ECCCC9
0x0007EF21,0x02EC72E2
0x0007EE30,0x02EC1905
0x0007ED40,0x02EBBF32
0x0007EC50,0x02EB6569
0x0007EB61,0x02EB0BAA
0x0007EA72,0x02EAB1F5
0x0007E984,0x02EA584A
0x0007E896,0x02E9FEA9
0x0007E7A9,0x02E9A512
0x0007E6BC,0x02E94B85
0x0007E5D0,0x02E8F203
0x0007E4E4,0x02E8988B
0x0007E3F8,0x02E83F1D
0x0007E30D,0x02E7E5B9
0x0007E222,0x02E78C5F
0x0007E138,0x02E7330F
0x0007E04E,0x02E6D9C9
0x0007DF65,0x02E6808D
0x0007DE7C,0x02E6275B
0x0007DD94,0x02E5CE33
0x0007DCAC,0x02E57515
0x0007DBC5,0x02E51C01
0x0007DADE,0x02E4C2F7
0x0007D9F7,0x02E469F7
0x0007D911,0x02E41101
0x0007D82B,0x02E3B815
0x0007D746,0x02E35F33
0x0007D661,0x02E3065B
0x0007D57D,0x02E2AD8D
0x0007D499,0x02E254C9
0x0007D3B6,0x02E1FC0F
0x0007D2D3,0x02E1A35F
0x0007D1F1,0x02E14AB9
0x0007D10F,0x02E0F21D
0x0007D02D,0x02E0998B
0x0007CF4C,0x02E04103
0x0007CE6B,0x02DFE885
0x0007CD8B,0x02DF9011
0x0007CCAB,0x02DF37A7
0x0007CBCC,0x02DEDF47
0x0007CAED,0x02DE86F1
0x0007CA0F,0x02DE2EA5
0x0007C931,0x02DDD663
0x0007C853,0x02DD7E2B
0x0007C776,0x02DD25FD
0x0007C699,0x02DCCDD9
0x0007C5BD,0x02DC75BF
0x0007C4E1,0x02DC1DAF
0x0007C406,0x02DBC5A9
0x0007C32B,0x02DB6DAD
0x0007C250,0x02DB15BB
0x0007C176,0x02DABDD3
0x0007C09C,0x02DA65F5
0x0007BFC3,0x02DA0E21
0x0007BEEA,0x02D9B657
0x0007BE12,0x02D95E97
0x0007BD3A,0x02D906E0
0x0007BC63,0x02D8AF33
0x0007BB8C,0x02D85790
0x0007BAB5,0x02D7FFF7
0x0007B9DF,0x02D7A868
0x0007B909,0x02D750E3
0x0007B834,0x02D6F968
0x0007B75F,0x02D6A1F7
0x0007B68B,0x02D64A90
0x0007B5B7,0x02D5F333
0x0007B4E3,0x02D59BE0
0x0007B410,0x02D54497
0x0007B33D,0x02D4ED57
0x0007B26B,0x02D49621
0x0007B199,0x02D43EF5
0x0007B0C7,0x02D3E7D3
0x0007AFF6,0x02D390BB
0x0007AF25,0x02D339AD
0x0007AE55,0x02D2E2A9
0x0007AD85,0x02D28BAF
0x0007ACB6,0x02D234BF
0x0007ABE7,0x02D1DDD8
0x0007AB18,0x02D186FB
0x0007AA4A,0x02D13028
0x0007A97C,0x02D0D95F
0x0007A8AF,0x02D082A0
0x0007A7E2,0x02D02BEB
0x0007A716,0x02CFD540
0x0007A64A,0x02CF7E9F
0x0007A57E,0x02CF2807
0x0007A4B3,0x02CED179
0x0007A3E8,0x02CE7AF5
0x0007A31E,0x02CE247B
0x0007A254,0x02CDCE0B
0x0007A18A,0x02CD77A5
0x0007A0C1,0x02CD2148
0x00079FF8,0x02CCCAF5
0x00079F30,0x02CC74AC
0x00079E68,0x02CC1E6D
0x00079DA0,0x02CBC838
0x00079CD9,0x02CB720D
0x00079C12,0x02CB1BEB
0x00079B4C,0x02CAC5D3
0x00079A86,0x02CA6FC5
0x000799C0,0x02CA19C1
0x000798FB,0x02C9C3C7
0x00079836,0x02C96DD6
0x00079772,0x02C917EF
0x000796AE,0x02C8C212
0x000795EA,0x02C86C3F
0x00079527,0x02C81676
0x00079464,0x02C7C0B6
0x000793A2,0x02C76B00
0x000792E0,0x02C71554
0x0007921F,0x02C6BFB2
0x0007915E,0x02C66A19
0x0007909D,0x02C6148A
0x00078FDD,0x02C5BF05
0x00078F1D,0x02C5698A
0x00078E5D,0x02C51419
0x00078D9E,0x02C4BEB1
0x00078CDF,0x02C46953
0x00078C21,0x02C413FF
0x00078B63,0x02C3BEB5
0x00078AA5,0x02C36974
0x000789E8,0x02C3143D
0x0007892B,0x02C2BF10
0x0007886F,0x02C269ED
0x000787B3,0x02C214D3
0x000786F7,0x02C1BFC3
0x0007863C,0x02C16ABD
0x00078581,0x02C115C0
0x000784C7,0x02C0C0CD
0x0007840D,0x02C06BE4
0x00078353,0x02C01705
0x0007829A,0x02BFC22F
0x000781E1,0x02BF6D63
0x00078129,0x02BF18A1
0x00078071,0x02BEC3E8
0x00077FB9,0x02BE6F39
0x00077F02,0x02BE1A94
0x00077E4B,0x02BDC5F9
0x00077D94,0x02BD7167
0x00077CDE,0x02BD1CDF
0x00077C28,0x02BCC861
0x00077B73,0x02BC73EC
0x00077ABE,0x02BC1F81
0x00077A09,0x02BBCB20
0x00077955,0x02BB76C8
0x000778A1,0x02BB227A
0x000777EE,0x02BACE36
0x0007773B,0x02BA79FB
0x00077688,0x02BA25CA
0x000775D6,0x02B9D1A3
0x00077524,0x02B97D85
0x00077472,0x02B92971
0x000773C1,0x02B8D567
0x00077310,0x02B88166
0x00077260,0x02B82D6F
0x000771B0,0x02B7D982
0x00077100,0x02B7859E
0x00077051,0x02B731C4
0x00076FA2,0x02B6DDF4
0x00076EF3,0x02B68A2D
0x00076E45,0x02B63670
0x00076D97,0x02B5E2BC
0x00076CEA,0x02B58F12
0x00076C3D,0x02B53B72
0x00076B90,0x02B4E7DB
0x00076AE4,0x02B4944E
0x00076A38,0x02B440CA
0x0007698C,0x02B3ED50
0x000768E1,0x02B399E0
0x00076836,0x02B34679
0x0007678C,0x02B2F31C
0x000766E2,0x02B29FC8
0x00076638,0x02B24C7E
0x0007658F,0x02B1F93E
0x000764E6,0x02B1A607
0x0007643D,0x02B152DA
0x00076395,0x02B0FFB6
0x000762ED,0x02B0AC9C
0x00076245,0x02B0598C
0x0007619E,0x02B00685
0x000760F7,0x02AFB388
0x00076051,0x02AF6094
0x00075FAB,0x02AF0DAA
0x00075F05,0x02AEBAC9
0x00075E60,0x02AE67F2
0x00075DBB,0x02AE1524
0x00075D16,0x02ADC260
0x00075C72,0x02AD6FA6
0x00075BCE,0x02AD1CF5
0x00075B2A,0x02ACCA4E
0x00075A87,0x02AC77B0
0x000759E4,0x02AC251C
0x00075942,0x02ABD291
0x000758A0,0x02AB8010
0x000757FE,0x02AB2D98
0x0007575D,0x02AADB2A
0x000756BC,0x02AA88C5
0x0007561B,0x02AA366A
0x0007557B,0x02A9E418
0x000754DB,0x02A991D0
0x0007543B,0x02A93F91
0x0007539C,0x02A8ED5C
0x000752FD,0x02A89B30
0x0007525E,0x02A8490E
0x000751C0,0x02A7F6F5
0x00075122,0x02A7A4E6
0x00075084,0x02A752E0
0x00074FE7,0x02A700E4
0x00074F4A,0x02A6AEF1
0x00074EAE,0x02A65D08
0x00074E12,0x02A60B28
0x00074D76,0x02A5B952
0x00074CDB,0x02A56785
0x00074C40,0x02A515C2
0x00074BA5,0x02A4C408
0x00074B0B,0x02A47257
0x00074A71,0x02A420B0
0x000749D7,0x02A3CF12
0x0007493E,0x02A37D7E
0x000748A5,0x02A32BF3
0x0007480C,0x02A2DA72
0x00074774,0x02A288FA
0x000746DC,0x02A2378C
0x00074644,0x02A1E627
0x000745AD,0x02A194CB
0x00074516,0x02A14379
0x0007447F,0x02A0F230
0x000743E9,0x02A0A0F1
0x00074353,0x02A04FBB
0x000742BD,0x029FFE8F
0x00074228,0x029FAD6C
0x00074193,0x029F5C52
0x000740FE,0x029F0B42
0x0007406A,0x029EBA3B
0x00073FD6,0x029E693E
0x00073F43,0x029E184A
0x00073EB0,0x029DC75F
0x00073E1D,0x029D767E
0x00073D8B,0x029D25A6
0x00073CF9,0x029CD4D7
0x00073C67,0x029C8412
0x00073BD6,0x029C3356
0x00073B45,0x029BE2A4
0x00073AB4,0x029B91FB
0x00073A24,0x029B415B
0x00073994,0x029AF0C5
0x00073904,0x029AA038
0x00073875,0x029A4FB4
0x000737E6,0x0299FF3A
0x00073757,0x0299AEC9
0x000736C9,0x02995E61
0x0007363B,0x02990E03
0x000735AD,0x0298BDAE
0x00073520,0x02986D62
0x00073493,0x02981D20
0x00073406,0x0297CCE7
0x0007337A,0x02977CB7
0x000732EE,0x02972C91
0x00073262,0x0296DC74
0x000731D7,0x02968C60
0x0007314C,0x02963C56
0x000730C1,0x0295EC55
0x00073037,0x02959C5D
0x00072FAD,0x02954C6F
0x00072F23,0x0294FC8A
0x00072E99,0x0294ACAE
0x00072E10,0x02945CDB
0x00072D87,0x02940D12
0x00072CFE,0x0293BD52
0x00072C76,0x02936D9B
0x00072BEE,0x02931DEE
0x00072B66,0x0292CE4A
0x00072ADF,0x02927EAF
0x00072A58,0x02922F1D
0x000729D1,0x0291DF95
0x0007294B,0x02919016
0x000728C5,0x029140A0
0x0007283F,0x0290F134
0x000727BA,0x0290A1D1
0x00072735,0x02905277
0x000726B0,0x02900326
0x0007262C,0x028FB3DF
0x000725A8,0x028F64A1
0x00072524,0x028F156C
0x000724A1,0x028EC640
0x0007241E,0x028E771D
0x0007239B,0x028E2804
0x00072319,0x028DD8F4
0x00072297,0x028D89ED
0x00072215,0x028D3AEF
0x00072194,0x028CEBFB
0x00072113,0x028C9D10
0x00072092,0x028C4E2E
0x00072012,0x028BFF55
0x00071F92,0x028BB085
0x00071F12,0x028B61BF
0x00071E92,0x028B1302
0x00071E13,0x028AC44E
0x00071D94,0x028A75A3
0x00071D15,0x028A2701
0x00071C97,0x0289D869
0x00071C19,0x028989DA
0x00071B9B,0x02893B54
0x00071B1E,0x0288ECD7
0x00071AA1,0x02889E63
0x00071A24,0x02884FF8
0x000719A8,0x02880197
0x0007192C,0x0287B33F
0x000718B0,0x028764F0
0x00071835,0x028716AA
0x000717BA,0x0286C86D
0x0007173F,0x02867A39
0x000716C4,0x02862C0F
0x0007164A,0x0285DDEE
0x000715D0,0x02858FD6
0x00071556,0x028541C7
0x000714DD,0x0284F3C1
0x00071464,0x0284A5C4
0x000713EB,0x028457D0
0x00071373,0x028409E5
0x000712FB,0x0283BC04
0x00071283,0x02836E2C
0x0007120C,0x0283205D
0x00071195,0x0282D297
0x0007111E,0x028284DA
0x000710A7,0x02823726
0x00071031,0x0281E97B
0x00070FBB,0x02819BD9
0x00070F45,0x02814E40
0x00070ED0,0x028100B0
0x00070E5B,0x0280B32A
0x00070DE6,0x028065AD
0x00070D72,0x02801839
0x00070CFE,0x027FCACE
0x00070C8A,0x027F7D6C
0x00070C16,0x027F3013
0x00070BA3,0x027EE2C3
0x00070B30,0x027E957C
0x00070ABD,0x027E483E
0x00070A4B,0x027DFB09
0x000709D9,0x027DADDD
0x00070967,0x027D60BA
0x000708F6,0x027D13A0
0x00070885,0x027CC68F
0x00070814,0x027C7987
0x000707A3,0x027C2C88
0x00070733,0x027BDF92
0x000706C3,0x027B92A6
0x00070653,0x027B45C3
0x000705E4,0x027AF8E9
0x00070575,0x027AAC18
0x00070506,0x027A5F50
0x00070498,0x027A1291
0x0007042A,0x0279C5DB
0x000703BC,0x0279792E
0x0007034E,0x02792C8A
0x000702E1,0x0278DFEF
0x00070274,0x0278935D
0x00070207,0x027846D4
0x0007019B,0x0277FA54
0x0007012F,0x0277ADDD
0x000700C3,0x0277616F
0x00070057,0x0277150A
0x0006FFEC,0x0276C8AE
0x0006FF81,0x02767C5B
0x0006FF16,0x02763011
0x0006FEAC,0x0275E3CF
0x0006FE42,0x02759796
0x0006FDD8,0x02754B66
0x0006FD6F,0x0274FF3F
0x0006FD06,0x0274B321
0x0006FC9D,0x0274670C
0x0006FC34,0x02741B00
0x0006FBCC,0x0273CEFD
0x0006FB64,0x02738303
0x0006FAFC,0x02733712
0x0006FA95,0x0272EB2A
0x0006FA2E,0x02729F4B
0x0006F9C7,0x02725375
0x0006F960,0x027207A8
0x0006F8FA,0x0271BBE4
0x0006F894,0x02717029
0x0006F82E,0x02712477
0x0006F7C9,0x0270D8CD
0x0006F764,0x02708D2C
0x0006F6FF,0x02704194
0x0006F69A,0x026FF605
0x0006F636,0x026FAA7F
0x0006F5D2,0x026F5F02
0x0006F56E,0x026F138E
0x0006F50B,0x026EC823
0x0006F4A8,0x026E7CC1
0x0006F445,0x026E3168
0x0006F3E2,0x026DE617
0x0006F380,0x026D9ACF
0x0006F31E,0x026D4F90
0x0006F2BC,0x026D045A
0x0006F25B,0x026CB92D
0x0006F1FA,0x026C6E09
0x0006F199,0x026C22EE
0x0006F138,0x026BD7DB
0x0006F0D8,0x026B8CD1
0x0006F078,0x026B41D0
0x0006F018,0x026AF6D8
0x0006EFB9,0x026AABE9
0x0006EF5A,0x026A6103
0x0006EEFB,0x026A1626
0x0006EE9C,0x0269CB51
0x0006EE3E,0x02698085
0x0006EDE0,0x026935C2
0x0006ED82,0x0268EB08
0x0006ED24,0x0268A057
0x0006ECC7,0x026855AF
0x0006EC6A,0x02680B0F
0x0006EC0D,0x0267C078
0x0006EBB1,0x026775EA
0x0006EB55,0x02672B65
0x0006EAF9,0x0266E0E9
0x0006EA9D,0x02669675
0x0006EA42,0x02664C0A
0x0006E9E7,0x026601A8
0x0006E98C,0x0265B74F
0x0006E932,0x02656CFE
0x0006E8D8,0x026522B6
0x0006E87E,0x0264D877
0x0006E824,0x02648E41
0x0006E7CB,0x02644414
0x0006E772,0x0263F9EF
0x0006E719,0x0263AFD3
0x0006E6C0,0x026365C0
0x0006E668,0x02631BB6
0x0006E610,0x0262D1B4
0x0006E5B8,0x026287BB
0x0006E561,0x02623DCB
0x0006E50A,0x0261F3E4
0x0006E4B3,0x0261AA05
0x0006E45C,0x0261602F
0x0006E406,0x02611662
0x0006E3B0,0x0260CC9E
0x0006E35A,0x026082E2
0x0006E304,0x0260392F
0x0006E2AF,0x025FEF85
0x0006E25A,0x025FA5E4
0x0006E205,0x025F5C4B
0x0006E1B0,0x025F12BB
0x0006E15C,0x025EC934
0x0006E108,0x025E7FB5
0x0006E0B4,0x025E363F
0x0006E061,0x025DECD2
0x0006E00E,0x025DA36D
0x0006DFBB,0x025D5A11
0x0006DF68,0x025D10BE
0x0006DF16,0x025CC774
0x0006DEC4,0x025C7E32
0x0006DE72,0x025C34F9
0x0006DE20,0x025BEBC9
0x0006DDCF,0x025BA2A1
0x0006DD7E,0x025B5982
0x0006DD2D,0x025B106C
0x0006DCDC,0x025AC75E
0x0006DC8C,0x025A7E59
0x0006DC3C,0x025A355D
0x0006DBEC,0x0259EC69
0x0006DB9D,0x0259A37E
0x0006DB4E,0x02595A9B
0x0006DAFF,0x025911C1
0x0006DAB0,0x0258C8F0
0x0006DA62,0x02588027
0x0006DA14,0x02583767
0x0006D9C6,0x0257EEB0
0x0006D978,0x0257A601
0x0006D92B,0x02575D5B
0x0006D8DE,0x025714BE
0x0006D891,0x0256CC29
0x0006D844,0x0256839D
0x0006D7F8,0x02563B19
0x0006D7AC,0x0255F29E
0x0006D760,0x0255AA2C
0x0006D714,0x025561C2
0x0006D6C9,0x02551961
0x0006D67E,0x0254D108
0x0006D633,0x025488B8
0x0006D5E9,0x02544071
0x0006D59F,0x0253F832
0x0006D555,0x0253AFFC
0x0006D50B,0x025367CE
0x0006D4C2,0x02531FA9
0x0006D479,0x0252D78C
0x0006D430,0x02528F78
0x0006D3E7,0x0252476D
0x0006D39F,0x0251FF6A
0x0006D357,0x0251B770
0x0006D30F,0x02516F7E
0x0006D2C7,0x02512795
0x0006D280,0x0250DFB4
0x0006D239,0x025097DC
0x0006D1F2,0x0250500C
0x0006D1AB,0x02500845
0x0006D165,0x024FC087
0x0006D11F,0x024F78D1
0x0006D0D9,0x024F3124
0x0006D093,0x024EE97F
0x0006D04E,0x024EA1E3
0x0006D009,0x024E5A4F
0x0006CFC4,0x024E12C4
0x0006CF7F,0x024DCB41
0x0006CF3B,0x024D83C7
0x0006CEF7,0x024D3C55
0x0006CEB3,0x024CF4EC
0x0006CE6F,0x024CAD8B
0x0006CE2C,0x024C6633
0x0006CDE9,0x024C1EE3
0x0006CDA6,0x024BD79C
0x0006CD63,0x024B905D
0x0006CD21,0x024B4927
0x0006CCDF,0x024B01F9
0x0006CC9D,0x024ABAD4
0x0006CC5B,0x024A73B7
0x0006CC1A,0x024A2CA3
0x0006CBD9,0x0249E597
0x0006CB98,0x02499E93
0x0006CB57,0x02495798
0x0006CB17,0x024910A5
0x0006CAD7,0x0248C9BB
0x0006CA97,0x024882D9
0x0006CA57,0x02483C00
0x0006CA18,0x0247F52F
0x0006C9D9,0x0247AE67
0x0006C99A,0x024767A7
0x0006C95B,0x024720EF
0x0006C91D,0x0246DA40
0x0006C8DF,0x02469399
0x0006C8A1,0x02464CFB
0x0006C863,0x02460665
0x0006C826,0x0245BFD8
0x0006C7E9,0x02457953
0x0006C7AC,0x024532D6
0x0006C76F,0x0244EC62
0x0006C733,0x0244A5F6
0x0006C6F7,0x02445F93
0x0006C6BB,0x02441938
0x0006C67F,0x0243D2E5
0x0006C644,0x02438C9B
0x0006C609,0x02434659
0x0006C5CE,0x02430020
0x0006C593,0x0242B9EF
0x0006C559,0x024273C6
0x0006C51F,0x02422DA6
0x0006C4E5,0x0241E78E
0x0006C4AB,0x0241A17E
0x0006C472,0x02415B77
0x0006C439,0x02411578
0x0006C400,0x0240CF81
0x0006C3C7,0x02408993
0x0006C38F,0x024043AD
0x0006C357,0x023FFDD0
0x0006C31F,0x023FB7FB
0x0006C2E7,0x023F722E
0x0006C2B0,0x023F2C6A
0x0006C279,0x023EE6AE
0x0006C242,0x023EA0FA
0x0006C20B,0x023E5B4F
0x0006C1D5,0x023E15AC
0x0006C19F,0x023DD011
0x0006C169,0x023D8A7F
0x0006C133,0x023D44F5
0x0006C0FE,0x023CFF73
0x0006C0C9,0x023CB9F9
0x0006C094,0x023C7488
0x0006C05F,0x023C2F1F
0x0006C02A,0x023BE9BE
0x0006BFF6,0x023BA466
0x0006BFC2,0x023B5F16
0x0006BF8E,0x023B19CE
0x0006BF5A,0x023AD48F
0x0006BF27,0x023A8F58
0x0006BEF4,0x023A4A29
0x0006BEC1,0x023A0502
0x0006BE8E,0x0239BFE4
0x0006BE5C,0x02397ACE
0x0006BE2A,0x023935C0
0x0006BDF8,0x0238F0BA
0x0006BDC6,0x0238ABBD
0x0006BD95,0x023866C8
0x0006BD64,0x023821DB
0x0006BD33,0x0237DCF6
0x0006BD02,0x0237981A
0x0006BCD2,0x02375346
0x0006BCA2,0x02370E7A
0x0006BC72,0x0236C9B6
0x0006BC42,0x023684FB
0x0006BC12,0x02364048
0x0006BBE3,0x0235FB9D
0x0006BBB4,0x0235B6FA
0x0006BB85,0x02357260
0x0006BB56,0x02352DCE
0x0006BB28,0x0234E944
0x0006BAFA,0x0234A4C2
0x0006BACC,0x02346048
0x0006BA9E,0x02341BD7
0x0006BA71,0x0233D76E
0x0006BA44,0x0233930D
0x0006BA17,0x02334EB4
0x0006B9EA,0x02330A63
0x0006B9BE,0x0232C61B
0x0006B992,0x023281DB
0x0006B966,0x02323DA3
0x0006B93A,0x0231F973
0x0006B90E,0x0231B54B
0x0006B8E3,0x0231712B
0x0006B8B8,0x02312D14
0x0006B88D,0x0230E905
0x0006B862,0x0230A4FE
0x0006B838,0x023060FF
0x0006B80E,0x02301D08
0x0006B7E4,0x022FD919
0x0006B7BA,0x022F9533
0x0006B791,0x022F5155
0x0006B768,0x022F0D7F
0x0006B73F,0x022EC9B1
0x0006B716,0x022E85EB
0x0006B6EE,0x022E422D
0x0006B6C6,0x022DFE77
0x0006B69E,0x022DBAC9
0x0006B676,0x022D7724
0x0006B64E,0x022D3387
0x0006B627,0x022CEFF2
0x0006B600,0x022CAC65
0x0006B5D9,0x022C68E0
0x0006B5B2,0x022C2563
0x0006B58C,0x022BE1EE
0x0006B566,0x022B9E81
0x0006B540,0x022B5B1C
0x0006B51A,0x022B17C0
0x0006B4F5,0x022AD46C
0x0006B4D0,0x022A9120
0x0006B4AB,0x022A4DDC
0x0006B486,0x022A0AA0
0x0006B461,0x0229C76C
0x0006B43D,0x02298440
0x0006B419,0x0229411C
0x0006B3F5,0x0228FE00
0x0006B3D1,0x0228BAEC
0x0006B3AE,0x022877E0
0x0006B38B,0x022834DC
0x0006B368,0x0227F1E0
0x0006B345,0x0227AEEC
0x0006B322,0x02276C00
0x0006B300,0x0227291C
0x0006B2DE,0x0226E641
0x0006B2BC,0x0226A36E
0x0006B29A,0x022660A3
0x0006B279,0x02261DE0
0x0006B258,0x0225DB25
0x0006B237,0x02259872
0x0006B216,0x022555C7
0x0006B1F6,0x02251324
0x0006B1D6,0x0224D089
0x0006B1B6,0x02248DF6
0x0006B196,0x02244B6B
0x0006B176,0x022408E8
0x0006B157,0x0223C66D
0x0006B138,0x022383FA
0x0006B119,0x0223418F
0x0006B0FA,0x0222FF2C
0x0006B0DC,0x0222BCD1
0x0006B0BE,0x02227A7E
0x0006B0A0,0x02223833
0x0006B082,0x0221F5F0
0x0006B064,0x0221B3B5
0x0006B047,0x02217182
0x0006B02A,0x02212F57
0x0006B00D,0x0220ED34
0x0006AFF0,0x0220AB19
0x0006AFD4,0x02206905
0x0006AFB8,0x022026F9
0x0006AF9C,0x021FE4F5
0x0006AF80,0x021FA2F9
0x0006AF64,0x021F6105
0x0006AF49,0x021F1F19
0x0006AF2E,0x021EDD35
0x0006AF13,0x021E9B59
0x0006AEF8,0x021E5985
0x0006AEDE,0x021E17B9
0x0006AEC4,0x021DD5F5
0x0006AEAA,0x021D9439
0x0006AE90,0x021D5285
0x0006AE76,0x021D10D9
0x0006AE5D,0x021CCF35
0x0006AE44,0x021C8D98
0x0006AE2B,0x021C4C03
0x0006AE12,0x021C0A76
0x0006ADFA,0x021BC8F1
0x0006ADE2,0x021B8774
0x0006ADCA,0x021B45FF
0x0006ADB2,0x021B0492
0x0006AD9A,0x021AC32D
0x0006AD83,0x021A81D0
0x0006AD6C,0x021A407A
0x0006AD55,0x0219FF2C
0x0006AD3E,0x0219BDE6
0x0006AD28,0x02197CA8
0x0006AD12,0x02193B72
0x0006ACFC,0x0218FA44
0x0006ACE6,0x0218B91E
0x0006ACD0,0x02187800
0x0006ACBB,0x021836E9
0x0006ACA6,0x0217F5DA
0x0006AC91,0x0217B4D3
0x0006AC7C,0x021773D4
0x0006AC67,0x021732DD
0x0006AC53,0x0216F1EE
0x0006AC3F,0x0216B106
0x0006AC2B,0x02167026
0x0006AC17,0x02162F4E
0x0006AC04,0x0215EE7E
0x0006ABF1,0x0215ADB6
0x0006ABDE,0x02156CF6
0x0006ABCB,0x02152C3D
0x0006ABB8,0x0214EB8C
0x0006ABA6,0x0214AAE3
0x0006AB94,0x02146A42
0x0006AB82,0x021429A9
0x0006AB70,0x0213E917
0x0006AB5F,0x0213A88D
0x0006AB4E,0x0213680B
0x0006AB3D,0x02132791
0x0006AB2C,0x0212E71F
0x0006AB1B,0x0212A6B4
0x0006AB0B,0x02126651
0x0006AAFB,0x021225F6
0x0006AAEB,0x0211E5A3
0x0006AADB,0x0211A558
0x0006AACB,0x02116514
0x0006AABC,0x021124D8
0x0006AAAD,0x0210E4A4
0x0006AA9E,0x0210A478
0x0006AA8F,0x02106453
0x0006AA81,0x02102436
0x0006AA73,0x020FE421
0x0006AA65,0x020FA414
0x0006AA57,0x020F640E
0x0006AA49,0x020F2410
0x0006AA3C,0x020EE41A
0x0006AA2F,0x020EA42C
0x0006AA22,0x020E6445
0x0006AA15,0x020E2466
0x0006AA08,0x020DE48F
0x0006A9FC,0x020DA4BF
0x0006A9F0,0x020D64F7
0x0006A9E4,0x020D2537
0x0006A9D8,0x020CE57F
0x0006A9CD,0x020CA5CE
0x0006A9C2,0x020C6625
0x0006A9B7,0x020C2684
0x0006A9AC,0x020BE6EA
0x0006A9A1,0x020BA758
0x0006A997,0x020B67CE
0x0006A98D,0x020B284B
0x0006A983,0x020AE8D0
0x0006A979,0x020AA95D
0x0006A96F,0x020A69F2
0x0006A966,0x020A2A8E
0x0006A95D,0x0209EB32
0x0006A954,0x0209ABDE
0x0006A94B,0x02096C91
0x0006A942,0x02092D4C
0x0006A93A,0x0208EE0F
0x0006A932,0x0208AED9
0x0006A92A,0x02086FAB
0x0006A922,0x02083084
0x0006A91B,0x0207F165
0x0006A914,0x0207B24E
0x0006A90D,0x0207733E
0x0006A906,0x02073436
0x0006A8FF,0x0206F536
0x0006A8F9,0x0206B63D
0x0006A8F3,0x0206774C
0x0006A8ED,0x02063863
0x0006A8E7,0x0205F981
0x0006A8E1,0x0205BAA7
0x0006A8DC,0x02057BD4
0x0006A8D7,0x02053D09
0x0006A8D2,0x0204FE46
0x0006A8CD,0x0204BF8A
0x0006A8C8,0x020480D6
0x0006A8C4,0x02044229
0x0006A8C0,0x02040384
0x0006A8BC,0x0203C4E7
0x0006A8B8,0x02038651
0x0006A8B4,0x020347C3
0x0006A8B1,0x0203093C
0x0006A8AE,0x0202CABD
0x0006A8AB,0x02028C46
0x0006A8A8,0x02024DD6
0x0006A8A6,0x02020F6E
0x0006A8A4,0x0201D10D
0x0006A8A2,0x020192B4
0x0006A8A0,0x02015462
0x0006A89E,0x02011618
0x0006A89D,0x0200D7D6
0x0006A89C,0x0200999B
0x0006A89B,0x02005B68
0x0006A89A,0x02001D3C
0x0006A899,0x01FFDF18
0x0006A899,0x01FFA0FB
0x0006A899,0x01FF62E6
0x0006A899,0x01FF24D8
0x0006A899,0x01FEE6D2
0x0006A899,0x01FEA8D3
0x0006A89A,0x01FE6ADC
0x0006A89B,0x01FE2CEC
0x0006A89C,0x01FDEF04
0x0006A89D,0x01FDB123
0x0006A89E,0x01FD734A
0x0006A8A0,0x01FD3578
0x0006A8A2,0x01FCF7AE
0x0006A8A4,0x01FCB9EB
0x0006A8A6,0x01FC7C30
0x0006A8A8,0x01FC3E7C
0x0006A8AB,0x01FC00D0
0x0006A8AE,0x01FBC32B
0x0006A8B1,0x01FB858E
0x0006A8B4,0x01FB47F8
0x0006A8B8,0x01FB0A6A
0x0006A8BC,0x01FACCE3
0x0006A8C0,0x01FA8F64
0x0006A8C4,0x01FA51EC
0x0006A8C8,0x01FA147C
0x0006A8CD,0x01F9D713
0x0006A8D2,0x01F999B2
0x0006A8D7,0x01F95C58
0x0006A8DC,0x01F91F06
0x0006A8E1,0x01F8E1BB
0x0006A8E7,0x01F8A477
0x0006A8ED,0x01F8673B
0x0006A8F3,0x01F82A06
0x0006A8F9,0x01F7ECD9
0x0006A8FF,0x01F7AFB3
0x0006A906,0x01F77295
0x0006A90D,0x01F7357E
0x0006A914,0x01F6F86F
0x0006A91B,0x01F6BB67
0x0006A922,0x01F67E66
0x0006A92A,0x01F6416D
0x0006A932,0x01F6047B
0x0006A93A,0x01F5C791
0x0006A942,0x01F58AAE
0x0006A94A,0x01F54DD2
0x0006A953,0x01F510FE
0x0006A95C,0x01F4D431
0x0006A965,0x01F4976C
0x0006A96E,0x01F45AAE
0x0006A977,0x01F41DF7
0x0006A981,0x01F3E148
0x0006A98B,0x01F3A4A0
0x0006A995,0x01F36800
0x0006A99F,0x01F32B67
0x0006A9A9,0x01F2EED5
0x0006A9B4,0x01F2B24B
0x0006A9BF,0x01F275C8
0x0006A9CA,0x01F2394C
0x0006A9D5,0x01F1FCD8
0x0006A9E0,0x01F1C06B
0x0006A9EC,0x01F18405
0x0006A9F8,0x01F147A7
0x0006AA04,0x01F10B50
0x0006AA10,0x01F0CF01
0x0006AA1C,0x01F092B9
0x0006AA29,0x01F05678
0x0006AA36,0x01F01A3F
0x0006AA43,0x01EFDE0D
0x0006AA50,0x01EFA1E2
0x0006AA5D,0x01EF65BF
0x0006AA6B,0x01EF29A3
0x0006AA79,0x01EEED8E
0x0006AA87,0x01EEB180
0x0006AA95,0x01EE757A
0x0006AAA3,0x01EE397B
0x0006AAB2,0x01EDFD83
0x0006AAC1,0x01EDC193
0x0006AAD0,0x01ED85AA
0x0006AADF,0x01ED49C8
0x0006AAEE,0x01ED0DEE
0x0006AAFE,0x01ECD21B
0x0006AB0E,0x01EC964F
0x0006AB1E,0x01EC5A8A
0x0006AB2E,0x01EC1ECD
0x0006AB3E,0x01EBE317
0x0006AB4F,0x01EBA768
0x0006AB60,0x01EB6BC1
0x0006AB71,0x01EB3021
0x0006AB82,0x01EAF488
0x0006AB93,0x01EAB8F6
0x0006ABA5,0x01EA7D6C
0x0006ABB7,0x01EA41E9
0x0006ABC9,0x01EA066D
0x0006ABDB,0x01E9CAF8
0x0006ABED,0x01E98F8B
0x0006AC00,0x01E95425
0x0006AC13,0x01E918C6
0x0006AC26,0x01E8DD6E
0x0006AC39,0x01E8A21E
0x0006AC4C,0x01E866D5
0x0006AC60,0x01E82B93
0x0006AC74,0x01E7F058
0x0006AC88,0x01E7B525
0x0006AC9C,0x01E779F9
0x0006ACB0,0x01E73ED4
0x0006ACC5,0x01E703B6
0x0006ACDA,0x01E6C89F
0x0006ACEF,0x01E68D90
0x0006AD04,0x01E65288
0x0006AD19,0x01E61787
0x0006AD2F,0x01E5DC8D
0x0006AD45,0x01E5A19A
0x0006AD5B,0x01E566AF
0x0006AD71,0x01E52BCB
0x0006AD87,0x01E4F0EE
0x0006AD9E,0x01E4B618
0x0006ADB5,0x01E47B49
0x0006ADCC,0x01E44082
0x0006ADE3,0x01E405C2
0x0006ADFA,0x01E3CB09
0x0006AE12,0x01E39057
0x0006AE2A,0x01E355AC
0x0006AE42,0x01E31B08
0x0006AE5A,0x01E2E06C
0x0006AE72,0x01E2A5D7
0x0006AE8B,0x01E26B49
0x0006AEA4,0x01E230C2
0x0006AEBD,0x01E1F642
0x0006AED6,0x01E1BBC9
0x0006AEEF,0x01E18157
0x0006AF09,0x01E146ED
0x0006AF23,0x01E10C8A
0x0006AF3D,0x01E0D22E
0x0006AF57,0x01E097D9
0x0006AF71,0x01E05D8B
0x0006AF8C,0x01E02344
0x0006AFA7,0x01DFE904
0x0006AFC2,0x01DFAECB
0x0006AFDD,0x01DF749A
0x0006AFF8,0x01DF3A70
0x0006B014,0x01DF004D
0x0006B030,0x01DEC631
0x0006B04C,0x01DE8C1C
0x0006B068,0x01DE520E
0x0006B084,0x01DE1807
0x0006B0A1,0x01DDDE07
0x0006B0BE,0x01DDA40E
0x0006B0DB,0x01DD6A1C
0x0006B0F8,0x01DD3032
0x0006B115,0x01DCF64F
0x0006B133,0x01DCBC73
0x0006B151,0x01DC829E
0x0006B16F,0x01DC48D0
0x0006B18D,0x01DC0F09
0x0006B1AB,0x01DBD549
0x0006B1C9,0x01DB9B90
0x0006B1E8,0x01DB61DE
0x0006B207,0x01DB2833
0x0006B226,0x01DAEE8F
0x0006B245,0x01DAB4F2
0x0006B264,0x01DA7B5C
0x0006B284,0x01DA41CD
0x0006B2A4,0x01DA0845
0x0006B2C4,0x01D9CEC4
0x0006B2E4,0x01D9954A
0x0006B304,0x01D95BD7
0x0006B325,0x01D9226B
0x0006B346,0x01D8E907
0x0006B367,0x01D8AFAA
0x0006B388,0x01D87654
0x0006B3A9,0x01D83D05
0x0006B3CB,0x01D803BD
0x0006B3ED,0x01D7CA7C
0x0006B40F,0x01D79142
0x0006B431,0x01D7580F
0x0006B453,0x01D71EE3
0x0006B476,0x01D6E5BE
0x0006B499,0x01D6ACA0
0x0006B4BC,0x01D67389
0x0006B4DF,0x01D63A79
0x0006B502,0x01D60170
0x0006B526,0x01D5C86E
0x0006B54A,0x01D58F73
0x0006B56E,0x01D5567F
0x0006B592,0x01D51D91
0x0006B5B6,0x01D4E4AA
0x0006B5DB,0x01D4ABCA
0x0006B600,0x01D472F1
0x0006B625,0x01D43A1F
0x0006B64A,0x01D40154
0x0006B66F,0x01D3C890
0x0006B694,0x01D38FD3
0x0006B6BA,0x01D3571D
0x0006B6E0,0x01D31E6E
0x0006B706,0x01D2E5C6
0x0006B72C,0x01D2AD25
0x0006B752,0x01D2748B
0x0006B779,0x01D23BF8
0x0006B7A0,0x01D2036C
0x0006B7C7,0x01D1CAE7
0x0006B7EE,0x01D19269
0x0006B815,0x01D159F2
0x0006B83D,0x01D12181
0x0006B865,0x01D0E917
0x0006B88D,0x01D0B0B4
0x0006B8B5,0x01D07858
0x0006B8DD,0x01D04003
0x0006B906,0x01D007B5
0x0006B92F,0x01CFCF6E
0x0006B958,0x01CF972E
0x0006B981,0x01CF5EF5
0x0006B9AA,0x01CF26C3
0x0006B9D4,0x01CEEE98
0x0006B9FE,0x01CEB673
0x0006BA28,0x01CE7E55
0x0006BA52,0x01CE463E
0x0006BA7C,0x01CE0E2E
0x0006BAA7,0x01CDD625
0x0006BAD2,0x01CD9E23
0x0006BAFD,0x01CD6628
0x0006BB28,0x01CD2E34
0x0006BB53,0x01CCF646
0x0006BB7E,0x01CCBE5F
0x0006BBAA,0x01CC867F
0x0006BBD6,0x01CC4EA6
0x0006BC02,0x01CC16D4
0x0006BC2E,0x01CBDF09
0x0006BC5A,0x01CBA745
0x0006BC87,0x01CB6F87
0x0006BCB4,0x01CB37D0
0x0006BCE1,0x01CB0020
0x0006BD0E,0x01CAC877
0x0006BD3B,0x01CA90D5
0x0006BD69,0x01CA593A
0x0006BD97,0x01CA21A5
0x0006BDC5,0x01C9EA17
0x0006BDF3,0x01C9B290
0x0006BE21,0x01C97B10
0x0006BE50,0x01C94397
0x0006BE7F,0x01C90C24
0x0006BEAE,0x01C8D4B8
0x0006BEDD,0x01C89D53
0x0006BF0C,0x01C865F5
0x0006BF3C,0x01C82E9E
0x0006BF6C,0x01C7F74D
0x0006BF9C,0x01C7C003
0x0006BFCC,0x01C788C0
0x0006BFFC,0x01C75184
0x0006C02C,0x01C71A4F
0x0006C05D,0x01C6E320
0x0006C08E,0x01C6ABF8
0x0006C0BF,0x01C674D7
0x0006C0F0,0x01C63DBD
0x0006C121,0x01C606A9
0x0006C153,0x01C5CF9C
0x0006C185,0x01C59896
0x0006C1B7,0x01C56197
0x0006C1E9,0x01C52A9F
0x0006C21B,0x01C4F3AD
0x0006C24E,0x01C4BCC2
0x0006C281,0x01C485DE
0x0006C2B4,0x01C44F01
0x0006C2E7,0x01C4182A
0x0006C31A,0x01C3E15A
0x0006C34E,0x01C3AA91
0x0006C382,0x01C373CE
0x0006C3B6,0x01C33D12
0x0006C3EA,0x01C3065D
0x0006C41E,0x01C2CFAF
0x0006C452,0x01C29907
0x0006C487,0x01C26266
0x0006C4BC,0x01C22BCC
0x0006C4F1,0x01C1F538
0x0006C526,0x01C1BEAB
0x0006C55B,0x01C18825
0x0006C591,0x01C151A6
0x0006C5C7,0x01C11B2D
0x0006C5FD,0x01C0E4BB
0x0006C633,0x01C0AE50
0x0006C669,0x01C077EB
0x0006C6A0,0x01C0418D
0x0006C6D7,0x01C00B36
0x0006C70E,0x01BFD4E5
0x0006C745,0x01BF9E9B
0x0006C77C,0x01BF6858
0x0006C7B4,0x01BF321B
0x0006C7EC,0x01BEFBE5
0x0006C824,0x01BEC5B6
0x0006C85C,0x01BE8F8E
0x0006C894,0x01BE596C
0x0006C8CD,0x01BE2351
0x0006C906,0x01BDED3C
0x0006C93F,0x01BDB72E
0x0006C978,0x01BD8127
0x0006C9B1,0x01BD4B26
0x0006C9EA,0x01BD152C
0x0006CA24,0x01BCDF39
0x0006CA5E,0x01BCA94C
0x0006CA98,0x01BC7366
0x0006CAD2,0x01BC3D87
0x0006CB0C,0x01BC07AE
0x0006CB47,0x01BBD1DC
0x0006CB82,0x01BB9C11
0x0006CBBD,0x01BB664C
0x0006CBF8,0x01BB308E
0x0006CC33,0x01BAFAD6
0x0006CC6F,0x01BAC525
0x0006CCAB,0x01BA8F7B
0x0006CCE7,0x01BA59D7
0x0006CD23,0x01BA243A
0x0006CD5F,0x01B9EEA3
0x0006CD9C,0x01B9B913
0x0006CDD9,0x01B9838A
0x0006CE16,0x01B94E07
0x0006CE53,0x01B9188B
0x0006CE90,0x01B8E315
0x0006CECD,0x01B8ADA6
0x0006CF0B,0x01B8783E
0x0006CF49,0x01B842DC
0x0006CF87,0x01B80D81
0x0006CFC5,0x01B7D82C
0x0006D003,0x01B7A2DE
0x0006D042,0x01B76D96
0x0006D081,0x01B73855
0x0006D0C0,0x01B7031B
0x0006D0FF,0x01B6CDE7
0x0006D13E,0x01B698BA
0x0006D17E,0x01B66393
0x0006D1BE,0x01B62E73
0x0006D1FE,0x01B5F959
0x0006D23E,0x01B5C446
0x0006D27E,0x01B58F39
0x0006D2BF,0x01B55A33
0x0006D300,0x01B52533
0x0006D341,0x01B4F03A
0x0006D382,0x01B4BB48
0x0006D3C3,0x01B4865C
0x0006D404,0x01B45177
0x0006D446,0x01B41C98
0x0006D488,0x01B3E7C0
0x0006D4CA,0x01B3B2EE
0x0006D50C,0x01B37E23
0x0006D54E,0x01B3495E
0x0006D591,0x01B314A0
0x0006D5D4,0x01B2DFE8
0x0006D617,0x01B2AB37
0x0006D65A,0x01B2768C
0x0006D69D,0x01B241E8
0x0006D6E1,0x01B20D4A
0x0006D725,0x01B1D8B3
0x0006D769,0x01B1A422
0x0006D7AD,0x01B16F98
0x0006D7F1,0x01B13B14
0x0006D835,0x01B10697
0x0006D87A,0x01B0D220
0x0006D8BF,0x01B09DB0
0x0006D904,0x01B06946
0x0006D949,0x01B034E2
0x0006D98E,0x01B00085
0x0006D9D4,0x01AFCC2E
0x0006DA1A,0x01AF97DE
0x0006DA60,0x01AF6394
0x0006DAA6,0x01AF2F51
0x0006DAEC,0x01AEFB14
0x0006DB33,0x01AEC6DE
0x0006DB7A,0x01AE92AE
0x0006DBC1,0x01AE5E85
0x0006DC08,0x01AE2A62
0x0006DC4F,0x01ADF645
0x0006DC97,0x01ADC22F
0x0006DCDF,0x01AD8E1F
0x0006DD27,0x01AD5A16
0x0006DD6F,0x01AD2613
0x0006DDB7,0x01ACF217
0x0006DDFF,0x01ACBE21
0x0006DE48,0x01AC8A31
0x0006DE91,0x01AC5648
0x0006DEDA,0x01AC2265
0x0006DF23,0x01ABEE89
0x0006DF6C,0x01ABBAB3
0x0006DFB6,0x01AB86E3
0x0006E000,0x01AB531A
0x0006E04A,0x01AB1F57
0x0006E094,0x01AAEB9B
0x0006E0DE,0x01AAB7E5
0x0006E129,0x01AA8435
0x0006E174,0x01AA508C
0x0006E1BF,0x01AA1CE9
0x0006E20A,0x01A9E94D
0x0006E255,0x01A9B5B7
0x0006E2A1,0x01A98227
0x0006E2ED,0x01A94E9E
0x0006E339,0x01A91B1B
0x0006E385,0x01A8E79E
0x0006E3D1,0x01A8B428
0x0006E41D,0x01A880B8
0x0006E46A,0x01A84D4E
0x0006E4B7,0x01A819EB
0x0006E504,0x01A7E68E
0x0006E551,0x01A7B337
0x0006E59E,0x01A77FE7
0x0006E5EC,0x01A74C9D
0x0006E63A,0x01A7195A
0x0006E688,0x01A6E61D
0x0006E6D6,0x01A6B2E6
0x0006E724,0x01A67FB6
0x0006E773,0x01A64C8C
0x0006E7C2,0x01A61968
0x0006E811,0x01A5E64A
0x0006E860,0x01A5B333
0x0006E8AF,0x01A58022
0x0006E8FF,0x01A54D17
0x0006E94F,0x01A51A13
0x0006E99F,0x01A4E715
0x0006E9EF,0x01A4B41D
0x0006EA3F,0x01A4812C
0x0006EA8F,0x01A44E41
0x0006EAE0,0x01A41B5C
0x0006EB31,0x01A3E87E
0x0006EB82,0x01A3B5A6
0x0006EBD3,0x01A382D4
0x0006EC24,0x01A35008
0x0006EC76,0x01A31D43
0x0006ECC8,0x01A2EA84
0x0006ED1A,0x01A2B7CB
0x0006ED6C,0x01A28519
0x0006EDBE,0x01A2526D
0x0006EE11,0x01A21FC7
0x0006EE64,0x01A1ED27
0x0006EEB7,0x01A1BA8E
0x0006EF0A,0x01A187FB
0x0006EF5D,0x01A1556E
0x0006EFB1,0x01A122E7
0x0006F005,0x01A0F067
0x0006F059,0x01A0BDED
0x0006F0AD,0x01A08B79
0x0006F101,0x01A0590B
0x0006F155,0x01A026A4
0x0006F1AA,0x019FF443
0x0006F1FF,0x019FC1E8
0x0006F254,0x019F8F93
0x0006F2A9,0x019F5D45
0x0006F2FE,0x019F2AFD
0x0006F354,0x019EF8BB
0x0006F3AA,0x019EC67F
0x0006F400,0x019E9449
0x0006F456,0x019E621A
0x0006F4AC,0x019E2FF1
0x0006F503,0x019DFDCE
0x0006F55A,0x019DCBB1
0x0006F5B1,0x019D999B
0x0006F608,0x019D678B
0x0006F65F,0x019D3581
0x0006F6B7,0x019D037D
0x0006F70F,0x019CD17F
0x0006F767,0x019C9F88
0x0006F7BF,0x019C6D97
0x0006F817,0x019C3BAC
0x0006F86F,0x019C09C7
0x0006F8C8,0x019BD7E8
0x0006F921,0x019BA60F
0x0006F97A,0x019B743D
0x0006F9D3,0x019B4271
0x0006FA2C,0x019B10AB
0x0006FA86,0x019ADEEB
0x0006FAE0,0x019AAD31
0x0006FB3A,0x019A7B7D
0x0006FB94,0x019A49D0
0x0006FBEE,0x019A1829
0x0006FC49,0x0199E688
0x0006FCA4,0x0199B4ED
0x0006FCFF,0x01998358
0x0006FD5A,0x019951C9
0x0006FDB5,0x01992040
0x0006FE11,0x0198EEBE
0x0006FE6D,0x0198BD42
0x0006FEC9,0x01988BCC
0x0006FF25,0x01985A5C
0x0006FF81,0x019828F2
0x0006FFDE,0x0197F78E
0x0007003B,0x0197C630
0x00070098,0x019794D9
0x000700F5,0x01976388
0x00070152,0x0197323D
0x000701AF,0x019700F8
0x0007020D,0x0196CFB9
0x0007026B,0x01969E80
0x000702C9,0x01966D4D
0x00070327,0x01963C20
0x00070385,0x01960AF9
0x000703E4,0x0195D9D9
0x00070443,0x0195A8BF
0x000704A2,0x019577AB
0x00070501,0x0195469D
0x00070560,0x01951595
0x000705C0,0x0194E493
0x00070620,0x0194B397
0x00070680,0x019482A1
0x000706E0,0x019451B1
0x00070740,0x019420C7
0x000707A1,0x0193EFE3
0x00070802,0x0193BF05
0x00070863,0x01938E2D
0x000708C4,0x01935D5C
0x00070925,0x01932C91
0x00070987,0x0192FBCC
0x000709E9,0x0192CB0D
0x00070A4B,0x01929A54
0x00070AAD,0x019269A1
0x00070B0F,0x019238F4
0x00070B71,0x0192084D
0x00070BD4,0x0191D7AC
0x00070C37,0x0191A711
0x00070C9A,0x0191767C
0x00070CFD,0x019145ED
0x00070D60,0x01911564
0x00070DC4,0x0190E4E1
0x00070E28,0x0190B464
0x00070E8C,0x019083ED
0x00070EF0,0x0190537C
0x00070F54,0x01902311
0x00070FB9,0x018FF2AC
0x0007101E,0x018FC24D
0x00071083,0x018F91F4
0x000710E8,0x018F61A1
0x0007114D,0x018F3154
0x000711B3,0x018F010D
0x00071219,0x018ED0CC
0x0007127F,0x018EA091
0x000712E5,0x018E705C
0x0007134B,0x018E402D
0x000713B2,0x018E1004
0x00071419,0x018DDFE1
0x00071480,0x018DAFC4
0x000714E7,0x018D7FAD
0x0007154E,0x018D4F9C
0x000715B5,0x018D1F91
0x0007161D,0x018CEF8C
0x00071685,0x018CBF8D
0x000716ED,0x018C8F94
0x00071755,0x018C5FA1
0x000717BD,0x018C2FB4
0x00071826,0x018BFFCD
0x0007188F,0x018BCFEC
0x000718F8,0x018BA011
0x00071961,0x018B703C
0x000719CA,0x018B406D
0x00071A34,0x018B10A4
0x00071A9E,0x018AE0E0
0x00071B08,0x018AB122
0x00071B72,0x018A816A
0x00071BDC,0x018A51B8
0x00071C47,0x018A220C
0x00071CB2,0x0189F266
0x00071D1D,0x0189C2C6
0x00071D88,0x0189932C
0x00071DF3,0x01896398
0x00071E5F,0x0189340A
0x00071ECB,0x01890482
0x00071F37,0x0188D500
0x00071FA3,0x0188A584
0x0007200F,0x0188760D
0x0007207C,0x0188469C
0x000720E9,0x01881731
0x00072156,0x0187E7CC
0x000721C3,0x0187B86D
0x00072230,0x01878914
0x0007229D,0x018759C1
0x0007230B,0x01872A74
0x00072379,0x0186FB2D
0x000723E7,0x0186CBEB
0x00072455,0x01869CAF
0x000724C3,0x01866D79
0x00072532,0x01863E49
0x000725A1,0x01860F1F
0x00072610,0x0185DFFB
0x0007267F,0x0185B0DD
0x000726EE,0x018581C5
0x0007275E,0x018552B2
0x000727CE,0x018523A5
0x0007283E,0x0184F49E
0x000728AE,0x0184C59D
0x0007291E,0x018496A2
0x0007298F,0x018467AD
0x00072A00,0x018438BE
0x00072A71,0x018409D4
0x00072AE2,0x0183DAF0
0x00072B53,0x0183AC12
0x00072BC5,0x01837D3A
0x00072C37,0x01834E68
0x00072CA9,0x01831F9C
0x00072D1B,0x0182F0D5
0x00072D8D,0x0182C214
0x00072E00,0x01829359
0x00072E73,0x018264A4
0x00072EE6,0x018235F5
0x00072F59,0x0182074C
0x00072FCC,0x0181D8A8
0x00073040,0x0181AA0A
0x000730B4,0x01817B72
0x00073128,0x01814CE0
0x0007319C,0x01811E54
0x00073210,0x0180EFCD
0x00073285,0x0180C14C
0x000732FA,0x018092D1
0x0007336F,0x0180645C
0x000733E4,0x018035EC
0x00073459,0x01800782
0x000734CF,0x017FD91E
0x00073545,0x017FAAC0
0x000735BB,0x017F7C68
0x00073631,0x017F4E15
0x000736A7,0x017F1FC8
0x0007371D,0x017EF181
0x00073794,0x017EC340
0x0007380B,0x017E9504
0x00073882,0x017E66CE
0x000738F9,0x017E389E
0x00073970,0x017E0A74
0x000739E8,0x017DDC4F
0x00073A60,0x017DAE30
0x00073AD8,0x017D8017
0x00073B50,0x017D5204
0x00073BC8,0x017D23F6
0x00073C41,0x017CF5EE
0x00073CBA,0x017CC7EC
0x00073D33,0x017C99F0
0x00073DAC,0x017C6BF9
0x00073E25,0x017C3E08
0x00073E9F,0x017C101D
0x00073F19,0x017BE238
0x00073F93,0x017BB458
0x0007400D,0x017B867E
0x00074087,0x017B58AA
0x00074102,0x017B2ADB
0x0007417D,0x017AFD12
0x000741F8,0x017ACF4F
0x00074273,0x017AA192
0x000742EE,0x017A73DA
0x0007436A,0x017A4628
0x000743E6,0x017A187C
0x00074462,0x0179EAD5
0x000744DE,0x0179BD34
0x0007455A,0x01798F99
0x000745D7,0x01796204
0x00074654,0x01793474
0x000746D1,0x017906EA
0x0007474E,0x0178D966
0x000747CB,0x0178ABE7
0x00074849,0x01787E6E
0x000748C7,0x017850FB
0x00074945,0x0178238D
0x000749C3,0x0177F625
0x00074A41,0x0177C8C3
0x00074AC0,0x01779B66
0x00074B3F,0x01776E0F
0x00074BBE,0x017740BE
0x00074C3D,0x01771372
0x00074CBC,0x0176E62C
0x00074D3C,0x0176B8EC
0x00074DBC,0x01768BB1
0x00074E3C,0x01765E7C
0x00074EBC,0x0176314C
0x00074F3C,0x01760422
0x00074FBD,0x0175D6FE
0x0007503E,0x0175A9DF
0x000750BF,0x01757CC6
0x00075140,0x01754FB3
0x000751C1,0x017522A5
0x00075243,0x0174F59D
0x000752C5,0x0174C89B
0x00075347,0x01749B9E
0x000753C9,0x01746EA7
0x0007544B,0x017441B5
0x000754CE,0x017414C9
0x00075551,0x0173E7E3
0x000755D4,0x0173BB02
0x00075657,0x01738E27
0x000756DA,0x01736151
0x0007575E,0x01733481
0x000757E2,0x017307B7
0x00075866,0x0172DAF2
0x000758EA,0x0172AE33
0x0007596E,0x01728179
0x000759F3,0x017254C5
0x00075A78,0x01722817
0x00075AFD,0x0171FB6E
0x00075B82,0x0171CECB
0x00075C07,0x0171A22D
0x00075C8D,0x01717595
0x00075D13,0x01714902
0x00075D99,0x01711C75
0x00075E1F,0x0170EFEE
0x00075EA5,0x0170C36C
0x00075F2C,0x017096F0
0x00075FB3,0x01706A79
0x0007603A,0x01703E08
0x000760C1,0x0170119C
0x00076148,0x016FE536
0x000761D0,0x016FB8D6
0x00076258,0x016F8C7B
0x000762E0,0x016F6026
0x00076368,0x016F33D6
0x000763F0,0x016F078C
0x00076479,0x016EDB47
0x00076502,0x016EAF08
0x0007658B,0x016E82CE
0x00076614,0x016E569A
0x0007669D,0x016E2A6B
0x00076727,0x016DFE42
0x000767B1,0x016DD21E
0x0007683B,0x016DA600
0x000768C5,0x016D79E7
0x0007694F,0x016D4DD4
0x000769DA,0x016D21C6
0x00076A65,0x016CF5BE
0x00076AF0,0x016CC9BB
0x00076B7B,0x016C9DBE
0x00076C06,0x016C71C6
0x00076C92,0x016C45D4
0x00076D1E,0x016C19E7
0x00076DAA,0x016BEE00
0x00076E36,0x016BC21E
0x00076EC2,0x016B9642
0x00076F4F,0x016B6A6B
0x00076FDC,0x016B3E9A
0x00077069,0x016B12CE
0x000770F6,0x016AE708
0x00077184,0x016ABB47
0x00077212,0x016A8F8C
0x000772A0,0x016A63D6
0x0007732E,0x016A3826
0x000773BC,0x016A0C7B
0x0007744B,0x0169E0D6
0x000774DA,0x0169B536
0x00077569,0x0169899C
0x000775F8,0x01695E07
0x00077687,0x01693278
0x00077717,0x016906EE
0x000777A7,0x0168DB69
0x00077837,0x0168AFEA
0x000778C7,0x01688470
0x00077957,0x016858FC
0x000779E8,0x01682D8D
0x00077A79,0x01680224
0x00077B0A,0x0167D6C0
0x00077B9B,0x0167AB62
0x00077C2C,0x01678009
0x00077CBE,0x016754B5
0x00077D50,0x01672967
0x00077DE2,0x0166FE1E
0x00077E74,0x0166D2DB
0x00077F06,0x0166A79D
0x00077F99,0x01667C65
0x0007802C,0x01665132
0x000780BF,0x01662604
0x00078152,0x0165FADC
0x000781E5,0x0165CFB9
0x00078279,0x0165A49C
0x0007830D,0x01657984
0x000783A1,0x01654E71
0x00078435,0x01652364
0x000784C9,0x0164F85C
0x0007855E,0x0164CD5A
0x000785F3,0x0164A25D
0x00078688,0x01647765
0x0007871D,0x01644C73
0x000787B3,0x01642186
0x00078849,0x0163F69E
0x000788DF,0x0163CBBC
0x00078975,0x0163A0DF
0x00078A0B,0x01637608
0x00078AA2,0x01634B36
0x00078B39,0x01632069
0x00078BD0,0x0162F5A2
0x00078C67,0x0162CAE0
0x00078CFE,0x0162A023
0x00078D96,0x0162756C
0x00078E2E,0x01624ABA
0x00078EC6,0x0162200D
0x00078F5E,0x0161F566
0x00078FF6,0x0161CAC4
0x0007908F,0x0161A028
0x00079128,0x01617591
0x000791C1,0x01614AFF
0x0007925A,0x01612073
0x000792F3,0x0160F5EC
0x0007938D,0x0160CB6A
0x00079427,0x0160A0EE
0x000794C1,0x01607677
0x0007955B,0x01604C05
0x000795F6,0x01602199
0x00079691,0x015FF732
0x0007972C,0x015FCCD0
0x000797C7,0x015FA273
0x00079862,0x015F781C
0x000798FE,0x015F4DCA
0x0007999A,0x015F237D
0x00079A36,0x015EF936
0x00079AD2,0x015ECEF4
0x00079B6E,0x015EA4B7
0x00079C0B,0x015E7A80
0x00079CA8,0x015E504E
0x00079D45,0x015E2621
0x00079DE2,0x015DFBF9
0x00079E7F,0x015DD1D7
0x00079F1D,0x015DA7BA
0x00079FBB,0x015D7DA2
0x0007A059,0x015D5390
0x0007A0F7,0x015D2983
0x0007A196,0x015CFF7B
0x0007A235,0x015CD578
0x0007A2D4,0x015CAB7B
0x0007A373,0x015C8183
0x0007A412,0x015C5790
0x0007A4B2,0x015C2DA3
0x0007A552,0x015C03BB
0x0007A5F2,0x015BD9D8
0x0007A692,0x015BAFFA
0x0007A732,0x015B8622
0x0007A7D3,0x015B5C4F
0x0007A874,0x015B3281
0x0007A915,0x015B08B8
0x0007A9B6,0x015ADEF5
0x0007AA57,0x015AB537
0x0007AAF9,0x015A8B7E
0x0007AB9B,0x015A61CA
0x0007AC3D,0x015A381C
0x0007ACDF,0x015A0E73
0x0007AD82,0x0159E4CF
0x0007AE25,0x0159BB30
0x0007AEC8,0x01599196
0x0007AF6B,0x01596802
0x0007B00E,0x01593E73
0x0007B0B2,0x015914E9
0x0007B156,0x0158EB64
0x0007B1FA,0x0158C1E5
0x0007B29E,0x0158986B
0x0007B342,0x01586EF6
0x0007B3E7,0x01584586
0x0007B48C,0x01581C1B
0x0007B531,0x0157F2B6
0x0007B5D6,0x0157C956
0x0007B67C,0x01579FFB
0x0007B722,0x015776A5
0x0007B7C8,0x01574D54
0x0007B86E,0x01572409
0x0007B914,0x0156FAC3
0x0007B9BB,0x0156D182
0x0007BA62,0x0156A846
0x0007BB09,0x01567F0F
0x0007BBB0,0x015655DE
0x0007BC57,0x01562CB2
0x0007BCFF,0x0156038B
0x0007BDA7,0x0155DA69
0x0007BE4F,0x0155B14C
0x0007BEF7,0x01558834
0x0007BFA0,0x01555F22
0x0007C049,0x01553615
0x0007C0F2,0x01550D0D
0x0007C19B,0x0154E40A
0x0007C244,0x0154BB0C
0x0007C2EE,0x01549213
0x0007C398,0x01546920
0x0007C442,0x01544032
0x0007C4EC,0x01541749
0x0007C596,0x0153EE65
0x0007C641,0x0153C586
0x0007C6EC,0x01539CAC
0x0007C797,0x015373D7
0x0007C842,0x01534B08
0x0007C8EE,0x0153223E
0x0007C99A,0x0152F979
0x0007CA46,0x0152D0B9
0x0007CAF2,0x0152A7FE
0x0007CB9E,0x01527F48
0x0007CC4B,0x01525697
0x0007CCF8,0x01522DEB
0x0007CDA5,0x01520545
0x0007CE52,0x0151DCA4
0x0007CEFF,0x0151B408
0x0007CFAD,0x01518B71
0x0007D05B,0x015162DF
0x0007D109,0x01513A52
0x0007D1B7,0x015111CA
0x0007D266,0x0150E947
0x0007D315,0x0150C0C9
0x0007D3C4,0x01509850
0x0007D473,0x01506FDD
0x0007D522,0x0150476F
0x0007D5D2,0x01501F06
0x0007D682,0x014FF6A2
0x0007D732,0x014FCE43
0x0007D7E2,0x014FA5E9
0x0007D893,0x014F7D94
0x0007D944,0x014F5544
0x0007D9F5,0x014F2CF9
0x0007DAA6,0x014F04B3
0x0007DB57,0x014EDC72
0x0007DC09,0x014EB436
0x0007DCBB,0x014E8BFF
0x0007DD6D,0x014E63CE
0x0007DE1F,0x014E3BA2
0x0007DED2,0x014E137B
0x0007DF85,0x014DEB59
0x0007E038,0x014DC33C
0x0007E0EB,0x014D9B24
0x0007E19E,0x014D7311
0x0007E252,0x014D4B03
0x0007E306,0x014D22FA
0x0007E3BA,0x014CFAF6
0x0007E46E,0x014CD2F7
0x0007E523,0x014CAAFD
0x0007E5D8,0x014C8308
0x0007E68D,0x014C5B18
0x0007E742,0x014C332D
0x0007E7F7,0x014C0B47
0x0007E8AD,0x014BE366
0x0007E963,0x014BBB8A
0x0007EA19,0x014B93B3
0x0007EACF,0x014B6BE1
0x0007EB85,0x014B4414
0x0007EC3C,0x014B1C4C
0x0007ECF3,0x014AF489
0x0007EDAA,0x014ACCCB
0x0007EE61,0x014AA512
0x0007EF19,0x014A7D5E
0x0007EFD1,0x014A55AF
0x0007F089,0x014A2E05
0x0007F141,0x014A0660
0x0007F1F9,0x0149DEC0
0x0007F2B2,0x0149B725
0x0007F36B,0x01498F8F
0x0007F424,0x014967FE
0x0007F4DD,0x01494072
0x0007F597,0x014918EB
0x0007F651,0x0148F169
0x0007F70B,0x0148C9EC
0x0007F7C5,0x0148A274
0x0007F880,0x01487B01
0x0007F93B,0x01485393
0x0007F9F6,0x01482C2A
0x0007FAB1,0x014804C6
0x0007FB6C,0x0147DD67
0x0007FC28,0x0147B60D
0x0007FCE4,0x01478EB8
0x0007FDA0,0x01476768
0x0007FE5C,0x0147401D
0x0007FF19,0x014718D7
0x0007FFD6,0x0146F196
0x00080093,0x0146CA5A
0x00080150,0x0146A323
0x0008020D,0x01467BF1
0x000802CB,0x014654C4
0x00080389,0x01462D9C
0x00080447,0x01460679
0x00080505,0x0145DF5B
0x000805C4,0x0145B841
0x00080683,0x0145912C
0x00080742,0x01456A1C
0x00080801,0x01454311
0x000808C0,0x01451C0B
0x00080980,0x0144F50A
0x00080A40,0x0144CE0E
0x00080B00,0x0144A717
0x00080BC0,0x01448025
0x00080C81,0x01445938
0x00080D42,0x01443250
0x00080E03,0x01440B6D
0x00080EC4,0x0143E48F
0x00080F86,0x0143BDB5
0x00081048,0x014396E0
0x0008110A,0x01437010
0x000811CC,0x01434945
0x0008128E,0x0143227F
0x00081351,0x0142FBBE
0x00081414,0x0142D502
0x000814D7,0x0142AE4B
0x0008159A,0x01428799
0x0008165E,0x014260EB
0x00081722,0x01423A42
0x000817E6,0x0142139E
0x000818AA,0x0141ECFF
0x0008196E,0x0141C665
0x00081A33,0x01419FD0
0x00081AF8,0x01417940
0x00081BBD,0x014152B5
0x00081C82,0x01412C2E
0x00081D48,0x014105AC
0x00081E0E,0x0140DF2F
0x00081ED4,0x0140B8B7
0x00081F9A,0x01409244
0x00082061,0x01406BD6
0x00082128,0x0140456D
0x000821EF,0x01401F09
0x000822B6,0x013FF8A9
0x0008237D,0x013FD24E
0x00082445,0x013FABF8
0x0008250D,0x013F85A7
0x000825D5,0x013F5F5B
0x0008269D,0x013F3914
0x00082766,0x013F12D1
0x0008282F,0x013EEC93
0x000828F8,0x013EC65A
0x000829C1,0x013EA026
0x00082A8B,0x013E79F7
0x00082B55,0x013E53CD
0x00082C1F,0x013E2DA7
0x00082CE9,0x013E0786
0x00082DB3,0x013DE16A
0x00082E7E,0x013DBB53
0x00082F49,0x013D9541
0x00083014,0x013D6F33
0x000830DF,0x013D492A
0x000831AB,0x013D2326
0x00083277,0x013CFD27
0x00083343,0x013CD72D
0x0008340F,0x013CB138
0x000834DC,0x013C8B47
0x000835A9,0x013C655B
0x00083676,0x013C3F74
0x00083743,0x013C1992
0x00083811,0x013BF3B5
0x000838DF,0x013BCDDC
0x000839AD,0x013BA808
0x00083A7B,0x013B8239
0x00083B49,0x013B5C6F
0x00083C18,0x013B36A9
0x00083CE7,0x013B10E8
0x00083DB6,0x013AEB2C
0x00083E85,0x013AC575
0x00083F55,0x013A9FC3
0x00084025,0x013A7A15
0x000840F5,0x013A546C
0x000841C5,0x013A2EC8
0x00084296,0x013A0929
0x00084367,0x0139E38E
0x00084438,0x0139BDF8
0x00084509,0x01399867
0x000845DB,0x013972DB
0x000846AD,0x01394D53
0x0008477F,0x013927D0
0x00084851,0x01390252
0x00084923,0x0138DCD9
0x000849F6,0x0138B764
0x00084AC9,0x013891F4
0x00084B9C,0x01386C89
0x00084C6F,0x01384723
0x00084D43,0x013821C1
0x00084E17,0x0137FC64
0x00084EEB,0x0137D70C
0x00084FBF,0x0137B1B9
0x00085094,0x01378C6A
0x00085169,0x01376720
0x0008523E,0x013741DB
0x00085313,0x01371C9A
0x000853E9,0x0136F75E
0x000854BF,0x0136D227
0x00085595,0x0136ACF5
0x0008566B,0x013687C7
0x00085742,0x0136629E
0x00085819,0x01363D7A
0x000858F0,0x0136185A
0x000859C7,0x0135F33F
0x00085A9E,0x0135CE29
0x00085B76,0x0135A917
0x00085C4E,0x0135840A
0x00085D26,0x01355F02
0x00085DFE,0x013539FF
0x00085ED7,0x01351500
0x00085FB0,0x0134F006
0x00086089,0x0134CB11
0x00086162,0x0134A620
0x0008623C,0x01348134
0x00086316,0x01345C4D
0x000863F0,0x0134376A
0x000864CA,0x0134128C
0x000865A5,0x0133EDB3
0x00086680,0x0133C8DE
0x0008675B,0x0133A40E
0x00086836,0x01337F43
0x00086912,0x01335A7C
0x000869EE,0x013335BA
0x00086ACA,0x013310FD
0x00086BA6,0x0132EC44
0x00086C83,0x0132C790
0x00086D60,0x0132A2E1
0x00086E3D,0x01327E36
0x00086F1A,0x01325990
0x00086FF8,0x013234EF
0x000870D6,0x01321052
0x000871B4,0x0131EBBA
0x00087292,0x0131C727
0x00087370,0x0131A298
0x0008744F,0x01317E0E
0x0008752E,0x01315988
0x0008760D,0x01313507
0x000876EC,0x0131108B
0x000877CC,0x0130EC13
0x000878AC,0x0130C7A0
0x0008798C,0x0130A332
0x00087A6C,0x01307EC8
0x00087B4D,0x01305A63
0x00087C2E,0x01303602
0x00087D0F,0x013011A6
0x00087DF0,0x012FED4F
0x00087ED2,0x012FC8FC
0x00087FB4,0x012FA4AE
0x00088096,0x012F8064
0x00088178,0x012F5C1F
0x0008825B,0x012F37DF
0x0008833E,0x012F13A3
0x00088421,0x012EEF6C
0x00088504,0x012ECB39
0x000885E8,0x012EA70B
0x000886CC,0x012E82E2
0x000887B0,0x012E5EBD
0x00088894,0x012E3A9D
0x00088979,0x012E1681
0x00088A5E,0x012DF26A
0x00088B43,0x012DCE58
0x00088C28,0x012DAA4A
0x00088D0E,0x012D8641
0x00088DF4,0x012D623C
0x00088EDA,0x012D3E3C
0x00088FC0,0x012D1A40
0x000890A7,0x012CF649
0x0008918E,0x012CD257
0x00089275,0x012CAE69
0x0008935C,0x012C8A80
0x00089444,0x012C669B
0x0008952C,0x012C42BB
0x00089614,0x012C1EDF
0x000896FC,0x012BFB08
0x000897E5,0x012BD736
0x000898CE,0x012BB368
0x000899B7,0x012B8F9F
0x00089AA0,0x012B6BDA
0x00089B8A,0x012B481A
0x00089C74,0x012B245E
0x00089D5E,0x012B00A7
0x00089E48,0x012ADCF4
0x00089F33,0x012AB946
0x0008A01E,0x012A959C
0x0008A109,0x012A71F7
0x0008A1F4,0x012A4E56
0x0008A2E0,0x012A2ABA
0x0008A3CC,0x012A0722
0x0008A4B8,0x0129E38F
0x0008A5A4,0x0129C001
0x0008A691,0x01299C77
0x0008A77E,0x012978F2
0x0008A86B,0x01295571
0x0008A958,0x012931F5
0x0008AA46,0x01290E7D
0x0008AB34,0x0128EB0A
0x0008AC22,0x0128C79B
0x0008AD10,0x0128A431
0x0008ADFF,0x012880CB
0x0008AEEE,0x01285D6A
0x0008AFDD,0x01283A0D
0x0008B0CC,0x012816B5
0x0008B1BC,0x0127F361
0x0008B2AC,0x0127D012
0x0008B39C,0x0127ACC7
0x0008B48C,0x01278981
0x0008B57D,0x0127663F
0x0008B66E,0x01274302
0x0008B75F,0x01271FC9
0x0008B850,0x0126FC95
0x0008B942,0x0126D965
0x0008BA34,0x0126B639
0x0008BB26,0x01269312
0x0008BC18,0x01266FEF
0x0008BD0B,0x01264CD1
0x0008BDFE,0x012629B7
0x0008BEF1,0x012606A2
0x0008BFE5,0x0125E391
0x0008C0D9,0x0125C085
0x0008C1CD,0x01259D7D
0x0008C2C1,0x01257A7A
0x0008C3B6,0x0125577B
0x0008C4AB,0x01253481
0x0008C5A0,0x0125118B
0x0008C695,0x0124EE99
0x0008C78B,0x0124CBAC
0x0008C881,0x0124A8C3
0x0008C977,0x012485DF
0x0008CA6D,0x012462FF
0x0008CB64,0x01244024
0x0008CC5B,0x01241D4D
0x0008CD52,0x0123FA7B
0x0008CE49,0x0123D7AD
0x0008CF41,0x0123B4E3
0x0008D039,0x0123921E
0x0008D131,0x01236F5D
0x0008D229,0x01234CA1
0x0008D322,0x012329E9
0x0008D41B,0x01230736
0x0008D514,0x0122E487
0x0008D60D,0x0122C1DC
0x0008D707,0x01229F36
0x0008D801,0x01227C94
0x0008D8FB,0x012259F7
0x0008D9F6,0x0122375E
0x0008DAF1,0x012214C9
0x0008DBEC,0x0121F239
0x0008DCE7,0x0121CFAD
0x0008DDE3,0x0121AD26
0x0008DEDF,0x01218AA3
0x0008DFDB,0x01216824
0x0008E0D7,0x012145AA
0x0008E1D4,0x01212334
0x0008E2D1,0x012100C3
0x0008E3CE,0x0120DE56
0x0008E4CB,0x0120BBED
0x0008E5C9,0x01209989
0x0008E6C7,0x01207729
0x0008E7C5,0x012054CE
0x0008E8C3,0x01203277
0x0008E9C2,0x01201024
0x0008EAC1,0x011FEDD6
0x0008EBC0,0x011FCB8C
0x0008ECC0,0x011FA946
0x0008EDC0,0x011F8705
0x0008EEC0,0x011F64C8
0x0008EFC0,0x011F428F
0x0008F0C1,0x011F205B
0x0008F1C2,0x011EFE2B
0x0008F2C3,0x011EDC00
0x0008F3C4,0x011EB9D9
0x0008F4C6,0x011E97B6
0x0008F5C8,0x011E7598
0x0008F6CA,0x011E537E
0x0008F7CC,0x011E3168
0x0008F8CF,0x011E0F57
0x0008F9D2,0x011DED4A
0x0008FAD5,0x011DCB41
0x0008FBD9,0x011DA93D
0x0008FCDD,0x011D873D
0x0008FDE1,0x011D6541
0x0008FEE5,0x011D434A
0x0008FFEA,0x011D2157
0x000900EF,0x011CFF68
0x000901F4,0x011CDD7E
0x000902F9,0x011CBB98
0x000903FF,0x011C99B6
0x00090505,0x011C77D9
0x0009060B,0x011C5600
0x00090711,0x011C342B
0x00090818,0x011C125B
0x0009091F,0x011BF08F
0x00090A26,0x011BCEC7
0x00090B2E,0x011BAD04
0x00090C36,0x011B8B45
0x00090D3E,0x011B698A
0x00090E46,0x011B47D3
0x00090F4F,0x011B2621
0x00091058,0x011B0473
0x00091161,0x011AE2C9
0x0009126A,0x011AC124
0x00091374,0x011A9F83
0x0009147E,0x011A7DE6
0x00091588,0x011A5C4E
0x00091693,0x011A3ABA
0x0009179E,0x011A192A
0x000918A9,0x0119F79E
0x000919B4,0x0119D617
0x00091AC0,0x0119B494
0x00091BCC,0x01199315
0x00091CD8,0x0119719B
0x00091DE4,0x01195025
0x00091EF1,0x01192EB3
0x00091FFE,0x01190D45
0x0009210B,0x0118EBDC
0x00092219,0x0118CA77
0x00092327,0x0118A916
0x00092435,0x011887B9
0x00092543,0x01186661
0x00092652,0x0118450D
0x00092761,0x011823BD
0x00092870,0x01180271
0x0009297F,0x0117E12A
0x00092A8F,0x0117BFE7
0x00092B9F,0x01179EA8
0x00092CAF,0x01177D6D
0x00092DC0,0x01175C37
0x00092ED1,0x01173B05
0x00092FE2,0x011719D7
0x000930F3,0x0116F8AD
0x00093205,0x0116D788
0x00093317,0x0116B667
0x00093429,0x0116954A
0x0009353B,0x01167431
0x0009364E,0x0116531D
0x00093761,0x0116320D
0x00093874,0x01161101
0x00093988,0x0115EFF9
0x00093A9C,0x0115CEF6
0x00093BB0,0x0115ADF7
0x00093CC4,0x01158CFC
0x00093DD9,0x01156C05
0x00093EEE,0x01154B12
0x00094003,0x01152A24
0x00094119,0x0115093A
0x0009422F,0x0114E854
0x00094345,0x0114C772
0x0009445B,0x0114A694
0x00094572,0x011485BB
0x00094689,0x011464E6
0x000947A0,0x01144415
0x000948B8,0x01142348
0x000949D0,0x0114027F
0x00094AE8,0x0113E1BB
0x00094C00,0x0113C0FB
0x00094D19,0x0113A03F
0x00094E32,0x01137F87
0x00094F4B,0x01135ED3
0x00095064,0x01133E24
0x0009517E,0x01131D79
0x00095298,0x0112FCD2
0x000953B2,0x0112DC2F
0x000954CD,0x0112BB90
0x000955E8,0x01129AF5
0x00095703,0x01127A5F
0x0009581E,0x011259CD
0x0009593A,0x0112393F
0x00095A56,0x011218B5
0x00095B72,0x0111F82F
0x00095C8F,0x0111D7AD
0x00095DAC,0x0111B730
0x00095EC9,0x011196B7
0x00095FE6,0x01117642
0x00096104,0x011155D1
0x00096222,0x01113564
0x00096340,0x011114FB
0x0009645F,0x0110F497
0x0009657E,0x0110D437
0x0009669D,0x0110B3DB
0x000967BC,0x01109383
0x000968DC,0x0110732F
0x000969FC,0x011052DF
0x00096B1C,0x01103293
0x00096C3D,0x0110124C
0x00096D5E,0x010FF209
0x00096E7F,0x010FD1CA
0x00096FA0,0x010FB18F
0x000970C2,0x010F9158
0x000971E4,0x010F7125
0x00097306,0x010F50F6
0x00097429,0x010F30CB
0x0009754C,0x010F10A5
0x0009766F,0x010EF083
0x00097792,0x010ED065
0x000978B6,0x010EB04B
0x000979DA,0x010E9035
0x00097AFE,0x010E7023
0x00097C23,0x010E5015
0x00097D48,0x010E300B
0x00097E6D,0x010E1005
0x00097F93,0x010DF004
0x000980B9,0x010DD007
0x000981DF,0x010DB00E
0x00098305,0x010D9019
0x0009842C,0x010D7028
0x00098553,0x010D503B
0x0009867A,0x010D3052
0x000987A2,0x010D106D
0x000988CA,0x010CF08C
0x000989F2,0x010CD0AF
0x00098B1A,0x010CB0D7
0x00098C43,0x010C9103
0x00098D6C,0x010C7133
0x00098E95,0x010C5167
0x00098FBF,0x010C319F
0x000990E9,0x010C11DB
0x00099213,0x010BF21B
0x0009933D,0x010BD25F
0x00099468,0x010BB2A7
0x00099593,0x010B92F3
0x000996BE,0x010B7343
0x000997EA,0x010B5397
0x00099916,0x010B33EF
0x00099A42,0x010B144B
0x00099B6F,0x010AF4AC
0x00099C9C,0x010AD511
0x00099DC9,0x010AB57A
0x00099EF6,0x010A95E7
0x0009A024,0x010A7658
0x0009A152,0x010A56CD
0x0009A280,0x010A3746
0x0009A3AF,0x010A17C3
0x0009A4DE,0x0109F844
0x0009A60D,0x0109D8C9
0x0009A73D,0x0109B952
0x0009A86D,0x010999DF
0x0009A99D,0x01097A70
0x0009AACD,0x01095B05
0x0009ABFE,0x01093B9E
0x0009AD2F,0x01091C3B
0x0009AE60,0x0108FCDC
0x0009AF92,0x0108DD81
0x0009B0C4,0x0108BE2A
0x0009B1F6,0x01089ED7
0x0009B328,0x01087F88
0x0009B45B,0x0108603D
0x0009B58E,0x010840F6
0x0009B6C1,0x010821B3
0x0009B7F5,0x01080274
0x0009B929,0x0107E339
0x0009BA5D,0x0107C402
0x0009BB92,0x0107A4CF
0x0009BCC7,0x010785A0
0x0009BDFC,0x01076675
0x0009BF31,0x0107474E
0x0009C067,0x0107282B
0x0009C19D,0x0107090C
0x0009C2D3,0x0106E9F1
0x0009C40A,0x0106CADA
0x0009C541,0x0106ABC7
0x0009C678,0x01068CB8
0x0009C7B0,0x01066DAD
0x0009C8E8,0x01064EA6
0x0009CA20,0x01062FA3
0x0009CB59,0x010610A4
0x0009CC92,0x0105F1A9
0x0009CDCB,0x0105D2B2
0x0009CF04,0x0105B3BF
0x0009D03E,0x010594D0
0x0009D178,0x010575E5
0x0009D2B2,0x010556FE
0x0009D3ED,0x0105381B
0x0009D528,0x0105193C
0x0009D663,0x0104FA61
0x0009D79F,0x0104DB8A
0x0009D8DB,0x0104BCB7
0x0009DA17,0x01049DE8
0x0009DB54,0x01047F1D
0x0009DC91,0x01046056
0x0009DDCE,0x01044193
0x0009DF0B,0x010422D4
0x0009E049,0x01040419
0x0009E187,0x0103E562
0x0009E2C5,0x0103C6AF
0x0009E404,0x0103A800
0x0009E543,0x01038955
0x0009E682,0x01036AAE
0x0009E7C2,0x01034C0B
0x0009E902,0x01032D6B
0x0009EA42,0x01030ECF
0x0009EB83,0x0102F037
0x0009ECC4,0x0102D1A3
0x0009EE05,0x0102B313
0x0009EF46,0x01029487
0x0009F088,0x010275FF
0x0009F1CA,0x0102577B
0x0009F30C,0x010238FB
0x0009F44F,0x01021A7F
0x0009F592,0x0101FC07
0x0009F6D5,0x0101DD93
0x0009F819,0x0101BF23
0x0009F95D,0x0101A0B7
0x0009FAA1,0x0101824E
0x0009FBE6,0x010163E9
0x0009FD2B,0x01014588
0x0009FE70,0x0101272B
0x0009FFB6,0x010108D2
0x000A00FC,0x0100EA7D
0x000A0242,0x0100CC2C
0x000A0388,0x0100ADDF
0x000A04CF,0x01008F96
0x000A0616,0x01007151
0x000A075D,0x01005310
0x000A08A5,0x010034D2
0x000A09ED,0x01001698
0x000A0B35,0x00FFF862
0x000A0C7E,0x00FFDA30
0x000A0DC7,0x00FFBC02
0x000A0F10,0x00FF9DD8
0x000A105A,0x00FF7FB2
0x000A11A4,0x00FF6190
0x000A12EE,0x00FF4372
0x000A1439,0x00FF2557
0x000A1584,0x00FF0740
0x000A16CF,0x00FEE92D
0x000A181B,0x00FECB1E
0x000A1967,0x00FEAD13
0x000A1AB3,0x00FE8F0C
0x000A1BFF,0x00FE7109
0x000A1D4C,0x00FE530A
0x000A1E99,0x00FE350E
0x000A1FE6,0x00FE1716
0x000A2134,0x00FDF922
0x000A2282,0x00FDDB32
0x000A23D0,0x00FDBD46
0x000A251F,0x00FD9F5E
0x000A266E,0x00FD817A
0x000A27BD,0x00FD6399
0x000A290D,0x00FD45BC
0x000A2A5D,0x00FD27E3
0x000A2BAD,0x00FD0A0E
0x000A2CFE,0x00FCEC3D
0x000A2E4F,0x00FCCE70
0x000A2FA0,0x00FCB0A7
0x000A30F2,0x00FC92E1
0x000A3244,0x00FC751F
0x000A3396,0x00FC5761
0x000A34E9,0x00FC39A7
0x000A363C,0x00FC1BF1
0x000A378F,0x00FBFE3F
0x000A38E3,0x00FBE090
0x000A3A37,0x00FBC2E5
0x000A3B8B,0x00FBA53E
0x000A3CE0,0x00FB879B
0x000A3E35,0x00FB69FC
0x000A3F8A,0x00FB4C61
0x000A40DF,0x00FB2EC9
0x000A4235,0x00FB1135
0x000A438B,0x00FAF3A5
0x000A44E1,0x00FAD619
0x000A4638,0x00FAB891
0x000A478F,0x00FA9B0C
0x000A48E6,0x00FA7D8B
0x000A4A3E,0x00FA600E
0x000A4B96,0x00FA4295
0x000A4CEE,0x00FA2520
0x000A4E47,0x00FA07AE
0x000A4FA0,0x00F9EA40
0x000A50F9,0x00F9CCD6
0x000A5253,0x00F9AF70
0x000A53AD,0x00F9920E
0x000A5507,0x00F974AF
0x000A5662,0x00F95754
0x000A57BD,0x00F939FD
0x000A5918,0x00F91CAA
0x000A5A74,0x00F8FF5B
0x000A5BD0,0x00F8E20F
0x000A5D2C,0x00F8C4C7
0x000A5E89,0x00F8A783
0x000A5FE6,0x00F88A43
0x000A6143,0x00F86D07
0x000A62A1,0x00F84FCE
0x000A63FF,0x00F83299
0x000A655D,0x00F81568
0x000A66BC,0x00F7F83B
0x000A681B,0x00F7DB11
0x000A697A,0x00F7BDEB
0x000A6ADA,0x00F7A0C9
0x000A6C3A,0x00F783AB
0x000A6D9A,0x00F76690
0x000A6EFB,0x00F74979
0x000A705C,0x00F72C66
0x000A71BD,0x00F70F57
0x000A731F,0x00F6F24C
0x000A7481,0x00F6D544
0x000A75E3,0x00F6B840
0x000A7746,0x00F69B40
0x000A78A9,0x00F67E44
0x000A7A0C,0x00F6614B
0x000A7B70,0x00F64456
0x000A7CD4,0x00F62765
0x000A7E38,0x00F60A78
0x000A7F9D,0x00F5ED8E
0x000A8102,0x00F5D0A8
0x000A8267,0x00F5B3C6
0x000A83CD,0x00F596E7
0x000A8533,0x00F57A0C
0x000A8699,0x00F55D35
0x000A8800,0x00F54062
0x000A8967,0x00F52392
0x000A8ACE,0x00F506C6
0x000A8C36,0x00F4E9FE
0x000A8D9E,0x00F4CD3A
0x000A8F06,0x00F4B079
0x000A906F,0x00F493BC
0x000A91D8,0x00F47703
0x000A9341,0x00F45A4D
0x000A94AB,0x00F43D9B
0x000A9615,0x00F420ED
0x000A977F,0x00F40443
0x000A98EA,0x00F3E79C
0x000A9A55,0x00F3CAF9
0x000A9BC0,0x00F3AE5A
0x000A9D2C,0x00F391BE
0x000A9E98,0x00F37526
0x000AA005,0x00F35892
0x000AA172,0x00F33C02
0x000AA2DF,0x00F31F75
0x000AA44D,0x00F302EC
0x000AA5BB,0x00F2E667
0x000AA729,0x00F2C9E5
0x000AA898,0x00F2AD67
0x000AAA07,0x00F290ED
0x000AAB76,0x00F27476
0x000AACE6,0x00F25803
0x000AAE56,0x00F23B94
0x000AAFC6,0x00F21F28
0x000AB137,0x00F202C0
0x000AB2A8,0x00F1E65C
0x000AB419,0x00F1C9FB
0x000AB58B,0x00F1AD9E
0x000AB6FD,0x00F19145
0x000AB86F,0x00F174F0
0x000AB9E2,0x00F1589E
0x000ABB55,0x00F13C50
0x000ABCC8,0x00F12006
0x000ABE3C,0x00F103BF
0x000ABFB0,0x00F0E77C
0x000AC124,0x00F0CB3D
0x000AC299,0x00F0AF01
0x000AC40E,0x00F092C9
0x000AC584,0x00F07695
0x000AC6FA,0x00F05A64
0x000AC870,0x00F03E37
0x000AC9E7,0x00F0220D
0x000ACB5E,0x00F005E7
0x000ACCD5,0x00EFE9C5
0x000ACE4D,0x00EFCDA6
0x000ACFC5,0x00EFB18B
0x000AD13D,0x00EF9574
0x000AD2B6,0x00EF7960
0x000AD42F,0x00EF5D50
0x000AD5A8,0x00EF4144
0x000AD722,0x00EF253B
0x000AD89C,0x00EF0936
0x000ADA16,0x00EEED35
0x000ADB91,0x00EED137
0x000ADD0C,0x00EEB53D
0x000ADE88,0x00EE9946
0x000AE004,0x00EE7D53
0x000AE180,0x00EE6164
0x000AE2FD,0x00EE4578
0x000AE47A,0x00EE2990
0x000AE5F7,0x00EE0DAC
0x000AE775,0x00EDF1CB
0x000AE8F3,0x00EDD5EE
0x000AEA71,0x00EDBA14
0x000AEBF0,0x00ED9E3E
0x000AED6F,0x00ED826C
0x000AEEEE,0x00ED669D
0x000AF06E,0x00ED4AD2
0x000AF1EE,0x00ED2F0B
0x000AF36F,0x00ED1347
0x000AF4F0,0x00ECF787
0x000AF671,0x00ECDBCA
0x000AF7F3,0x00ECC011
0x000AF975,0x00ECA45C
0x000AFAF7,0x00EC88AA
0x000AFC7A,0x00EC6CFC
0x000AFDFD,0x00EC5151
0x000AFF80,0x00EC35AA
0x000B0104,0x00EC1A07
0x000B0288,0x00EBFE67
0x000B040C,0x00EBE2CB
0x000B0591,0x00EBC732
0x000B0716,0x00EBAB9D
0x000B089C,0x00EB900B
0x000B0A22,0x00EB747D
0x000B0BA8,0x00EB58F3
0x000B0D2F,0x00EB3D6C
0x000B0EB6,0x00EB21E9
0x000B103D,0x00EB0669
0x000B11C5,0x00EAEAED
0x000B134D,0x00EACF75
0x000B14D5,0x00EAB400
0x000B165E,0x00EA988F
0x000B17E7,0x00EA7D21
0x000B1971,0x00EA61B7
0x000B1AFB,0x00EA4650
0x000B1C85,0x00EA2AED
0x000B1E10,0x00EA0F8D
0x000B1F9B,0x00E9F431
0x000B2126,0x00E9D8D9
0x000B22B2,0x00E9BD84
0x000B243E,0x00E9A233
0x000B25CA,0x00E986E5
0x000B2757,0x00E96B9B
0x000B28E4,0x00E95054
0x000B2A72,0x00E93511
0x000B2C00,0x00E919D1
0x000B2D8E,0x00E8FE95
0x000B2F1D,0x00E8E35D
0x000B30AC,0x00E8C828
0x000B323B,0x00E8ACF7
0x000B33CB,0x00E891C9
0x000B355B,0x00E8769F
0x000B36EC,0x00E85B78
0x000B387D,0x00E84055
0x000B3A0E,0x00E82535
0x000B3BA0,0x00E80A19
0x000B3D32,0x00E7EF00
0x000B3EC4,0x00E7D3EB
0x000B4057,0x00E7B8D9
0x000B41EA,0x00E79DCB
0x000B437E,0x00E782C0
0x000B4512,0x00E767B9
0x000B46A6,0x00E74CB6
0x000B483B,0x00E731B6
0x000B49D0,0x00E716BA
0x000B4B65,0x00E6FBC1
0x000B4CFB,0x00E6E0CC
0x000B4E91,0x00E6C5DA
0x000B5028,0x00E6AAEC
0x000B51BF,0x00E69001
0x000B5356,0x00E6751A
0x000B54EE,0x00E65A36
0x000B5686,0x00E63F56
0x000B581E,0x00E62479
0x000B59B7,0x00E609A0
0x000B5B50,0x00E5EECA
0x000B5CEA,0x00E5D3F8
0x000B5E84,0x00E5B929
0x000B601E,0x00E59E5E
0x000B61B9,0x00E58396
0x000B6354,0x00E568D2
0x000B64EF,0x00E54E11
0x000B668B,0x00E53354
0x000B6827,0x00E5189A
0x000B69C4,0x00E4FDE4
0x000B6B61,0x00E4E331
0x000B6CFE,0x00E4C882
0x000B6E9C,0x00E4ADD6
0x000B703A,0x00E4932D
0x000B71D8,0x00E47888
0x000B7377,0x00E45DE6
0x000B7516,0x00E44348
0x000B76B6,0x00E428AD
0x000B7856,0x00E40E16
0x000B79F6,0x00E3F382
0x000B7B97,0x00E3D8F2
0x000B7D38,0x00E3BE65
0x000B7EDA,0x00E3A3DC
0x000B807C,0x00E38956
0x000B821E,0x00E36ED4
0x000B83C1,0x00E35455
0x000B8564,0x00E339DA
0x000B8707,0x00E31F62
0x000B88AB,0x00E304ED
0x000B8A4F,0x00E2EA7C
0x000B8BF4,0x00E2D00E
0x000B8D99,0x00E2B5A4
0x000B8F3E,0x00E29B3D
0x000B90E4,0x00E280DA
0x000B928A,0x00E2667A
0x000B9431,0x00E24C1E
0x000B95D8,0x00E231C5
0x000B977F,0x00E21770
0x000B9927,0x00E1FD1E
0x000B9ACF,0x00E1E2CF
0x000B9C77,0x00E1C884
0x000B9E20,0x00E1AE3C
0x000B9FC9,0x00E193F8
0x000BA173,0x00E179B7
0x000BA31D,0x00E15F7A
0x000BA4C7,0x00E14540
0x000BA672,0x00E12B09
0x000BA81D,0x00E110D6
0x000BA9C9,0x00E0F6A6
0x000BAB75,0x00E0DC7A
0x000BAD21,0x00E0C251
0x000BAECE,0x00E0A82C
0x000BB07B,0x00E08E0A
0x000BB229,0x00E073EB
0x000BB3D7,0x00E059D0
0x000BB585,0x00E03FB8
0x000BB734,0x00E025A4
0x000BB8E3,0x00E00B93
0x000BBA93,0x00DFF185
0x000BBC43,0x00DFD77B
0x000BBDF3,0x00DFBD74
0x000BBFA4,0x00DFA371
0x000BC155,0x00DF8971
0x000BC307,0x00DF6F74
0x000BC4B9,0x00DF557B
0x000BC66B,0x00DF3B85
0x000BC81E,0x00DF2193
0x000BC9D1,0x00DF07A4
0x000BCB85,0x00DEEDB8
0x000BCD39,0x00DED3D0
0x000BCEED,0x00DEB9EB
0x000BD0A2,0x00DEA00A
0x000BD257,0x00DE862C
0x000BD40D,0x00DE6C51
0x000BD5C3,0x00DE527A
0x000BD779,0x00DE38A6
0x000BD930,0x00DE1ED5
0x000BDAE7,0x00DE0508
0x000BDC9F,0x00DDEB3E
0x000BDE57,0x00DDD178
0x000BE00F,0x00DDB7B5
0x000BE1C8,0x00DD9DF5
0x000BE381,0x00DD8439
0x000BE53B,0x00DD6A80
0x000BE6F5,0x00DD50CA
0x000BE8AF,0x00DD3718
0x000BEA6A,0x00DD1D69
0x000BEC25,0x00DD03BE
0x000BEDE1,0x00DCEA16
0x000BEF9D,0x00DCD071
0x000BF159,0x00DCB6D0
0x000BF316,0x00DC9D32
0x000BF4D3,0x00DC8397
0x000BF691,0x00DC6A00
0x000BF84F,0x00DC506C
0x000BFA0D,0x00DC36DB
0x000BFBCC,0x00DC1D4E
0x000BFD8B,0x00DC03C4
0x000BFF4B,0x00DBEA3D
0x000C010B,0x00DBD0BA
0x000C02CB,0x00DBB73A
0x000C048C,0x00DB9DBE
0x000C064D,0x00DB8445
0x000C080F,0x00DB6ACF
0x000C09D1,0x00DB515D
0x000C0B93,0x00DB37EE
0x000C0D56,0x00DB1E82
0x000C0F19,0x00DB051A
0x000C10DD,0x00DAEBB5
0x000C12A1,0x00DAD253
0x000C1466,0x00DAB8F5
0x000C162B,0x00DA9F9A
0x000C17F0,0x00DA8642
0x000C19B6,0x00DA6CEE
0x000C1B7C,0x00DA539D
0x000C1D43,0x00DA3A4F
0x000C1F0A,0x00DA2104
0x000C20D1,0x00DA07BD
0x000C2299,0x00D9EE79
0x000C2461,0x00D9D538
0x000C262A,0x00D9BBFB
0x000C27F3,0x00D9A2C1
0x000C29BD,0x00D9898A
0x000C2B87,0x00D97057
0x000C2D51,0x00D95727
0x000C2F1C,0x00D93DFA
0x000C30E7,0x00D924D1
0x000C32B3,0x00D90BAB
0x000C347F,0x00D8F288
0x000C364B,0x00D8D969
0x000C3818,0x00D8C04D
0x000C39E5,0x00D8A734
0x000C3BB3,0x00D88E1E
0x000C3D81,0x00D8750C
0x000C3F50,0x00D85BFD
0x000C411F,0x00D842F1
0x000C42EE,0x00D829E9
0x000C44BE,0x00D810E4
0x000C468E,0x00D7F7E2
0x000C485F,0x00D7DEE3
0x000C4A30,0x00D7C5E8
0x000C4C01,0x00D7ACF0
0x000C4DD3,0x00D793FB
0x000C4FA5,0x00D77B0A
0x000C5178,0x00D7621C
0x000C534B,0x00D74931
0x000C551F,0x00D73049
0x000C56F3,0x00D71765
0x000C58C7,0x00D6FE84
0x000C5A9C,0x00D6E5A6
0x000C5C71,0x00D6CCCB
0x000C5E47,0x00D6B3F4
0x000C601D,0x00D69B20
0x000C61F4,0x00D6824F
0x000C63CB,0x00D66982
0x000C65A2,0x00D650B8
0x000C677A,0x00D637F1
0x000C6952,0x00D61F2D
0x000C6B2B,0x00D6066D
0x000C6D04,0x00D5EDB0
0x000C6EDE,0x00D5D4F6
0x000C70B8,0x00D5BC3F
0x000C7292,0x00D5A38C
0x000C746D,0x00D58ADC
0x000C7648,0x00D5722F
0x000C7824,0x00D55985
0x000C7A00,0x00D540DF
0x000C7BDD,0x00D5283C
0x000C7DBA,0x00D50F9C
0x000C7F97,0x00D4F6FF
0x000C8175,0x00D4DE66
0x000C8353,0x00D4C5D0
0x000C8532,0x00D4AD3D
0x000C8711,0x00D494AD
0x000C88F1,0x00D47C20
0x000C8AD1,0x00D46397
0x000C8CB1,0x00D44B11
0x000C8E92,0x00D4328E
0x000C9073,0x00D41A0E
0x000C9255,0x00D40192
0x000C9437,0x00D3E919
0x000C961A,0x00D3D0A3
0x000C97FD,0x00D3B830
0x000C99E1,0x00D39FC1
0x000C9BC5,0x00D38755
0x000C9DA9,0x00D36EEC
0x000C9F8E,0x00D35686
0x000CA173,0x00D33E23
0x000CA359,0x00D325C4
0x000CA53F,0x00D30D68
0x000CA726,0x00D2F50F
0x000CA90D,0x00D2DCB9
0x000CAAF4,0x00D2C466
0x000CACDC,0x00D2AC17
0x000CAEC4,0x00D293CB
0x000CB0AD,0x00D27B82
0x000CB296,0x00D2633C
0x000CB480,0x00D24AF9
0x000CB66A,0x00D232BA
0x000CB855,0x00D21A7E
0x000CBA40,0x00D20245
0x000CBC2B,0x00D1EA0F
0x000CBE17,0x00D1D1DC
0x000CC003,0x00D1B9AD
0x000CC1F0,0x00D1A181
0x000CC3DD,0x00D18958
0x000CC5CB,0x00D17132
0x000CC7B9,0x00D1590F
0x000CC9A8,0x00D140F0
0x000CCB97,0x00D128D4
0x000CCD86,0x00D110BB
0x000CCF76,0x00D0F8A5
0x000CD166,0x00D0E092
0x000CD357,0x00D0C882
0x000CD548,0x00D0B076
0x000CD73A,0x00D0986D
0x000CD92C,0x00D08067
0x000CDB1F,0x00D06864
0x000CDD12,0x00D05064
0x000CDF06,0x00D03868
0x000CE0FA,0x00D0206F
0x000CE2EE,0x00D00879
0x000CE4E3,0x00CFF086
0x000CE6D8,0x00CFD896
0x000CE8CE,0x00CFC0A9
0x000CEAC4,0x00CFA8C0
0x000CECBB,0x00CF90DA
0x000CEEB2,0x00CF78F7
0x000CF0AA,0x00CF6117
0x000CF2A2,0x00CF493A
0x000CF49B,0x00CF3160
0x000CF694,0x00CF1989
0x000CF88D,0x00CF01B6
0x000CFA87,0x00CEE9E6
0x000CFC81,0x00CED219
0x000CFE7C,0x00CEBA4F
0x000D0077,0x00CEA288
0x000D0273,0x00CE8AC4
0x000D046F,0x00CE7303
0x000D066C,0x00CE5B46
0x000D0869,0x00CE438C
0x000D0A67,0x00CE2BD5
0x000D0C65,0x00CE1421
0x000D0E63,0x00CDFC70
0x000D1062,0x00CDE4C2
0x000D1261,0x00CDCD17
0x000D1461,0x00CDB570
0x000D1661,0x00CD9DCC
0x000D1862,0x00CD862B
0x000D1A63,0x00CD6E8D
0x000D1C65,0x00CD56F2
0x000D1E67,0x00CD3F5A
0x000D206A,0x00CD27C5
0x000D226D,0x00CD1033
0x000D2471,0x00CCF8A5
0x000D2675,0x00CCE11A
0x000D2879,0x00CCC992
0x000D2A7E,0x00CCB20D
0x000D2C83,0x00CC9A8B
0x000D2E89,0x00CC830C
0x000D308F,0x00CC6B90
0x000D3296,0x00CC5417
0x000D349D,0x00CC3CA1
0x000D36A5,0x00CC252F
0x000D38AD,0x00CC0DC0
0x000D3AB6,0x00CBF654
0x000D3CBF,0x00CBDEEB
0x000D3EC9,0x00CBC785
0x000D40D3,0x00CBB022
0x000D42DE,0x00CB98C2
0x000D44E9,0x00CB8165
0x000D46F4,0x00CB6A0B
0x000D4900,0x00CB52B4
0x000D4B0C,0x00CB3B61
0x000D4D19,0x00CB2411
0x000D4F26,0x00CB0CC4
0x000D5134,0x00CAF57A
0x000D5342,0x00CADE33
0x000D5551,0x00CAC6EF
0x000D5760,0x00CAAFAE
0x000D5970,0x00CA9870
0x000D5B80,0x00CA8135
0x000D5D91,0x00CA69FD
0x000D5FA2,0x00CA52C8
0x000D61B4,0x00CA3B97
0x000D63C6,0x00CA2469
0x000D65D9,0x00CA0D3E
0x000D67EC,0x00C9F616
0x000D6A00,0x00C9DEF1
0x000D6C14,0x00C9C7CF
0x000D6E28,0x00C9B0B0
0x000D703D,0x00C99994
0x000D7252,0x00C9827B
0x000D7468,0x00C96B65
0x000D767E,0x00C95452
0x000D7895,0x00C93D42
0x000D7AAC,0x00C92635
0x000D7CC4,0x00C90F2B
0x000D7EDC,0x00C8F824
0x000D80F5,0x00C8E121
0x000D830E,0x00C8CA21
0x000D8528,0x00C8B324
0x000D8742,0x00C89C2A
0x000D895D,0x00C88533
0x000D8B78,0x00C86E3F
0x000D8D94,0x00C8574E
0x000D8FB0,0x00C84060
0x000D91CD,0x00C82975
0x000D93EA,0x00C8128D
0x000D9608,0x00C7FBA8
0x000D9826,0x00C7E4C6
0x000D9A45,0x00C7CDE7
0x000D9C64,0x00C7B70B
0x000D9E84,0x00C7A032
0x000DA0A4,0x00C7895C
0x000DA2C5,0x00C77289
0x000DA4E6,0x00C75BB9
0x000DA708,0x00C744EC
0x000DA92A,0x00C72E22
0x000DAB4C,0x00C7175B
0x000DAD6F,0x00C70097
0x000DAF92,0x00C6E9D6
0x000DB1B6,0x00C6D318
0x000DB3DA,0x00C6BC5E
0x000DB5FF,0x00C6A5A7
0x000DB824,0x00C68EF3
0x000DBA4A,0x00C67842
0x000DBC70,0x00C66194
0x000DBE97,0x00C64AE9
0x000DC0BE,0x00C63441
0x000DC2E6,0x00C61D9C
0x000DC50E,0x00C606FA
0x000DC737,0x00C5F05B
0x000DC960,0x00C5D9BF
0x000DCB8A,0x00C5C326
0x000DCDB4,0x00C5AC90
0x000DCFDF,0x00C595FD
0x000DD20A,0x00C57F6D
0x000DD436,0x00C568E0
0x000DD662,0x00C55256
0x000DD88F,0x00C53BCF
0x000DDABC,0x00C5254B
0x000DDCEA,0x00C50ECA
0x000DDF18,0x00C4F84C
0x000DE147,0x00C4E1D1
0x000DE376,0x00C4CB59
0x000DE5A6,0x00C4B4E4
0x000DE7D6,0x00C49E72
0x000DEA07,0x00C48803
0x000DEC38,0x00C47197
0x000DEE6A,0x00C45B2E
0x000DF09C,0x00C444C8
0x000DF2CF,0x00C42E65
0x000DF502,0x00C41805
0x000DF736,0x00C401A8
0x000DF96A,0x00C3EB4E
0x000DFB9F,0x00C3D4F7
0x000DFDD4,0x00C3BEA3
0x000E000A,0x00C3A852
0x000E0240,0x00C39204
0x000E0477,0x00C37BB8
0x000E06AE,0x00C3656F
0x000E08E6,0x00C34F29
0x000E0B1E,0x00C338E6
0x000E0D57,0x00C322A6
0x000E0F90,0x00C30C69
0x000E11CA,0x00C2F62F
0x000E1404,0x00C2DFF8
0x000E163F,0x00C2C9C4
0x000E187A,0x00C2B393
0x000E1AB6,0x00C29D65
0x000E1CF2,0x00C2873A
0x000E1F2F,0x00C27112
0x000E216D,0x00C25AED
0x000E23AB,0x00C244CB
0x000E25EA,0x00C22EAC
0x000E2829,0x00C21890
0x000E2A69,0x00C20277
0x000E2CA9,0x00C1EC61
0x000E2EEA,0x00C1D64E
0x000E312B,0x00C1C03E
0x000E336D,0x00C1AA31
0x000E35AF,0x00C19427
0x000E37F2,0x00C17E20
0x000E3A35,0x00C1681C
0x000E3C79,0x00C1521A
0x000E3EBD,0x00C13C1B
0x000E4102,0x00C1261F
0x000E4347,0x00C11026
0x000E458D,0x00C0FA30
0x000E47D3,0x00C0E43D
0x000E4A1A,0x00C0CE4D
0x000E4C61,0x00C0B860
0x000E4EA9,0x00C0A276
0x000E50F1,0x00C08C8F
0x000E533A,0x00C076AB
0x000E5583,0x00C060CA
0x000E57CD,0x00C04AEC
0x000E5A17,0x00C03511
0x000E5C62,0x00C01F39
0x000E5EAD,0x00C00963
0x000E60F9,0x00BFF390
0x000E6346,0x00BFDDC0
0x000E6593,0x00BFC7F3
0x000E67E1,0x00BFB229
0x000E6A2F,0x00BF9C62
0x000E6C7E,0x00BF869E
0x000E6ECD,0x00BF70DD
0x000E711D,0x00BF5B1F
0x000E736D,0x00BF4564
0x000E75BE,0x00BF2FAC
0x000E780F,0x00BF19F7
0x000E7A61,0x00BF0444
0x000E7CB3,0x00BEEE94
0x000E7F06,0x00BED8E7
0x000E8159,0x00BEC33D
0x000E83AD,0x00BEAD96
0x000E8601,0x00BE97F2
0x000E8856,0x00BE8251
0x000E8AAC,0x00BE6CB3
0x000E8D02,0x00BE5718
0x000E8F59,0x00BE4180
0x000E91B0,0x00BE2BEA
0x000E9408,0x00BE1657
0x000E9660,0x00BE00C7
0x000E98B9,0x00BDEB3A
0x000E9B12,0x00BDD5B0
0x000E9D6C,0x00BDC029
0x000E9FC6,0x00BDAAA5
0x000EA221,0x00BD9524
0x000EA47C,0x00BD7FA6
0x000EA6D8,0x00BD6A2A
0x000EA934,0x00BD54B1
0x000EAB91,0x00BD3F3B
0x000EADEF,0x00BD29C8
0x000EB04D,0x00BD1458
0x000EB2AC,0x00BCFEEB
0x000EB50B,0x00BCE981
0x000EB76B,0x00BCD41A
0x000EB9CB,0x00BCBEB5
0x000EBC2C,0x00BCA953
0x000EBE8D,0x00BC93F4
0x000EC0EF,0x00BC7E98
0x000EC351,0x00BC693F
0x000EC5B4,0x00BC53E9
0x000EC818,0x00BC3E96
0x000ECA7C,0x00BC2946
0x000ECCE1,0x00BC13F8
0x000ECF46,0x00BBFEAD
0x000ED1AC,0x00BBE965
0x000ED412,0x00BBD420
0x000ED679,0x00BBBEDE
0x000ED8E0,0x00BBA99F
0x000EDB48,0x00BB9463
0x000EDDB0,0x00BB7F29
0x000EE019,0x00BB69F2
0x000EE283,0x00BB54BE
0x000EE4ED,0x00BB3F8D
0x000EE758,0x00BB2A5F
0x000EE9C3,0x00BB1534
0x000EEC2F,0x00BB000B
0x000EEE9B,0x00BAEAE5
0x000EF108,0x00BAD5C2
0x000EF375,0x00BAC0A2
0x000EF5E3,0x00BAAB85
0x000EF851,0x00BA966B
0x000EFAC0,0x00BA8154
0x000EFD30,0x00BA6C3F
0x000EFFA0,0x00BA572D
0x000F0211,0x00BA421E
0x000F0482,0x00BA2D12
0x000F06F4,0x00BA1809
0x000F0966,0x00BA0303
0x000F0BD9,0x00B9EDFF
0x000F0E4C,0x00B9D8FE
0x000F10C0,0x00B9C400
0x000F1335,0x00B9AF05
0x000F15AA,0x00B99A0D
0x000F1820,0x00B98518
0x000F1A96,0x00B97025
0x000F1D0D,0x00B95B35
0x000F1F84,0x00B94648
0x000F21FC,0x00B9315E
0x000F2475,0x00B91C77
0x000F26EE,0x00B90792
0x000F2968,0x00B8F2B0
0x000F2BE2,0x00B8DDD1
0x000F2E5D,0x00B8C8F5
0x000F30D8,0x00B8B41C
0x000F3354,0x00B89F45
0x000F35D0,0x00B88A71
0x000F384D,0x00B875A0
0x000F3ACB,0x00B860D2
0x000F3D49,0x00B84C07
0x000F3FC8,0x00B8373F
0x000F4247,0x00B82279
0x000F44C7,0x00B80DB6
0x000F4747,0x00B7F8F6
0x000F49C8,0x00B7E439
0x000F4C4A,0x00B7CF7F
0x000F4ECC,0x00B7BAC7
0x000F514F,0x00B7A612
0x000F53D2,0x00B79160
0x000F5656,0x00B77CB1
0x000F58DA,0x00B76804
0x000F5B5F,0x00B7535A
0x000F5DE5,0x00B73EB3
0x000F606B,0x00B72A0F
0x000F62F2,0x00B7156E
0x000F6579,0x00B700CF
0x000F6801,0x00B6EC33
0x000F6A89,0x00B6D79A
0x000F6D12,0x00B6C304
0x000F6F9C,0x00B6AE71
0x000F7226,0x00B699E0
0x000F74B1,0x00B68552
0x000F773C,0x00B670C7
0x000F79C8,0x00B65C3F
0x000F7C54,0x00B647B9
0x000F7EE1,0x00B63336
0x000F816F,0x00B61EB6
0x000F83FD,0x00B60A39
0x000F868C,0x00B5F5BF
0x000F891B,0x00B5E147
0x000F8BAB,0x00B5CCD2
0x000F8E3C,0x00B5B860
0x000F90CD,0x00B5A3F1
0x000F935F,0x00B58F84
0x000F95F1,0x00B57B1A
0x000F9884,0x00B566B3
0x000F9B17,0x00B5524F
0x000F9DAB,0x00B53DED
0x000FA040,0x00B5298E
0x000FA2D5,0x00B51532
0x000FA56B,0x00B500D9
0x000FA801,0x00B4EC82
0x000FAA98,0x00B4D82E
0x000FAD30,0x00B4C3DD
0x000FAFC8,0x00B4AF8F
0x000FB261,0x00B49B43
0x000FB4FA,0x00B486FA
0x000FB794,0x00B472B4
0x000FBA2F,0x00B45E71
0x000FBCCA,0x00B44A30
0x000FBF66,0x00B435F2
0x000FC202,0x00B421B7
0x000FC49F,0x00B40D7F
0x000FC73C,0x00B3F949
0x000FC9DA,0x00B3E516
0x000FCC79,0x00B3D0E6
0x000FCF18,0x00B3BCB9
0x000FD1B8,0x00B3A88E
0x000FD458,0x00B39466
0x000FD6F9,0x00B38041
0x000FD99B,0x00B36C1F
0x000FDC3D,0x00B357FF
0x000FDEE0,0x00B343E2
0x000FE183,0x00B32FC8
0x000FE427,0x00B31BB0
0x000FE6CC,0x00B3079B
0x000FE971,0x00B2F389
0x000FEC17,0x00B2DF7A
0x000FEEBD,0x00B2CB6D
0x000FF164,0x00B2B763
0x000FF40C,0x00B2A35C
0x000FF6B4,0x00B28F58
0x000FF95D,0x00B27B56
0x000FFC06,0x00B26757
0x000FFEB0,0x00B2535B
0x0010015B,0x00B23F61
0x00100406,0x00B22B6A
0x001006B2,0x00B21776
0x0010095E,0x00B20385
0x00100C0B,0x00B1EF96
0x00100EB9,0x00B1DBAA
0x00101167,0x00B1C7C1
0x00101416,0x00B1B3DA
0x001016C5,0x00B19FF6
0x00101975,0x00B18C15
0x00101C26,0x00B17836
0x00101ED7,0x00B1645A
0x00102189,0x00B15081
0x0010243C,0x00B13CAB
0x001026EF,0x00B128D7
0x001029A3,0x00B11506
0x00102C57,0x00B10138
0x00102F0C,0x00B0ED6C
0x001031C2,0x00B0D9A3
0x00103478,0x00B0C5DD
0x0010372F,0x00B0B219
0x001039E6,0x00B09E58
0x00103C9E,0x00B08A9A
0x00103F57,0x00B076DE
0x00104210,0x00B06325
0x001044CA,0x00B04F6F
0x00104785,0x00B03BBC
0x00104A40,0x00B0280B
0x00104CFC,0x00B0145D
0x00104FB8,0x00B000B2
0x00105275,0x00AFED09
0x00105533,0x00AFD963
0x001057F1,0x00AFC5C0
0x00105AB0,0x00AFB21F
0x00105D6F,0x00AF9E81
0x0010602F,0x00AF8AE6
0x001062F0,0x00AF774D
0x001065B1,0x00AF63B7
0x00106873,0x00AF5024
0x00106B36,0x00AF3C93
0x00106DF9,0x00AF2905
0x001070BD,0x00AF157A
0x00107381,0x00AF01F1
0x00107646,0x00AEEE6B
0x0010790C,0x00AEDAE8
0x00107BD2,0x00AEC767
0x00107E99,0x00AEB3E9
0x00108161,0x00AEA06E
0x00108429,0x00AE8CF5
0x001086F2,0x00AE797F
0x001089BC,0x00AE660C
0x00108C86,0x00AE529B
0x00108F51,0x00AE3F2D
0x0010921C,0x00AE2BC2
0x001094E8,0x00AE1859
0x001097B5,0x00AE04F3
0x00109A82,0x00ADF18F
0x00109D50,0x00ADDE2E
0x0010A01F,0x00ADCAD0
0x0010A2EE,0x00ADB774
0x0010A5BE,0x00ADA41B
0x0010A88E,0x00AD90C5
0x0010AB5F,0x00AD7D71
0x0010AE31,0x00AD6A20
0x0010B103,0x00AD56D2
0x0010B3D6,0x00AD4386
0x0010B6AA,0x00AD303D
0x0010B97E,0x00AD1CF7
0x0010BC53,0x00AD09B3
0x0010BF29,0x00ACF672
0x0010C1FF,0x00ACE333
0x0010C4D6,0x00ACCFF7
0x0010C7AE,0x00ACBCBE
0x0010CA86,0x00ACA987
0x0010CD5F,0x00AC9653
0x0010D038,0x00AC8322
0x0010D312,0x00AC6FF3
0x0010D5ED,0x00AC5CC7
0x0010D8C8,0x00AC499D
0x0010DBA4,0x00AC3676
0x0010DE81,0x00AC2352
0x0010E15E,0x00AC1030
0x0010E43C,0x00ABFD11
0x0010E71B,0x00ABE9F5
0x0010E9FA,0x00ABD6DB
0x0010ECDA,0x00ABC3C4
0x0010EFBB,0x00ABB0AF
0x0010F29C,0x00AB9D9D
0x0010F57E,0x00AB8A8E
0x0010F861,0x00AB7781
0x0010FB44,0x00AB6477
0x0010FE28,0x00AB516F
0x0011010D,0x00AB3E6A
0x001103F2,0x00AB2B68
0x001106D8,0x00AB1868
0x001109BE,0x00AB056B
0x00110CA5,0x00AAF270
0x00110F8D,0x00AADF78
0x00111275,0x00AACC83
0x0011155E,0x00AAB990
0x00111848,0x00AAA6A0
0x00111B32,0x00AA93B2
0x00111E1D,0x00AA80C7
0x00112109,0x00AA6DDF
0x001123F5,0x00AA5AF9
0x001126E2,0x00AA4816
0x001129D0,0x00AA3535
0x00112CBE,0x00AA2257
0x00112FAD,0x00AA0F7C
0x0011329D,0x00A9FCA3
0x0011358D,0x00A9E9CD
0x0011387E,0x00A9D6F9
0x00113B70,0x00A9C428
0x00113E62,0x00A9B15A
0x00114155,0x00A99E8E
0x00114449,0x00A98BC5
0x0011473D,0x00A978FE
0x00114A32,0x00A9663A
0x00114D28,0x00A95378
0x0011501E,0x00A940B9
0x00115315,0x00A92DFD
0x0011560D,0x00A91B43
0x00115905,0x00A9088C
0x00115BFE,0x00A8F5D7
0x00115EF8,0x00A8E325
0x001161F2,0x00A8D075
0x001164ED,0x00A8BDC8
0x001167E9,0x00A8AB1E
0x00116AE5,0x00A89876
0x00116DE2,0x00A885D1
0x001170E0,0x00A8732E
0x001173DE,0x00A8608E
0x001176DD,0x00A84DF0
0x001179DD,0x00A83B55
0x00117CDD,0x00A828BD
0x00117FDE,0x00A81627
0x001182E0,0x00A80394
0x001185E3,0x00A7F103
0x001188E6,0x00A7DE75
0x00118BEA,0x00A7CBE9
0x00118EEF,0x00A7B960
0x001191F4,0x00A7A6D9
0x001194FA,0x00A79455
0x00119801,0x00A781D4
0x00119B08,0x00A76F55
0x00119E10,0x00A75CD9
0x0011A119,0x00A74A5F
0x0011A422,0x00A737E8
0x0011A72C,0x00A72573
0x0011AA37,0x00A71301
0x0011AD42,0x00A70091
0x0011B04E,0x00A6EE24
0x0011B35B,0x00A6DBBA
0x0011B668,0x00A6C952
0x0011B976,0x00A6B6ED
0x0011BC85,0x00A6A48A
0x0011BF95,0x00A6922A
0x0011C2A5,0x00A67FCC
0x0011C5B6,0x00A66D71
0x0011C8C8,0x00A65B18
0x0011CBDA,0x00A648C2
0x0011CEED,0x00A6366E
0x0011D201,0x00A6241D
0x0011D515,0x00A611CE
0x0011D82A,0x00A5FF82
0x0011DB40,0x00A5ED38
0x0011DE56,0x00A5DAF1
0x0011E16D,0x00A5C8AC
0x0011E485,0x00A5B66A
0x0011E79E,0x00A5A42B
0x0011EAB7,0x00A591EE
0x0011EDD1,0x00A57FB4
0x0011F0EC,0x00A56D7C
0x0011F407,0x00A55B47
0x0011F723,0x00A54914
0x0011FA40,0x00A536E4
0x0011FD5D,0x00A524B6
0x0012007B,0x00A5128B
0x0012039A,0x00A50062
0x001206BA,0x00A4EE3C
0x001209DA,0x00A4DC18
0x00120CFB,0x00A4C9F7
0x0012101D,0x00A4B7D8
0x0012133F,0x00A4A5BC
0x00121662,0x00A493A2
0x00121986,0x00A4818B
0x00121CAB,0x00A46F76
0x00121FD0,0x00A45D64
0x001222F6,0x00A44B54
0x0012261D,0x00A43947
0x00122944,0x00A4273C
0x00122C6C,0x00A41534
0x00122F95,0x00A4032E
0x001232BF,0x00A3F12B
0x001235E9,0x00A3DF2A
0x00123914,0x00A3CD2C
0x00123C40,0x00A3BB30
0x00123F6C,0x00A3A937
0x00124299,0x00A39740
0x001245C7,0x00A3854C
0x001248F6,0x00A3735A
0x00124C25,0x00A3616B
0x00124F55,0x00A34F7E
0x00125286,0x00A33D94
0x001255B7,0x00A32BAC
0x001258E9,0x00A319C7
0x00125C1C,0x00A307E4
0x00125F50,0x00A2F604
0x00126284,0x00A2E426
0x001265B9,0x00A2D24B
0x001268EF,0x00A2C072
0x00126C25,0x00A2AE9C
0x00126F5C,0x00A29CC8
0x00127294,0x00A28AF7
0x001275CD,0x00A27928
0x00127906,0x00A2675B
0x00127C40,0x00A25591
0x00127F7B,0x00A243C9
0x001282B7,0x00A23204
0x001285F3,0x00A22041
0x00128930,0x00A20E81
0x00128C6E,0x00A1FCC3
0x00128FAC,0x00A1EB08
0x001292EB,0x00A1D94F
0x0012962B,0x00A1C799
0x0012996C,0x00A1B5E5
0x00129CAD,0x00A1A434
0x00129FEF,0x00A19285
0x0012A332,0x00A180D9
0x0012A676,0x00A16F2F
0x0012A9BA,0x00A15D87
0x0012ACFF,0x00A14BE2
0x0012B045,0x00A13A3F
0x0012B38C,0x00A1289F
0x0012B6D3,0x00A11701
0x0012BA1B,0x00A10566
0x0012BD64,0x00A0F3CD
0x0012C0AE,0x00A0E237
0x0012C3F8,0x00A0D0A3
0x0012C743,0x00A0BF12
0x0012CA8F,0x00A0AD83
0x0012CDDC,0x00A09BF6
0x0012D129,0x00A08A6C
0x0012D477,0x00A078E4
0x0012D7C6,0x00A0675F
0x0012DB16,0x00A055DC
0x0012DE66,0x00A0445C
0x0012E1B7,0x00A032DE
0x0012E509,0x00A02163
0x0012E85B,0x00A00FEA
0x0012EBAE,0x009FFE73
0x0012EF02,0x009FECFF
0x0012F257,0x009FDB8D
0x0012F5AC,0x009FCA1E
0x0012F902,0x009FB8B1
0x0012FC59,0x009FA747
0x0012FFB1,0x009F95DF
0x0013030A,0x009F8479
0x00130663,0x009F7316
0x001309BD,0x009F61B5
0x00130D18,0x009F5057
0x00131074,0x009F3EFB
0x001313D0,0x009F2DA2
0x0013172D,0x009F1C4B
0x00131A8B,0x009F0AF6
0x00131DEA,0x009EF9A4
0x00132149,0x009EE854
0x001324A9,0x009ED707
0x0013280A,0x009EC5BC
0x00132B6C,0x009EB474
0x00132ECE,0x009EA32E
0x00133231,0x009E91EA
0x00133595,0x009E80A9
0x001338FA,0x009E6F6A
0x00133C5F,0x009E5E2E
0x00133FC5,0x009E4CF4
0x0013432C,0x009E3BBC
0x00134694,0x009E2A87
0x001349FC,0x009E1954
0x00134D65,0x009E0824
0x001350CF,0x009DF6F6
0x0013543A,0x009DE5CA
0x001357A6,0x009DD4A1
0x00135B12,0x009DC37A
0x00135E7F,0x009DB256
0x001361ED,0x009DA134
0x0013655C,0x009D9014
0x001368CB,0x009D7EF7
0x00136C3B,0x009D6DDC
0x00136FAC,0x009D5CC4
0x0013731E,0x009D4BAE
0x00137691,0x009D3A9A
0x00137A04,0x009D2989
0x00137D78,0x009D187A
0x001380ED,0x009D076E
0x00138463,0x009CF664
0x001387D9,0x009CE55C
0x00138B50,0x009CD457
0x00138EC8,0x009CC354
0x00139241,0x009CB254
0x001395BB,0x009CA156
0x00139935,0x009C905A
0x00139CB0,0x009C7F61
0x0013A02C,0x009C6E6A
0x0013A3A9,0x009C5D76
0x0013A726,0x009C4C84
0x0013AAA4,0x009C3B94
0x0013AE23,0x009C2AA7
0x0013B1A3,0x009C19BC
0x0013B524,0x009C08D3
0x0013B8A5,0x009BF7ED
0x0013BC27,0x009BE709
0x0013BFAA,0x009BD628
0x0013C32E,0x009BC549
0x0013C6B3,0x009BB46C
0x0013CA38,0x009BA392
0x0013CDBE,0x009B92BA
0x0013D145,0x009B81E4
0x0013D4CD,0x009B7111
0x0013D856,0x009B6040
0x0013DBDF,0x009B4F72
0x0013DF69,0x009B3EA6
0x0013E2F4,0x009B2DDC
0x0013E680,0x009B1D15
0x0013EA0D,0x009B0C50
0x0013ED9A,0x009AFB8D
0x0013F128,0x009AEACD
0x0013F4B7,0x009ADA0F
0x0013F847,0x009AC953
0x0013FBD8,0x009AB89A
0x0013FF69,0x009AA7E3
0x001402FB,0x009A972F
0x0014068E,0x009A867D
0x00140A22,0x009A75CD
0x00140DB7,0x009A6520
0x0014114C,0x009A5475
0x001414E2,0x009A43CC
0x00141879,0x009A3326
0x00141C11,0x009A2282
0x00141FAA,0x009A11E0
0x00142343,0x009A0141
0x001426DD,0x0099F0A4
0x00142A78,0x0099E009
0x00142E14,0x0099CF71
0x001431B1,0x0099BEDB
0x0014354F,0x0099AE47
0x001438ED,0x00999DB6
0x00143C8C,0x00998D27
0x0014402C,0x00997C9A
0x001443CD,0x00996C10
0x0014476F,0x00995B88
0x00144B11,0x00994B02
0x00144EB4,0x00993A7F
0x00145258,0x009929FE
0x001455FD,0x0099197F
0x001459A3,0x00990903
0x00145D4A,0x0098F889
0x001460F1,0x0098E811
0x00146499,0x0098D79C
0x00146842,0x0098C729
0x00146BEC,0x0098B6B8
0x00146F97,0x0098A64A
0x00147342,0x009895DE
0x001476EE,0x00988574
0x00147A9B,0x0098750D
0x00147E49,0x009864A8
0x001481F8,0x00985445
0x001485A8,0x009843E5
0x00148958,0x00983387
0x00148D09,0x0098232B
0x001490BB,0x009812D2
0x0014946E,0x0098027B
0x00149822,0x0097F226
0x00149BD7,0x0097E1D4
0x00149F8C,0x0097D184
0x0014A342,0x0097C136
0x0014A6F9,0x0097B0EB
0x0014AAB1,0x0097A0A2
0x0014AE6A,0x0097905B
0x0014B224,0x00978017
0x0014B5DE,0x00976FD5
0x0014B999,0x00975F95
0x0014BD55,0x00974F57
0x0014C112,0x00973F1C
0x0014C4D0,0x00972EE3
0x0014C88F,0x00971EAC
0x0014CC4F,0x00970E78
0x0014D00F,0x0096FE46
0x0014D3D0,0x0096EE16
0x0014D792,0x0096DDE9
0x0014DB55,0x0096CDBE
0x0014DF19,0x0096BD95
0x0014E2DE,0x0096AD6F
0x0014E6A3,0x00969D4B
0x0014EA69,0x00968D29
0x0014EE30,0x00967D09
0x0014F1F8,0x00966CEC
0x0014F5C1,0x00965CD1
0x0014F98B,0x00964CB8
0x0014FD56,0x00963CA2
0x00150121,0x00962C8E
0x001504ED,0x00961C7C
0x001508BA,0x00960C6C
0x00150C88,0x0095FC5F
0x00151057,0x0095EC54
0x00151427,0x0095DC4B
0x001517F8,0x0095CC45
0x00151BC9,0x0095BC41
0x00151F9B,0x0095AC3F
0x0015236E,0x00959C3F
0x00152742,0x00958C42
0x00152B17,0x00957C47
0x00152EED,0x00956C4E
0x001532C4,0x00955C58
0x0015369B,0x00954C64
0x00153A73,0x00953C72
0x00153E4C,0x00952C82
0x00154226,0x00951C95
0x00154601,0x00950CAA
0x001549DD,0x0094FCC1
0x00154DBA,0x0094ECDA
0x00155198,0x0094DCF6
0x00155576,0x0094CD14
0x00155955,0x0094BD34
0x00155D35,0x0094AD57
0x00156116,0x00949D7C
0x001564F8,0x00948DA3
0x001568DB,0x00947DCC
0x00156CBF,0x00946DF8
0x001570A4,0x00945E26
0x00157489,0x00944E56
0x0015786F,0x00943E88
0x00157C56,0x00942EBD
0x0015803E,0x00941EF4
0x00158427,0x00940F2D
0x00158811,0x0093FF68
0x00158BFC,0x0093EFA6
0x00158FE8,0x0093DFE6
0x001593D4,0x0093D028
0x001597C1,0x0093C06D
0x00159BAF,0x0093B0B4
0x00159F9E,0x0093A0FD
0x0015A38E,0x00939148
0x0015A77F,0x00938196
0x0015AB71,0x009371E6
0x0015AF64,0x00936238
0x0015B358,0x0093528C
0x0015B74C,0x009342E3
0x0015BB41,0x0093333C
0x0015BF37,0x00932397
0x0015C32E,0x009313F4
0x0015C726,0x00930453
0x0015CB1F,0x0092F4B5
0x0015CF19,0x0092E519
0x0015D314,0x0092D57F
0x0015D710,0x0092C5E7
0x0015DB0C,0x0092B652
0x0015DF09,0x0092A6BF
0x0015E307,0x0092972E
0x0015E706,0x0092879F
0x0015EB06,0x00927813
0x0015EF07,0x00926889
0x0015F309,0x00925901
0x0015F70C,0x0092497B
0x0015FB10,0x009239F8
0x0015FF15,0x00922A77
0x0016031B,0x00921AF8
0x00160721,0x00920B7B
0x00160B28,0x0091FC01
0x00160F30,0x0091EC89
0x00161339,0x0091DD13
0x00161743,0x0091CD9F
0x00161B4E,0x0091BE2D
0x00161F5A,0x0091AEBE
0x00162367,0x00919F51
0x00162775,0x00918FE6
0x00162B84,0x0091807D
0x00162F94,0x00917117
0x001633A4,0x009161B3
0x001637B5,0x00915251
0x00163BC7,0x009142F1
0x00163FDA,0x00913393
0x001643EE,0x00912438
0x00164803,0x009114DF
0x00164C19,0x00910588
0x00165030,0x0090F633
0x00165448,0x0090E6E0
0x00165861,0x0090D790
0x00165C7B,0x0090C842
0x00166096,0x0090B8F6
0x001664B1,0x0090A9AC
0x001668CD,0x00909A65
0x00166CEA,0x00908B20
0x00167108,0x00907BDD
0x00167527,0x00906C9C
0x00167947,0x00905D5D
0x00167D68,0x00904E21
0x0016818A,0x00903EE7
0x001685AD,0x00902FAF
0x001689D1,0x00902079
0x00168DF6,0x00901145
0x0016921C,0x00900214
0x00169643,0x008FF2E5
0x00169A6B,0x008FE3B8
0x00169E94,0x008FD48D
0x0016A2BD,0x008FC564
0x0016A6E7,0x008FB63E
0x0016AB12,0x008FA71A
0x0016AF3E,0x008F97F8
0x0016B36B,0x008F88D8
0x0016B799,0x008F79BA
0x0016BBC8,0x008F6A9F
0x0016BFF8,0x008F5B86
0x0016C429,0x008F4C6F
0x0016C85B,0x008F3D5A
0x0016CC8E,0x008F2E47
0x0016D0C2,0x008F1F36
0x0016D4F7,0x008F1028
0x0016D92D,0x008F011C
0x0016DD64,0x008EF212
0x0016E19C,0x008EE30A
0x0016E5D5,0x008ED404
0x0016EA0E,0x008EC501
0x0016EE48,0x008EB600
0x0016F283,0x008EA701
0x0016F6BF,0x008E9804
0x0016FAFC,0x008E8909
0x0016FF3A,0x008E7A10
0x00170379,0x008E6B1A
0x001707B9,0x008E5C26
0x00170BFA,0x008E4D34
0x0017103C,0x008E3E44
0x0017147F,0x008E2F56
0x001718C3,0x008E206B
0x00171D08,0x008E1182
0x0017214E,0x008E029B
0x00172595,0x008DF3B6
0x001729DD,0x008DE4D3
0x00172E26,0x008DD5F2
0x00173270,0x008DC714
0x001736BB,0x008DB838
0x00173B07,0x008DA95E
0x00173F54,0x008D9A86
0x001743A2,0x008D8BB0
0x001747F1,0x008D7CDC
0x00174C41,0x008D6E0B
0x00175092,0x008D5F3C
0x001754E4,0x008D506F
0x00175937,0x008D41A4
0x00175D8A,0x008D32DB
0x001761DE,0x008D2414
0x00176633,0x008D154F
0x00176A89,0x008D068D
0x00176EE0,0x008CF7CD
0x00177338,0x008CE90F
0x00177791,0x008CDA53
0x00177BEB,0x008CCB99
0x00178046,0x008CBCE1
0x001784A2,0x008CAE2C
0x001788FF,0x008C9F79
0x00178D5D,0x008C90C8
0x001791BC,0x008C8219
0x0017961C,0x008C736C
0x00179A7D,0x008C64C1
0x00179EDF,0x008C5618
0x0017A342,0x008C4772
0x0017A7A6,0x008C38CE
0x0017AC0B,0x008C2A2C
0x0017B071,0x008C1B8C
0x0017B4D8,0x008C0CEE
0x0017B940,0x008BFE52
0x0017BDA9,0x008BEFB8
0x0017C213,0x008BE121
0x0017C67E,0x008BD28C
0x0017CAEA,0x008BC3F9
0x0017CF57,0x008BB568
0x0017D3C5,0x008BA6D9
0x0017D834,0x008B984C
0x0017DCA4,0x008B89C1
0x0017E115,0x008B7B39
0x0017E587,0x008B6CB3
0x0017E9FA,0x008B5E2F
0x0017EE6E,0x008B4FAD
0x0017F2E3,0x008B412D
0x0017F759,0x008B32AF
0x0017FBD0,0x008B2433
0x00180048,0x008B15B9
0x001804C1,0x008B0742
0x0018093B,0x008AF8CD
0x00180DB6,0x008AEA5A
0x00181232,0x008ADBE9
0x001816AF,0x008ACD7A
0x00181B2D,0x008ABF0D
0x00181FAC,0x008AB0A2
0x0018242C,0x008AA239
0x001828AD,0x008A93D3
0x00182D2F,0x008A856F
0x001831B2,0x008A770D
0x00183636,0x008A68AD
0x00183ABB,0x008A5A4F
0x00183F41,0x008A4BF3
0x001843C8,0x008A3D99
0x00184850,0x008A2F41
0x00184CD9,0x008A20EC
0x00185163,0x008A1299
0x001855EE,0x008A0448
0x00185A7A,0x0089F5F9
0x00185F07,0x0089E7AC
0x00186395,0x0089D961
0x00186825,0x0089CB18
0x00186CB6,0x0089BCD1
0x00187148,0x0089AE8C
0x001875DB,0x0089A04A
0x00187A6F,0x0089920A
0x00187F04,0x008983CC
0x0018839A,0x00897590
0x00188831,0x00896756
0x00188CC9,0x0089591E
0x00189162,0x00894AE8
0x001895FC,0x00893CB4
0x00189A97,0x00892E82
0x00189F33,0x00892052
0x0018A3D0,0x00891225
0x0018A86E,0x008903FA
0x0018AD0D,0x0088F5D1
0x0018B1AD,0x0088E7AA
0x0018B64E,0x0088D985
0x0018BAF0,0x0088CB62
0x0018BF93,0x0088BD41
0x0018C437,0x0088AF22
0x0018C8DC,0x0088A105
0x0018CD82,0x008892EA
0x0018D229,0x008884D1
0x0018D6D1,0x008876BB
0x0018DB7A,0x008868A7
0x0018E025,0x00885A95
0x0018E4D1,0x00884C85
0x0018E97E,0x00883E77
0x0018EE2C,0x0088306B
0x0018F2DB,0x00882261
0x0018F78B,0x00881459
0x0018FC3C,0x00880653
0x001900EE,0x0087F84F
0x001905A1,0x0087EA4D
0x00190A55,0x0087DC4D
0x00190F0A,0x0087CE50
0x001913C0,0x0087C055
0x00191877,0x0087B25C
0x00191D2F,0x0087A465
0x001921E8,0x00879670
0x001926A2,0x0087887D
0x00192B5D,0x00877A8C
0x0019301A,0x00876C9D
0x001934D8,0x00875EB0
0x00193997,0x008750C5
0x00193E57,0x008742DC
0x00194318,0x008734F5
0x001947DA,0x00872710
0x00194C9D,0x0087192E
0x00195161,0x00870B4E
0x00195626,0x0086FD70
0x00195AEC,0x0086EF94
0x00195FB3,0x0086E1BA
0x0019647B,0x0086D3E2
0x00196944,0x0086C60C
0x00196E0E,0x0086B838
0x001972DA,0x0086AA66
0x001977A7,0x00869C96
0x00197C75,0x00868EC8
0x00198144,0x008680FC
0x00198614,0x00867332
0x00198AE5,0x0086656A
0x00198FB7,0x008657A4
0x0019948A,0x008649E1
0x0019995E,0x00863C20
0x00199E33,0x00862E61
0x0019A309,0x008620A4
0x0019A7E0,0x008612E9
0x0019ACB9,0x00860530
0x0019B193,0x0085F779
0x0019B66E,0x0085E9C4
0x0019BB4A,0x0085DC11
0x0019C027,0x0085CE60
0x0019C505,0x0085C0B1
0x0019C9E4,0x0085B304
0x0019CEC4,0x0085A559
0x0019D3A5,0x008597B0
0x0019D887,0x00858A09
0x0019DD6B,0x00857C64
0x0019E250,0x00856EC1
0x0019E736,0x00856120
0x0019EC1D,0x00855381
0x0019F105,0x008545E4
0x0019F5EE,0x0085384A
0x0019FAD8,0x00852AB2
0x0019FFC3,0x00851D1C
0x001A04AF,0x00850F88
0x001A099C,0x008501F6
0x001A0E8B,0x0084F466
0x001A137B,0x0084E6D8
0x001A186C,0x0084D94C
0x001A1D5E,0x0084CBC2
0x001A2251,0x0084BE3A
0x001A2745,0x0084B0B4
0x001A2C3A,0x0084A330
0x001A3130,0x008495AE
0x001A3628,0x0084882E
0x001A3B21,0x00847AB0
0x001A401B,0x00846D34
0x001A4516,0x00845FBA
0x001A4A12,0x00845242
0x001A4F0F,0x008444CC
0x001A540D,0x00843758
0x001A590C,0x008429E6
0x001A5E0C,0x00841C76
0x001A630E,0x00840F08
0x001A6811,0x0084019C
0x001A6D15,0x0083F432
0x001A721A,0x0083E6CA
0x001A7720,0x0083D964
0x001A7C27,0x0083CC00
0x001A812F,0x0083BE9E
0x001A8639,0x0083B13E
0x001A8B44,0x0083A3E0
0x001A9050,0x00839684
0x001A955D,0x0083892B
0x001A9A6B,0x00837BD4
0x001A9F7A,0x00836E7F
0x001AA48A,0x0083612C
0x001AA99C,0x008353DB
0x001AAEAF,0x0083468C
0x001AB3C3,0x0083393F
0x001AB8D8,0x00832BF4
0x001ABDEE,0x00831EAB
0x001AC305,0x00831164
0x001AC81D,0x0083041F
0x001ACD37,0x0082F6DC
0x001AD252,0x0082E99B
0x001AD76E,0x0082DC5C
0x001ADC8B,0x0082CF1F
0x001AE1A9,0x0082C1E4
0x001AE6C8,0x0082B4AB
0x001AEBE8,0x0082A774
0x001AF10A,0x00829A3F
0x001AF62D,0x00828D0C
0x001AFB51,0x00827FDB
0x001B0076,0x008272AC
0x001B059C,0x0082657F
0x001B0AC3,0x00825854
0x001B0FEC,0x00824B2B
0x001B1516,0x00823E04
0x001B1A41,0x008230DF
0x001B1F6D,0x008223BC
0x001B249A,0x0082169B
0x001B29C8,0x0082097C
0x001B2EF8,0x0081FC5F
0x001B3429,0x0081EF44
0x001B395B,0x0081E22B
0x001B3E8E,0x0081D514
0x001B43C2,0x0081C7FF
0x001B48F7,0x0081BAEC
0x001B4E2E,0x0081ADDB
0x001B5366,0x0081A0CC
0x001B589F,0x008193BF
0x001B5DD9,0x008186B4
0x001B6314,0x008179AB
0x001B6850,0x00816CA4
0x001B6D8E,0x00815F9F
0x001B72CD,0x0081529C
0x001B780D,0x0081459B
0x001B7D4E,0x0081389C
0x001B8290,0x00812B9F
0x001B87D4,0x00811EA4
0x001B8D19,0x008111AB
0x001B925F,0x008104B4
0x001B97A6,0x0080F7BF
0x001B9CEE,0x0080EACC
0x001BA237,0x0080DDDA
0x001BA782,0x0080D0EA
0x001BACCE,0x0080C3FC
0x001BB21B,0x0080B710
0x001BB769,0x0080AA26
0x001BBCB8,0x00809D3E
0x001BC209,0x00809058
0x001BC75B,0x00808374
0x001BCCAE,0x00807692
0x001BD202,0x008069B2
0x001BD757,0x00805CD4
0x001BDCAE,0x00804FF8
0x001BE206,0x0080431E
0x001BE75F,0x00803646
0x001BECB9,0x00802970
0x001BF214,0x00801C9C
0x001BF771,0x00800FCA
0x001BFCCF,0x008002FA
0x001C022E,0x007FF62C
0x001C078E,0x007FE960
0x001C0CF0,0x007FDC96
0x001C1253,0x007FCFCE
0x001C17B7,0x007FC308
0x001C1D1C,0x007FB644
0x001C2282,0x007FA982
0x001C27EA,0x007F9CC2
0x001C2D53,0x007F9004
0x001C32BD,0x007F8348
0x001C3828,0x007F768E
0x001C3D94,0x007F69D6
0x001C4302,0x007F5D20
0x001C4871,0x007F506C
0x001C4DE1,0x007F43BA
0x001C5352,0x007F3709
0x001C58C5,0x007F2A5A
0x001C5E39,0x007F1DAD
0x001C63AE,0x007F1102
0x001C6924,0x007F0459
0x001C6E9B,0x007EF7B2
0x001C7414,0x007EEB0D
0x001C798E,0x007EDE6A
0x001C7F09,0x007ED1C9
0x001C8485,0x007EC52A
0x001C8A03,0x007EB88D
0x001C8F82,0x007EABF2
0x001C9502,0x007E9F59
0x001C9A83,0x007E92C2
0x001CA006,0x007E862D
0x001CA58A,0x007E799A
0x001CAB0F,0x007E6D09
0x001CB095,0x007E607A
0x001CB61D,0x007E53ED
0x001CBBA6,0x007E4762
0x001CC130,0x007E3AD8
0x001CC6BB,0x007E2E50
0x001CCC48,0x007E21CA
0x001CD1D6,0x007E1546
0x001CD765,0x007E08C4
0x001CDCF5,0x007DFC44
0x001CE287,0x007DEFC6
0x001CE81A,0x007DE34A
0x001CEDAE,0x007DD6D0
0x001CF343,0x007DCA58
0x001CF8DA,0x007DBDE2
0x001CFE72,0x007DB16E
0x001D040B,0x007DA4FC
0x001D09A5,0x007D988C
0x001D0F41,0x007D8C1E
0x001D14DE,0x007D7FB2
0x001D1A7C,0x007D7348
0x001D201B,0x007D66DF
0x001D25BC,0x007D5A78
0x001D2B5E,0x007D4E13
0x001D3101,0x007D41B0
0x001D36A6,0x007D354F
0x001D3C4C,0x007D28F0
0x001D41F3,0x007D1C93
0x001D479B,0x007D1038
0x001D4D45,0x007D03DF
0x001D52F0,0x007CF788
0x001D589C,0x007CEB33
0x001D5E49,0x007CDEE0
0x001D63F8,0x007CD28F
0x001D69A8,0x007CC640
0x001D6F59,0x007CB9F2
0x001D750C,0x007CADA6
0x001D7AC0,0x007CA15C
0x001D8075,0x007C9514
0x001D862B,0x007C88CE
0x001D8BE3,0x007C7C8A
0x001D919C,0x007C7048
0x001D9756,0x007C6408
0x001D9D12,0x007C57CA
0x001DA2CF,0x007C4B8E
0x001DA88D,0x007C3F54
0x001DAE4C,0x007C331C
0x001DB40D,0x007C26E5
0x001DB9CF,0x007C1AB0
0x001DBF92,0x007C0E7D
0x001DC557,0x007C024C
0x001DCB1D,0x007BF61D
0x001DD0E4,0x007BE9F0
0x001DD6AD,0x007BDDC5
0x001DDC77,0x007BD19C
0x001DE242,0x007BC575
0x001DE80F,0x007BB950
0x001DEDDD,0x007BAD2D
0x001DF3AC,0x007BA10C
0x001DF97C,0x007B94EC
0x001DFF4E,0x007B88CE
0x001E0521,0x007B7CB2
0x001E0AF5,0x007B7098
0x001E10CB,0x007B6480
0x001E16A2,0x007B586A
0x001E1C7A,0x007B4C56
0x001E2254,0x007B4044
0x001E282F,0x007B3434
0x001E2E0B,0x007B2826
0x001E33E9,0x007B1C19
0x001E39C8,0x007B100E
0x001E3FA8,0x007B0405
0x001E458A,0x007AF7FE
0x001E4B6D,0x007AEBF9
0x001E5151,0x007ADFF6
0x001E5737,0x007AD3F5
0x001E5D1E,0x007AC7F6
0x001E6306,0x007ABBF9
0x001E68F0,0x007AAFFE
0x001E6EDB,0x007AA404
0x001E74C7,0x007A980C
0x001E7AB5,0x007A8C16
0x001E80A4,0x007A8022
0x001E8694,0x007A7430
0x001E8C86,0x007A6840
0x001E9279,0x007A5C52
0x001E986D,0x007A5066
0x001E9E63,0x007A447C
0x001EA45A,0x007A3893
0x001EAA52,0x007A2CAC
0x001EB04C,0x007A20C7
0x001EB647,0x007A14E4
0x001EBC43,0x007A0903
0x001EC241,0x0079FD24
0x001EC840,0x0079F147
0x001ECE40,0x0079E56C
0x001ED442,0x0079D993
0x001EDA45,0x0079CDBB
0x001EE049,0x0079C1E5
0x001EE64F,0x0079B611
0x001EEC56,0x0079AA3F
0x001EF25E,0x00799E6F
0x001EF868,0x007992A1
0x001EFE73,0x007986D5
0x001F0480,0x00797B0B
0x001F0A8E,0x00796F42
0x001F109D,0x0079637B
0x001F16AE,0x007957B6
0x001F1CC0,0x00794BF3
0x001F22D3,0x00794032
0x001F28E8,0x00793473
0x001F2EFE,0x007928B6
0x001F3516,0x00791CFB
0x001F3B2F,0x00791141
0x001F4149,0x00790589
0x001F4765,0x0078F9D3
0x001F4D82,0x0078EE1F
0x001F53A0,0x0078E26D
0x001F59C0,0x0078D6BD
0x001F5FE1,0x0078CB0F
0x001F6604,0x0078BF63
0x001F6C28,0x0078B3B8
0x001F724D,0x0078A80F
0x001F7874,0x00789C68
0x001F7E9C,0x007890C3
0x001F84C5,0x00788520
0x001F8AF0,0x0078797F
0x001F911C,0x00786DE0
0x001F974A,0x00786243
0x001F9D79,0x007856A7
0x001FA3A9,0x00784B0D
0x001FA9DB,0x00783F75
0x001FB00E,0x007833DF
0x001FB643,0x0078284B
0x001FBC79,0x00781CB9
0x001FC2B0,0x00781129
0x001FC8E9,0x0078059A
0x001FCF23,0x0077FA0D
0x001FD55F,0x0077EE82
0x001FDB9C,0x0077E2F9
0x001FE1DA,0x0077D772
0x001FE81A,0x0077CBED
0x001FEE5B,0x0077C06A
0x001FF49E,0x0077B4E8
0x001FFAE2,0x0077A968
0x00200127,0x00779DEA
0x0020076E,0x0077926E
0x00200DB6,0x007786F4
0x00201400,0x00777B7C
0x00201A4B,0x00777006
0x00202098,0x00776491
0x002026E6,0x0077591E
0x00202D35,0x00774DAD
0x00203386,0x0077423E
0x002039D8,0x007736D1
0x0020402C,0x00772B66
0x00204681,0x00771FFC
0x00204CD8,0x00771494
0x00205330,0x0077092E
0x00205989,0x0076FDCA
0x00205FE4,0x0076F268
0x00206640,0x0076E708
0x00206C9E,0x0076DBAA
0x002072FD,0x0076D04D
0x0020795E,0x0076C4F2
0x00207FC0,0x0076B999
0x00208623,0x0076AE42
0x00208C88,0x0076A2ED
0x002092EE,0x0076979A
0x00209956,0x00768C48
0x00209FBF,0x007680F8
0x0020A62A,0x007675AA
0x0020AC96,0x00766A5E
0x0020B304,0x00765F14
0x0020B973,0x007653CC
0x0020BFE3,0x00764885
0x0020C655,0x00763D40
0x0020CCC8,0x007631FD
0x0020D33D,0x007626BC
0x0020D9B3,0x00761B7D
0x0020E02B,0x00761040
0x0020E6A4,0x00760504
0x0020ED1F,0x0075F9CA
0x0020F39B,0x0075EE92
0x0020FA19,0x0075E35C
0x00210098,0x0075D828
0x00210719,0x0075CCF6
0x00210D9B,0x0075C1C5
0x0021141E,0x0075B696
0x00211AA3,0x0075AB69
0x00212129,0x0075A03E
0x002127B1,0x00759515
0x00212E3A,0x007589EE
0x002134C5,0x00757EC8
0x00213B51,0x007573A4
0x002141DF,0x00756882
0x0021486E,0x00755D62
0x00214EFF,0x00755244
0x00215591,0x00754728
0x00215C25,0x00753C0D
0x002162BA,0x007530F4
0x00216951,0x007525DD
0x00216FE9,0x00751AC8
0x00217683,0x00750FB5
0x00217D1E,0x007504A3
0x002183BB,0x0074F993
0x00218A59,0x0074EE85
0x002190F9,0x0074E379
0x0021979A,0x0074D86F
0x00219E3D,0x0074CD67
0x0021A4E1,0x0074C260
0x0021AB87,0x0074B75B
0x0021B22E,0x0074AC58
0x0021B8D7,0x0074A157
0x0021BF81,0x00749658
0x0021C62D,0x00748B5A
0x0021CCDA,0x0074805E
0x0021D389,0x00747564
0x0021DA39,0x00746A6C
0x0021E0EB,0x00745F76
0x0021E79E,0x00745482
0x0021EE53,0x0074498F
0x0021F509,0x00743E9E
0x0021FBC1,0x007433AF
0x0022027A,0x007428C2
0x00220935,0x00741DD7
0x00220FF1,0x007412ED
0x002216AF,0x00740805
0x00221D6E,0x0073FD1F
0x0022242F,0x0073F23B
0x00222AF1,0x0073E759
0x002231B5,0x0073DC78
0x0022387A,0x0073D199
0x00223F41,0x0073C6BC
0x00224609,0x0073BBE1
0x00224CD3,0x0073B108
0x0022539E,0x0073A630
0x00225A6B,0x00739B5A
0x0022613A,0x00739086
0x0022680A,0x007385B4
0x00226EDC,0x00737AE4
0x002275AF,0x00737015
0x00227C84,0x00736548
0x0022835A,0x00735A7D
0x00228A32,0x00734FB4
0x0022910B,0x007344ED
0x002297E6,0x00733A27
0x00229EC2,0x00732F63
0x0022A5A0,0x007324A1
0x0022AC7F,0x007319E1
0x0022B360,0x00730F23
0x0022BA43,0x00730466
0x0022C127,0x0072F9AB
0x0022C80D,0x0072EEF2
0x0022CEF4,0x0072E43B
0x0022D5DD,0x0072D986
0x0022DCC7,0x0072CED2
0x0022E3B3,0x0072C420
0x0022EAA0,0x0072B970
0x0022F18F,0x0072AEC2
0x0022F880,0x0072A416
0x0022FF72,0x0072996B
0x00230666,0x00728EC2
0x00230D5B,0x0072841B
0x00231452,0x00727976
0x00231B4A,0x00726ED2
0x00232244,0x00726430
0x00232940,0x00725990
0x0023303D,0x00724EF2
0x0023373C,0x00724456
0x00233E3C,0x007239BB
0x0023453E,0x00722F22
0x00234C41,0x0072248B
0x00235346,0x007219F6
0x00235A4D,0x00720F63
0x00236155,0x007204D1
0x0023685F,0x0071FA41
0x00236F6A,0x0071EFB3
0x00237677,0x0071E527
0x00237D86,0x0071DA9C
0x00238496,0x0071D013
0x00238BA8,0x0071C58C
0x002392BB,0x0071BB07
0x002399D0,0x0071B084
0x0023A0E7,0x0071A602
0x0023A7FF,0x00719B82
0x0023AF19,0x00719104
0x0023B634,0x00718688
0x0023BD51,0x00717C0D
0x0023C470,0x00717194
0x0023CB90,0x0071671D
0x0023D2B2,0x00715CA8
0x0023D9D5,0x00715234
0x0023E0FA,0x007147C2
0x0023E821,0x00713D52
0x0023EF49,0x007132E4
0x0023F673,0x00712878
0x0023FD9E,0x00711E0D
0x002404CB,0x007113A4
0x00240BFA,0x0071093D
0x0024132A,0x0070FED8
0x00241A5C,0x0070F474
0x00242190,0x0070EA12
0x002428C5,0x0070DFB2
0x00242FFC,0x0070D554
0x00243734,0x0070CAF7
0x00243E6E,0x0070C09C
0x002445AA,0x0070B643
0x00244CE7,0x0070ABEC
0x00245426,0x0070A197
0x00245B67,0x00709743
0x002462A9,0x00708CF1
0x002469ED,0x007082A1
0x00247132,0x00707853
0x00247879,0x00706E06
0x00247FC2,0x007063BB
0x0024870C,0x00705972
0x00248E58,0x00704F2B
0x002495A6,0x007044E5
0x00249CF5,0x00703AA1
0x0024A446,0x0070305F
0x0024AB99,0x0070261F
0x0024B2ED,0x00701BE0
0x0024BA43,0x007011A3
0x0024C19B,0x00700768
0x0024C8F4,0x006FFD2F
0x0024D04F,0x006FF2F7
0x0024D7AC,0x006FE8C1
0x0024DF0A,0x006FDE8D
0x0024E66A,0x006FD45B
0x0024EDCC,0x006FCA2A
0x0024F52F,0x006FBFFB
0x0024FC94,0x006FB5CE
0x002503FB,0x006FABA3
0x00250B63,0x006FA17A
0x002512CD,0x006F9752
0x00251A39,0x006F8D2C
0x002521A6,0x006F8308
0x00252915,0x006F78E6
0x00253086,0x006F6EC5
0x002537F8,0x006F64A6
0x00253F6C,0x006F5A89
0x002546E2,0x006F506E
0x00254E59,0x006F4654
0x002555D2,0x006F3C3C
0x00255D4D,0x006F3226
0x002564C9,0x006F2811
0x00256C47,0x006F1DFE
0x002573C7,0x006F13ED
0x00257B48,0x006F09DE
0x002582CB,0x006EFFD0
0x00258A50,0x006EF5C4
0x002591D7,0x006EEBBA
0x0025995F,0x006EE1B2
0x0025A0E9,0x006ED7AB
0x0025A875,0x006ECDA6
0x0025B002,0x006EC3A3
0x0025B791,0x006EB9A2
0x0025BF22,0x006EAFA2
0x0025C6B4,0x006EA5A4
0x0025CE48,0x006E9BA8
0x0025D5DE,0x006E91AE
0x0025DD76,0x006E87B5
0x0025E50F,0x006E7DBE
0x0025ECAA,0x006E73C9
0x0025F447,0x006E69D6
0x0025FBE5,0x006E5FE4
0x00260385,0x006E55F4
0x00260B27,0x006E4C06
0x002612CB,0x006E421A
0x00261A70,0x006E382F
0x00262217,0x006E2E46
0x002629C0,0x006E245F
0x0026316B,0x006E1A79
0x00263917,0x006E1095
0x002640C5,0x006E06B3
0x00264875,0x006DFCD3
0x00265026,0x006DF2F4
0x002657D9,0x006DE917
0x00265F8E,0x006DDF3C
0x00266745,0x006DD563
0x00266EFD,0x006DCB8B
0x002676B7,0x006DC1B5
0x00267E73,0x006DB7E1
0x00268631,0x006DAE0E
0x00268DF0,0x006DA43D
0x002695B1,0x006D9A6E
0x00269D74,0x006D90A1
0x0026A539,0x006D86D5
0x0026ACFF,0x006D7D0B
0x0026B4C7,0x006D7343
0x0026BC91,0x006D697D
0x0026C45D,0x006D5FB8
0x0026CC2A,0x006D55F5
0x0026D3F9,0x006D4C34
0x0026DBCA,0x006D4274
0x0026E39D,0x006D38B6
0x0026EB71,0x006D2EFA
0x0026F347,0x006D2540
0x0026FB1F,0x006D1B87
0x002702F9,0x006D11D0
0x00270AD5,0x006D081B
0x002712B2,0x006CFE68
0x00271A91,0x006CF4B6
0x00272272,0x006CEB06
0x00272A55,0x006CE158
0x00273239,0x006CD7AB
0x00273A1F,0x006CCE00
0x00274207,0x006CC457
0x002749F1,0x006CBAB0
0x002751DD,0x006CB10A
0x002759CA,0x006CA766
0x002761B9,0x006C9DC4
0x002769AA,0x006C9423
0x0027719D,0x006C8A84
0x00277991,0x006C80E7
0x00278187,0x006C774C
0x0027897F,0x006C6DB2
0x00279179,0x006C641A
0x00279975,0x006C5A84
0x0027A172,0x006C50EF
0x0027A971,0x006C475C
0x0027B172,0x006C3DCB
0x0027B975,0x006C343C
0x0027C17A,0x006C2AAE
0x0027C980,0x006C2122
0x0027D188,0x006C1798
0x0027D992,0x006C0E0F
0x0027E19E,0x006C0488
0x0027E9AC,0x006BFB03
0x0027F1BC,0x006BF180
0x0027F9CD,0x006BE7FE
0x002801E0,0x006BDE7E
0x002809F5,0x006BD500
0x0028120C,0x006BCB83
0x00281A25,0x006BC208
0x0028223F,0x006BB88F
0x00282A5B,0x006BAF17
0x00283279,0x006BA5A1
0x00283A99,0x006B9C2D
0x002842BB,0x006B92BB
0x00284ADF,0x006B894A
0x00285304,0x006B7FDB
0x00285B2B,0x006B766E
0x00286354,0x006B6D02
0x00286B7F,0x006B6398
0x002873AC,0x006B5A30
0x00287BDB,0x006B50CA
0x0028840C,0x006B4765
0x00288C3E,0x006B3E02
0x00289472,0x006B34A1
0x00289CA8,0x006B2B41
0x0028A4E0,0x006B21E3
0x0028AD1A,0x006B1887
0x0028B556,0x006B0F2C
0x0028BD93,0x006B05D3
0x0028C5D2,0x006AFC7C
0x0028CE13,0x006AF327
0x0028D656,0x006AE9D3
0x0028DE9B,0x006AE081
0x0028E6E2,0x006AD731
0x0028EF2B,0x006ACDE2
0x0028F776,0x006AC495
0x0028FFC2,0x006ABB4A
0x00290810,0x006AB200
0x00291060,0x006AA8B8
0x002918B2,0x006A9F72
0x00292106,0x006A962D
0x0029295C,0x006A8CEA
0x002931B4,0x006A83A9
0x00293A0E,0x006A7A6A
0x00294269,0x006A712C
0x00294AC6,0x006A67F0
0x00295325,0x006A5EB6
0x00295B86,0x006A557D
0x002963E9,0x006A4C46
0x00296C4E,0x006A4311
0x002974B5,0x006A39DD
0x00297D1E,0x006A30AB
0x00298589,0x006A277B
0x00298DF5,0x006A1E4C
0x00299663,0x006A151F
0x00299ED3,0x006A0BF4
0x0029A745,0x006A02CB
0x0029AFB9,0x0069F9A3
0x0029B82F,0x0069F07D
0x0029C0A7,0x0069E759
0x0029C921,0x0069DE36
0x0029D19D,0x0069D515
0x0029DA1B,0x0069CBF6
0x0029E29B,0x0069C2D8
0x0029EB1C,0x0069B9BC
0x0029F39F,0x0069B0A2
0x0029FC24,0x0069A789
0x002A04AB,0x00699E72
0x002A0D34,0x0069955D
0x002A15BF,0x00698C49
0x002A1E4C,0x00698337
0x002A26DB,0x00697A27
0x002A2F6C,0x00697118
0x002A37FF,0x0069680B
0x002A4094,0x00695F00
0x002A492B,0x006955F6
0x002A51C4,0x00694CEE
0x002A5A5F,0x006943E8
0x002A62FB,0x00693AE4
0x002A6B99,0x006931E1
0x002A7439,0x006928E0
0x002A7CDB,0x00691FE1
0x002A857F,0x006916E3
0x002A8E25,0x00690DE7
0x002A96CD,0x006904ED
0x002A9F77,0x0068FBF4
0x002AA823,0x0068F2FD
0x002AB0D1,0x0068EA08
0x002AB981,0x0068E114
0x002AC233,0x0068D822
0x002ACAE7,0x0068CF32
0x002AD39D,0x0068C643
0x002ADC55,0x0068BD56
0x002AE50F,0x0068B46B
0x002AEDCB,0x0068AB81
0x002AF689,0x0068A299
0x002AFF49,0x006899B3
0x002B080B,0x006890CE
0x002B10CF,0x006887EB
0x002B1995,0x00687F0A
0x002B225D,0x0068762A
0x002B2B27,0x00686D4C
0x002B33F3,0x00686470
0x002B3CC1,0x00685B95
0x002B4591,0x006852BC
0x002B4E63,0x006849E5
0x002B5736,0x0068410F
0x002B600B,0x0068383B
0x002B68E2,0x00682F69
0x002B71BB,0x00682698
0x002B7A96,0x00681DC9
0x002B8373,0x006814FC
0x002B8C52,0x00680C30
0x002B9533,0x00680366
0x002B9E16,0x0067FA9E
0x002BA6FB,0x0067F1D7
0x002BAFE2,0x0067E912
0x002BB8CB,0x0067E04F
0x002BC1B6,0x0067D78D
0x002BCAA4,0x0067CECD
0x002BD394,0x0067C60F
0x002BDC86,0x0067BD52
0x002BE57A,0x0067B497
0x002BEE70,0x0067ABDE
0x002BF768,0x0067A326
0x002C0062,0x00679A70
0x002C095E,0x006791BC
0x002C125C,0x00678909
0x002C1B5C,0x00678058
0x002C245E,0x006777A9
0x002C2D62,0x00676EFB
0x002C3668,0x0067664F
0x002C3F70,0x00675DA5
0x002C487A,0x006754FC
0x002C5186,0x00674C55
0x002C5A94,0x006743B0
0x002C63A4,0x00673B0C
0x002C6CB6,0x0067326A
0x002C75CA,0x006729CA
0x002C7EE0,0x0067212B
0x002C87F8,0x0067188E
0x002C9112,0x00670FF3
0x002C9A2E,0x00670759
0x002CA34C,0x0066FEC1
0x002CAC6C,0x0066F62B
0x002CB58E,0x0066ED96
0x002CBEB2,0x0066E503
0x002CC7D9,0x0066DC72
0x002CD102,0x0066D3E2
0x002CDA2D,0x0066CB54
0x002CE35A,0x0066C2C7
0x002CEC89,0x0066BA3C
0x002CF5BA,0x0066B1B3
0x002CFEED,0x0066A92B
0x002D0822,0x0066A0A5
0x002D1159,0x00669821
0x002D1A92,0x00668F9E
0x002D23CD,0x0066871D
0x002D2D0A,0x00667E9E
0x002D3649,0x00667620
0x002D3F8B,0x00666DA4
0x002D48CF,0x0066652A
0x002D5215,0x00665CB1
0x002D5B5D,0x0066543A
0x002D64A7,0x00664BC5
0x002D6DF3,0x00664351
0x002D7741,0x00663ADF
0x002D8091,0x0066326F
0x002D89E3,0x00662A00
0x002D9337,0x00662193
0x002D9C8D,0x00661927
0x002DA5E6,0x006610BD
0x002DAF41,0x00660855
0x002DB89E,0x0065FFEE
0x002DC1FD,0x0065F789
0x002DCB5E,0x0065EF26
0x002DD4C1,0x0065E6C4
0x002DDE26,0x0065DE64
0x002DE78D,0x0065D606
0x002DF0F7,0x0065CDA9
0x002DFA63,0x0065C54E
0x002E03D1,0x0065BCF5
0x002E0D41,0x0065B49D
0x002E16B3,0x0065AC47
0x002E2027,0x0065A3F3
0x002E299D,0x00659BA0
0x002E3315,0x0065934F
0x002E3C90,0x00658AFF
0x002E460D,0x006582B1
0x002E4F8C,0x00657A65
0x002E590D,0x0065721A
0x002E6290,0x006569D1
0x002E6C15,0x0065618A
0x002E759C,0x00655944
0x002E7F26,0x00655100
0x002E88B2,0x006548BE
0x002E9240,0x0065407D
0x002E9BD0,0x0065383E
0x002EA562,0x00653000
0x002EAEF6,0x006527C4
0x002EB88C,0x00651F8A
0x002EC225,0x00651751
0x002ECBC0,0x00650F1A
0x002ED55D,0x006506E5
0x002EDEFC,0x0064FEB1
0x002EE89D,0x0064F67F
0x002EF240,0x0064EE4F
0x002EFBE6,0x0064E620
0x002F058E,0x0064DDF3
0x002F0F38,0x0064D5C8
0x002F18E4,0x0064CD9E
0x002F2292,0x0064C576
0x002F2C43,0x0064BD4F
0x002F35F6,0x0064B52A
0x002F3FAB,0x0064AD07
0x002F4962,0x0064A4E5
0x002F531B,0x00649CC5
0x002F5CD6,0x006494A7
0x002F6694,0x00648C8A
0x002F7054,0x0064846F
0x002F7A16,0x00647C55
0x002F83DA,0x0064743D
0x002F8DA0,0x00646C27
0x002F9769,0x00646412
0x002FA134,0x00645BFF
0x002FAB01,0x006453EE
0x002FB4D0,0x00644BDE
0x002FBEA1,0x006443D0
0x002FC875,0x00643BC4
0x002FD24B,0x006433B9
0x002FDC23,0x00642BB0
0x002FE5FD,0x006423A8
0x002FEFDA,0x00641BA2
0x002FF9B9,0x0064139E
0x0030039A,0x00640B9B
0x00300D7D,0x0064039A
0x00301762,0x0063FB9B
0x0030214A,0x0063F39D
0x00302B34,0x0063EBA1
0x00303520,0x0063E3A6
0x00303F0E,0x0063DBAD
0x003048FF,0x0063D3B6
0x003052F2,0x0063CBC0
0x00305CE7,0x0063C3CC
0x003066DE,0x0063BBDA
0x003070D8,0x0063B3E9
0x00307AD4,0x0063ABFA
0x003084D2,0x0063A40C
0x00308ED2,0x00639C20
0x003098D5,0x00639436
0x0030A2DA,0x00638C4D
0x0030ACE1,0x00638466
0x0030B6EA,0x00637C81
0x0030C0F6,0x0063749D
0x0030CB04,0x00636CBB
0x0030D514,0x006364DA
0x0030DF26,0x00635CFB
0x0030E93B,0x0063551E
0x0030F352,0x00634D42
0x0030FD6B,0x00634568
0x00310787,0x00633D90
0x003111A5,0x006335B9
0x00311BC5,0x00632DE4
0x003125E7,0x00632610
0x0031300C,0x00631E3E
0x00313A33,0x0063166E
0x0031445C,0x00630E9F
0x00314E88,0x006306D2
0x003158B6,0x0062FF07
0x003162E6,0x0062F73D
0x00316D18,0x0062EF75
0x0031774D,0x0062E7AE
0x00318184,0x0062DFE9
0x00318BBD,0x0062D826
0x003195F9,0x0062D064
0x0031A037,0x0062C8A4
0x0031AA77,0x0062C0E6
0x0031B4BA,0x0062B929
0x0031BEFF,0x0062B16E
0x0031C946,0x0062A9B4
0x0031D390,0x0062A1FC
0x0031DDDC,0x00629A46
0x0031E82A,0x00629291
0x0031F27A,0x00628ADE
0x0031FCCD,0x0062832C
0x00320722,0x00627B7C
0x00321179,0x006273CE
0x00321BD3,0x00626C21
0x0032262F,0x00626476
0x0032308D,0x00625CCD
0x00323AEE,0x00625525
0x00324551,0x00624D7F
0x00324FB6,0x006245DA
0x00325A1E,0x00623E37
0x00326488,0x00623696
0x00326EF5,0x00622EF6
0x00327964,0x00622758
0x003283D5,0x00621FBC
0x00328E49,0x00621821
0x003298BF,0x00621088
0x0032A337,0x006208F0
0x0032ADB2,0x0062015A
0x0032B82F,0x0061F9C6
0x0032C2AE,0x0061F233
0x0032CD30,0x0061EAA2
0x0032D7B4,0x0061E312
0x0032E23A,0x0061DB84
0x0032ECC3,0x0061D3F8
0x0032F74E,0x0061CC6D
0x003301DC,0x0061C4E4
0x00330C6C,0x0061BD5C
0x003316FE,0x0061B5D6
0x00332193,0x0061AE52
0x00332C2A,0x0061A6CF
0x003336C3,0x00619F4E
0x0033415F,0x006197CF
0x00334BFD,0x00619051
0x0033569E,0x006188D5
0x00336141,0x0061815A
0x00336BE6,0x006179E1
0x0033768E,0x0061726A
0x00338138,0x00616AF4
0x00338BE5,0x00616380
0x00339694,0x00615C0D
0x0033A145,0x0061549C
0x0033ABF9,0x00614D2D
0x0033B6AF,0x006145BF
0x0033C168,0x00613E53
0x0033CC23,0x006136E8
0x0033D6E1,0x00612F7F
0x0033E1A1,0x00612818
0x0033EC63,0x006120B2
0x0033F728,0x0061194E
0x003401EF,0x006111EC
0x00340CB9,0x00610A8B
0x00341785,0x0061032C
0x00342254,0x0060FBCE
0x00342D25,0x0060F472
0x003437F8,0x0060ED18
0x003442CE,0x0060E5BF
0x00344DA6,0x0060DE68
0x00345881,0x0060D712
0x0034635E,0x0060CFBE
0x00346E3E,0x0060C86C
0x00347920,0x0060C11B
0x00348404,0x0060B9CC
0x00348EEB,0x0060B27E
0x003499D4,0x0060AB32
0x0034A4C0,0x0060A3E8
0x0034AFAE,0x00609C9F
0x0034BA9F,0x00609558
0x0034C592,0x00608E12
0x0034D088,0x006086CE
0x0034DB80,0x00607F8C
0x0034E67B,0x0060784B
0x0034F178,0x0060710C
0x0034FC78,0x006069CE
0x0035077A,0x00606292
0x0035127F,0x00605B58
0x00351D86,0x0060541F
0x00352890,0x00604CE8
0x0035339C,0x006045B2
0x00353EAA,0x00603E7E
0x003549BB,0x0060374C
0x003554CE,0x0060301B
0x00355FE4,0x006028EC
0x00356AFC,0x006021BE
0x00357617,0x00601A92
0x00358134,0x00601368
0x00358C54,0x00600C3F
0x00359776,0x00600518
0x0035A29B,0x005FFDF2
0x0035ADC2,0x005FF6CE
0x0035B8EC,0x005FEFAC
0x0035C419,0x005FE88B
0x0035CF48,0x005FE16C
0x0035DA7A,0x005FDA4E
0x0035E5AE,0x005FD332
0x0035F0E5,0x005FCC18
0x0035FC1E,0x005FC4FF
0x0036075A,0x005FBDE8
0x00361298,0x005FB6D2
0x00361DD9,0x005FAFBE
0x0036291C,0x005FA8AC
0x00363462,0x005FA19B
0x00363FAA,0x005F9A8C
0x00364AF5,0x005F937E
0x00365642,0x005F8C72
0x00366192,0x005F8568
0x00366CE4,0x005F7E5F
0x00367839,0x005F7758
0x00368391,0x005F7052
0x00368EEB,0x005F694E
0x00369A48,0x005F624C
0x0036A5A7,0x005F5B4B
0x0036B109,0x005F544C
0x0036BC6D,0x005F4D4E
0x0036C7D4,0x005F4652
0x0036D33E,0x005F3F58
0x0036DEAA,0x005F385F
0x0036EA19,0x005F3168
0x0036F58A,0x005F2A72
0x003700FE,0x005F237E
0x00370C74,0x005F1C8C
0x003717ED,0x005F159B
0x00372369,0x005F0EAC
0x00372EE7,0x005F07BE
0x00373A68,0x005F00D2
0x003745EB,0x005EF9E8
0x00375171,0x005EF2FF
0x00375CF9,0x005EEC18
0x00376884,0x005EE532
0x00377412,0x005EDE4E
0x00377FA2,0x005ED76C
0x00378B35,0x005ED08B
0x003796CA,0x005EC9AC
0x0037A262,0x005EC2CE
0x0037ADFD,0x005EBBF2
0x0037B99A,0x005EB518
0x0037C53A,0x005EAE3F
0x0037D0DD,0x005EA768
0x0037DC82,0x005EA092
0x0037E82A,0x005E99BE
0x0037F3D4,0x005E92EC
0x0037FF81,0x005E8C1B
0x00380B31,0x005E854C
0x003816E3,0x005E7E7E
0x00382298,0x005E77B2
0x00382E50,0x005E70E8
0x00383A0A,0x005E6A1F
0x003845C7,0x005E6358
0x00385186,0x005E5C92
0x00385D48,0x005E55CE
0x0038690D,0x005E4F0C
0x003874D4,0x005E484B
0x0038809E,0x005E418C
0x00388C6B,0x005E3ACE
0x0038983A,0x005E3412
0x0038A40C,0x005E2D58
0x0038AFE1,0x005E269F
0x0038BBB8,0x005E1FE8
0x0038C792,0x005E1932
0x0038D36F,0x005E127E
0x0038DF4E,0x005E0BCB
0x0038EB30,0x005E051A
0x0038F715,0x005DFE6B
0x003902FC,0x005DF7BD
0x00390EE6,0x005DF111
0x00391AD3,0x005DEA66
0x003926C2,0x005DE3BD
0x003932B4,0x005DDD16
0x00393EA9,0x005DD670
0x00394AA0,0x005DCFCC
0x0039569A,0x005DC929
0x00396297,0x005DC288
0x00396E97,0x005DBBE9
0x00397A99,0x005DB54B
0x0039869E,0x005DAEAF
0x003992A6,0x005DA814
0x00399EB0,0x005DA17B
0x0039AABD,0x005D9AE4
0x0039B6CD,0x005D944E
0x0039C2E0,0x005D8DBA
0x0039CEF5,0x005D8727
0x0039DB0D,0x005D8096
0x0039E728,0x005D7A07
0x0039F345,0x005D7379
0x0039FF65,0x005D6CED
0x003A0B88,0x005D6662
0x003A17AE,0x005D5FD9
0x003A23D6,0x005D5951
0x003A3001,0x005D52CB
0x003A3C2F,0x005D4C47
0x003A4860,0x005D45C4
0x003A5493,0x005D3F43
0x003A60C9,0x005D38C3
0x003A6D02,0x005D3245
0x003A793D,0x005D2BC9
0x003A857B,0x005D254E
0x003A91BC,0x005D1ED5
0x003A9E00,0x005D185D
0x003AAA47,0x005D11E7
0x003AB690,0x005D0B73
0x003AC2DC,0x005D0500
0x003ACF2B,0x005CFE8F
0x003ADB7D,0x005CF81F
0x003AE7D1,0x005CF1B1
0x003AF428,0x005CEB45
0x003B0082,0x005CE4DA
0x003B0CDF,0x005CDE71
0x003B193E,0x005CD809
0x003B25A0,0x005CD1A3
0x003B3205,0x005CCB3E
0x003B3E6D,0x005CC4DB
0x003B4AD8,0x005CBE7A
0x003B5745,0x005CB81A
0x003B63B5,0x005CB1BC
0x003B7028,0x005CAB5F
0x003B7C9E,0x005CA504
0x003B8917,0x005C9EAB
0x003B9592,0x005C9853
0x003BA210,0x005C91FD
0x003BAE91,0x005C8BA8
0x003BBB15,0x005C8555
0x003BC79C,0x005C7F04
0x003BD425,0x005C78B4
0x003BE0B1,0x005C7266
0x003BED40,0x005C6C19
0x003BF9D2,0x005C65CE
0x003C0667,0x005C5F84
0x003C12FF,0x005C593C
0x003C1F99,0x005C52F6
0x003C2C36,0x005C4CB1
0x003C38D6,0x005C466E
0x003C4579,0x005C402C
0x003C521F,0x005C39EC
0x003C5EC8,0x005C33AE
0x003C6B73,0x005C2D71
0x003C7821,0x005C2736
0x003C84D2,0x005C20FC
0x003C9186,0x005C1AC4
0x003C9E3D,0x005C148E
0x003CAAF7,0x005C0E59
0x003CB7B4,0x005C0826
0x003CC473,0x005C01F4
0x003CD135,0x005BFBC4
0x003CDDFA,0x005BF596
0x003CEAC2,0x005BEF69
0x003CF78D,0x005BE93E
0x003D045B,0x005BE314
0x003D112C,0x005BDCEC
0x003D1DFF,0x005BD6C5
0x003D2AD5,0x005BD0A0
0x003D37AE,0x005BCA7D
0x003D448A,0x005BC45B
0x003D5169,0x005BBE3B
0x003D5E4B,0x005BB81C
0x003D6B30,0x005BB1FF
0x003D7818,0x005BABE4
0x003D8503,0x005BA5CA
0x003D91F1,0x005B9FB2
0x003D9EE1,0x005B999B
0x003DABD4,0x005B9386
0x003DB8CA,0x005B8D73
0x003DC5C3,0x005B8761
0x003DD2BF,0x005B8151
0x003DDFBE,0x005B7B42
0x003DECC0,0x005B7535
0x003DF9C5,0x005B6F29
0x003E06CD,0x005B691F
0x003E13D8,0x005B6317
0x003E20E6,0x005B5D10
0x003E2DF7,0x005B570B
0x003E3B0A,0x005B5107
0x003E4820,0x005B4B05
0x003E5539,0x005B4505
0x003E6255,0x005B3F06
0x003E6F74,0x005B3909
0x003E7C96,0x005B330D
0x003E89BB,0x005B2D13
0x003E96E3,0x005B271B
0x003EA40E,0x005B2124
0x003EB13C,0x005B1B2F
0x003EBE6D,0x005B153B
0x003ECBA1,0x005B0F49
0x003ED8D8,0x005B0959
0x003EE612,0x005B036A
0x003EF34F,0x005AFD7D
0x003F008F,0x005AF791
0x003F0DD2,0x005AF1A7
0x003F1B18,0x005AEBBE
0x003F2861,0x005AE5D7
0x003F35AD,0x005ADFF2
0x003F42FC,0x005ADA0E
0x003F504E,0x005AD42C
0x003F5DA3,0x005ACE4B
0x003F6AFB,0x005AC86C
0x003F7856,0x005AC28F
0x003F85B4,0x005ABCB3
0x003F9315,0x005AB6D9
0x003FA079,0x005AB100
0x003FADE0,0x005AAB29
0x003FBB4A,0x005AA554
0x003FC8B7,0x005A9F80
0x003FD627,0x005A99AE
0x003FE39A,0x005A93DD
0x003FF110,0x005A8E0E
0x003FFE89,0x005A8841
0x00400C05,0x005A8275
0x00401984,0x005A7CAB
0x00402706,0x005A76E2
0x0040348B,0x005A711B
0x00404213,0x005A6B55
0x00404F9E,0x005A6591
0x00405D2C,0x005A5FCF
0x00406ABD,0x005A5A0E
0x00407851,0x005A544F
0x004085E8,0x005A4E91
0x00409382,0x005A48D5
0x0040A11F,0x005A431B
0x0040AEBF,0x005A3D62
0x0040BC62,0x005A37AB
0x0040CA08,0x005A31F5
0x0040D7B1,0x005A2C41
0x0040E55E,0x005A268F
0x0040F30E,0x005A20DE
0x004100C1,0x005A1B2F
0x00410E77,0x005A1581
0x00411C30,0x005A0FD5
0x004129EC,0x005A0A2B
0x004137AB,0x005A0482
0x0041456D,0x0059FEDB
0x00415332,0x0059F935
0x004160FA,0x0059F391
0x00416EC5,0x0059EDEF
0x00417C93,0x0059E84E
0x00418A65,0x0059E2AF
0x0041983A,0x0059DD11
0x0041A612,0x0059D775
0x0041B3ED,0x0059D1DA
0x0041C1CB,0x0059CC41
0x0041CFAC,0x0059C6AA
0x0041DD90,0x0059C114
0x0041EB77,0x0059BB80
0x0041F961,0x0059B5ED
0x0042074F,0x0059B05C
0x00421540,0x0059AACD
0x00422334,0x0059A53F
0x0042312B,0x00599FB3
0x00423F25,0x00599A28
0x00424D22,0x0059949F
0x00425B22,0x00598F18
0x00426925,0x00598992
0x0042772C,0x0059840E
0x00428536,0x00597E8B
0x00429343,0x0059790A
0x0042A153,0x0059738B
0x0042AF66,0x00596E0D
0x0042BD7C,0x00596891
0x0042CB96,0x00596316
0x0042D9B3,0x00595D9D
0x0042E7D3,0x00595826
0x0042F5F6,0x005952B0
0x0043041C,0x00594D3C
0x00431245,0x005947C9
0x00432072,0x00594258
0x00432EA2,0x00593CE9
0x00433CD5,0x0059377B
0x00434B0B,0x0059320F
0x00435944,0x00592CA4
0x00436780,0x0059273B
0x004375C0,0x005921D4
0x00438403,0x00591C6E
0x00439249,0x0059170A
0x0043A092,0x005911A7
0x0043AEDE,0x00590C46
0x0043BD2E,0x005906E7
0x0043CB81,0x00590189
0x0043D9D7,0x0058FC2D
0x0043E830,0x0058F6D2
0x0043F68D,0x0058F179
0x004404ED,0x0058EC22
0x00441350,0x0058E6CC
0x004421B6,0x0058E178
0x0044301F,0x0058DC25
0x00443E8C,0x0058D6D4
0x00444CFC,0x0058D185
0x00445B6F,0x0058CC37
0x004469E5,0x0058C6EB
0x0044785F,0x0058C1A0
0x004486DC,0x0058BC57
0x0044955C,0x0058B710
0x0044A3DF,0x0058B1CA
0x0044B266,0x0058AC86
0x0044C0F0,0x0058A743
0x0044CF7D,0x0058A202
0x0044DE0D,0x00589CC3
0x0044ECA1,0x00589785
0x0044FB38,0x00589249
0x004509D2,0x00588D0E
0x0045186F,0x005887D5
0x00452710,0x0058829E
0x004535B4,0x00587D68
0x0045445B,0x00587834
0x00455306,0x00587301
0x004561B4,0x00586DD0
0x00457065,0x005868A1
0x00457F19,0x00586373
0x00458DD1,0x00585E47
0x00459C8C,0x0058591C
0x0045AB4A,0x005853F3
0x0045BA0C,0x00584ECC
0x0045C8D1,0x005849A6
0x0045D799,0x00584482
0x0045E665,0x00583F5F
0x0045F534,0x00583A3E
0x00460406,0x0058351F
0x004612DB,0x00583001
0x004621B4,0x00582AE5
0x00463090,0x005825CA
0x00463F6F,0x005820B1
0x00464E52,0x00581B9A
0x00465D38,0x00581684
0x00466C21,0x00581170
0x00467B0E,0x00580C5D
0x004689FE,0x0058074C
0x004698F1,0x0058023D
0x0046A7E8,0x0057FD2F
0x0046B6E2,0x0057F823
0x0046C5E0,0x0057F318
0x0046D4E1,0x0057EE0F
0x0046E3E5,0x0057E908
0x0046F2ED,0x0057E402
0x004701F8,0x0057DEFE
0x00471106,0x0057D9FB
0x00472018,0x0057D4FA
0x00472F2D,0x0057CFFB
0x00473E45,0x0057CAFD
0x00474D61,0x0057C601
0x00475C80,0x0057C107
0x00476BA3,0x0057BC0E
0x00477AC9,0x0057B717
0x004789F2,0x0057B221
0x0047991F,0x0057AD2D
0x0047A84F,0x0057A83B
0x0047B783,0x0057A34A
0x0047C6BA,0x00579E5B
0x0047D5F4,0x0057996D
0x0047E532,0x00579481
0x0047F473,0x00578F97
0x004803B8,0x00578AAE
0x00481300,0x005785C7
0x0048224B,0x005780E1
0x0048319A,0x00577BFD
0x004840EC,0x0057771B
0x00485042,0x0057723A
0x00485F9B,0x00576D5B
0x00486EF8,0x0057687E
0x00487E58,0x005763A2
0x00488DBB,0x00575EC8
0x00489D22,0x005759EF
0x0048AC8C,0x00575518
0x0048BBFA,0x00575043
0x0048CB6B,0x00574B6F
0x0048DAE0,0x0057469D
0x0048EA58,0x005741CC
0x0048F9D4,0x00573CFD
0x00490953,0x00573830
0x004918D6,0x00573364
0x0049285C,0x00572E9A
0x004937E6,0x005729D2
0x00494773,0x0057250B
0x00495703,0x00572046
0x00496697,0x00571B82
0x0049762E,0x005716C0
0x004985C9,0x00571200
0x00499567,0x00570D41
0x0049A509,0x00570884
0x0049B4AE,0x005703C8
0x0049C457,0x0056FF0E
0x0049D403,0x0056FA56
0x0049E3B3,0x0056F59F
0x0049F366,0x0056F0EA
0x004A031D,0x0056EC37
0x004A12D7,0x0056E785
0x004A2295,0x0056E2D5
0x004A3256,0x0056DE26
0x004A421B,0x0056D979
0x004A51E4,0x0056D4CE
0x004A61B0,0x0056D024
0x004A7180,0x0056CB7C
0x004A8153,0x0056C6D6
0x004A912A,0x0056C231
0x004AA104,0x0056BD8E
0x004AB0E2,0x0056B8EC
0x004AC0C3,0x0056B44C
0x004AD0A8,0x0056AFAE
0x004AE090,0x0056AB11
0x004AF07C,0x0056A676
0x004B006C,0x0056A1DD
0x004B105F,0x00569D45
0x004B2056,0x005698AF
0x004B3050,0x0056941A
0x004B404E,0x00568F87
0x004B504F,0x00568AF6
0x004B6054,0x00568666
0x004B705D,0x005681D8
0x004B8069,0x00567D4C
0x004B9079,0x005678C1
0x004BA08C,0x00567438
0x004BB0A3,0x00566FB0
0x004BC0BD,0x00566B2A
0x004BD0DB,0x005666A6
0x004BE0FD,0x00566223
0x004BF122,0x00565DA2
0x004C014B,0x00565923
0x004C1177,0x005654A5
0x004C21A7,0x00565029
0x004C31DB,0x00564BAE
0x004C4212,0x00564735
0x004C524D,0x005642BE
0x004C628C,0x00563E48
0x004C72CE,0x005639D4
0x004C8314,0x00563562
0x004C935D,0x005630F1
0x004CA3AA,0x00562C82
0x004CB3FB,0x00562814
0x004CC44F,0x005623A8
0x004CD4A7,0x00561F3E
0x004CE503,0x00561AD5
0x004CF562,0x0056166E
0x004D05C5,0x00561209
0x004D162C,0x00560DA5
0x004D2696,0x00560943
0x004D3704,0x005604E3
0x004D4776,0x00560084
0x004D57EB,0x0055FC27
0x004D6864,0x0055F7CB
0x004D78E1,0x0055F371
0x004D8961,0x0055EF19
0x004D99E5,0x0055EAC2
0x004DAA6D,0x0055E66D
0x004DBAF8,0x0055E21A
0x004DCB87,0x0055DDC8
0x004DDC1A,0x0055D978
0x004DECB0,0x0055D52A
0x004DFD4A,0x0055D0DD
0x004E0DE8,0x0055CC92
0x004E1E8A,0x0055C848
0x004E2F2F,0x0055C400
0x004E3FD8,0x0055BFBA
0x004E5085,0x0055BB75
0x004E6135,0x0055B732
0x004E71E9,0x0055B2F1
0x004E82A1,0x0055AEB1
0x004E935D,0x0055AA73
0x004EA41C,0x0055A637
0x004EB4DF,0x0055A1FC
0x004EC5A6,0x00559DC3
0x004ED671,0x0055998C
0x004EE73F,0x00559556
0x004EF811,0x00559122
0x004F08E7,0x00558CEF
0x004F19C1,0x005588BE
0x004F2A9E,0x0055848F
0x004F3B7F,0x00558061
0x004F4C64,0x00557C35
0x004F5D4D,0x0055780B
0x004F6E39,0x005573E2
0x004F7F29,0x00556FBB
0x004F901D,0x00556B96
0x004FA115,0x00556772
0x004FB211,0x00556350
0x004FC310,0x00555F30
0x004FD413,0x00555B11
0x004FE51A,0x005556F4
0x004FF625,0x005552D9
0x00500734,0x00554EBF
0x00501846,0x00554AA7
0x0050295C,0x00554691
0x00503A76,0x0055427C
0x00504B94,0x00553E69
0x00505CB6,0x00553A57
0x00506DDB,0x00553647
0x00507F04,0x00553239
0x00509031,0x00552E2C
0x0050A162,0x00552A21
0x0050B297,0x00552618
0x0050C3D0,0x00552210
0x0050D50C,0x00551E0A
0x0050E64C,0x00551A06
0x0050F790,0x00551603
0x005108D8,0x00551202
0x00511A24,0x00550E03
0x00512B74,0x00550A05
0x00513CC7,0x00550609
0x00514E1E,0x0055020F
0x00515F79,0x0054FE16
0x005170D8,0x0054FA1F
0x0051823B,0x0054F62A
0x005193A2,0x0054F236
0x0051A50D,0x0054EE44
0x0051B67C,0x0054EA54
0x0051C7EE,0x0054E665
0x0051D964,0x0054E278
0x0051EADE,0x0054DE8D
0x0051FC5C,0x0054DAA3
0x00520DDE,0x0054D6BB
0x00521F64,0x0054D2D5
0x005230EE,0x0054CEF0
0x0052427C,0x0054CB0D
0x0052540E,0x0054C72C
0x005265A4,0x0054C34C
0x0052773D,0x0054BF6E
0x005288DA,0x0054BB92
0x00529A7B,0x0054B7B7
0x0052AC20,0x0054B3DE
0x0052BDC9,0x0054B007
0x0052CF76,0x0054AC31
0x0052E127,0x0054A85D
0x0052F2DC,0x0054A48B
0x00530495,0x0054A0BA
0x00531652,0x00549CEB
0x00532813,0x0054991E
0x005339D8,0x00549552
0x00534BA1,0x00549188
0x00535D6E,0x00548DC0
0x00536F3F,0x005489F9
0x00538114,0x00548634
0x005392ED,0x00548271
0x0053A4CA,0x00547EAF
0x0053B6AA,0x00547AEF
0x0053C88E,0x00547731
0x0053DA76,0x00547374
0x0053EC62,0x00546FB9
0x0053FE52,0x00546C00
0x00541046,0x00546848
0x0054223E,0x00546492
0x0054343A,0x005460DE
0x0054463A,0x00545D2B
0x0054583E,0x0054597A
0x00546A46,0x005455CB
0x00547C52,0x0054521E
0x00548E62,0x00544E72
0x0054A076,0x00544AC8
0x0054B28E,0x00544720
0x0054C4AA,0x00544379
0x0054D6CB,0x00543FD4
0x0054E8F0,0x00543C31
0x0054FB19,0x0054388F
0x00550D46,0x005434EF
0x00551F77,0x00543151
0x005531AC,0x00542DB4
0x005543E5,0x00542A19
0x00555622,0x00542680
0x00556863,0x005422E8
0x00557AA8,0x00541F52
0x00558CF1,0x00541BBE
0x00559F3E,0x0054182C
0x0055B18F,0x0054149B
0x0055C3E4,0x0054110C
0x0055D63D,0x00540D7F
0x0055E89A,0x005409F3
0x0055FAFB,0x00540669
0x00560D61,0x005402E1
0x00561FCB,0x0053FF5A
0x00563239,0x0053FBD5
0x005644AB,0x0053F852
0x00565721,0x0053F4D0
0x0056699B,0x0053F150
0x00567C19,0x0053EDD2
0x00568E9B,0x0053EA56
0x0056A121,0x0053E6DB
0x0056B3AB,0x0053E362
0x0056C63A,0x0053DFEB
0x0056D8CD,0x0053DC75
0x0056EB64,0x0053D901
0x0056FDFF,0x0053D58F
0x0057109E,0x0053D21E
0x00572341,0x0053CEAF
0x005735E8,0x0053CB42
0x00574893,0x0053C7D7
0x00575B43,0x0053C46D
0x00576DF7,0x0053C105
0x005780AF,0x0053BD9F
0x0057936B,0x0053BA3A
0x0057A62B,0x0053B6D7
0x0057B8EF,0x0053B376
0x0057CBB8,0x0053B016
0x0057DE85,0x0053ACB8
0x0057F156,0x0053A95C
0x0058042B,0x0053A602
0x00581704,0x0053A2A9
0x005829E1,0x00539F52
0x00583CC3,0x00539BFD
0x00584FA9,0x005398A9
0x00586293,0x00539557
0x00587581,0x00539207
0x00588873,0x00538EB9
0x00589B6A,0x00538B6C
0x0058AE65,0x00538821
0x0058C164,0x005384D8
0x0058D467,0x00538190
0x0058E76E,0x00537E4A
0x0058FA7A,0x00537B06
0x00590D8A,0x005377C4
0x0059209E,0x00537483
0x005933B6,0x00537144
0x005946D3,0x00536E07
0x005959F4,0x00536ACB
0x00596D19,0x00536791
0x00598042,0x00536459
0x00599370,0x00536123
0x0059A6A2,0x00535DEE
0x0059B9D8,0x00535ABB
0x0059CD12,0x0053578A
0x0059E051,0x0053545B
0x0059F394,0x0053512D
0x005A06DB,0x00534E01
0x005A1A26,0x00534AD7
0x005A2D76,0x005347AE
0x005A40CA,0x00534487
0x005A5422,0x00534162
0x005A677F,0x00533E3F
0x005A7AE0,0x00533B1D
0x005A8E45,0x005337FD
0x005AA1AE,0x005334DF
0x005AB51C,0x005331C3
0x005AC88E,0x00532EA8
0x005ADC04,0x00532B8F
0x005AEF7F,0x00532878
0x005B02FE,0x00532562
0x005B1681,0x0053224E
0x005B2A09,0x00531F3C
0x005B3D95,0x00531C2C
0x005B5125,0x0053191D
0x005B64BA,0x00531610
0x005B7853,0x00531305
0x005B8BF0,0x00530FFC
0x005B9F92,0x00530CF4
0x005BB338,0x005309EE
0x005BC6E2,0x005306EA
0x005BDA91,0x005303E8
0x005BEE44,0x005300E7
0x005C01FB,0x0052FDE8
0x005C15B7,0x0052FAEB
0x005C2977,0x0052F7F0
0x005C3D3C,0x0052F4F6
0x005C5105,0x0052F1FE
0x005C64D2,0x0052EF08
0x005C78A4,0x0052EC14
0x005C8C7A,0x0052E921
0x005CA055,0x0052E630
0x005CB434,0x0052E341
0x005CC817,0x0052E054
0x005CDBFF,0x0052DD68
0x005CEFEB,0x0052DA7E
0x005D03DC,0x0052D796
0x005D17D1,0x0052D4B0
0x005D2BCA,0x0052D1CB
0x005D3FC8,0x0052CEE8
0x005D53CA,0x0052CC07
0x005D67D1,0x0052C928
0x005D7BDC,0x0052C64A
0x005D8FEC,0x0052C36E
0x005DA400,0x0052C094
0x005DB818,0x0052BDBC
0x005DCC35,0x0052BAE5
0x005DE056,0x0052B810
0x005DF47C,0x0052B53D
0x005E08A6,0x0052B26C
0x005E1CD5,0x0052AF9C
0x005E3108,0x0052ACCE
0x005E4540,0x0052AA02
0x005E597C,0x0052A738
0x005E6DBD,0x0052A46F
0x005E8202,0x0052A1A8
0x005E964C,0x00529EE3
0x005EAA9A,0x00529C20
0x005EBEEC,0x0052995F
0x005ED343,0x0052969F
0x005EE79E,0x005293E1
0x005EFBFE,0x00529125
0x005F1062,0x00528E6B
0x005F24CB,0x00528BB2
0x005F3938,0x005288FB
0x005F4DAA,0x00528646
0x005F6221,0x00528393
0x005F769C,0x005280E2
0x005F8B1C,0x00527E32
0x005F9FA0,0x00527B84
0x005FB429,0x005278D8
0x005FC8B6,0x0052762E
0x005FDD48,0x00527385
0x005FF1DE,0x005270DE
0x00600679,0x00526E39
0x00601B18,0x00526B96
0x00602FBC,0x005268F5
0x00604464,0x00526655
0x00605911,0x005263B7
0x00606DC3,0x0052611B
0x00608279,0x00525E81
0x00609734,0x00525BE8
0x0060ABF3,0x00525951
0x0060C0B7,0x005256BC
0x0060D580,0x00525429
0x0060EA4D,0x00525198
0x0060FF1F,0x00524F08
0x006113F5,0x00524C7A
0x006128D0,0x005249EE
0x00613DAF,0x00524764
0x00615293,0x005244DC
0x0061677C,0x00524255
0x00617C69,0x00523FD0
0x0061915B,0x00523D4D
0x0061A652,0x00523ACC
0x0061BB4D,0x0052384D
0x0061D04D,0x005235CF
0x0061E551,0x00523353
0x0061FA5A,0x005230D9
0x00620F68,0x00522E61
0x0062247A,0x00522BEB
0x00623991,0x00522976
0x00624EAD,0x00522703
0x006263CD,0x00522492
0x006278F2,0x00522223
0x00628E1C,0x00521FB6
0x0062A34A,0x00521D4A
0x0062B87D,0x00521AE0
0x0062CDB5,0x00521878
0x0062E2F1,0x00521612
0x0062F832,0x005213AE
0x00630D78,0x0052114C
0x006322C2,0x00520EEB
0x00633811,0x00520C8C
0x00634D65,0x00520A2F
0x006362BE,0x005207D4
0x0063781B,0x0052057B
0x00638D7D,0x00520323
0x0063A2E4,0x005200CD
0x0063B84F,0x0051FE79
0x0063CDBF,0x0051FC27
0x0063E334,0x0051F9D7
0x0063F8AE,0x0051F789
0x00640E2C,0x0051F53C
0x006423AF,0x0051F2F1
0x00643937,0x0051F0A8
0x00644EC3,0x0051EE61
0x00646454,0x0051EC1C
0x006479EA,0x0051E9D9
0x00648F85,0x0051E797
0x0064A525,0x0051E557
0x0064BAC9,0x0051E319
0x0064D072,0x0051E0DD
0x0064E620,0x0051DEA3
0x0064FBD3,0x0051DC6B
0x0065118A,0x0051DA34
0x00652746,0x0051D7FF
0x00653D07,0x0051D5CC
0x006552CD,0x0051D39B
0x00656898,0x0051D16C
0x00657E67,0x0051CF3F
0x0065943B,0x0051CD13
0x0065AA14,0x0051CAE9
0x0065BFF2,0x0051C8C1
0x0065D5D5,0x0051C69B
0x0065EBBC,0x0051C477
0x006601A8,0x0051C255
0x00661799,0x0051C034
0x00662D8F,0x0051BE15
0x0066438A,0x0051BBF8
0x0066598A,0x0051B9DD
0x00666F8E,0x0051B7C4
0x00668597,0x0051B5AD
0x00669BA5,0x0051B398
0x0066B1B8,0x0051B184
0x0066C7D0,0x0051AF72
0x0066DDED,0x0051AD62
0x0066F40E,0x0051AB54
0x00670A34,0x0051A948
0x0067205F,0x0051A73E
0x0067368F,0x0051A536
0x00674CC4,0x0051A32F
0x006762FE,0x0051A12A
0x0067793D,0x00519F27
0x00678F81,0x00519D26
0x0067A5CA,0x00519B27
0x0067BC17,0x0051992A
0x0067D269,0x0051972F
0x0067E8C0,0x00519535
0x0067FF1C,0x0051933D
0x0068157D,0x00519147
0x00682BE3,0x00518F53
0x0068424E,0x00518D61
0x006858BE,0x00518B71
0x00686F33,0x00518983
0x006885AD,0x00518797
0x00689C2C,0x005185AC
0x0068B2B0,0x005183C3
0x0068C939,0x005181DC
0x0068DFC6,0x00517FF7
0x0068F658,0x00517E14
0x00690CEF,0x00517C33
0x0069238B,0x00517A54
0x00693A2C,0x00517877
0x006950D2,0x0051769C
0x0069677D,0x005174C2
0x00697E2D,0x005172EA
0x006994E2,0x00517114
0x0069AB9C,0x00516F40
0x0069C25B,0x00516D6E
0x0069D91F,0x00516B9E
0x0069EFE8,0x005169D0
0x006A06B6,0x00516804
0x006A1D89,0x0051663A
0x006A3461,0x00516471
0x006A4B3E,0x005162AA
0x006A6220,0x005160E5
0x006A7907,0x00515F22
0x006A8FF3,0x00515D61
0x006AA6E4,0x00515BA2
0x006ABDDA,0x005159E5
0x006AD4D5,0x0051582A
0x006AEBD5,0x00515671
0x006B02DA,0x005154BA
0x006B19E4,0x00515305
0x006B30F4,0x00515151
0x006B4809,0x00514F9F
0x006B5F23,0x00514DEF
0x006B7642,0x00514C41
0x006B8D66,0x00514A95
0x006BA48F,0x005148EB
0x006BBBBD,0x00514743
0x006BD2F0,0x0051459D
0x006BEA28,0x005143F9
0x006C0165,0x00514257
0x006C18A7,0x005140B7
0x006C2FEE,0x00513F18
0x006C473A,0x00513D7B
0x006C5E8C,0x00513BE0
0x006C75E3,0x00513A47
0x006C8D3F,0x005138B0
0x006CA4A0,0x0051371B
0x006CBC06,0x00513588
0x006CD371,0x005133F7
0x006CEAE1,0x00513268
0x006D0256,0x005130DB
0x006D19D1,0x00512F50
0x006D3151,0x00512DC7
0x006D48D6,0x00512C40
0x006D6060,0x00512ABB
0x006D77EF,0x00512938
0x006D8F83,0x005127B6
0x006DA71C,0x00512636
0x006DBEBB,0x005124B8
0x006DD65F,0x0051233C
0x006DEE08,0x005121C2
0x006E05B6,0x0051204A
0x006E1D69,0x00511ED4
0x006E3522,0x00511D60
0x006E4CE0,0x00511BEE
0x006E64A3,0x00511A7E
0x006E7C6B,0x00511910
0x006E9438,0x005117A4
0x006EAC0B,0x0051163A
0x006EC3E3,0x005114D2
0x006EDBC0,0x0051136C
0x006EF3A2,0x00511208
0x006F0B89,0x005110A6
0x006F2376,0x00510F46
0x006F3B68,0x00510DE8
0x006F535F,0x00510C8C
0x006F6B5B,0x00510B32
0x006F835D,0x005109DA
0x006F9B64,0x00510883
0x006FB370,0x0051072E
0x006FCB81,0x005105DB
0x006FE398,0x0051048A
0x006FFBB4,0x0051033B
0x007013D5,0x005101EE
0x00702BFB,0x005100A3
0x00704427,0x0050FF5A
0x00705C58,0x0050FE13
0x0070748E,0x0050FCCE
0x00708CCA,0x0050FB8B
0x0070A50B,0x0050FA4A
0x0070BD51,0x0050F90B
0x0070D59C,0x0050F7CE
0x0070EDED,0x0050F693
0x00710643,0x0050F55A
0x00711E9E,0x0050F423
0x007136FF,0x0050F2EE
0x00714F65,0x0050F1BB
0x007167D0,0x0050F08A
0x00718041,0x0050EF5B
0x007198B7,0x0050EE2E
0x0071B132,0x0050ED03
0x0071C9B3,0x0050EBDA
0x0071E239,0x0050EAB3
0x0071FAC4,0x0050E98E
0x00721355,0x0050E86B
0x00722BEB,0x0050E74A
0x00724486,0x0050E62B
0x00725D27,0x0050E50E
0x007275CD,0x0050E3F3
0x00728E79,0x0050E2DA
0x0072A72A,0x0050E1C3
0x0072BFE0,0x0050E0AE
0x0072D89C,0x0050DF9B
0x0072F15D,0x0050DE8A
0x00730A24,0x0050DD7B
0x007322F0,0x0050DC6E
0x00733BC1,0x0050DB63
0x00735498,0x0050DA5A
0x00736D74,0x0050D953
0x00738656,0x0050D84E
0x00739F3D,0x0050D74B
0x0073B829,0x0050D64A
0x0073D11B,0x0050D54B
0x0073EA12,0x0050D44E
0x0074030F,0x0050D353
0x00741C11,0x0050D25A
0x00743519,0x0050D163
0x00744E26,0x0050D06F
0x00746739,0x0050CF7D
0x00748051,0x0050CE8D
0x0074996E,0x0050CD9F
0x0074B291,0x0050CCB3
0x0074CBB9,0x0050CBC9
0x0074E4E7,0x0050CAE1
0x0074FE1A,0x0050C9FB
0x00751753,0x0050C917
0x00753091,0x0050C835
0x007549D5,0x0050C755
0x0075631E,0x0050C677
0x00757C6D,0x0050C59B
0x007595C1,0x0050C4C1
0x0075AF1B,0x0050C3E9
0x0075C87A,0x0050C313
0x0075E1DF,0x0050C23F
0x0075FB49,0x0050C16D
0x007614B9,0x0050C09D
0x00762E2E,0x0050BFCF
0x007647A9,0x0050BF04
0x0076612A,0x0050BE3B
0x00767AB0,0x0050BD74
0x0076943C,0x0050BCAF
0x0076ADCD,0x0050BBEC
0x0076C764,0x0050BB2B
0x0076E100,0x0050BA6C
0x0076FAA2,0x0050B9AF
0x00771449,0x0050B8F4
0x00772DF6,0x0050B83B
0x007747A9,0x0050B784
0x00776161,0x0050B6CF
0x00777B1F,0x0050B61C
0x007794E2,0x0050B56B
0x0077AEAB,0x0050B4BD
0x0077C87A,0x0050B411
0x0077E24E,0x0050B367
0x0077FC28,0x0050B2BF
0x00781607,0x0050B219
0x00782FEC,0x0050B175
0x007849D7,0x0050B0D3
0x007863C7,0x0050B033
0x00787DBD,0x0050AF95
0x007897B9,0x0050AEF9
0x0078B1BA,0x0050AE60
0x0078CBC1,0x0050ADC9
0x0078E5CD,0x0050AD34
0x0078FFDF,0x0050ACA1
0x007919F7,0x0050AC10
0x00793414,0x0050AB81
0x00794E37,0x0050AAF4
0x00796860,0x0050AA69
0x0079828E,0x0050A9E0
0x00799CC2,0x0050A959
0x0079B6FC,0x0050A8D5
0x0079D13B,0x0050A853
0x0079EB80,0x0050A7D3
0x007A05CB,0x0050A755
0x007A201C,0x0050A6D9
0x007A3A72,0x0050A65F
0x007A54CE,0x0050A5E7
0x007A6F30,0x0050A571
0x007A8997,0x0050A4FE
0x007AA404,0x0050A48D
0x007ABE77,0x0050A41E
0x007AD8F0,0x0050A3B1
0x007AF36E,0x0050A346
0x007B0DF2,0x0050A2DD
0x007B287C,0x0050A276
0x007B430C,0x0050A212
0x007B5DA1,0x0050A1B0
0x007B783C,0x0050A150
0x007B92DD,0x0050A0F2
0x007BAD84,0x0050A096
0x007BC830,0x0050A03C
0x007BE2E2,0x00509FE4
0x007BFD9A,0x00509F8F
0x007C1858,0x00509F3C
0x007C331B,0x00509EEB
0x007C4DE4,0x00509E9C
0x007C68B3,0x00509E4F
0x007C8388,0x00509E04
0x007C9E63,0x00509DBC
0x007CB943,0x00509D76
0x007CD429,0x00509D32
0x007CEF15,0x00509CF0
0x007D0A07,0x00509CB0
0x007D24FF,0x00509C72
0x007D3FFD,0x00509C37
0x007D5B00,0x00509BFE
0x007D7609,0x00509BC7
0x007D9118,0x00509B92
0x007DAC2D,0x00509B5F
0x007DC748,0x00509B2E
0x007DE269,0x00509B00
0x007DFD90,0x00509AD4
0x007E18BC,0x00509AAA
0x007E33EE,0x00509A82
0x007E4F26,0x00509A5C
0x007E6A64,0x00509A39
0x007E85A8,0x00509A18
0x007EA0F2,0x005099F9
0x007EBC42,0x005099DC
0x007ED798,0x005099C1
0x007EF2F4,0x005099A9
0x007F0E55,0x00509993
0x007F29BC,0x0050997F
0x007F4529,0x0050996D
0x007F609C,0x0050995D
0x007F7C15,0x00509950
0x007F9794,0x00509945
0x007FB319,0x0050993C
0x007FCEA4,0x00509935
0x007FEA35,0x00509931
0x008005CC,0x0050992F
0x00802169,0x0050992F
0x00803D0C,0x00509931
0x008058B5,0x00509935
0x00807464,0x0050993C
0x00809019,0x00509945
0x0080ABD4,0x00509950
0x0080C795,0x0050995D
0x0080E35C,0x0050996D
0x0080FF29,0x0050997F
0x00811AFC,0x00509993
0x008136D5,0x005099A9
0x008152B4,0x005099C2
0x00816E99,0x005099DD
0x00818A84,0x005099FA
0x0081A675,0x00509A19
0x0081C26C,0x00509A3B
0x0081DE69,0x00509A5F
0x0081FA6C,0x00509A85
0x00821675,0x00509AAD
0x00823284,0x00509AD8
0x00824E99,0x00509B05
0x00826AB4,0x00509B34
0x008286D5,0x00509B65
0x0082A2FC,0x00509B99
0x0082BF29,0x00509BCF
0x0082DB5C,0x00509C07
0x0082F795,0x00509C41
0x008313D4,0x00509C7E
0x00833019,0x00509CBD
0x00834C64,0x00509CFE
0x008368B5,0x00509D42
0x0083850C,0x00509D88
0x0083A16A,0x00509DD0
0x0083BDCE,0x00509E1A
0x0083DA38,0x00509E67
0x0083F6A8,0x00509EB6
0x0084131E,0x00509F07
0x00842F9A,0x00509F5B
0x00844C1C,0x00509FB1
0x008468A4,0x0050A009
0x00848532,0x0050A063
0x0084A1C7,0x0050A0C0
0x0084BE62,0x0050A11F
0x0084DB03,0x0050A180
0x0084F7AA,0x0050A1E4
0x00851457,0x0050A24A
0x0085310A,0x0050A2B2
0x00854DC4,0x0050A31D
0x00856A84,0x0050A38A
0x0085874A,0x0050A3F9
0x0085A416,0x0050A46B
0x0085C0E8,0x0050A4DF
0x0085DDC0,0x0050A555
0x0085FA9F,0x0050A5CE
0x00861784,0x0050A649
0x0086346F,0x0050A6C6
0x00865160,0x0050A746
0x00866E57,0x0050A7C8
0x00868B55,0x0050A84C
0x0086A859,0x0050A8D3
0x0086C563,0x0050A95C
0x0086E273,0x0050A9E7
0x0086FF8A,0x0050AA75
0x00871CA7,0x0050AB05
0x008739CA,0x0050AB97
0x008756F3,0x0050AC2C
0x00877422,0x0050ACC3
0x00879158,0x0050AD5C
0x0087AE94,0x0050ADF8
0x0087CBD6,0x0050AE96
0x0087E91F,0x0050AF37
0x0088066E,0x0050AFDA
0x008823C3,0x0050B07F
0x0088411E,0x0050B127
0x00885E80,0x0050B1D1
0x00887BE8,0x0050B27D
0x00889956,0x0050B32C
0x0088B6CB,0x0050B3DD
0x0088D446,0x0050B491
0x0088F1C7,0x0050B547
0x00890F4E,0x0050B5FF
0x00892CDC,0x0050B6BA
0x00894A70,0x0050B777
0x0089680A,0x0050B836
0x008985AB,0x0050B8F8
0x0089A352,0x0050B9BC
0x0089C0FF,0x0050BA83
0x0089DEB3,0x0050BB4C
0x0089FC6D,0x0050BC17
0x008A1A2E,0x0050BCE5
0x008A37F5,0x0050BDB5
0x008A55C2,0x0050BE88
0x008A7396,0x0050BF5D
0x008A9170,0x0050C035
0x008AAF50,0x0050C10F
0x008ACD37,0x0050C1EB
0x008AEB24,0x0050C2CA
0x008B0918,0x0050C3AB
0x008B2712,0x0050C48F
0x008B4512,0x0050C575
0x008B6319,0x0050C65E
0x008B8126,0x0050C749
0x008B9F3A,0x0050C836
0x008BBD54,0x0050C926
0x008BDB74,0x0050CA18
0x008BF99B,0x0050CB0D
0x008C17C8,0x0050CC04
0x008C35FC,0x0050CCFE
0x008C5436,0x0050CDFA
0x008C7277,0x0050CEF9
0x008C90BE,0x0050CFFA
0x008CAF0B,0x0050D0FD
0x008CCD5F,0x0050D203
0x008CEBB9,0x0050D30B
0x008D0A1A,0x0050D416
0x008D2881,0x0050D523
0x008D46EF,0x0050D633
0x008D6563,0x0050D745
0x008D83DE,0x0050D85A
0x008DA25F,0x0050D971
0x008DC0E7,0x0050DA8B
0x008DDF75,0x0050DBA7
0x008DFE0A,0x0050DCC6
0x008E1CA5,0x0050DDE7
0x008E3B47,0x0050DF0B
0x008E59EF,0x0050E031
0x008E789E,0x0050E15A
0x008E9753,0x0050E285
0x008EB60F,0x0050E3B3
0x008ED4D2,0x0050E4E3
0x008EF39B,0x0050E616
0x008F126B,0x0050E74B
0x008F3141,0x0050E883
0x008F501E,0x0050E9BD
0x008F6F01,0x0050EAFA
0x008F8DEB,0x0050EC39
0x008FACDB,0x0050ED7B
0x008FCBD2,0x0050EEBF
0x008FEAD0,0x0050F006
0x009009D4,0x0050F14F
0x009028DF,0x0050F29B
0x009047F0,0x0050F3E9
0x00906708,0x0050F53A
0x00908627,0x0050F68D
0x0090A54C,0x0050F7E3
0x0090C478,0x0050F93C
0x0090E3AA,0x0050FA97
0x009102E3,0x0050FBF5
0x00912223,0x0050FD55
0x00914169,0x0050FEB8
0x009160B6,0x0051001D
0x0091800A,0x00510185
0x00919F64,0x005102EF
0x0091BEC5,0x0051045C
0x0091DE2D,0x005105CC
0x0091FD9B,0x0051073E
0x00921D10,0x005108B3
0x00923C8C,0x00510A2A
0x00925C0E,0x00510BA4
0x00927B97,0x00510D20
0x00929B27,0x00510E9F
0x0092BABD,0x00511021
0x0092DA5A,0x005111A5
0x0092F9FE,0x0051132C
0x009319A8,0x005114B5
0x00933959,0x00511641
0x00935911,0x005117D0
0x009378D0,0x00511961
0x00939895,0x00511AF5
0x0093B861,0x00511C8B
0x0093D834,0x00511E24
0x0093F80D,0x00511FC0
0x009417ED,0x0051215E
0x009437D4,0x005122FF
0x009457C2,0x005124A2
0x009477B6,0x00512648
0x009497B1,0x005127F1
0x0094B7B3,0x0051299C
0x0094D7BC,0x00512B4A
0x0094F7CC,0x00512CFB
0x009517E2,0x00512EAE
0x009537FF,0x00513064
0x00955823,0x0051321D
0x0095784E,0x005133D8
0x0095987F,0x00513596
0x0095B8B7,0x00513756
0x0095D8F6,0x00513919
0x0095F93C,0x00513ADF
0x00961989,0x00513CA7
0x009639DD,0x00513E72
0x00965A37,0x00514040
0x00967A98,0x00514210
0x00969B00,0x005143E3
0x0096BB6F,0x005145B9
0x0096DBE5,0x00514791
0x0096FC62,0x0051496C
0x00971CE5,0x00514B4A
0x00973D6F,0x00514D2B
0x00975E00,0x00514F0E
0x00977E98,0x005150F4
0x00979F37,0x005152DD
0x0097BFDD,0x005154C8
0x0097E08A,0x005156B6
0x0098013E,0x005158A7
0x009821F8,0x00515A9A
0x009842B9,0x00515C90
0x00986381,0x00515E89
0x00988450,0x00516085
0x0098A526,0x00516283
0x0098C603,0x00516484
0x0098E6E7,0x00516688
0x009907D2,0x0051688E
0x009928C4,0x00516A97
0x009949BD,0x00516CA3
0x00996ABD,0x00516EB2
0x00998BC4,0x005170C3
0x0099ACD2,0x005172D7
0x0099CDE7,0x005174EE
0x0099EF02,0x00517708
0x009A1024,0x00517924
0x009A314D,0x00517B43
0x009A527D,0x00517D65
0x009A73B4,0x00517F8A
0x009A94F2,0x005181B1
0x009AB637,0x005183DB
0x009AD783,0x00518608
0x009AF8D6,0x00518838
0x009B1A30,0x00518A6A
0x009B3B91,0x00518C9F
0x009B5CF9,0x00518ED7
0x009B7E68,0x00519112
0x009B9FDE,0x00519350
0x009BC15B,0x00519590
0x009BE2DF,0x005197D3
0x009C046A,0x00519A19
0x009C25FD,0x00519C62
0x009C4797,0x00519EAE
0x009C6938,0x0051A0FC
0x009C8AE0,0x0051A34D
0x009CAC8F,0x0051A5A1
0x009CCE45,0x0051A7F8
0x009CF002,0x0051AA52
0x009D11C6,0x0051ACAE
0x009D3391,0x0051AF0D
0x009D5563,0x0051B16F
0x009D773C,0x0051B3D4
0x009D991C,0x0051B63C
0x009DBB03,0x0051B8A7
0x009DDCF2,0x0051BB14
0x009DFEE8,0x0051BD84
0x009E20E5,0x0051BFF7
0x009E42E9,0x0051C26D
0x009E64F4,0x0051C4E6
0x009E8706,0x0051C762
0x009EA91F,0x0051C9E1
0x009ECB3F,0x0051CC62
0x009EED67,0x0051CEE6
0x009F0F96,0x0051D16D
0x009F31CC,0x0051D3F7
0x009F5409,0x0051D684
0x009F764D,0x0051D914
0x009F9898,0x0051DBA7
0x009FBAEA,0x0051DE3D
0x009FDD44,0x0051E0D5
0x009FFFA5,0x0051E370
0x00A0220D,0x0051E60E
0x00A0447C,0x0051E8AF
0x00A066F2,0x0051EB53
0x00A08970,0x0051EDFA
0x00A0ABF5,0x0051F0A4
0x00A0CE81,0x0051F351
0x00A0F114,0x0051F601
0x00A113AE,0x0051F8B4
0x00A13650,0x0051FB6A
0x00A158F9,0x0051FE23
0x00A17BA9,0x005200DE
0x00A19E60,0x0052039C
0x00A1C11F,0x0052065D
0x00A1E3E5,0x00520921
0x00A206B2,0x00520BE8
0x00A22986,0x00520EB2
0x00A24C62,0x0052117F
0x00A26F45,0x0052144F
0x00A2922F,0x00521722
0x00A2B520,0x005219F8
0x00A2D819,0x00521CD1
0x00A2FB19,0x00521FAD
0x00A31E20,0x0052228C
0x00A3412F,0x0052256E
0x00A36445,0x00522853
0x00A38762,0x00522B3B
0x00A3AA86,0x00522E26
0x00A3CDB2,0x00523114
0x00A3F0E5,0x00523405
0x00A4141F,0x005236F9
0x00A43761,0x005239F0
0x00A45AAA,0x00523CEA
0x00A47DFA,0x00523FE7
0x00A4A152,0x005242E7
0x00A4C4B1,0x005245EA
0x00A4E817,0x005248F0
0x00A50B85,0x00524BF9
0x00A52EFA,0x00524F05
0x00A55277,0x00525214
0x00A575FB,0x00525526
0x00A59986,0x0052583B
0x00A5BD19,0x00525B53
0x00A5E0B3,0x00525E6E
0x00A60454,0x0052618C
0x00A627FD,0x005264AD
0x00A64BAD,0x005267D1
0x00A66F65,0x00526AF8
0x00A69324,0x00526E22
0x00A6B6EA,0x0052714F
0x00A6DAB8,0x00527480
0x00A6FE8D,0x005277B4
0x00A7226A,0x00527AEB
0x00A7464E,0x00527E25
0x00A76A3A,0x00528162
0x00A78E2D,0x005284A2
0x00A7B228,0x005287E5
0x00A7D62A,0x00528B2B
0x00A7FA33,0x00528E74
0x00A81E44,0x005291C0
0x00A8425C,0x0052950F
0x00A8667C,0x00529862
0x00A88AA3,0x00529BB8
0x00A8AED2,0x00529F11
0x00A8D308,0x0052A26D
0x00A8F746,0x0052A5CC
0x00A91B8B,0x0052A92E
0x00A93FD8,0x0052AC93
0x00A9642C,0x0052AFFC
0x00A98888,0x0052B368
0x00A9ACEB,0x0052B6D7
0x00A9D156,0x0052BA49
0x00A9F5C8,0x0052BDBE
0x00AA1A42,0x0052C136
0x00AA3EC3,0x0052C4B1
0x00AA634C,0x0052C830
0x00AA87DC,0x0052CBB2
0x00AAAC74,0x0052CF37
0x00AAD114,0x0052D2BF
0x00AAF5BB,0x0052D64A
0x00AB1A6A,0x0052D9D9
0x00AB3F20,0x0052DD6B
0x00AB63DE,0x0052E100
0x00AB88A3,0x0052E498
0x00ABAD70,0x0052E833
0x00ABD245,0x0052EBD2
0x00ABF721,0x0052EF74
0x00AC1C05,0x0052F319
0x00AC40F0,0x0052F6C1
0x00AC65E3,0x0052FA6C
0x00AC8ADE,0x0052FE1B
0x00ACAFE0,0x005301CD
0x00ACD4EA,0x00530582
0x00ACF9FB,0x0053093A
0x00AD1F14,0x00530CF6
0x00AD4435,0x005310B5
0x00AD695D,0x00531477
0x00AD8E8D,0x0053183C
0x00ADB3C5,0x00531C05
0x00ADD904,0x00531FD1
0x00ADFE4B,0x005323A0
0x00AE239A,0x00532772
0x00AE48F0,0x00532B48
0x00AE6E4E,0x00532F21
0x00AE93B4,0x005332FD
0x00AEB921,0x005336DD
0x00AEDE96,0x00533AC0
0x00AF0413,0x00533EA6
0x00AF2997,0x0053428F
0x00AF4F23,0x0053467C
0x00AF74B7,0x00534A6C
0x00AF9A52,0x00534E5F
0x00AFBFF5,0x00535256
0x00AFE5A0,0x00535650
0x00B00B53,0x00535A4D
0x00B0310D,0x00535E4E
0x00B056CF,0x00536252
0x00B07C99,0x00536659
0x00B0A26B,0x00536A64
0x00B0C844,0x00536E72
0x00B0EE25,0x00537283
0x00B1140E,0x00537698
0x00B139FF,0x00537AB0
0x00B15FF7,0x00537ECB
0x00B185F7,0x005382EA
0x00B1ABFF,0x0053870C
0x00B1D20F,0x00538B32
0x00B1F826,0x00538F5B
0x00B21E45,0x00539387
0x00B2446C,0x005397B7
0x00B26A9B,0x00539BEA
0x00B290D2,0x0053A021
0x00B2B710,0x0053A45B
0x00B2DD56,0x0053A898
0x00B303A4,0x0053ACD9
0x00B329FA,0x0053B11D
0x00B35058,0x0053B565
0x00B376BE,0x0053B9B0
0x00B39D2B,0x0053BDFF
0x00B3C3A0,0x0053C251
0x00B3EA1D,0x0053C6A6
0x00B410A2,0x0053CAFF
0x00B4372F,0x0053CF5B
0x00B45DC4,0x0053D3BB
0x00B48461,0x0053D81E
0x00B4AB05,0x0053DC85
0x00B4D1B1,0x0053E0EF
0x00B4F865,0x0053E55D
0x00B51F21,0x0053E9CE
0x00B545E5,0x0053EE43
0x00B56CB1,0x0053F2BB
0x00B59385,0x0053F737
0x00B5BA61,0x0053FBB6
0x00B5E145,0x00540039
0x00B60830,0x005404BF
0x00B62F23,0x00540949
0x00B6561E,0x00540DD6
0x00B67D21,0x00541267
0x00B6A42C,0x005416FB
0x00B6CB3F,0x00541B93
0x00B6F25A,0x0054202E
0x00B7197D,0x005424CD
0x00B740A8,0x0054296F
0x00B767DB,0x00542E15
0x00B78F16,0x005432BE
0x00B7B659,0x0054376B
0x00B7DDA4,0x00543C1C
0x00B804F7,0x005440D0
0x00B82C52,0x00544588
0x00B853B5,0x00544A43
0x00B87B20,0x00544F02
0x00B8A293,0x005453C5
0x00B8CA0E,0x0054588B
0x00B8F191,0x00545D55
0x00B9191C,0x00546222
0x00B940AF,0x005466F3
0x00B9684A,0x00546BC8
0x00B98FED,0x005470A0
0x00B9B798,0x0054757C
0x00B9DF4B,0x00547A5B
0x00BA0706,0x00547F3E
0x00BA2EC9,0x00548425
0x00BA5694,0x0054890F
0x00BA7E67,0x00548DFD
0x00BAA642,0x005492EF
0x00BACE25,0x005497E4
0x00BAF610,0x00549CDD
0x00BB1E03,0x0054A1DA
0x00BB45FE,0x0054A6DA
0x00BB6E01,0x0054ABDE
0x00BB960C,0x0054B0E6
0x00BBBE1F,0x0054B5F1
0x00BBE63B,0x0054BB00
0x00BC0E5F,0x0054C013
0x00BC368B,0x0054C529
0x00BC5EBF,0x0054CA43
0x00BC86FB,0x0054CF61
0x00BCAF3F,0x0054D483
0x00BCD78B,0x0054D9A8
0x00BCFFDF,0x0054DED1
0x00BD283B,0x0054E3FE
0x00BD50A0,0x0054E92F
0x00BD790D,0x0054EE63
0x00BDA182,0x0054F39B
0x00BDC9FF,0x0054F8D7
0x00BDF284,0x0054FE17
0x00BE1B11,0x0055035A
0x00BE43A6,0x005508A1
0x00BE6C44,0x00550DEC
0x00BE94EA,0x0055133B
0x00BEBD98,0x0055188D
0x00BEE64E,0x00551DE3
0x00BF0F0C,0x0055233D
0x00BF37D3,0x0055289B
0x00BF60A2,0x00552DFD
0x00BF8979,0x00553362
0x00BFB258,0x005538CB
0x00BFDB3F,0x00553E38
0x00C0042F,0x005543A9
0x00C02D27,0x0055491E
0x00C05627,0x00554E97
0x00C07F2F,0x00555414
0x00C0A83F,0x00555994
0x00C0D158,0x00555F18
0x00C0FA79,0x005564A0
0x00C123A2,0x00556A2C
0x00C14CD3,0x00556FBC
0x00C1760D,0x00557550
0x00C19F4F,0x00557AE8
0x00C1C899,0x00558083
0x00C1F1EB,0x00558622
0x00C21B46,0x00558BC5
0x00C244A9,0x0055916C
0x00C26E14,0x00559717
0x00C29787,0x00559CC6
0x00C2C103,0x0055A279
0x00C2EA87,0x0055A830
0x00C31413,0x0055ADEB
0x00C33DA8,0x0055B3AA
0x00C36745,0x0055B96D
0x00C390EA,0x0055BF34
0x00C3BA98,0x0055C4FF
0x00C3E44E,0x0055CACE
0x00C40E0C,0x0055D0A1
0x00C437D2,0x0055D678
0x00C461A1,0x0055DC53
0x00C48B78,0x0055E232
0x00C4B557,0x0055E815
0x00C4DF3F,0x0055EDFC
0x00C5092F,0x0055F3E7
0x00C53328,0x0055F9D6
0x00C55D29,0x0055FFC9
0x00C58732,0x005605C0
0x00C5B144,0x00560BBB
0x00C5DB5E,0x005611BA
0x00C60580,0x005617BD
0x00C62FAB,0x00561DC4
0x00C659DE,0x005623CF
0x00C68419,0x005629DE
0x00C6AE5D,0x00562FF1
0x00C6D8A9,0x00563608
0x00C702FE,0x00563C23
0x00C72D5B,0x00564242
0x00C757C0,0x00564865
0x00C7822E,0x00564E8C
0x00C7ACA4,0x005654B7
0x00C7D723,0x00565AE7
0x00C801AA,0x0056611B
0x00C82C3A,0x00566753
0x00C856D2,0x00566D8F
0x00C88172,0x005673CF
0x00C8AC1B,0x00567A13
0x00C8D6CC,0x0056805B
0x00C90186,0x005686A7
0x00C92C48,0x00568CF8
0x00C95713,0x0056934D
0x00C981E6,0x005699A6
0x00C9ACC2,0x0056A003
0x00C9D7A6,0x0056A664
0x00CA0293,0x0056ACC9
0x00CA2D88,0x0056B333
0x00CA5886,0x0056B9A1
0x00CA838C,0x0056C013
0x00CAAE9B,0x0056C689
0x00CAD9B2,0x0056CD04
0x00CB04D2,0x0056D383
0x00CB2FFA,0x0056DA06
0x00CB5B2B,0x0056E08D
0x00CB8664,0x0056E718
0x00CBB1A6,0x0056EDA8
0x00CBDCF0,0x0056F43C
0x00CC0843,0x0056FAD4
0x00CC339E,0x00570170
0x00CC5F02,0x00570811
0x00CC8A6E,0x00570EB6
0x00CCB5E3,0x0057155F
0x00CCE160,0x00571C0D
0x00CD0CE6,0x005722BF
0x00CD3875,0x00572975
0x00CD640C,0x00573030
0x00CD8FAC,0x005736EF
0x00CDBB54,0x00573DB2
0x00CDE705,0x0057447A
0x00CE12BE,0x00574B46
0x00CE3E80,0x00575216
0x00CE6A4B,0x005758EB
0x00CE961E,0x00575FC4
0x00CEC1FA,0x005766A1
0x00CEEDDE,0x00576D83
0x00CF19CB,0x00577469
0x00CF45C1,0x00577B53
0x00CF71BF,0x00578242
0x00CF9DC6,0x00578935
0x00CFC9D5,0x0057902D
0x00CFF5ED,0x00579729
0x00D0220E,0x00579E29
0x00D04E37,0x0057A52E
0x00D07A69,0x0057AC37
0x00D0A6A4,0x0057B345
0x00D0D2E7,0x0057BA57
0x00D0FF33,0x0057C16E
0x00D12B88,0x0057C889
0x00D157E5,0x0057CFA9
0x00D1844B,0x0057D6CD
0x00D1B0BA,0x0057DDF6
0x00D1DD31,0x0057E523
0x00D209B1,0x0057EC55
0x00D2363A,0x0057F38B
0x00D262CB,0x0057FAC6
0x00D28F65,0x00580205
0x00D2BC08,0x00580949
0x00D2E8B3,0x00581091
0x00D31567,0x005817DE
0x00D34224,0x00581F2F
0x00D36EE9,0x00582685
0x00D39BB7,0x00582DDF
0x00D3C88E,0x0058353E
0x00D3F56E,0x00583CA1
0x00D42256,0x00584409
0x00D44F47,0x00584B76
0x00D47C41,0x005852E7
0x00D4A944,0x00585A5D
0x00D4D64F,0x005861D7
0x00D50363,0x00586956
0x00D53080,0x005870DA
0x00D55DA6,0x00587862
0x00D58AD4,0x00587FEF
0x00D5B80B,0x00588781
0x00D5E54B,0x00588F17
0x00D61294,0x005896B2
0x00D63FE5,0x00589E51
0x00D66D3F,0x0058A5F5
0x00D69AA2,0x0058AD9E
0x00D6C80E,0x0058B54C
0x00D6F583,0x0058BCFE
0x00D72300,0x0058C4B5
0x00D75086,0x0058CC71
0x00D77E15,0x0058D431
0x00D7ABAD,0x0058DBF6
0x00D7D94E,0x0058E3C0
0x00D806F7,0x0058EB8F
0x00D834A9,0x0058F362
0x00D86264,0x0058FB3A
0x00D89028,0x00590317
0x00D8BDF5,0x00590AF9
0x00D8EBCA,0x005912DF
0x00D919A8,0x00591ACA
0x00D9478F,0x005922BA
0x00D9757F,0x00592AAF
0x00D9A378,0x005932A9
0x00D9D17A,0x00593AA7
0x00D9FF85,0x005942AA
0x00DA2D98,0x00594AB2
0x00DA5BB4,0x005952BF
0x00DA89D9,0x00595AD1
0x00DAB807,0x005962E8
0x00DAE63E,0x00596B03
0x00DB147E,0x00597323
0x00DB42C7,0x00597B48
0x00DB7118,0x00598372
0x00DB9F72,0x00598BA1
0x00DBCDD5,0x005993D5
0x00DBFC41,0x00599C0E
0x00DC2AB6,0x0059A44C
0x00DC5934,0x0059AC8F
0x00DC87BB,0x0059B4D6
0x00DCB64B,0x0059BD22
0x00DCE4E4,0x0059C573
0x00DD1386,0x0059CDC9
0x00DD4231,0x0059D624
0x00DD70E4,0x0059DE84
0x00DD9FA0,0x0059E6E9
0x00DDCE65,0x0059EF53
0x00DDFD33,0x0059F7C2
0x00DE2C0A,0x005A0036
0x00DE5AEA,0x005A08AF
0x00DE89D3,0x005A112D
0x00DEB8C5,0x005A19B0
0x00DEE7C0,0x005A2238
0x00DF16C4,0x005A2AC5
0x00DF45D1,0x005A3357
0x00DF74E7,0x005A3BEE
0x00DFA406,0x005A448B
0x00DFD32E,0x005A4D2D
0x00E0025F,0x005A55D4
0x00E03199,0x005A5E80
0x00E060DC,0x005A6731
0x00E09028,0x005A6FE7
0x00E0BF7D,0x005A78A2
0x00E0EEDB,0x005A8162
0x00E11E42,0x005A8A27
0x00E14DB2,0x005A92F1
0x00E17D2B,0x005A9BC1
0x00E1ACAD,0x005AA496
0x00E1DC38,0x005AAD70
0x00E20BCC,0x005AB64F
0x00E23B69,0x005ABF33
0x00E26B0F,0x005AC81D
0x00E29ABE,0x005AD10C
0x00E2CA76,0x005ADA00
0x00E2FA37,0x005AE2F9
0x00E32A01,0x005AEBF7
0x00E359D4,0x005AF4FB
0x00E389B0,0x005AFE04
0x00E3B995,0x005B0712
0x00E3E983,0x005B1025
0x00E4197A,0x005B193E
0x00E4497A,0x005B225C
0x00E47983,0x005B2B7F
0x00E4A995,0x005B34A7
0x00E4D9B0,0x005B3DD5
0x00E509D5,0x005B4708
0x00E53A03,0x005B5040
0x00E56A3A,0x005B597E
0x00E59A7A,0x005B62C1
0x00E5CAC3,0x005B6C09
0x00E5FB15,0x005B7557
0x00E62B70,0x005B7EAA
0x00E65BD4,0x005B8803
0x00E68C41,0x005B9161
0x00E6BCB7,0x005B9AC4
0x00E6ED36,0x005BA42D
0x00E71DBF,0x005BAD9B
0x00E74E51,0x005BB70F
0x00E77EEC,0x005BC088
0x00E7AF90,0x005BCA06
0x00E7E03D,0x005BD38A
0x00E810F3,0x005BDD13
0x00E841B2,0x005BE6A2
0x00E8727A,0x005BF036
0x00E8A34C,0x005BF9D0
0x00E8D427,0x005C036F
0x00E9050B,0x005C0D14
0x00E935F8,0x005C16BE
0x00E966EE,0x005C206E
0x00E997ED,0x005C2A23
0x00E9C8F5,0x005C33DE
0x00E9FA07,0x005C3D9E
0x00EA2B22,0x005C4764
0x00EA5C46,0x005C5130
0x00EA8D73,0x005C5B01
0x00EABEA9,0x005C64D8
0x00EAEFE8,0x005C6EB4
0x00EB2131,0x005C7896
0x00EB5283,0x005C827E
0x00EB83DE,0x005C8C6B
0x00EBB542,0x005C965E
0x00EBE6AF,0x005CA056
0x00EC1825,0x005CAA54
0x00EC49A5,0x005CB458
0x00EC7B2E,0x005CBE61
0x00ECACC0,0x005CC870
0x00ECDE5B,0x005CD285
0x00ED0FFF,0x005CDC9F
0x00ED41AD,0x005CE6BF
0x00ED7364,0x005CF0E5
0x00EDA524,0x005CFB11
0x00EDD6ED,0x005D0542
0x00EE08C0,0x005D0F79
0x00EE3A9C,0x005D19B6
0x00EE6C81,0x005D23F9
0x00EE9E6F,0x005D2E41
0x00EED066,0x005D388F
0x00EF0267,0x005D42E3
0x00EF3471,0x005D4D3D
0x00EF6684,0x005D579D
0x00EF98A0,0x005D6202
0x00EFCAC6,0x005D6C6D
0x00EFFCF5,0x005D76DE
0x00F02F2D,0x005D8155
0x00F0616E,0x005D8BD2
0x00F093B9,0x005D9655
0x00F0C60D,0x005DA0DE
0x00F0F86A,0x005DAB6D
0x00F12AD0,0x005DB601
0x00F15D40,0x005DC09B
0x00F18FB9,0x005DCB3B
0x00F1C23B,0x005DD5E1
0x00F1F4C6,0x005DE08D
0x00F2275B,0x005DEB3F
0x00F259F9,0x005DF5F7
0x00F28CA0,0x005E00B5
0x00F2BF51,0x005E0B79
0x00F2F20B,0x005E1643
0x00F324CE,0x005E2113
0x00F3579A,0x005E2BE9
0x00F38A70,0x005E36C5
0x00F3BD4F,0x005E41A7
0x00F3F037,0x005E4C8F
0x00F42329,0x005E577D
0x00F45624,0x005E6271
0x00F48928,0x005E6D6B
0x00F4BC36,0x005E786C
0x00F4EF4D,0x005E8373
0x00F5226D,0x005E8E80
0x00F55597,0x005E9993
0x00F588CA,0x005EA4AC
0x00F5BC06,0x005EAFCB
0x00F5EF4C,0x005EBAF0
0x00F6229B,0x005EC61B
0x00F655F3,0x005ED14D
0x00F68954,0x005EDC85
0x00F6BCBF,0x005EE7C3
0x00F6F033,0x005EF307
0x00F723B1,0x005EFE51
0x00F75738,0x005F09A2
0x00F78AC8,0x005F14F9
0x00F7BE62,0x005F2056
0x00F7F205,0x005F2BBA
0x00F825B1,0x005F3724
0x00F85967,0x005F4294
0x00F88D26,0x005F4E0A
0x00F8C0EE,0x005F5987
0x00F8F4C0,0x005F650A
0x00F9289B,0x005F7093
0x00F95C7F,0x005F7C23
0x00F9906D,0x005F87B9
0x00F9C464,0x005F9355
0x00F9F865,0x005F9EF8
0x00FA2C6F,0x005FAAA1
0x00FA6082,0x005FB651
0x00FA949F,0x005FC207
0x00FAC8C5,0x005FCDC3
0x00FAFCF4,0x005FD986
0x00FB312D,0x005FE54F
0x00FB656F,0x005FF11F
0x00FB99BB,0x005FFCF5
0x00FBCE10,0x006008D2
0x00FC026E,0x006014B5
0x00FC36D6,0x0060209F
0x00FC6B47,0x00602C8F
0x00FC9FC2,0x00603886
0x00FCD446,0x00604483
0x00FD08D3,0x00605087
0x00FD3D6A,0x00605C91
0x00FD720A,0x006068A2
0x00FDA6B4,0x006074BA
0x00FDDB67,0x006080D8
0x00FE1023,0x00608CFD
0x00FE44E9,0x00609928
0x00FE79B8,0x0060A55A
0x00FEAE91,0x0060B193
0x00FEE373,0x0060BDD2
0x00FF185E,0x0060CA18
0x00FF4D53,0x0060D665
0x00FF8251,0x0060E2B8
0x00FFB759,0x0060EF12
0x00FFEC6A,0x0060FB73
0x01002185,0x006107DA
0x010056A9,0x00611448
0x01008BD6,0x006120BD
0x0100C10D,0x00612D39
0x0100F64D,0x006139BC
0x01012B97,0x00614645
0x010160EA,0x006152D5
0x01019647,0x00615F6C
0x0101CBAD,0x00616C0A
0x0102011D,0x006178AF
0x01023696,0x0061855A
0x01026C18,0x0061920C
0x0102A1A4,0x00619EC5
0x0102D739,0x0061AB85
0x01030CD8,0x0061B84C
0x01034280,0x0061C51A
0x01037832,0x0061D1EF
0x0103ADED,0x0061DECB
0x0103E3B2,0x0061EBAE
0x01041980,0x0061F898
0x01044F57,0x00620589
0x01048538,0x00621281
0x0104BB22,0x00621F80
0x0104F116,0x00622C86
0x01052713,0x00623993
0x01055D1A,0x006246A7
0x0105932A,0x006253C2
0x0105C944,0x006260E4
0x0105FF67,0x00626E0D
0x01063594,0x00627B3D
0x01066BCA,0x00628874
0x0106A20A,0x006295B2
0x0106D853,0x0062A2F7
0x01070EA6,0x0062B043
0x01074502,0x0062BD97
0x01077B68,0x0062CAF2
0x0107B1D7,0x0062D854
0x0107E850,0x0062E5BD
0x01081ED2,0x0062F32D
0x0108555D,0x006300A5
0x01088BF2,0x00630E24
0x0108C290,0x00631BAA
0x0108F938,0x00632937
0x01092FE9,0x006336CC
0x010966A4,0x00634468
0x01099D68,0x0063520B
0x0109D436,0x00635FB5
0x010A0B0D,0x00636D67
0x010A41EE,0x00637B20
0x010A78D8,0x006388E0
0x010AAFCC,0x006396A8
0x010AE6C9,0x0063A477
0x010B1DD0,0x0063B24E
0x010B54E0,0x0063C02C
0x010B8BFA,0x0063CE11
0x010BC31D,0x0063DBFE
0x010BFA4A,0x0063E9F2
0x010C3180,0x0063F7EE
0x010C68C0,0x006405F1
0x010CA009,0x006413FC
0x010CD75C,0x0064220E
0x010D0EB8,0x00643028
0x010D461E,0x00643E49
0x010D7D8D,0x00644C72
0x010DB506,0x00645AA2
0x010DEC88,0x006468DA
0x010E2414,0x0064771A
0x010E5BA9,0x00648561
0x010E9348,0x006493B0
0x010ECAF0,0x0064A206
0x010F02A2,0x0064B064
0x010F3A5D,0x0064BECA
0x010F7222,0x0064CD37
0x010FA9F0,0x0064DBAC
0x010FE1C8,0x0064EA29
0x011019A9,0x0064F8AE
0x01105194,0x0065073A
0x01108988,0x006515CE
0x0110C186,0x0065246A
0x0110F98D,0x0065330E
0x0111319E,0x006541B9
0x011169B9,0x0065506C
0x0111A1DD,0x00655F27
0x0111DA0B,0x00656DEA
0x01121242,0x00657CB5
0x01124A83,0x00658B87
0x011282CD,0x00659A61
0x0112BB21,0x0065A943
0x0112F37E,0x0065B82D
0x01132BE5,0x0065C71F
0x01136455,0x0065D619
0x01139CCF,0x0065E51B
0x0113D552,0x0065F425
0x01140DDF,0x00660337
0x01144675,0x00661251
0x01147F15,0x00662173
0x0114B7BE,0x0066309D
0x0114F071,0x00663FCF
0x0115292D,0x00664F09
0x011561F3,0x00665E4B
0x01159AC2,0x00666D95
0x0115D39B,0x00667CE7
0x01160C7D,0x00668C41
0x01164569,0x00669BA4
0x01167E5E,0x0066AB0F
0x0116B75D,0x0066BA82
0x0116F065,0x0066C9FD
0x01172977,0x0066D980
0x01176292,0x0066E90B
0x01179BB7,0x0066F89F
0x0117D4E5,0x0067083B
0x01180E1D,0x006717DF
0x0118475E,0x0067278B
0x011880A9,0x00673740
0x0118B9FD,0x006746FD
0x0118F35B,0x006756C2
0x01192CC2,0x00676690
0x01196633,0x00677666
0x01199FAD,0x00678644
0x0119D931,0x0067962B
0x011A12BE,0x0067A61A
0x011A4C55,0x0067B612
0x011A85F5,0x0067C612
0x011ABF9F,0x0067D61B
0x011AF952,0x0067E62C
0x011B330F,0x0067F645
0x011B6CD5,0x00680667
0x011BA6A5,0x00681691
0x011BE07E,0x006826C4
0x011C1A61,0x00683700
0x011C544D,0x00684744
0x011C8E43,0x00685791
0x011CC842,0x006867E6
0x011D024B,0x00687844
0x011D3C5D,0x006888AB
0x011D7679,0x0068991A
0x011DB09E,0x0068A992
0x011DEACD,0x0068BA13
0x011E2505,0x0068CA9C
0x011E5F47,0x0068DB2E
0x011E9992,0x0068EBC9
0x011ED3E7,0x0068FC6C
0x011F0E45,0x00690D18
0x011F48AD,0x00691DCD
0x011F831E,0x00692E8B
0x011FBD99,0x00693F52
0x011FF81D,0x00695021
0x012032AB,0x006960F9
0x01206D42,0x006971DA
0x0120A7E3,0x006982C4
0x0120E28D,0x006993B7
0x01211D41,0x0069A4B3
0x012157FE,0x0069B5B8
0x012192C5,0x0069C6C6
0x0121CD95,0x0069D7DD
0x0122086F,0x0069E8FD
0x01224352,0x0069FA26
0x01227E3F,0x006A0B58
0x0122B935,0x006A1C93
0x0122F434,0x006A2DD7
0x01232F3D,0x006A3F24
0x01236A4F,0x006A507A
0x0123A56B,0x006A61D9
0x0123E090,0x006A7341
0x01241BBF,0x006A84B2
0x012456F7,0x006A962C
0x01249239,0x006AA7B0
0x0124CD84,0x006AB93D
0x012508D9,0x006ACAD3
0x01254437,0x006ADC72
0x01257F9E,0x006AEE1B
0x0125BB0F,0x006AFFCD
0x0125F689,0x006B1188
0x0126320D,0x006B234C
0x01266D9A,0x006B351A
0x0126A931,0x006B46F1
0x0126E4D1,0x006B58D1
0x0127207B,0x006B6ABB
0x01275C2E,0x006B7CAE
0x012797EA,0x006B8EAB
0x0127D3B0,0x006BA0B1
0x01280F7F,0x006BB2C1
0x01284B58,0x006BC4DA
0x0128873A,0x006BD6FC
0x0128C325,0x006BE928
0x0128FF1A,0x006BFB5E
0x01293B18,0x006C0D9D
0x01297720,0x006C1FE6
0x0129B331,0x006C3238
0x0129EF4B,0x006C4494
0x012A2B6F,0x006C56F9
0x012A679C,0x006C6968
0x012AA3D3,0x006C7BE1
0x012AE013,0x006C8E63
0x012B1C5C,0x006CA0EF
0x012B58AF,0x006CB385
0x012B950B,0x006CC625
0x012BD171,0x006CD8CE
0x012C0DE0,0x006CEB81
0x012C4A58,0x006CFE3E
0x012C86DA,0x006D1105
0x012CC365,0x006D23D6
0x012CFFF9,0x006D36B0
0x012D3C97,0x006D4994
0x012D793E,0x006D5C82
0x012DB5EF,0x006D6F7A
0x012DF2A9,0x006D827C
0x012E2F6C,0x006D9588
0x012E6C39,0x006DA89E
0x012EA90F,0x006DBBBE
0x012EE5EE,0x006DCEE8
0x012F22D7,0x006DE21C
0x012F5FC9,0x006DF55A
0x012F9CC4,0x006E08A2
0x012FD9C9,0x006E1BF4
0x013016D7,0x006E2F50
0x013053EE,0x006E42B6
0x0130910F,0x006E5627
0x0130CE39,0x006E69A2
0x01310B6C,0x006E7D27
0x013148A9,0x006E90B6
0x013185EF,0x006EA44F
0x0131C33E,0x006EB7F3
0x01320096,0x006ECBA1
0x01323DF8,0x006EDF59
0x01327B63,0x006EF31C
0x0132B8D7,0x006F06E9
0x0132F655,0x006F1AC0
0x013333DC,0x006F2EA2
0x0133716C,0x006F428E
0x0133AF06,0x006F5684
0x0133ECA9,0x006F6A85
0x01342A55,0x006F7E90
0x0134680A,0x006F92A6
0x0134A5C9,0x006FA6C6
0x0134E391,0x006FBAF1
0x01352162,0x006FCF26
0x01355F3C,0x006FE366
0x01359D20,0x006FF7B1
0x0135DB0D,0x00700C06
0x01361903,0x00702066
0x01365702,0x007034D0
0x0136950B,0x00704945
0x0136D31D,0x00705DC5
0x01371138,0x00707250
0x01374F5C,0x007086E5
0x01378D89,0x00709B85
0x0137CBC0,0x0070B030
0x01380A00,0x0070C4E6
0x01384849,0x0070D9A6
0x0138869B,0x0070EE71
0x0138C4F6,0x00710347
0x0139035B,0x00711828
0x013941C9,0x00712D14
0x01398040,0x0071420B
0x0139BEC0,0x0071570D
0x0139FD49,0x00716C1A
0x013A3BDB,0x00718132
0x013A7A77,0x00719655
0x013AB91C,0x0071AB83
0x013AF7CA,0x0071C0BC
0x013B3681,0x0071D600
0x013B7541,0x0071EB4F
0x013BB40A,0x007200A9
0x013BF2DC,0x0072160E
0x013C31B7,0x00722B7F
0x013C709C,0x007240FB
0x013CAF8A,0x00725682
0x013CEE81,0x00726C14
0x013D2D81,0x007281B2
0x013D6C8A,0x0072975B
0x013DAB9C,0x0072AD0F
0x013DEAB7,0x0072C2CF
0x013E29DB,0x0072D89A
0x013E6908,0x0072EE70
0x013EA83E,0x00730452
0x013EE77D,0x00731A3F
0x013F26C6,0x00733038
0x013F6618,0x0073463C
0x013FA573,0x00735C4C
0x013FE4D7,0x00737267
0x01402444,0x0073888E
0x014063BA,0x00739EC0
0x0140A339,0x0073B4FE
0x0140E2C1,0x0073CB48
0x01412252,0x0073E19D
0x014161EC,0x0073F7FE
0x0141A18F,0x00740E6B
0x0141E13B,0x007424E3
0x014220F0,0x00743B67
0x014260AE,0x007451F7
0x0142A075,0x00746893
0x0142E045,0x00747F3A
0x0143201E,0x007495ED
0x01436000,0x0074ACAC
0x01439FEB,0x0074C377
0x0143DFDF,0x0074DA4E
0x01441FDB,0x0074F131
0x01445FE0,0x00750820
0x01449FEE,0x00751F1B
0x0144E005,0x00753622
0x01452025,0x00754D35
0x0145604E,0x00756454
0x0145A080,0x00757B7F
0x0145E0BB,0x007592B6
0x014620FF,0x0075A9F9
0x0146614C,0x0075C148
0x0146A1A2,0x0075D8A4
0x0146E200,0x0075F00C
0x01472267,0x00760780
0x014762D7,0x00761F00
0x0147A350,0x0076368D
0x0147E3D2,0x00764E26
0x0148245D,0x007665CB
0x014864F0,0x00767D7D
0x0148A58C,0x0076953B
0x0148E631,0x0076AD05
0x014926DF,0x0076C4DC
0x01496796,0x0076DCBF
0x0149A855,0x0076F4AF
0x0149E91D,0x00770CAB
0x014A29EE,0x007724B4
0x014A6AC8,0x00773CCA
0x014AABAB,0x007754EC
0x014AEC96,0x00776D1B
0x014B2D8A,0x00778556
0x014B6E87,0x00779D9E
0x014BAF8D,0x0077B5F3
0x014BF09B,0x0077CE55
0x014C31B2,0x0077E6C3
0x014C72D2,0x0077FF3E
0x014CB3FA,0x007817C6
0x014CF52B,0x0078305B
0x014D3665,0x007848FD
0x014D77A7,0x007861AC
0x014DB8F2,0x00787A67
0x014DFA46,0x0078932F
0x014E3BA2,0x0078AC04
0x014E7D07,0x0078C4E6
0x014EBE75,0x0078DDD5
0x014EFFEB,0x0078F6D1
0x014F416A,0x00790FDB
0x014F82F1,0x007928F2
0x014FC481,0x00794216
0x0150061A,0x00795B47
0x015047BB,0x00797485
0x01508965,0x00798DD0
0x0150CB17,0x0079A729
0x01510CD2,0x0079C08F
0x01514E96,0x0079DA02
0x01519062,0x0079F383
0x0151D237,0x007A0D11
0x01521414,0x007A26AC
0x015255FA,0x007A4055
0x015297E8,0x007A5A0B
0x0152D9DF,0x007A73CF
0x01531BDE,0x007A8DA0
0x01535DE6,0x007AA77F
0x01539FF6,0x007AC16B
0x0153E20F,0x007ADB65
0x01542430,0x007AF56C
0x01546659,0x007B0F81
0x0154A88B,0x007B29A4
0x0154EAC5,0x007B43D4
0x01552D08,0x007B5E12
0x01556F53,0x007B785E
0x0155B1A6,0x007B92B8
0x0155F402,0x007BAD20
0x01563666,0x007BC795
0x015678D3,0x007BE218
0x0156BB48,0x007BFCA9
0x0156FDC5,0x007C1748
0x0157404B,0x007C31F5
0x015782D9,0x007C4CB0
0x0157C56F,0x007C6779
0x0158080E,0x007C8250
0x01584AB5,0x007C9D35
0x01588D64,0x007CB828
0x0158D01B,0x007CD32A
0x015912DB,0x007CEE3A
0x015955A3,0x007D0958
0x01599873,0x007D2484
0x0159DB4B,0x007D3FBE
0x015A1E2C,0x007D5B07
0x015A6115,0x007D765E
0x015AA406,0x007D91C3
0x015AE6FF,0x007DAD37
0x015B2A00,0x007DC8B9
0x015B6D0A,0x007DE44A
0x015BB01C,0x007DFFE9
0x015BF336,0x007E1B97
0x015C3658,0x007E3753
0x015C7982,0x007E531E
0x015CBCB4,0x007E6EF7
0x015CFFEE,0x007E8ADF
0x015D4330,0x007EA6D6
0x015D867B,0x007EC2DB
0x015DC9CE,0x007EDEEF
0x015E0D29,0x007EFB12
0x015E508C,0x007F1744
0x015E93F7,0x007F3384
0x015ED76A,0x007F4FD3
0x015F1AE5,0x007F6C31
0x015F5E68,0x007F889E
0x015FA1F3,0x007FA51A
0x015FE586,0x007FC1A5
0x01602921,0x007FDE3F
0x01606CC4,0x007FFAE8
0x0160B06F,0x008017A0
0x0160F421,0x00803467
0x016137DB,0x0080513D
0x01617B9D,0x00806E23
0x0161BF67,0x00808B18
0x01620339,0x0080A81C
0x01624713,0x0080C52F
0x01628AF5,0x0080E252
0x0162CEDF,0x0080FF84
0x016312D0,0x00811CC5
0x016356C9,0x00813A16
0x01639ACA,0x00815776
0x0163DED3,0x008174E6
0x016422E4,0x00819265
0x016466FC,0x0081AFF4
0x0164AB1C,0x0081CD92
0x0164EF44,0x0081EB40
0x01653374,0x008208FE
0x016577AB,0x008226CB
0x0165BBEA,0x008244A8
0x01660031,0x00826295
0x0166447F,0x00828092
0x016688D5,0x00829E9E
0x0166CD33,0x0082BCBA
0x01671198,0x0082DAE6
0x01675605,0x0082F922
0x01679A7A,0x0083176E
0x0167DEF6,0x008335CA
0x0168237A,0x00835436
0x01686805,0x008372B2
0x0168AC98,0x0083913E
0x0168F132,0x0083AFDA
0x016935D4,0x0083CE86
0x01697A7D,0x0083ED43
0x0169BF2E,0x00840C10
0x016A03E6,0x00842AED
0x016A48A6,0x008449DA
0x016A8D6D,0x008468D8
0x016AD23C,0x008487E6
0x016B1712,0x0084A704
0x016B5BF0,0x0084C633
0x016BA0D5,0x0084E572
0x016BE5C1,0x008504C2
0x016C2AB5,0x00852422
0x016C6FB0,0x00854393
0x016CB4B2,0x00856315
0x016CF9BC,0x008582A7
0x016D3ECD,0x0085A24A
0x016D83E5,0x0085C1FE
0x016DC905,0x0085E1C2
0x016E0E2C,0x00860197
0x016E535A,0x0086217D
0x016E988F,0x00864174
0x016EDDCC,0x0086617C
0x016F2310,0x00868195
0x016F685B,0x0086A1BF
0x016FADAD,0x0086C1FA
0x016FF306,0x0086E246
0x01703867,0x008702A3
0x01707DCF,0x00872311
0x0170C33E,0x00874390
0x017108B4,0x00876420
0x01714E31,0x008784C2
0x017193B5,0x0087A575
0x0171D940,0x0087C639
0x01721ED2,0x0087E70F
0x0172646B,0x008807F6
0x0172AA0B,0x008828EE
0x0172EFB2,0x008849F8
0x01733560,0x00886B13
0x01737B15,0x00888C40
0x0173C0D1,0x0088AD7F
0x01740694,0x0088CECF
0x01744C5E,0x0088F031
0x0174922F,0x008911A5
0x0174D806,0x0089332A
0x01751DE4,0x008954C1
0x017563C9,0x0089766A
0x0175A9B5,0x00899825
0x0175EFA8,0x0089B9F2
0x017635A1,0x0089DBD1
0x01767BA1,0x0089FDC2
0x0176C1A8,0x008A1FC5
0x017707B6,0x008A41DA
0x01774DCA,0x008A6401
0x017793E5,0x008A863A
0x0177DA07,0x008AA885
0x0178202F,0x008ACAE2
0x0178665E,0x008AED52
0x0178AC94,0x008B0FD4
0x0178F2D0,0x008B3268
0x01793913,0x008B550F
0x01797F5C,0x008B77C8
0x0179C5AC,0x008B9A93
0x017A0C02,0x008BBD71
0x017A525F,0x008BE061
0x017A98C2,0x008C0364
0x017ADF2C,0x008C267A
0x017B259C,0x008C49A2
0x017B6C13,0x008C6CDD
0x017BB290,0x008C902B
0x017BF914,0x008CB38C
0x017C3F9E,0x008CD6FF
0x017C862E,0x008CFA85
0x017CCCC5,0x008D1E1E
0x017D1362,0x008D41CA
0x017D5A05,0x008D6589
0x017DA0AF,0x008D895B
0x017DE75F,0x008DAD40
0x017E2E15,0x008DD138
0x017E74D1,0x008DF543
0x017EBB93,0x008E1962
0x017F025C,0x008E3D94
0x017F492B,0x008E61D9
0x017F9000,0x008E8632
0x017FD6DB,0x008EAA9E
0x01801DBC,0x008ECF1D
0x018064A3,0x008EF3B0
0x0180AB90,0x008F1856
0x0180F283,0x008F3D10
0x0181397C,0x008F61DD
0x0181807B,0x008F86BE
0x0181C780,0x008FABB3
0x01820E8B,0x008FD0BB
0x0182559C,0x008FF5D7
0x01829CB3,0x00901B07
0x0182E3D0,0x0090404B
0x01832AF3,0x009065A3
0x0183721C,0x00908B0F
0x0183B94B,0x0090B08F
0x0184007F,0x0090D623
0x018447B9,0x0090FBCB
0x01848EF9,0x00912187
0x0184D63F,0x00914757
0x01851D8A,0x00916D3B
0x018564DB,0x00919333
0x0185AC32,0x0091B940
0x0185F38E,0x0091DF61
0x01863AF0,0x00920597
0x01868258,0x00922BE1
0x0186C9C5,0x0092523F
0x01871138,0x009278B2
0x018758B0,0x00929F3A
0x0187A02E,0x0092C5D6
0x0187E7B1,0x0092EC87
0x01882F3A,0x0093134D
0x018876C8,0x00933A27
0x0188BE5C,0x00936116
0x018905F5,0x0093881A
0x01894D94,0x0093AF33
0x01899538,0x0093D661
0x0189DCE1,0x0093FDA4
0x018A2490,0x009424FC
0x018A6C44,0x00944C69
0x018AB3FD,0x009473EB
0x018AFBBB,0x00949B82
0x018B437F,0x0094C32E
0x018B8B48,0x0094EAF0
0x018BD316,0x009512C7
0x018C1AE9,0x00953AB3
0x018C62C1,0x009562B5
0x018CAA9E,0x00958ACC
0x018CF280,0x0095B2F9
0x018D3A68,0x0095DB3B
0x018D8255,0x00960393
0x018DCA47,0x00962C00
0x018E123E,0x00965483
0x018E5A39,0x00967D1C
0x018EA239,0x0096A5CB
0x018EEA3E,0x0096CE90
0x018F3248,0x0096F76A
0x018F7A57,0x0097205A
0x018FC26B,0x00974960
0x01900A84,0x0097727C
0x019052A1,0x00979BAF
0x01909AC3,0x0097C4F8
0x0190E2EA,0x0097EE57
0x01912B16,0x009817CC
0x01917346,0x00984157
0x0191BB7B,0x00986AF9
0x019203B5,0x009894B1
0x01924BF3,0x0098BE80
0x01929436,0x0098E865
0x0192DC7D,0x00991261
0x019324C9,0x00993C73
0x01936D19,0x0099669C
0x0193B56E,0x009990DC
0x0193FDC7,0x0099BB32
0x01944625,0x0099E59F
0x01948E87,0x009A1023
0x0194D6ED,0x009A3ABE
0x01951F58,0x009A6570
0x019567C7,0x009A9039
0x0195B03A,0x009ABB19
0x0195F8B2,0x009AE610
0x0196412E,0x009B111E
0x019689AE,0x009B3C43
0x0196D232,0x009B6780
0x01971ABA,0x009B92D4
0x01976346,0x009BBE3F
0x0197ABD7,0x009BE9C2
0x0197F46C,0x009C155C
0x01983D05,0x009C410E
0x019885A2,0x009C6CD7
0x0198CE43,0x009C98B8
0x019916E8,0x009CC4B0
0x01995F90,0x009CF0C0
0x0199A83C,0x009D1CE8
0x0199F0EC,0x009D4928
0x019A39A0,0x009D7580
0x019A8258,0x009DA1F0
0x019ACB14,0x009DCE78
0x019B13D3,0x009DFB18
0x019B5C96,0x009E27D0
0x019BA55D,0x009E54A0
0x019BEE27,0x009E8188
0x019C36F5,0x009EAE89
0x019C7FC7,0x009EDBA2
0x019CC89C,0x009F08D3
0x019D1175,0x009F361D
0x019D5A51,0x009F637F
0x019DA331,0x009F90FA
0x019DEC14,0x009FBE8D
0x019E34FA,0x009FEC39
0x019E7DE4,0x00A019FE
0x019EC6D1,0x00A047DB
0x019F0FC2,0x00A075D1
0x019F58B6,0x00A0A3E0
0x019FA1AD,0x00A0D208
0x019FEAA7,0x00A10049
0x01A033A5,0x00A12EA3
0x01A07CA6,0x00A15D16
0x01A0C5AA,0x00A18BA2
0x01A10EB1,0x00A1BA48
0x01A157BB,0x00A1E907
0x01A1A0C8,0x00A217DF
0x01A1E9D8,0x00A246D1
0x01A232EB,0x00A275DC
0x01A27C01,0x00A2A501
0x01A2C51A,0x00A2D43F
0x01A30E36,0x00A30397
0x01A35755,0x00A33309
0x01A3A076,0x00A36294
0x01A3E99A,0x00A39239
0x01A432C1,0x00A3C1F8
0x01A47BEB,0x00A3F1D1
0x01A4C517,0x00A421C4
0x01A50E46,0x00A451D1
0x01A55778,0x00A481F8
0x01A5A0AC,0x00A4B239
0x01A5E9E3,0x00A4E294
0x01A6331C,0x00A5130A
0x01A67C58,0x00A5439A
0x01A6C596,0x00A57444
0x01A70ED7,0x00A5A509
0x01A7581A,0x00A5D5E8
0x01A7A15F,0x00A606E2
0x01A7EAA7,0x00A637F6
0x01A833F1,0x00A66925
0x01A87D3D,0x00A69A6F
0x01A8C68B,0x00A6CBD4
0x01A90FDB,0x00A6FD54
0x01A9592E,0x00A72EEF
0x01A9A283,0x00A760A5
0x01A9EBDA,0x00A79276
0x01AA3533,0x00A7C462
0x01AA7E8E,0x00A7F669
0x01AAC7EB,0x00A8288B
0x01AB114A,0x00A85AC8
0x01AB5AAB,0x00A88D21
0x01ABA40D,0x00A8BF95
0x01ABED71,0x00A8F225
0x01AC36D7,0x00A924D0
0x01AC803F,0x00A95797
0x01ACC9A8,0x00A98A7A
0x01AD1313,0x00A9BD78
0x01AD5C80,0x00A9F092
0x01ADA5EE,0x00AA23C8
0x01ADEF5E,0x00AA571A
0x01AE38CF,0x00AA8A88
0x01AE8242,0x00AABE12
0x01AECBB6,0x00AAF1B8
0x01AF152C,0x00AB257A
0x01AF5EA3,0x00AB5958
0x01AFA81B,0x00AB8D53
0x01AFF195,0x00ABC16A
0x01B03B10,0x00ABF59E
0x01B0848C,0x00AC29EE
0x01B0CE09,0x00AC5E5B
0x01B11788,0x00AC92E4
0x01B16108,0x00ACC78A
0x01B1AA89,0x00ACFC4D
0x01B1F40B,0x00AD312D
0x01B23D8E,0x00AD6629
0x01B28712,0x00AD9B42
0x01B2D097,0x00ADD078
0x01B31A1C,0x00AE05CB
0x01B363A2,0x00AE3B3C
0x01B3AD29,0x00AE70CA
0x01B3F6B1,0x00AEA675
0x01B4403A,0x00AEDC3E
0x01B489C3,0x00AF1224
0x01B4D34D,0x00AF4827
0x01B51CD7,0x00AF7E48
0x01B56662,0x00AFB487
0x01B5AFED,0x00AFEAE3
0x01B5F979,0x00B0215D
0x01B64305,0x00B057F5
0x01B68C92,0x00B08EAB
0x01B6D61F,0x00B0C57F
0x01B71FAC,0x00B0FC71
0x01B7693A,0x00B13381
0x01B7B2C8,0x00B16AAF
0x01B7FC56,0x00B1A1FB
0x01B845E4,0x00B1D966
0x01B88F72,0x00B210EF
0x01B8D900,0x00B24896
0x01B9228E,0x00B2805C
0x01B96C1C,0x00B2B840
0x01B9B5AA,0x00B2F043
0x01B9FF38,0x00B32865
0x01BA48C6,0x00B360A6
0x01BA9254,0x00B39905
0x01BADBE2,0x00B3D183
0x01BB256F,0x00B40A20
0x01BB6EFC,0x00B442DC
0x01BBB889,0x00B47BB8
0x01BC0215,0x00B4B4B3
0x01BC4BA1,0x00B4EDCD
0x01BC952C,0x00B52706
0x01BCDEB7,0x00B5605F
0x01BD2841,0x00B599D7
0x01BD71CA,0x00B5D36F
0x01BDBB53,0x00B60D27
0x01BE04DB,0x00B646FE
0x01BE4E62,0x00B680F5
0x01BE97E8,0x00B6BB0C
0x01BEE16E,0x00B6F543
0x01BF2AF3,0x00B72F9A
0x01BF7477,0x00B76A11
0x01BFBDFA,0x00B7A4A8
0x01C0077C,0x00B7DF5F
0x01C050FD,0x00B81A37
0x01C09A7C,0x00B8552F
0x01C0E3FA,0x00B89047
0x01C12D77,0x00B8CB80
0x01C176F3,0x00B906D9
0x01C1C06E,0x00B94253
0x01C209E7,0x00B97DEE
0x01C2535F,0x00B9B9AA
0x01C29CD5,0x00B9F586
0x01C2E64A,0x00BA3183
0x01C32FBD,0x00BA6DA1
0x01C3792F,0x00BAA9E1
0x01C3C29F,0x00BAE642
0x01C40C0D,0x00BB22C4
0x01C4557A,0x00BB5F67
0x01C49EE5,0x00BB9C2C
0x01C4E84E,0x00BBD912
0x01C531B5,0x00BC161A
0x01C57B1A,0x00BC5343
0x01C5C47D,0x00BC908E
0x01C60DDE,0x00BCCDFB
0x01C6573D,0x00BD0B8A
0x01C6A09A,0x00BD493B
0x01C6E9F5,0x00BD870E
0x01C7334D,0x00BDC503
0x01C77CA3,0x00BE031A
0x01C7C5F7,0x00BE4153
0x01C80F49,0x00BE7FAF
0x01C85898,0x00BEBE2D
0x01C8A1E5,0x00BEFCCD
0x01C8EB2F,0x00BF3B90
0x01C93477,0x00BF7A76
0x01C97DBC,0x00BFB97E
0x01C9C6FE,0x00BFF8A9
0x01CA103D,0x00C037F7
0x01CA597A,0x00C07768
0x01CAA2B4,0x00C0B6FC
0x01CAEBEB,0x00C0F6B3
0x01CB351F,0x00C1368D
0x01CB7E50,0x00C1768B
0x01CBC77E,0x00C1B6AC
0x01CC10A9,0x00C1F6F0
0x01CC59D1,0x00C23758
0x01CCA2F6,0x00C277E4
0x01CCEC17,0x00C2B893
0x01CD3535,0x00C2F966
0x01CD7E50,0x00C33A5D
0x01CDC767,0x00C37B78
0x01CE107B,0x00C3BCB7
0x01CE598B,0x00C3FE1A
0x01CEA298,0x00C43FA1
0x01CEEBA1,0x00C4814C
0x01CF34A7,0x00C4C31C
0x01CF7DA9,0x00C50510
0x01CFC6A7,0x00C54728
0x01D00FA1,0x00C58965
0x01D05897,0x00C5CBC7
0x01D0A189,0x00C60E4D
0x01D0EA77,0x00C650F8
0x01D13361,0x00C693C8
0x01D17C47,0x00C6D6BD
0x01D1C529,0x00C719D7
0x01D20E07,0x00C75D16
0x01D256E1,0x00C7A07B
0x01D29FB6,0x00C7E405
0x01D2E887,0x00C827B4
0x01D33153,0x00C86B89
0x01D37A1B,0x00C8AF83
0x01D3C2DE,0x00C8F3A3
0x01D40B9D,0x00C937E9
0x01D45457,0x00C97C55
0x01D49D0C,0x00C9C0E7
0x01D4E5BD,0x00CA059F
0x01D52E69,0x00CA4A7D
0x01D57710,0x00CA8F81
0x01D5BFB2,0x00CAD4AB
0x01D6084F,0x00CB19FB
0x01D650E7,0x00CB5F72
0x01D6997A,0x00CBA50F
0x01D6E208,0x00CBEAD3
0x01D72A90,0x00CC30BE
0x01D77313,0x00CC76D0
0x01D7BB91,0x00CCBD08
0x01D80409,0x00CD0367
0x01D84C7C,0x00CD49ED
0x01D894E9,0x00CD909B
0x01D8DD51,0x00CDD770
0x01D925B3,0x00CE1E6C
0x01D96E0F,0x00CE658F
0x01D9B666,0x00CEACDA
0x01D9FEB7,0x00CEF44D
0x01DA4702,0x00CF3BE7
0x01DA8F47,0x00CF83A9
0x01DAD786,0x00CFCB93
0x01DB1FBF,0x00D013A5
0x01DB67F2,0x00D05BDF
0x01DBB01E,0x00D0A441
0x01DBF844,0x00D0ECCB
0x01DC4064,0x00D1357D
0x01DC887D,0x00D17E58
0x01DCD090,0x00D1C75B
0x01DD189D,0x00D21087
0x01DD60A3,0x00D259DB
0x01DDA8A2,0x00D2A358
0x01DDF09B,0x00D2ECFE
0x01DE388D,0x00D336CD
0x01DE8078,0x00D380C5
0x01DEC85C,0x00D3CAE6
0x01DF1039,0x00D41530
0x01DF580F,0x00D45FA4
0x01DF9FDE,0x00D4AA41
0x01DFE7A6,0x00D4F507
0x01E02F67,0x00D53FF7
0x01E07721,0x00D58B11
0x01E0BED3,0x00D5D654
0x01E1067E,0x00D621C1
0x01E14E21,0x00D66D58
0x01E195BD,0x00D6B919
0x01E1DD51,0x00D70504
0x01E224DE,0x00D7511A
0x01E26C63,0x00D79D5A
0x01E2B3E0,0x00D7E9C4
0x01E2FB55,0x00D83659
0x01E342C2,0x00D88319
0x01E38A27,0x00D8D003
0x01E3D184,0x00D91D18
0x01E418D9,0x00D96A58
0x01E46026,0x00D9B7C3
0x01E4A76B,0x00DA0559
0x01E4EEA7,0x00DA531A
0x01E535DB,0x00DAA107
0x01E57D07,0x00DAEF1F
0x01E5C42A,0x00DB3D62
0x01E60B45,0x00DB8BD1
0x01E65257,0x00DBDA6C
0x01E69960,0x00DC2932
0x01E6E060,0x00DC7824
0x01E72758,0x00DCC742
0x01E76E47,0x00DD168C
0x01E7B52D,0x00DD6602
0x01E7FC0A,0x00DDB5A5
0x01E842DD,0x00DE0574
0x01E889A7,0x00DE5570
0x01E8D068,0x00DEA598
0x01E91720,0x00DEF5ED
0x01E95DCE,0x00DF466F
0x01E9A473,0x00DF971D
0x01E9EB0E,0x00DFE7F8
0x01EA319F,0x00E03900
0x01EA7827,0x00E08A36
0x01EABEA5,0x00E0DB99
0x01EB0519,0x00E12D29
0x01EB4B83,0x00E17EE7
0x01EB91E3,0x00E1D0D2
0x01EBD839,0x00E222EB
0x01EC1E85,0x00E27532
0x01EC64C7,0x00E2C7A6
0x01ECAAFF,0x00E31A48
0x01ECF12C,0x00E36D18
0x01ED374F,0x00E3C017
0x01ED7D67,0x00E41344
0x01EDC375,0x00E4669F
0x01EE0978,0x00E4BA29
0x01EE4F71,0x00E50DE1
0x01EE955F,0x00E561C8
0x01EEDB42,0x00E5B5DE
0x01EF211A,0x00E60A23
0x01EF66E7,0x00E65E97
0x01EFACA9,0x00E6B33A
0x01EFF260,0x00E7080C
0x01F0380B,0x00E75D0D
0x01F07DAB,0x00E7B23D
0x01F0C340,0x00E8079D
0x01F108C9,0x00E85D2D
0x01F14E47,0x00E8B2EC
0x01F193B9,0x00E908DB
0x01F1D920,0x00E95EFA
0x01F21E7B,0x00E9B549
0x01F263CA,0x00EA0BC8
0x01F2A90D,0x00EA6277
0x01F2EE44,0x00EAB957
0x01F3336F,0x00EB1067
0x01F3788E,0x00EB67A8
0x01F3BDA1,0x00EBBF19
0x01F402A7,0x00EC16BB
0x01F447A1,0x00EC6E8E
0x01F48C8F,0x00ECC692
0x01F4D170,0x00ED1EC7
0x01F51644,0x00ED772D
0x01F55B0C,0x00EDCFC5
0x01F59FC7,0x00EE288E
0x01F5E475,0x00EE8189
0x01F62916,0x00EEDAB5
0x01F66DAA,0x00EF3413
0x01F6B231,0x00EF8DA3
0x01F6F6AB,0x00EFE765
0x01F73B18,0x00F04159
0x01F77F77,0x00F09B7F
0x01F7C3C9,0x00F0F5D7
0x01F8080D,0x00F15062
0x01F84C44,0x00F1AB1F
0x01F8906D,0x00F2060F
0x01F8D488,0x00F26131
0x01F91896,0x00F2BC86
0x01F95C96,0x00F3180E
0x01F9A088,0x00F373C9
0x01F9E46C,0x00F3CFB7
0x01FA2842,0x00F42BD9
0x01FA6C09,0x00F4882E
0x01FAAFC2,0x00F4E4B6
0x01FAF36D,0x00F54172
0x01FB3709,0x00F59E62
0x01FB7A97,0x00F5FB86
0x01FBBE16,0x00F658DE
0x01FC0186,0x00F6B66A
0x01FC44E8,0x00F7142A
0x01FC883B,0x00F7721E
0x01FCCB7F,0x00F7D046
0x01FD0EB4,0x00F82EA3
0x01FD51D9,0x00F88D35
0x01FD94EF,0x00F8EBFB
0x01FDD7F6,0x00F94AF6
0x01FE1AEE,0x00F9AA26
0x01FE5DD6,0x00FA098B
0x01FEA0AE,0x00FA6925
0x01FEE377,0x00FAC8F5
0x01FF2630,0x00FB28FA
0x01FF68D9,0x00FB8935
0x01FFAB72,0x00FBE9A5
0x01FFEDFB,0x00FC4A4B
0x02003074,0x00FCAB27
0x020072DD,0x00FD0C39
0x0200B536,0x00FD6D81
0x0200F77F,0x00FDCEFF
0x020139B7,0x00FE30B3
0x02017BDF,0x00FE929E
0x0201BDF6,0x00FEF4BF
0x0201FFFC,0x00FF5717
0x020241F1,0x00FFB9A6
0x020283D6,0x01001C6C
0x0202C5AA,0x01007F69
0x0203076D,0x0100E29D
0x0203491E,0x01014608
0x02038ABE,0x0101A9AB
0x0203CC4D,0x01020D85
0x02040DCA,0x01027197
0x02044F36,0x0102D5E0
0x02049090,0x01033A61
0x0204D1D9,0x01039F1A
0x02051310,0x0104040B
0x02055435,0x01046935
0x02059548,0x0104CE97
0x0205D649,0x01053431
0x02061738,0x01059A04
0x02065815,0x01060010
0x020698DF,0x01066654
0x0206D997,0x0106CCD1
0x02071A3C,0x01073387
0x02075ACF,0x01079A76
0x02079B4F,0x0108019F
0x0207DBBC,0x01086901
0x02081C16,0x0108D09D
0x02085C5D,0x01093872
0x02089C91,0x0109A081
0x0208DCB2,0x010A08CA
0x02091CC0,0x010A714D
0x02095CBB,0x010ADA0A
0x02099CA2,0x010B4301
0x0209DC76,0x010BAC33
0x020A1C36,0x010C159F
0x020A5BE2,0x010C7F46
0x020A9B7A,0x010CE928
0x020ADAFE,0x010D5344
0x020B1A6E,0x010DBD9B
0x020B59CA,0x010E282D
0x020B9912,0x010E92FB
0x020BD846,0x010EFE04
0x020C1765,0x010F6948
0x020C5670,0x010FD4C8
0x020C9566,0x01104084
0x020CD448,0x0110AC7C
0x020D1315,0x011118B0
0x020D51CD,0x01118520
0x020D9070,0x0111F1CC
0x020DCEFE,0x01125EB4
0x020E0D77,0x0112CBD9
0x020E4BDA,0x0113393A
0x020E8A28,0x0113A6D8
0x020EC860,0x011414B3
0x020F0683,0x011482CB
0x020F4490,0x0114F120
0x020F8287,0x01155FB2
0x020FC069,0x0115CE81
0x020FFE35,0x01163D8E
0x02103BEA,0x0116ACD8
0x02107989,0x01171C60
0x0210B712,0x01178C26
0x0210F485,0x0117FC2A
0x021131E1,0x01186C6C
0x02116F27,0x0118DCEC
0x0211AC56,0x01194DAB
0x0211E96E,0x0119BEA8
0x0212266F,0x011A2FE4
0x02126359,0x011AA15E
0x0212A02C,0x011B1317
0x0212DCE8,0x011B850F
0x0213198D,0x011BF746
0x0213561A,0x011C69BD
0x02139290,0x011CDC73
0x0213CEEE,0x011D4F68
0x02140B34,0x011DC29D
0x02144763,0x011E3612
0x0214837A,0x011EA9C7
0x0214BF79,0x011F1DBC
0x0214FB60,0x011F91F1
0x0215372E,0x01200666
0x021572E4,0x01207B1B
0x0215AE82,0x0120F011
0x0215EA07,0x01216548
0x02162573,0x0121DABF
0x021660C7,0x01225077
0x02169C02,0x0122C670
0x0216D724,0x01233CAA
0x0217122D,0x0123B326
0x02174D1C,0x012429E3
0x021787F2,0x0124A0E2
0x0217C2AF,0x01251822
0x0217FD52,0x01258FA4
0x021837DC,0x01260768
0x0218724C,0x01267F6E
0x0218ACA2,0x0126F7B6
0x0218E6DE,0x01277041
0x02192100,0x0127E90E
0x02195B08,0x0128621E
0x021994F6,0x0128DB71
0x0219CEC9,0x01295506
0x021A0882,0x0129CEDE
0x021A4220,0x012A48FA
0x021A7BA4,0x012AC359
0x021AB50D,0x012B3DFB
0x021AEE5B,0x012BB8E1
0x021B278E,0x012C340A
0x021B60A6,0x012CAF77
0x021B99A3,0x012D2B28
0x021BD284,0x012DA71D
0x021C0B4A,0x012E2356
0x021C43F4,0x012E9FD4
0x021C7C82,0x012F1C96
0x021CB4F5,0x012F999D
0x021CED4C,0x013016E8
0x021D2587,0x01309478
0x021D5DA6,0x0131124D
0x021D95A8,0x01319067
0x021DCD8E,0x01320EC6
0x021E0558,0x01328D6B
0x021E3D05,0x01330C55
0x021E7495,0x01338B85
0x021EAC09,0x01340AFB
0x021EE360,0x01348AB7
0x021F1A9A,0x01350AB9
0x021F51B6,0x01358B01
0x021F88B5,0x01360B8F
0x021FBF97,0x01368C64
0x021FF65B,0x01370D7F
0x02202D02,0x01378EE1
0x0220638B,0x0138108A
0x022099F6,0x0138927A
0x0220D043,0x013914B1
0x02210672,0x0139972F
0x02213C83,0x013A19F5
0x02217276,0x013A9D02
0x0221A84A,0x013B2057
0x0221DE00,0x013BA3F3
0x02221397,0x013C27D7
0x0222490F,0x013CAC03
0x02227E69,0x013D3078
0x0222B3A4,0x013DB535
0x0222E8BF,0x013E3A3A
0x02231DBB,0x013EBF88
0x02235298,0x013F451F
0x02238755,0x013FCAFF
0x0223BBF3,0x01405128
0x0223F071,0x0140D79A
0x022424CF,0x01415E55
0x0224590D,0x0141E559
0x02248D2B,0x01426CA7
0x0224C129,0x0142F43F
0x0224F507,0x01437C20
0x022528C5,0x0144044B
0x02255C62,0x01448CC0
0x02258FDE,0x01451580
0x0225C33A,0x01459E8A
0x0225F675,0x014627DF
0x0226298F,0x0146B17E
0x02265C88,0x01473B68
0x02268F60,0x0147C59D
0x0226C216,0x0148501D
0x0226F4AB,0x0148DAE8
0x0227271E,0x014965FE
0x0227596F,0x0149F160
0x02278B9F,0x014A7D0D
0x0227BDAD,0x014B0906
0x0227EF99,0x014B954B
0x02282162,0x014C21DC
0x02285309,0x014CAEB9
0x0228848E,0x014D3BE2
0x0228B5F0,0x014DC958
0x0228E72F,0x014E571A
0x0229184C,0x014EE529
0x02294946,0x014F7385
0x02297A1D,0x0150022E
0x0229AAD0,0x01509124
0x0229DB60,0x01512067
0x022A0BCD,0x0151AFF7
0x022A3C16,0x01523FD5
0x022A6C3C,0x0152D000
0x022A9C3E,0x01536079
0x022ACC1C,0x0153F140
0x022AFBD6,0x01548255
0x022B2B6C,0x015513B8
0x022B5ADD,0x0155A56A
0x022B8A2A,0x0156376A
0x022BB952,0x0156C9B9
0x022BE856,0x01575C56
0x022C1735,0x0157EF42
0x022C45EF,0x0158827D
0x022C7484,0x01591607
0x022CA2F4,0x0159A9E1
0x022CD13F,0x015A3E0A
0x022CFF64,0x015AD283
0x022D2D64,0x015B674B
0x022D5B3E,0x015BFC63
0x022D88F2,0x015C91CB
0x022DB680,0x015D2783
0x022DE3E8,0x015DBD8B
0x022E112A,0x015E53E4
0x022E3E46,0x015EEA8D
0x022E6B3C,0x015F8187
0x022E980B,0x016018D1
0x022EC4B3,0x0160B06C
0x022EF135,0x01614858
0x022F1D90,0x0161E096
0x022F49C4,0x01627925
0x022F75D1,0x01631205
0x022FA1B6,0x0163AB37
0x022FCD74,0x016444BB
0x022FF90A,0x0164DE90
0x02302479,0x016578B7
0x02304FC0,0x01661331
0x02307ADF,0x0166ADFD
0x0230A5D6,0x0167491B
0x0230D0A5,0x0167E48C
0x0230FB4B,0x0168804F
0x023125C9,0x01691C65
0x0231501E,0x0169B8CE
0x02317A4B,0x016A558A
0x0231A44F,0x016AF299
0x0231CE2A,0x016B8FFC
0x0231F7DC,0x016C2DB2
0x02322164,0x016CCBBC
0x02324AC3,0x016D6A19
0x023273F9,0x016E08CA
0x02329D05,0x016EA7CF
0x0232C5E7,0x016F4728
0x0232EE9F,0x016FE6D6
0x0233172D,0x017086D8
0x02333F91,0x0171272F
0x023367CB,0x0171C7DA
0x02338FDB,0x017268DA
0x0233B7C0,0x01730A2F
0x0233DF7A,0x0173ABD9
0x0234070A,0x01744DD8
0x02342E6F,0x0174F02D
0x023455A9,0x017592D7
0x02347CB8,0x017635D7
0x0234A39B,0x0176D92C
0x0234CA53,0x01777CD7
0x0234F0DF,0x017820D8
0x02351740,0x0178C52F
0x02353D75,0x017969DD
0x0235637E,0x017A0EE1
0x0235895B,0x017AB43C
0x0235AF0B,0x017B59ED
0x0235D48F,0x017BFFF5
0x0235F9E7,0x017CA654
0x02361F12,0x017D4D0A
0x02364410,0x017DF417
0x023668E1,0x017E9B7C
0x02368D85,0x017F4338
0x0236B1FC,0x017FEB4C
0x0236D646,0x018093B7
0x0236FA63,0x01813C7A
0x02371E52,0x0181E595
0x02374213,0x01828F08
0x023765A7,0x018338D3
0x0237890D,0x0183E2F7
0x0237AC45,0x01848D73
0x0237CF4E,0x01853848
0x0237F229,0x0185E376
0x023814D6,0x01868EFD
0x02383754,0x01873ADD
0x023859A3,0x0187E716
0x02387BC3,0x018893A8
0x02389DB4,0x01894093
0x0238BF76,0x0189EDD8
0x0238E109,0x018A9B77
0x0239026D,0x018B496F
0x023923A1,0x018BF7C1
0x023944A5,0x018CA66D
0x0239657A,0x018D5573
0x0239861F,0x018E04D4
0x0239A694,0x018EB48F
0x0239C6D8,0x018F64A5
0x0239E6EC,0x01901515
0x023A06D0,0x0190C5E0
0x023A2683,0x01917706
0x023A4605,0x01922887
0x023A6556,0x0192DA63
0x023A8476,0x01938C9A
0x023AA365,0x01943F2D
0x023AC223,0x0194F21B
0x023AE0AF,0x0195A565
0x023AFF0A,0x0196590B
0x023B1D33,0x01970D0D
0x023B3B2A,0x0197C16B
0x023B58F0,0x01987625
0x023B7683,0x01992B3B
0x023B93E4,0x0199E0AD
0x023BB113,0x019A967C
0x023BCE0F,0x019B4CA8
0x023BEAD9,0x019C0330
0x023C0770,0x019CBA15
0x023C23D4,0x019D7157
0x023C4005,0x019E28F6
0x023C5C03,0x019EE0F2
0x023C77CE,0x019F994C
0x023C9365,0x01A05203
0x023CAEC9,0x01A10B18
0x023CC9F9,0x01A1C48B
0x023CE4F5,0x01A27E5B
0x023CFFBD,0x01A33889
0x023D1A51,0x01A3F315
0x023D34B1,0x01A4AE00
0x023D4EDD,0x01A56949
0x023D68D4,0x01A624F0
0x023D8297,0x01A6E0F6
0x023D9C25,0x01A79D5A
0x023DB57E,0x01A85A1D
0x023DCEA2,0x01A9173F
0x023DE791,0x01A9D4C0
0x023E004A,0x01AA92A0
0x023E18CE,0x01AB50DF
0x023E311C,0x01AC0F7E
0x023E4935,0x01ACCE7C
0x023E6118,0x01AD8DDA
0x023E78C5,0x01AE4D97
0x023E903C,0x01AF0DB4
0x023EA77D,0x01AFCE31
0x023EBE87,0x01B08F0E
0x023ED55B,0x01B1504B
0x023EEBF8,0x01B211E8
0x023F025E,0x01B2D3E6
0x023F188D,0x01B39644
0x023F2E85,0x01B45903
0x023F4446,0x01B51C22
0x023F59D0,0x01B5DFA2
0x023F6F22,0x01B6A383
0x023F843D,0x01B767C5
0x023F9920,0x01B82C68
0x023FADCB,0x01B8F16C
0x023FC23E,0x01B9B6D1
0x023FD679,0x01BA7C98
0x023FEA7C,0x01BB42C0
0x023FFE47,0x01BC094A
0x024011D9,0x01BCD036
0x02402533,0x01BD9784
0x02403854,0x01BE5F33
0x02404B3C,0x01BF2744
0x02405DEB,0x01BFEFB8
0x02407061,0x01C0B88E
0x0240829D,0x01C181C6
0x024094A0,0x01C24B61
0x0240A669,0x01C3155E
0x0240B7F9,0x01C3DFBE
0x0240C94F,0x01C4AA80
0x0240DA6B,0x01C575A5
0x0240EB4D,0x01C6412D
0x0240FBF5,0x01C70D18
0x02410C62,0x01C7D966
0x02411C95,0x01C8A618
0x02412C8D,0x01C9732D
0x02413C4B,0x01CA40A5
0x02414BCE,0x01CB0E81
0x02415B16,0x01CBDCC0
0x02416A23,0x01CCAB63
0x024178F4,0x01CD7A6A
0x0241878A,0x01CE49D5
0x024195E4,0x01CF19A4
0x0241A403,0x01CFE9D7
0x0241B1E6,0x01D0BA6E
0x0241BF8D,0x01D18B69
0x0241CCF8,0x01D25CC9
0x0241DA27,0x01D32E8D
0x0241E719,0x01D400B5
0x0241F3CF,0x01D4D342
0x02420048,0x01D5A634
0x02420C85,0x01D6798B
0x02421885,0x01D74D46
0x02422448,0x01D82166
0x02422FCE,0x01D8F5EB
0x02423B17,0x01D9CAD5
0x02424622,0x01DAA025
0x024250F0,0x01DB75DA
0x02425B80,0x01DC4BF4
0x024265D3,0x01DD2274
0x02426FE8,0x01DDF959
0x024279BF,0x01DED0A4
0x02428358,0x01DFA855
0x02428CB2,0x01E0806B
0x024295CE,0x01E158E7
0x02429EAC,0x01E231C9
0x0242A74B,0x01E30B11
0x0242AFAB,0x01E3E4BF
0x0242B7CC,0x01E4BED3
0x0242BFAE,0x01E5994E
0x0242C751,0x01E6742F
0x0242CEB5,0x01E74F76
0x0242D5DA,0x01E82B24
0x0242DCBF,0x01E90738
0x0242E365,0x01E9E3B3
0x0242E9CB,0x01EAC094
0x0242EFF1,0x01EB9DDC
0x0242F5D7,0x01EC7B8B
0x0242FB7D,0x01ED59A1
0x024300E3,0x01EE381E
0x02430608,0x01EF1702
0x02430AED,0x01EFF64D
0x02430F91,0x01F0D5FF
0x024313F4,0x01F1B618
0x02431817,0x01F29698
0x02431BF9,0x01F37780
0x02431F9A,0x01F458CF
0x024322F9,0x01F53A86
0x02432617,0x01F61CA4
0x024328F4,0x01F6FF2A
0x02432B8F,0x01F7E217
0x02432DE8,0x01F8C56C
0x02432FFF,0x01F9A929
0x024331D4,0x01FA8D4E
0x02433367,0x01FB71DA
0x024334B8,0x01FC56CE
0x024335C7,0x01FD3C2A
0x02433693,0x01FE21EE
0x0243371D,0x01FF081A
0x02433764,0x01FFEEAF
0x02433769,0x0200D5AC
0x0243372B,0x0201BD11
0x024336AA,0x0202A4DE
0x024335E5,0x02038D14
0x024334DD,0x020475B2
0x02433392,0x02055EB8
0x02433203,0x02064827
0x02433031,0x020731FE
0x02432E1B,0x02081C3E
0x02432BC1,0x020906E7
0x02432923,0x0209F1F8
0x02432641,0x020ADD72
0x0243231B,0x020BC955
0x02431FB1,0x020CB5A0
0x02431C02,0x020DA254
0x0243180F,0x020E8F71
0x024313D7,0x020F7CF7
0x02430F5B,0x02106AE6
0x02430A9A,0x0211593E
0x02430594,0x021247FF
0x02430049,0x02133729
0x0242FAB8,0x021426BC
0x0242F4E2,0x021516B8
0x0242EEC7,0x0216071D
0x0242E866,0x0216F7EB
0x0242E1C0,0x0217E922
0x0242DAD4,0x0218DAC3
0x0242D3A2,0x0219CCCD
0x0242CC2A,0x021ABF40
0x0242C46C,0x021BB21C
0x0242BC68,0x021CA562
0x0242B41D,0x021D9911
0x0242AB8C,0x021E8D29
0x0242A2B5,0x021F81AB
0x02429997,0x02207696
0x02429032,0x02216BEA
0x02428686,0x022261A8
0x02427C94,0x022357CF
0x0242725B,0x02244E60
0x024267DA,0x0225455A
0x02425D12,0x02263CBE
0x02425203,0x0227348B
0x024246AC,0x02282CC2
0x02423B0E,0x02292562
0x02422F28,0x022A1E6C
0x024222FA,0x022B17DF
0x02421685,0x022C11BC
0x024209C8,0x022D0C02
0x0241FCC3,0x022E06B2
0x0241EF75,0x022F01CB
0x0241E1DF,0x022FFD4E
0x0241D401,0x0230F93B
0x0241C5DA,0x0231F591
0x0241B76B,0x0232F251
0x0241A8B3,0x0233EF7A
0x024199B2,0x0234ED0D
0x02418A69,0x0235EB09
0x02417AD7,0x0236E96F
0x02416AFC,0x0237E83E
0x02415AD7,0x0238E777
0x02414A69,0x0239E719
0x024139B2,0x023AE725
0x024128B2,0x023BE79A
0x02411768,0x023CE879
0x024105D4,0x023DE9C1
0x0240F3F7,0x023EEB73
0x0240E1D0,0x023FED8E
0x0240CF5F,0x0240F013
0x0240BCA4,0x0241F301
0x0240A99F,0x0242F659
0x02409650,0x0243FA1A
0x024082B7,0x0244FE44
0x02406ED3,0x024602D8
0x02405AA5,0x024707D5
0x0240462C,0x02480D3B
0x02403169,0x0249130A
0x02401C5B,0x024A1943
0x02400702,0x024B1FE5
0x023FF15F,0x024C26F0
0x023FDB71,0x024D2E64
0x023FC538,0x024E3641
0x023FAEB3,0x024F3E87
0x023F97E3,0x02504736
0x023F80C8,0x0251504E
0x023F6962,0x025259CF
0x023F51B0,0x025363B9
0x023F39B3,0x02546E0C
0x023F216A,0x025578C8
0x023F08D5,0x025683EC
0x023EEFF5,0x02578F79
0x023ED6C9,0x02589B6F
0x023EBD51,0x0259A7CE
0x023EA38D,0x025AB495
0x023E897D,0x025BC1C5
0x023E6F21,0x025CCF5D
0x023E5478,0x025DDD5E
0x023E3983,0x025EEBC7
0x023E1E42,0x025FFA98
0x023E02B4,0x026109D2
0x023DE6DA,0x02621974
0x023DCAB3,0x0263297E
0x023DAE40,0x026439F0
0x023D9180,0x02654ACA
0x023D7473,0x02665C0C
0x023D5719,0x02676DB6
0x023D3972,0x02687FC8
0x023D1B7E,0x02699242
0x023CFD3D,0x026AA523
0x023CDEAF,0x026BB86C
0x023CBFD4,0x026CCC1C
0x023CA0AB,0x026DE034
0x023C8135,0x026EF4B3
0x023C6172,0x0270099A
0x023C4161,0x02711EE8
0x023C2103,0x0272349D
0x023C0057,0x02734AB9
0x023BDF5D,0x0274613C
0x023BBE16,0x02757826
0x023B9C81,0x02768F77
0x023B7A9E,0x0277A72F
0x023B586D,0x0278BF4E
0x023B35EE,0x0279D7D3
0x023B1321,0x027AF0BF
0x023AF006,0x027C0A11
0x023ACC9D,0x027D23C9
0x023AA8E6,0x027E3DE8
0x023A84E0,0x027F586D
0x023A608C,0x02807358
0x023A3BEA,0x02818EA9
0x023A16F9,0x0282AA5F
0x0239F1BA,0x0283C67B
0x0239CC2C,0x0284E2FD
0x0239A650,0x0285FFE4
0x02398025,0x02871D31
0x023959AB,0x02883AE3
0x023932E3,0x028958FA
0x02390BCC,0x028A7776
0x0238E466,0x028B9657
0x0238BCB1,0x028CB59D
0x023894AD,0x028DD548
0x02386C5A,0x028EF558
0x023843B8,0x029015CC
0x02381AC7,0x029136A4
0x0237F187,0x029257E1
0x0237C7F8,0x02937982
0x02379E1A,0x02949B87
0x023773ED,0x0295BDF0
0x02374970,0x0296E0BC
0x02371EA4,0x029803EC
0x0236F389,0x02992780
0x0236C81E,0x029A4B77
0x02369C64,0x029B6FD1
0x0236705A,0x029C948E
0x02364401,0x029DB9AE
0x02361758,0x029EDF31
0x0235EA60,0x02A00517
0x0235BD18,0x02A12B5F
0x02358F81,0x02A2520A
0x0235619A,0x02A37917
0x02353363,0x02A4A086
0x023504DD,0x02A5C857
0x0234D607,0x02A6F08A
0x0234A6E1,0x02A8191E
0x0234776B,0x02A94214
0x023447A5,0x02AA6B6B
0x02341790,0x02AB9523
0x0233E72B,0x02ACBF3C
0x0233B676,0x02ADE9B6
0x02338571,0x02AF1491
0x0233541C,0x02B03FCC
0x02332277,0x02B16B68
0x0232F082,0x02B29764
0x0232BE3D,0x02B3C3C0
0x02328BA8,0x02B4F07C
0x023258C3,0x02B61D98
0x0232258E,0x02B74B13
0x0231F209,0x02B878ED
0x0231BE34,0x02B9A727
0x02318A0F,0x02BAD5C0
0x0231559A,0x02BC04B7
0x023120D4,0x02BD340D
0x0230EBBE,0x02BE63C2
0x0230B658,0x02BF93D5
0x023080A2,0x02C0C446
0x02304A9C,0x02C1F515
0x02301446,0x02C32641
0x022FDD9F,0x02C457CB
0x022FA6A8,0x02C589B2
0x022F6F61,0x02C6BBF6
0x022F37CA,0x02C7EE97
0x022EFFE3,0x02C92195
0x022EC7AB,0x02CA54EF
0x022E8F23,0x02CB88A6
0x022E564B,0x02CCBCB9
0x022E1D23,0x02CDF128
0x022DE3AA,0x02CF25F2
0x022DA9E1,0x02D05B18
0x022D6FC8,0x02D19099
0x022D355F,0x02D2C675
0x022CFAA6,0x02D3FCAC
0x022CBF9C,0x02D5333E
0x022C8442,0x02D66A2A
0x022C4898,0x02D7A170
0x022C0C9E,0x02D8D910
0x022BD054,0x02DA110A
0x022B93BA,0x02DB495E
0x022B56CF,0x02DC820B
0x022B1994,0x02DDBB11
0x022ADC09,0x02DEF470
0x022A9E2E,0x02E02E27
0x022A6003,0x02E16837
0x022A2188,0x02E2A29F
0x0229E2BD,0x02E3DD5F
0x0229A3A2,0x02E51876
0x02296437,0x02E653E5
0x0229247C,0x02E78FAB
0x0228E471,0x02E8CBC8
0x0228A416,0x02EA083C
0x0228636B,0x02EB4506
0x02282270,0x02EC8226
0x0227E125,0x02EDBF9C
0x02279F8A,0x02EEFD68
0x02275D9F,0x02F03B89
0x02271B64,0x02F17A00
0x0226D8DA,0x02F2B8CC
0x02269600,0x02F3F7EC
0x022652D6,0x02F53761
0x02260F5C,0x02F6772A
0x0225CB93,0x02F7B747
0x0225877A,0x02F8F7B7
0x02254311,0x02FA387B
0x0224FE59,0x02FB7992
0x0224B951,0x02FCBAFB
0x022473FA,0x02FDFCB7
0x02242E53,0x02FF3EC5
0x0223E85D,0x03008125
0x0223A218,0x0301C3D7
0x02235B83,0x030306DA
0x0223149F,0x03044A2E
0x0222CD6C,0x03058DD3
0x022285E9,0x0306D1C9
0x02223E17,0x0308160F
0x0221F5F6,0x03095AA5
0x0221AD86,0x030A9F8B
0x022164C7,0x030BE4C0
0x02211BB9,0x030D2A44
0x0220D25C,0x030E7017
0x022088B0,0x030FB639
0x02203EB5,0x0310FCA9
0x021FF46C,0x03124367
0x021FA9D4,0x03138A72
0x021F5EED,0x0314D1CB
0x021F13B8,0x03161970
0x021EC834,0x03176162
0x021E7C61,0x0318A9A1
0x021E3040,0x0319F22C
0x021DE3D1,0x031B3B02
0x021D9713,0x031C8424
0x021D4A07,0x031DCD91
0x021CFCAD,0x031F1749
0x021CAF05,0x0320614B
0x021C610F,0x0321AB97
0x021C12CB,0x0322F62D
0x021BC439,0x0324410C
0x021B7559,0x03258C35
0x021B262B,0x0326D7A6
0x021AD6AF,0x03282360
0x021A86E6,0x03296F62
0x021A36CF,0x032ABBAC
0x0219E66B,0x032C083D
0x021995B9,0x032D5516
0x021944BA,0x032EA235
0x0218F36E,0x032FEF9B
0x0218A1D4,0x03313D47
0x02184FED,0x03328B39
0x0217FDB9,0x0333D970
0x0217AB38,0x033527EC
0x0217586A,0x033676AD
0x02170550,0x0337C5B2
0x0216B1E9,0x033914FB
0x02165E35,0x033A6488
0x02160A35,0x033BB458
0x0215B5E8,0x033D046B
0x0215614F,0x033E54C1
0x02150C69,0x033FA559
0x0214B737,0x0340F633
0x021461B9,0x0342474E
0x02140BEF,0x034398AA
0x0213B5D9,0x0344EA47
0x02135F77,0x03463C24
0x021308CA,0x03478E41
0x0212B1D1,0x0348E09E
0x02125A8D,0x034A333A
0x021202FD,0x034B8615
0x0211AB22,0x034CD92F
0x021152FB,0x034E2C87
0x0210FA89,0x034F801C
0x0210A1CC,0x0350D3EF
0x021048C4,0x035227FF
0x020FEF72,0x03537C4B
0x020F95D5,0x0354D0D3
0x020F3BED,0x03562597
0x020EE1BB,0x03577A97
0x020E873E,0x0358CFD2
0x020E2C77,0x035A2547
0x020DD166,0x035B7AF6
0x020D760B,0x035CD0DF
0x020D1A66,0x035E2701
0x020CBE77,0x035F7D5C
0x020C623E,0x0360D3F0
0x020C05BC,0x03622ABC
0x020BA8F0,0x036381C0
0x020B4BDB,0x0364D8FB
0x020AEE7C,0x0366306D
0x020A90D4,0x03678816
0x020A32E3,0x0368DFF5
0x0209D4A9,0x036A3809
0x02097627,0x036B9053
0x0209175C,0x036CE8D2
0x0208B848,0x036E4185
0x020858EC,0x036F9A6C
0x0207F948,0x0370F387
0x0207995C,0x03724CD5
0x02073928,0x0373A655
0x0206D8AC,0x03750008
0x020677E8,0x037659ED
0x020616DC,0x0377B403
0x0205B589,0x03790E4A
0x020553EF,0x037A68C1
0x0204F20D,0x037BC369
0x02048FE4,0x037D1E40
0x02042D74,0x037E7947
0x0203CABE,0x037FD47C
0x020367C1,0x03812FE0
0x0203047D,0x03828B72
0x0202A0F3,0x0383E731
0x02023D23,0x0385431D
0x0201D90D,0x03869F36
0x020174B1,0x0387FB7B
0x0201100F,0x038957EB
0x0200AB27,0x038AB487
0x020045FA,0x038C114D
0x01FFE087,0x038D6E3E
0x01FF7ACF,0x038ECB58
0x01FF14D2,0x0390289C
0x01FEAE90,0x03918609
0x01FE4809,0x0392E39E
0x01FDE13E,0x0394415B
0x01FD7A2E,0x03959F40
0x01FD12DA,0x0396FD4C
0x01FCAB42,0x03985B7E
0x01FC4366,0x0399B9D6
0x01FBDB46,0x039B1854
0x01FB72E2,0x039C76F7
0x01FB0A3B,0x039DD5BF
0x01FAA150,0x039F34AB
0x01FA3822,0x03A093BB
0x01F9CEB1,0x03A1F2EE
0x01F964FD,0x03A35244
0x01F8FB07,0x03A4B1BC
0x01F890CE,0x03A61156
0x01F82653,0x03A77111
0x01F7BB96,0x03A8D0ED
0x01F75097,0x03AA30E9
0x01F6E556,0x03AB9105
0x01F679D3,0x03ACF141
0x01F60E0F,0x03AE519C
0x01F5A209,0x03AFB215
0x01F535C2,0x03B112AC
0x01F4C93A,0x03B27360
0x01F45C71,0x03B3D431
0x01F3EF68,0x03B5351F
0x01F3821E,0x03B69629
0x01F31494,0x03B7F74E
0x01F2A6CA,0x03B9588E
0x01F238C0,0x03BAB9E8
0x01F1CA76,0x03BC1B5C
0x01F15BED,0x03BD7CEA
0x01F0ED24,0x03BEDE90
0x01F07E1C,0x03C0404F
0x01F00ED5,0x03C1A226
0x01EF9F4F,0x03C30414
0x01EF2F8B,0x03C46619
0x01EEBF88,0x03C5C834
0x01EE4F47,0x03C72A65
0x01EDDEC8,0x03C88CAC
0x01ED6E0B,0x03C9EF07
0x01ECFD10,0x03CB5177
0x01EC8BD8,0x03CCB3FA
0x01EC1A62,0x03CE1691
0x01EBA8AF,0x03CF793A
0x01EB36BF,0x03D0DBF6
0x01EAC493,0x03D23EC3
0x01EA522A,0x03D3A1A2
0x01E9DF85,0x03D50491
0x01E96CA4,0x03D66790
0x01E8F987,0x03D7CA9F
0x01E8862E,0x03D92DBD
0x01E8129A,0x03DA90EA
0x01E79ECA,0x03DBF425
0x01E72ABF,0x03DD576D
0x01E6B679,0x03DEBAC2
0x01E641F8,0x03E01E23
0x01E5CD3D,0x03E18190
0x01E55848,0x03E2E509
0x01E4E318,0x03E4488D
0x01E46DAF,0x03E5AC1B
0x01E3F80C,0x03E70FB3
0x01E3822F,0x03E87354
0x01E30C19,0x03E9D6FE
0x01E295CA,0x03EB3AB0
0x01E21F42,0x03EC9E69
0x01E1A882,0x03EE0229
0x01E13189,0x03EF65F0
0x01E0BA58,0x03F0C9BD
0x01E042EF,0x03F22D8F
0x01DFCB4E,0x03F39166
0x01DF5376,0x03F4F541
0x01DEDB66,0x03F65920
0x01DE631F,0x03F7BD02
0x01DDEAA1,0x03F920E7
0x01DD71ED,0x03FA84CE
0x01DCF902,0x03FBE8B7
0x01DC7FE1,0x03FD4CA1
0x01DC068A,0x03FEB08B
0x01DB8CFD,0x04001475
0x01DB133A,0x0401785F
0x01DA9942,0x0402DC48
0x01DA1F15,0x0404402F
0x01D9A4B3,0x0405A414
0x01D92A1C,0x040707F6
0x01D8AF51,0x04086BD4
0x01D83452,0x0409CFAE
0x01D7B91F,0x040B3384
0x01D73DB8,0x040C9755
0x01D6C21D,0x040DFB20
0x01D6464F,0x040F5EE5
0x01D5CA4E,0x0410C2A3
0x01D54E1A,0x0412265A
0x01D4D1B3,0x04138A09
0x01D4551A,0x0414EDB0
0x01D3D84F,0x0416514E
0x01D35B52,0x0417B4E2
0x01D2DE23,0x0419186C
0x01D260C3,0x041A7BEB
0x01D1E331,0x041BDF5F
0x01D1656E,0x041D42C7
0x01D0E77B,0x041EA623
0x01D06957,0x04200972
0x01CFEB03,0x04216CB4
0x01CF6C7F,0x0422CFE8
0x01CEEDCB,0x0424330D
0x01CE6EE7,0x04259623
0x01CDEFD4,0x0426F929
0x01CD7092,0x04285C1F
0x01CCF121,0x0429BF04
0x01CC7182,0x042B21D7
0x01CBF1B4,0x042C8498
0x01CB71B8,0x042DE747
0x01CAF18E,0x042F49E2
0x01CA7137,0x0430AC6A
0x01C9F0B2,0x04320EDD
0x01C97000,0x0433713B
0x01C8EF21,0x0434D384
0x01C86E16,0x043635B7
0x01C7ECDE,0x043797D3
0x01C76B7A,0x0438F9D8
0x01C6E9EA,0x043A5BC5
0x01C6682F,0x043BBD9A
0x01C5E648,0x043D1F56
0x01C56436,0x043E80F8
0x01C4E1F9,0x043FE280
0x01C45F91,0x044143EE
0x01C3DCFF,0x0442A540
0x01C35A43,0x04440677
0x01C2D75D,0x04456791
0x01C2544D,0x0446C88E
0x01C1D114,0x0448296E
0x01C14DB2,0x04498A30
0x01C0CA27,0x044AEAD3
0x01C04673,0x044C4B57
0x01BFC297,0x044DABBB
0x01BF3E93,0x044F0BFF
0x01BEBA67,0x04506C22
0x01BE3614,0x0451CC23
0x01BDB199,0x04532C02
0x01BD2CF7,0x04548BBE
0x01BCA82E,0x0455EB57
0x01BC233F,0x04574ACC
0x01BB9E29,0x0458AA1D
0x01BB18ED,0x045A0949
0x01BA938C,0x045B684F
0x01BA0E05,0x045CC72F
0x01B98859,0x045E25E8
0x01B90288,0x045F847A
0x01B87C92,0x0460E2E4
0x01B7F678,0x04624125
0x01B77039,0x04639F3D
0x01B6E9D6,0x0464FD2C
0x01B66350,0x04665AF1
0x01B5DCA6,0x0467B88B
0x01B555D9,0x046915F9
0x01B4CEE9,0x046A733B
0x01B447D6,0x046BD051
0x01B3C0A1,0x046D2D3A
0x01B3394A,0x046E89F5
0x01B2B1D1,0x046FE682
0x01B22A37,0x047142E0
0x01B1A27B,0x04729F0F
0x01B11A9E,0x0473FB0E
0x01B092A0,0x047556DC
0x01B00A82,0x0476B279
0x01AF8244,0x04780DE5
0x01AEF9E6,0x0479691E
0x01AE7168,0x047AC425
0x01ADE8CA,0x047C1EF8
0x01AD600D,0x047D7997
0x01ACD731,0x047ED402
0x01AC4E37,0x04802E38
0x01ABC51E,0x04818838
0x01AB3BE7,0x0482E202
0x01AAB292,0x04843B95
0x01AA2920,0x048594F1
0x01A99F90,0x0486EE15
0x01A915E3,0x04884700
0x01A88C1A,0x04899FB2
0x01A80234,0x048AF82A
0x01A77832,0x048C5068
0x01A6EE14,0x048DA86B
0x01A663DA,0x048F0033
0x01A5D985,0x049057BF
0x01A54F15,0x0491AF0F
0x01A4C48A,0x04930622
0x01A439E4,0x04945CF7
0x01A3AF24,0x0495B38E
0x01A3244A,0x049709E6
0x01A29956,0x04985FFF
0x01A20E48,0x0499B5D8
0x01A18321,0x049B0B70
0x01A0F7E1,0x049C60C7
0x01A06C88,0x049DB5DD
0x019FE117,0x049F0AB1
0x019F558E,0x04A05F42
0x019EC9ED,0x04A1B390
0x019E3E34,0x04A3079A
0x019DB264,0x04A45B60
0x019D267D,0x04A5AEE1
0x019C9A7F,0x04A7021C
0x019C0E6A,0x04A85511
0x019B823F,0x04A9A7C0
0x019AF5FE,0x04AAFA28
0x019A69A7,0x04AC4C48
0x0199DD3B,0x04AD9E20
0x019950BA,0x04AEEFAF
0x0198C424,0x04B040F5
0x01983779,0x04B191F1
0x0197AABA,0x04B2E2A3
0x01971DE7,0x04B4330A
0x01969100,0x04B58325
0x01960405,0x04B6D2F4
0x019576F7,0x04B82276
0x0194E9D6,0x04B971AB
0x01945CA2,0x04BAC093
0x0193CF5C,0x04BC0F2C
0x01934204,0x04BD5D77
0x0192B49A,0x04BEAB72
0x0192271E,0x04BFF91E
0x01919991,0x04C14679
0x01910BF2,0x04C29383
0x01907E43,0x04C3E03C
0x018FF083,0x04C52CA3
0x018F62B3,0x04C678B7
0x018ED4D3,0x04C7C478
0x018E46E3,0x04C90FE6
0x018DB8E3,0x04CA5B00
0x018D2AD4,0x04CBA5C5
0x018C9CB6,0x04CCF035
0x018C0E8A,0x04CE3A4F
0x018B804F,0x04CF8413
0x018AF206,0x04D0CD80
0x018A63AF,0x04D21696
0x0189D54B,0x04D35F54
0x018946D9,0x04D4A7BA
0x0188B85A,0x04D5EFC7
0x018829CE,0x04D7377A
0x01879B36,0x04D87ED3
0x01870C92,0x04D9C5D2
0x01867DE2,0x04DB0C76
0x0185EF26,0x04DC52BF
0x0185605F,0x04DD98AC
0x0184D18C,0x04DEDE3C
0x018442AE,0x04E0236F
0x0183B3C6,0x04E16845
0x018324D3,0x04E2ACBD
0x018295D6,0x04E3F0D6
0x018206D0,0x04E53490
0x018177C0,0x04E677EB
0x0180E8A7,0x04E7BAE6
0x01805985,0x04E8FD80
0x017FCA5A,0x04EA3FB9
0x017F3B26,0x04EB8191
0x017EABEA,0x04ECC306
0x017E1CA6,0x04EE0419
0x017D8D5A,0x04EF44C9
0x017CFE07,0x04F08515
0x017C6EAD,0x04F1C4FD
0x017BDF4C,0x04F30481
0x017B4FE4,0x04F443A0
0x017AC076,0x04F58259
0x017A3102,0x04F6C0AC
0x0179A188,0x04F7FE99
0x01791208,0x04F93C1F
0x01788283,0x04FA793D
0x0177F2F9,0x04FBB5F4
0x0177636A,0x04FCF242
0x0176D3D7,0x04FE2E27
0x0176443F,0x04FF69A3
0x0175B4A3,0x0500A4B5
0x01752503,0x0501DF5D
0x01749560,0x0503199A
0x017405BA,0x0504536C
0x01737611,0x05058CD2
0x0172E665,0x0506C5CC
0x017256B6,0x0507FE59
0x0171C705,0x05093679
0x01713752,0x050A6E2B
0x0170A79E,0x050BA56F
0x017017E8,0x050CDC45
0x016F8831,0x050E12AC
0x016EF879,0x050F48A3
0x016E68C0,0x05107E2A
0x016DD907,0x0511B341
0x016D494E,0x0512E7E7
0x016CB995,0x05141C1C
0x016C29DC,0x05154FDF
0x016B9A24,0x05168330
0x016B0A6D,0x0517B60E
0x016A7AB7,0x0518E879
0x0169EB02,0x051A1A71
0x01695B4F,0x051B4BF5
0x0168CB9E,0x051C7D04
0x01683BEF,0x051DAD9F
0x0167AC42,0x051EDDC4
0x01671C98,0x05200D74
0x01668CF1,0x05213CAE
0x0165FD4D,0x05226B71
0x01656DAC,0x052399BD
0x0164DE0F,0x0524C792
0x01644E75,0x0525F4EF
0x0163BEE0,0x052721D3
0x01632F4F,0x05284E3F
0x01629FC2,0x05297A32
0x0162103A,0x052AA5AB
0x016180B7,0x052BD0AA
0x0160F13A,0x052CFB2F
0x016061C2,0x052E2539
0x015FD250,0x052F4EC8
0x015F42E4,0x053077DB
0x015EB37E,0x0531A072
0x015E241F,0x0532C88D
0x015D94C7,0x0533F02B
0x015D0576,0x0535174B
0x015C762C,0x05363DEE
0x015BE6E9,0x05376413
0x015B57AE,0x053889B9
0x015AC87B,0x0539AEE0
0x015A3950,0x053AD388
0x0159AA2E,0x053BF7B0
0x01591B14,0x053D1B58
0x01588C03,0x053E3E80
0x0157FCFC,0x053F6127
0x01576DFE,0x0540834D
0x0156DF0A,0x0541A4F1
0x0156501F,0x0542C613
0x0155C13E,0x0543E6B3
0x01553268,0x054506D0
0x0154A39C,0x0546266A
0x015414DB,0x05474581
0x01538625,0x05486414
0x0152F77A,0x05498223
0x015268DB,0x054A9FAD
0x0151DA48,0x054BBCB2
0x01514BC0,0x054CD932
0x0150BD45,0x054DF52C
0x01502ED6,0x054F10A0
0x014FA074,0x05502B8E
0x014F121E,0x055145F5
0x014E83D5,0x05525FD5
0x014DF59A,0x0553792D
0x014D676C,0x055491FE
0x014CD94C,0x0555AA46
0x014C4B3A,0x0556C206
0x014BBD36,0x0557D93D
0x014B2F40,0x0558EFEB
0x014AA159,0x055A060F
0x014A1381,0x055B1BA9
0x014985B8,0x055C30B9
0x0148F7FE,0x055D453F
0x01486A54,0x055E593A
0x0147DCB9,0x055F6CA9
0x01474F2E,0x05607F8D
0x0146C1B3,0x056191E5
0x01463449,0x0562A3B1
0x0145A6EF,0x0563B4F0
0x014519A6,0x0564C5A2
0x01448C6E,0x0565D5C7
0x0143FF47,0x0566E55F
0x01437231,0x0567F469
0x0142E52D,0x056902E5
0x0142583B,0x056A10D2
0x0141CB5B,0x056B1E30
0x01413E8D,0x056C2AFF
0x0140B1D2,0x056D373F
0x01402529,0x056E42EF
0x013F9893,0x056F4E0F
0x013F0C10,0x0570589F
0x013E7FA0,0x0571629F
0x013DF344,0x05726C0E
0x013D66FB,0x057374EC
0x013CDAC6,0x05747D38
0x013C4EA5,0x057584F2
0x013BC299,0x05768C1A
0x013B36A1,0x057792B0
0x013AAABE,0x057898B3
0x013A1EF0,0x05799E24
0x01399337,0x057AA301
0x01390793,0x057BA74B
0x01387C04,0x057CAB01
0x0137F08B,0x057DAE23
0x01376528,0x057EB0B1
0x0136D9DB,0x057FB2AB
0x01364EA4,0x0580B410
0x0135C384,0x0581B4E0
0x0135387A,0x0582B51A
0x0134AD87,0x0583B4BF
0x013422AB,0x0584B3CE
0x013397E6,0x0585B247
0x01330D38,0x0586B02A
0x013282A2,0x0587AD76
0x0131F824,0x0588AA2B
0x01316DBE,0x0589A649
0x0130E370,0x058AA1D0
0x0130593A,0x058B9CBF
0x012FCF1C,0x058C9716
0x012F4517,0x058D90D5
0x012EBB2B,0x058E89FC
0x012E3158,0x058F828B
0x012DA79E,0x05907A81
0x012D1DFE,0x059171DE
0x012C9477,0x059268A2
0x012C0B0A,0x05935ECC
0x012B81B7,0x0594545C
0x012AF87E,0x05954953
0x012A6F5F,0x05963DAF
0x0129E65A,0x05973171
0x01295D70,0x05982499
0x0128D4A1,0x05991726
0x01284BED,0x059A0918
0x0127C354,0x059AFA6F
0x01273AD6,0x059BEB2A
0x0126B274,0x059CDB4A
0x01262A2D,0x059DCACE
0x0125A202,0x059EB9B6
0x012519F3,0x059FA802
0x01249200,0x05A095B1
0x01240A29,0x05A182C4
0x0123826F,0x05A26F3A
0x0122FAD1,0x05A35B13
0x01227350,0x05A4464F
0x0121EBEC,0x05A530ED
0x012164A5,0x05A61AEE
0x0120DD7C,0x05A70451
0x01205670,0x05A7ED16
0x011FCF82,0x05A8D53D
0x011F48B1,0x05A9BCC6
0x011EC1FE,0x05AAA3B0
0x011E3B69,0x05AB89FC
0x011DB4F2,0x05AC6FA9
0x011D2E9A,0x05AD54B7
0x011CA860,0x05AE3926
0x011C2245,0x05AF1CF5
0x011B9C49,0x05B00025
0x011B166C,0x05B0E2B5
0x011A90AE,0x05B1C4A6
0x011A0B0F,0x05B2A5F7
0x0119858F,0x05B386A8
0x0119002F,0x05B466B8
0x01187AEF,0x05B54628
0x0117F5CF,0x05B624F8
0x011770CF,0x05B70327
0x0116EBEF,0x05B7E0B5
0x0116672F,0x05B8BDA2
0x0115E28F,0x05B999EE
0x01155E10,0x05BA7599
0x0114D9B2,0x05BB50A2
0x01145575,0x05BC2B0A
0x0113D159,0x05BD04D0
0x01134D5E,0x05BDDDF4
0x0112C984,0x05BEB677
0x011245CB,0x05BF8E58
0x0111C234,0x05C06596
0x01113EBF,0x05C13C32
0x0110BB6B,0x05C2122C
0x01103839,0x05C2E783
0x010FB529,0x05C3BC38
0x010F323C,0x05C4904A
0x010EAF71,0x05C563B9
0x010E2CC8,0x05C63685
0x010DAA42,0x05C708AE
0x010D27DF,0x05C7DA34
0x010CA59F,0x05C8AB17
0x010C2382,0x05C97B56
0x010BA188,0x05CA4AF2
0x010B1FB1,0x05CB19EA
0x010A9DFD,0x05CBE83E
0x010A1C6D,0x05CCB5EF
0x01099B00,0x05CD82FC
0x010919B7,0x05CE4F65
0x01089892,0x05CF1B2A
0x01081791,0x05CFE64B
0x010796B4,0x05D0B0C8
0x010715FB,0x05D17AA0
0x01069566,0x05D243D4
0x010614F6,0x05D30C64
0x010594AA,0x05D3D44F
0x01051483,0x05D49B95
0x01049481,0x05D56237
0x010414A4,0x05D62834
0x010394EC,0x05D6ED8C
0x01031559,0x05D7B23F
0x010295EB,0x05D8764D
0x010216A2,0x05D939B6
0x0101977F,0x05D9FC7A
0x01011881,0x05DABE99
0x010099A9,0x05DB8013
0x01001AF7,0x05DC40E8
0x00FF9C6B,0x05DD0118
0x00FF1E04,0x05DDC0A2
0x00FE9FC4,0x05DE7F87
0x00FE21AA,0x05DF3DC7
0x00FDA3B6,0x05DFFB61
0x00FD25E8,0x05E0B856
0x00FCA841,0x05E174A5
0x00FC2AC0,0x05E2304E
0x00FBAD66,0x05E2EB52
0x00FB3033,0x05E3A5B0
0x00FAB327,0x05E45F68
0x00FA3642,0x05E5187B
0x00F9B984,0x05E5D0E8
0x00F93CED,0x05E688AF
0x00F8C07D,0x05E73FD0
0x00F84435,0x05E7F64B
0x00F7C814,0x05E8AC21
0x00F74C1B,0x05E96151
0x00F6D049,0x05EA15DB
0x00F6549F,0x05EAC9BF
0x00F5D91D,0x05EB7CFD
0x00F55DC3,0x05EC2F95
0x00F4E291,0x05ECE187
0x00F46787,0x05ED92D3
0x00F3ECA5,0x05EE4379
0x00F371EB,0x05EEF379
0x00F2F759,0x05EFA2D3
0x00F27CF0,0x05F05187
0x00F202AF,0x05F0FF95
0x00F18897,0x05F1ACFD
0x00F10EA7,0x05F259BF
0x00F094E0,0x05F305DB
0x00F01B42,0x05F3B151
0x00EFA1CD,0x05F45C21
0x00EF2881,0x05F5064B
0x00EEAF5E,0x05F5AFCF
0x00EE3664,0x05F658AD
0x00EDBD93,0x05F700E5
0x00ED44EC,0x05F7A877
0x00ECCC6E,0x05F84F63
0x00EC5419,0x05F8F5A9
0x00EBDBEE,0x05F99B49
0x00EB63EC,0x05FA4043
0x00EAEC14,0x05FAE498
0x00EA7466,0x05FB8847
0x00E9FCE2,0x05FC2B50
0x00E98587,0x05FCCDB3
0x00E90E56,0x05FD6F70
0x00E8974F,0x05FE1088
0x00E82072,0x05FEB0FA
0x00E7A9BF,0x05FF50C6
0x00E73337,0x05FFEFED
0x00E6BCD9,0x06008E6E
0x00E646A5,0x06012C4A
0x00E5D09C,0x0601C980
0x00E55ABD,0x06026611
0x00E4E509,0x060301FC
0x00E46F7F,0x06039D42
0x00E3FA20,0x060437E3
0x00E384EB,0x0604D1DF
0x00E30FE1,0x06056B35
0x00E29B02,0x060603E6
0x00E2264E,0x06069BF2
0x00E1B1C5,0x06073359
0x00E13D67,0x0607CA1B
0x00E0C934,0x06086038
0x00E0552C,0x0608F5B0
0x00DFE14F,0x06098A84
0x00DF6D9D,0x060A1EB3
0x00DEFA16,0x060AB23D
0x00DE86BB,0x060B4523
0x00DE138B,0x060BD764
0x00DDA086,0x060C6901
0x00DD2DAD,0x060CF9F9
0x00DCBAFF,0x060D8A4D
0x00DC487D,0x060E19FD
0x00DBD626,0x060EA908
0x00DB63FB,0x060F376F
0x00DAF1FC,0x060FC532
0x00DA8028,0x06105251
0x00DA0E80,0x0610DECC
0x00D99D04,0x06116AA4
0x00D92BB4,0x0611F5D8
0x00D8BA90,0x06128068
0x00D84998,0x06130A55
0x00D7D8CC,0x0613939E
0x00D7682C,0x06141C44
0x00D6F7B8,0x0614A447
0x00D68770,0x06152BA7
0x00D61754,0x0615B264
0x00D5A764,0x0616387E
0x00D537A0,0x0616BDF5
0x00D4C808,0x061742C9
0x00D4589D,0x0617C6FA
0x00D3E95E,0x06184A89
0x00D37A4B,0x0618CD75
0x00D30B65,0x06194FBF
0x00D29CAB,0x0619D167
0x00D22E1E,0x061A526C
0x00D1BFBD,0x061AD2CF
0x00D15188,0x061B5290
0x00D0E380,0x061BD1B0
0x00D075A5,0x061C502E
0x00D007F6,0x061CCE0A
0x00CF9A74,0x061D4B45
0x00CF2D1E,0x061DC7DE
0x00CEBFF5,0x061E43D6
0x00CE52F9,0x061EBF2D
0x00CDE62A,0x061F39E3
0x00CD7987,0x061FB3F8
0x00CD0D11,0x06202D6C
0x00CCA0C8,0x0620A640
0x00CC34AC,0x06211E73
0x00CBC8BD,0x06219606
0x00CB5CFA,0x06220CF8
0x00CAF164,0x0622834A
0x00CA85FB,0x0622F8FC
0x00CA1ABF,0x06236E0E
0x00C9AFB0,0x0623E280
0x00C944CE,0x06245653
0x00C8DA19,0x0624C986
0x00C86F91,0x06253C1A
0x00C80536,0x0625AE0F
0x00C79B08,0x06261F64
0x00C73107,0x0626901A
0x00C6C733,0x06270032
0x00C65D8C,0x06276FAB
0x00C5F412,0x0627DE85
0x00C58AC5,0x06284CC1
0x00C521A6,0x0628BA5F
0x00C4B8B4,0x0629275F
0x00C44FEF,0x062993C1
0x00C3E757,0x0629FF85
0x00C37EEC,0x062A6AAB
0x00C316AE,0x062AD533
0x00C2AE9E,0x062B3F1E
0x00C246BB,0x062BA86C
0x00C1DF05,0x062C111D
0x00C1777C,0x062C7931
0x00C11020,0x062CE0A8
0x00C0A8F2,0x062D4782
0x00C041F1,0x062DADC0
0x00BFDB1D,0x062E1362
0x00BF7476,0x062E7868
0x00BF0DFD,0x062EDCD2
0x00BEA7B1,0x062F40A0
0x00BE4192,0x062FA3D2
0x00BDDBA0,0x06300669
0x00BD75DC,0x06306864
0x00BD1045,0x0630C9C4
0x00BCAADB,0x06312A89
0x00BC459E,0x06318AB3
0x00BBE08F,0x0631EA42
0x00BB7BAD,0x06324937
0x00BB16F8,0x0632A792
0x00BAB271,0x06330552
0x00BA4E17,0x06336278
0x00B9E9EA,0x0633BF05
0x00B985EA,0x06341AF8
0x00B92218,0x06347652
0x00B8BE73,0x0634D112
0x00B85AFB,0x06352B39
0x00B7F7B0,0x063584C7
0x00B79493,0x0635DDBC
0x00B731A3,0x06363619
0x00B6CEE0,0x06368DDD
0x00B66C4A,0x0636E509
0x00B609E1,0x06373B9D
0x00B5A7A6,0x06379199
0x00B54598,0x0637E6FD
0x00B4E3B7,0x06383BCA
0x00B48203,0x06389000
0x00B4207C,0x0638E39E
0x00B3BF23,0x063936A6
0x00B35DF7,0x06398917
0x00B2FCF8,0x0639DAF1
0x00B29C26,0x063A2C35
0x00B23B81,0x063A7CE3
0x00B1DB09,0x063ACCFB
0x00B17ABE,0x063B1C7D
0x00B11AA0,0x063B6B69
0x00B0BAAF,0x063BB9C0
0x00B05AEB,0x063C0781
0x00AFFB55,0x063C54AD
0x00AF9BEC,0x063CA145
0x00AF3CB0,0x063CED48
0x00AEDDA1,0x063D38B6
0x00AE7EBF,0x063D8390
0x00AE2009,0x063DCDD6
0x00ADC180,0x063E1788
0x00AD6324,0x063E60A7
0x00AD04F5,0x063EA932
0x00ACA6F3,0x063EF12A
0x00AC491E,0x063F388F
0x00ABEB76,0x063F7F61
0x00AB8DFB,0x063FC5A0
0x00AB30AC,0x06400B4D
0x00AAD38A,0x06405067
0x00AA7695,0x064094EF
0x00AA19CD,0x0640D8E6
0x00A9BD31,0x06411C4B
0x00A960C2,0x06415F1E
0x00A90480,0x0641A160
0x00A8A86A,0x0641E311
0x00A84C81,0x06422431
0x00A7F0C5,0x064264C1
0x00A79535,0x0642A4C0
0x00A739D2,0x0642E42F
0x00A6DE9B,0x0643230E
0x00A68391,0x0643615D
0x00A628B3,0x06439F1D
0x00A5CE02,0x0643DC4E
0x00A5737D,0x064418EF
0x00A51925,0x06445502
0x00A4BEF9,0x06449086
0x00A464F9,0x0644CB7B
0x00A40B26,0x064505E2
0x00A3B17F,0x06453FBB
0x00A35804,0x06457906
0x00A2FEB5,0x0645B1C4
0x00A2A593,0x0645E9F4
0x00A24C9D,0x06462197
0x00A1F3D3,0x064658AD
0x00A19B35,0x06468F36
0x00A142C3,0x0646C533
0x00A0EA7D,0x0646FAA4
0x00A09263,0x06472F89
0x00A03A75,0x064763E2
0x009FE2B3,0x064797AF
0x009F8B1D,0x0647CAF1
0x009F33B3,0x0647FDA7
0x009EDC75,0x06482FD2
0x009E8563,0x06486173
0x009E2E7C,0x06489289
0x009DD7C1,0x0648C315
0x009D8132,0x0648F317
0x009D2ACF,0x0649228F
0x009CD497,0x0649517D
0x009C7E8B,0x06497FE2
0x009C28AA,0x0649ADBE
0x009BD2F5,0x0649DB11
0x009B7D6C,0x064A07DB
0x009B280E,0x064A341D
0x009AD2DB,0x064A5FD7
0x009A7DD4,0x064A8B09
0x009A28F8,0x064AB5B3
0x0099D448,0x064ADFD5
0x00997FC3,0x064B0970
0x00992B69,0x064B3284
0x0098D73A,0x064B5B11
0x00988336,0x064B8317
0x00982F5E,0x064BAA97
0x0097DBB1,0x064BD191
0x0097882F,0x064BF805
0x009734D8,0x064C1DF3
0x0096E1AC,0x064C435C
0x00968EAB,0x064C683F
0x00963BD4,0x064C8C9D
0x0095E928,0x064CB077
0x009596A7,0x064CD3CC
0x00954451,0x064CF69D
0x0094F226,0x064D18EA
0x0094A025,0x064D3AB3
0x00944E4F,0x064D5BF8
0x0093FCA3,0x064D7CBA
0x0093AB22,0x064D9CF9
0x009359CC,0x064DBCB5
0x009308A0,0x064DDBEF
0x0092B79E,0x064DFAA6
0x009266C7,0x064E18DB
0x0092161A,0x064E368E
0x0091C597,0x064E53BF
0x0091753F,0x064E706F
0x00912511,0x064E8C9E
0x0090D50D,0x064EA84C
0x00908533,0x064EC379
0x00903583,0x064EDE26
0x008FE5FD,0x064EF852
0x008F96A1,0x064F11FE
0x008F476F,0x064F2B2B
0x008EF867,0x064F43D8
0x008EA989,0x064F5C06
0x008E5AD5,0x064F73B5
0x008E0C4A,0x064F8AE5
0x008DBDE9,0x064FA196
0x008D6FB2,0x064FB7C9
0x008D21A4,0x064FCD7E
0x008CD3C0,0x064FE2B5
0x008C8605,0x064FF76F
0x008C3874,0x06500BAB
0x008BEB0C,0x06501F6A
0x008B9DCD,0x065032AC
0x008B50B8,0x06504572
0x008B03CC,0x065057BB
0x008AB709,0x06506988
0x008A6A6F,0x06507AD9
0x008A1DFE,0x06508BAF
0x0089D1B6,0x06509C09
0x00898597,0x0650ABE8
0x008939A1,0x0650BB4C
0x0088EDD4,0x0650CA36
0x0088A230,0x0650D8A5
0x008856B5,0x0650E69A
0x00880B63,0x0650F415
0x0087C039,0x06510116
0x00877538,0x06510D9E
0x00872A60,0x065119AD
0x0086DFB0,0x06512543
0x00869529,0x06513060
0x00864ACA,0x06513B05
0x00860094,0x06514531
0x0085B686,0x06514EE6
0x00856CA0,0x06515823
0x008522E2,0x065160E8
0x0084D94C,0x06516936
0x00848FDF,0x0651710D
0x0084469A,0x0651786D
0x0083FD7D,0x06517F57
0x0083B488,0x065185CB
0x00836BBB,0x06518BC9
0x00832315,0x06519151
0x0082DA97,0x06519664
0x00829241,0x06519B01
0x00824A13,0x06519F29
0x0082020C,0x0651A2DD
0x0081BA2D,0x0651A61C
0x00817275,0x0651A8E7
0x00812AE5,0x0651AB3E
0x0080E37C,0x0651AD21
0x00809C3B,0x0651AE90
0x00805521,0x0651AF8C
0x00800E2E,0x0651B015
0x007FC762,0x0651B02B
0x007F80BD,0x0651AFCF
0x007F3A40,0x0651AF01
0x007EF3EA,0x0651ADC1
0x007EADBB,0x0651AC0F
0x007E67B2,0x0651A9EB
0x007E21D0,0x0651A756
0x007DDC15,0x0651A450
0x007D9681,0x0651A0D9
0x007D5113,0x06519CF2
0x007D0BCC,0x0651989A
0x007CC6AC,0x065193D2
0x007C81B2,0x06518E9A
0x007C3CDF,0x065188F3
0x007BF832,0x065182DD
0x007BB3AB,0x06517C58
0x007B6F4B,0x06517564
0x007B2B11,0x06516E01
0x007AE6FD,0x06516630
0x007AA30F,0x06515DF1
0x007A5F47,0x06515544
0x007A1BA5,0x06514C29
0x0079D829,0x065142A1
0x007994D3,0x065138AC
0x007951A3,0x06512E4A
0x00790E99,0x0651237C
0x0078CBB4,0x06511841
0x007888F5,0x06510C9A
0x0078465B,0x06510087
0x007803E7,0x0650F409
0x0077C198,0x0650E71F
0x00777F6F,0x0650D9CA
0x00773D6B,0x0650CC0A
0x0076FB8D,0x0650BDE0
0x0076B9D4,0x0650AF4B
0x00767840,0x0650A04C
0x007636D1,0x065090E3
0x0075F587,0x06508111
0x0075B462,0x065070D5
0x00757362,0x06506030
0x00753287,0x06504F22
0x0074F1D1,0x06503DAC
0x0074B13F,0x06502BCD
0x007470D2,0x06501986
0x0074308A,0x065006D7
0x0073F066,0x064FF3C1
0x0073B067,0x064FE043
0x0073708C,0x064FCC5E
0x007330D6,0x064FB812
0x0072F144,0x064FA35F
0x0072B1D6,0x064F8E46
0x0072728C,0x064F78C7
0x00723367,0x064F62E2
0x0071F466,0x064F4C97
0x0071B589,0x064F35E7
0x007176D0,0x064F1ED1
0x0071383B,0x064F0756
0x0070F9C9,0x064EEF77
0x0070BB7B,0x064ED733
0x00707D51,0x064EBE8B
0x00703F4B,0x064EA57F
0x00700168,0x064E8C0F
0x006FC3A9,0x064E723C
0x006F860D,0x064E5805
0x006F4895,0x064E3D6B
0x006F0B40,0x064E226F
0x006ECE0E,0x064E0710
0x006E9100,0x064DEB4F
0x006E5415,0x064DCF2C
0x006E174D,0x064DB2A7
0x006DDAA8,0x064D95C0
0x006D9E26,0x064D7878
0x006D61C7,0x064D5ACF
0x006D258B,0x064D3CC5
0x006CE972,0x064D1E5A
0x006CAD7B,0x064CFF8F
0x006C71A7,0x064CE064
0x006C35F6,0x064CC0D9
0x006BFA67,0x064CA0EE
0x006BBEFB,0x064C80A4
0x006B83B1,0x064C5FFB
0x006B488A,0x064C3EF3
0x006B0D85,0x064C1D8C
0x006AD2A2,0x064BFBC7
0x006A97E1,0x064BD9A3
0x006A5D42,0x064BB721
0x006A22C5,0x064B9442
0x0069E86A,0x064B7105
0x0069AE31,0x064B4D6B
0x0069741A,0x064B2974
0x00693A25,0x064B0520
0x00690052,0x064AE070
0x0068C6A1,0x064ABB63
0x00688D11,0x064A95FA
0x006853A3,0x064A7035
0x00681A56,0x064A4A15
0x0067E12B,0x064A2399
0x0067A821,0x0649FCC2
0x00676F39,0x0649D590
0x00673672,0x0649AE04
0x0066FDCC,0x0649861D
0x0066C547,0x06495DDC
0x00668CE3,0x06493541
0x006654A0,0x06490C4C
0x00661C7E,0x0648E2FE
0x0065E47D,0x0648B957
0x0065AC9D,0x06488F57
0x006574DE,0x064864FE
0x00653D3F,0x06483A4C
0x006505C1,0x06480F42
0x0064CE64,0x0647E3E0
0x00649727,0x0647B826
0x0064600B,0x06478C15
0x0064290F,0x06475FAC
0x0063F233,0x064732EC
0x0063BB78,0x064705D5
0x006384DD,0x0646D867
0x00634E62,0x0646AAA3
0x00631807,0x06467C89
0x0062E1CC,0x06464E19
0x0062ABB1,0x06461F53
0x006275B6,0x0645F037
0x00623FDB,0x0645C0C6
0x00620A20,0x06459100
0x0061D484,0x064560E5
0x00619F08,0x06453076
0x006169AC,0x0644FFB2
0x0061346F,0x0644CE9A
0x0060FF52,0x06449D2E
0x0060CA54,0x06446B6E
0x00609576,0x0644395B
0x006060B7,0x064406F5
0x00602C17,0x0643D43C
0x005FF796,0x0643A130
0x005FC334,0x06436DD1
0x005F8EF1,0x06433A20
0x005F5ACD,0x0643061D
0x005F26C8,0x0642D1C8
0x005EF2E2,0x06429D21
0x005EBF1B,0x06426829
0x005E8B73,0x064232E0
0x005E57E9,0x0641FD46
0x005E247E,0x0641C75B
0x005DF132,0x0641911F
0x005DBE04,0x06415A93
0x005D8AF5,0x064123B7
0x005D5804,0x0640EC8B
0x005D2531,0x0640B50F
0x005CF27C,0x06407D44
0x005CBFE6,0x0640452A
0x005C8D6E,0x06400CC1
0x005C5B14,0x063FD409
0x005C28D8,0x063F9B02
0x005BF6BA,0x063F61AD
0x005BC4BA,0x063F280A
0x005B92D8,0x063EEE19
0x005B6113,0x063EB3DA
0x005B2F6C,0x063E794E
0x005AFDE3,0x063E3E75
0x005ACC77,0x063E034F
0x005A9B29,0x063DC7DC
0x005A69F8,0x063D8C1C
0x005A38E5,0x063D5010
0x005A07EF,0x063D13B8
0x0059D716,0x063CD714
0x0059A65A,0x063C9A24
0x005975BC,0x063C5CE9
0x0059453B,0x063C1F63
0x005914D7,0x063BE192
0x0058E490,0x063BA376
0x0058B466,0x063B650F
0x00588459,0x063B265E
0x00585468,0x063AE762
0x00582494,0x063AA81D
0x0057F4DD,0x063A688E
0x0057C542,0x063A28B5
0x005795C4,0x0639E893
0x00576663,0x0639A828
0x0057371E,0x06396774
0x005707F5,0x06392677
0x0056D8E9,0x0638E532
0x0056A9F9,0x0638A3A4
0x00567B25,0x063861CE
0x00564C6D,0x06381FB1
0x00561DD1,0x0637DD4C
0x0055EF51,0x06379A9F
0x0055C0ED,0x063757AB
0x005592A5,0x06371470
0x00556479,0x0636D0EE
0x00553669,0x06368D26
0x00550875,0x06364917
0x0054DA9C,0x063604C2
0x0054ACDF,0x0635C027
0x00547F3E,0x06357B47
0x005451B8,0x06353621
0x0054244D,0x0634F0B6
0x0053F6FE,0x0634AB06
0x0053C9CA,0x06346511
0x00539CB1,0x06341ED7
0x00536FB4,0x0633D858
0x005342D2,0x06339195
0x0053160B,0x06334A8E
0x0052E95F,0x06330343
0x0052BCCE,0x0632BBB4
0x00529058,0x063273E2
0x005263FD,0x06322BCD
0x005237BC,0x0631E375
0x00520B96,0x06319ADA
0x0051DF8B,0x063151FC
0x0051B39A,0x063108DC
0x005187C4,0x0630BF79
0x00515C09,0x063075D4
0x00513068,0x06302BED
0x005104E1,0x062FE1C5
0x0050D975,0x062F975B
0x0050AE23,0x062F4CB0
0x005082EB,0x062F01C4
0x005057CD,0x062EB697
0x00502CCA,0x062E6B29
0x005001E1,0x062E1F7B
0x004FD712,0x062DD38D
0x004FAC5D,0x062D875F
0x004F81C1,0x062D3AF1
0x004F573F,0x062CEE43
0x004F2CD7,0x062CA155
0x004F0289,0x062C5428
0x004ED854,0x062C06BC
0x004EAE39,0x062BB911
0x004E8437,0x062B6B28
0x004E5A4F,0x062B1D00
0x004E3080,0x062ACE9A
0x004E06CB,0x062A7FF6
0x004DDD2F,0x062A3114
0x004DB3AC,0x0629E1F4
0x004D8A43,0x06299296
0x004D60F3,0x062942FB
0x004D37BC,0x0628F323
0x004D0E9E,0x0628A30E
0x004CE599,0x062852BC
0x004CBCAD,0x0628022E
0x004C93DA,0x0627B163
0x004C6B1F,0x0627605C
0x004C427D,0x06270F19
0x004C19F4,0x0626BD9A
0x004BF184,0x06266BE0
0x004BC92C,0x062619EA
0x004BA0ED,0x0625C7B9
0x004B78C6,0x0625754D
0x004B50B8,0x062522A6
0x004B28C2,0x0624CFC4
0x004B00E4,0x06247CA8
0x004AD91E,0x06242952
0x004AB171,0x0623D5C2
0x004A89DC,0x062381F8
0x004A625F,0x06232DF4
0x004A3AFA,0x0622D9B6
0x004A13AD,0x0622853F
0x0049EC78,0x0622308F
0x0049C55B,0x0621DBA6
0x00499E56,0x06218684
0x00497768,0x06213129
0x00495092,0x0620DB96
0x004929D4,0x062085CB
0x0049032D,0x06202FC8
0x0048DC9E,0x061FD98D
0x0048B626,0x061F831A
0x00488FC6,0x061F2C6F
0x0048697D,0x061ED58D
0x0048434C,0x061E7E74
0x00481D32,0x061E2724
0x0047F72F,0x061DCF9D
0x0047D143,0x061D77E0
0x0047AB6E,0x061D1FEC
0x004785B1,0x061CC7C2
0x0047600B,0x061C6F62
0x00473A7C,0x061C16CC
0x00471503,0x061BBE00
0x0046EFA1,0x061B64FF
0x0046CA56,0x061B0BC8
0x0046A522,0x061AB25C
0x00468005,0x061A58BB
0x00465AFE,0x0619FEE5
0x0046360E,0x0619A4DA
0x00461134,0x06194A9B
0x0045EC71,0x0618F028
0x0045C7C4,0x06189580
0x0045A32E,0x06183AA4
0x00457EAE,0x0617DF95
0x00455A44,0x06178452
0x004535F1,0x061728DC
0x004511B4,0x0616CD32
0x0044ED8D,0x06167155
0x0044C97C,0x06161545
0x0044A581,0x0615B903
0x0044819C,0x06155C8E
0x00445DCD,0x0614FFE7
0x00443A14,0x0614A30D
0x00441671,0x06144601
0x0043F2E4,0x0613E8C3
0x0043CF6C,0x06138B54
0x0043AC0A,0x06132DB3
0x004388BE,0x0612CFE1
0x00436587,0x061271DD
0x00434266,0x061213A8
0x00431F5A,0x0611B543
0x0042FC64,0x061156AD
0x0042D983,0x0610F7E6
0x0042B6B7,0x061098EF
0x00429401,0x061039C8
0x00427160,0x060FDA71
0x00424ED4,0x060F7AEA
0x00422C5D,0x060F1B33
0x004209FB,0x060EBB4C
0x0041E7AE,0x060E5B36
0x0041C576,0x060DFAF1
0x0041A353,0x060D9A7D
0x00418145,0x060D39DA
0x00415F4C,0x060CD908
0x00413D68,0x060C7808
0x00411B98,0x060C16D9
0x0040F9DD,0x060BB57C
0x0040D837,0x060B53F1
0x0040B6A5,0x060AF238
0x00409528,0x060A9051
0x004073BF,0x060A2E3D
0x0040526B,0x0609CBFB
0x0040312B,0x0609698C
0x00400FFF,0x060906F0
0x003FEEE8,0x0608A427
0x003FCDE5,0x06084131
0x003FACF6,0x0607DE0E
0x003F8C1B,0x06077ABF
0x003F6B55,0x06071744
0x003F4AA3,0x0606B39C
0x003F2A05,0x06064FC8
0x003F097B,0x0605EBC9
0x003EE904,0x0605879E
0x003EC8A1,0x06052347
0x003EA852,0x0604BEC5
0x003E8817,0x06045A18
0x003E67F0,0x0603F540
0x003E47DC,0x0603903D
0x003E27DC,0x06032B0F
0x003E07F0,0x0602C5B6
0x003DE817,0x06026033
0x003DC852,0x0601FA86
0x003DA8A0,0x060194AF
0x003D8901,0x06012EAE
0x003D6976,0x0600C883
0x003D49FE,0x0600622E
0x003D2A99,0x05FFFBAF
0x003D0B48,0x05FF9507
0x003CEC0A,0x05FF2E36
0x003CCCDF,0x05FEC73C
0x003CADC7,0x05FE6019
0x003C8EC2,0x05FDF8CD
0x003C6FD0,0x05FD9158
0x003C50F1,0x05FD29BB
0x003C3225,0x05FCC1F6
0x003C136C,0x05FC5A08
0x003BF4C5,0x05FBF1F2
0x003BD631,0x05FB89B5
0x003BB7B0,0x05FB2150
0x003B9942,0x05FAB8C3
0x003B7AE6,0x05FA500F
0x003B5C9D,0x05F9E733
0x003B3E66,0x05F97E30
0x003B2042,0x05F91506
0x003B0230,0x05F8ABB5
0x003AE431,0x05F8423E
0x003AC644,0x05F7D8A0
0x003AA869,0x05F76EDC
0x003A8AA1,0x05F704F1
0x003A6CEB,0x05F69AE0
0x003A4F47,0x05F630A9
0x003A31B5,0x05F5C64D
0x003A1435,0x05F55BCB
0x0039F6C7,0x05F4F123
0x0039D96B,0x05F48656
0x0039BC21,0x05F41B64
0x00399EE9,0x05F3B04C
0x003981C3,0x05F3450F
0x003964AF,0x05F2D9AE
0x003947AD,0x05F26E28
0x00392ABC,0x05F2027D
0x00390DDD,0x05F196AE
0x0038F110,0x05F12ABB
0x0038D454,0x05F0BEA3
0x0038B7AA,0x05F05267
0x00389B11,0x05EFE608
0x00387E8A,0x05EF7985
0x00386214,0x05EF0CDE
0x003845B0,0x05EEA014
0x0038295D,0x05EE3326
0x00380D1B,0x05EDC615
0x0037F0EB,0x05ED58E1
0x0037D4CC,0x05ECEB8A
0x0037B8BE,0x05EC7E10
0x00379CC1,0x05EC1074
0x003780D5,0x05EBA2B5
0x003764FA,0x05EB34D4
0x00374930,0x05EAC6D1
0x00372D77,0x05EA58AC
0x003711CF,0x05E9EA65
0x0036F638,0x05E97BFC
0x0036DAB2,0x05E90D71
0x0036BF3D,0x05E89EC4
0x0036A3D9,0x05E82FF6
0x00368885,0x05E7C107
0x00366D42,0x05E751F7
0x00365210,0x05E6E2C6
0x003636EE,0x05E67374
0x00361BDD,0x05E60401
0x003600DC,0x05E5946D
0x0035E5EC,0x05E524B9
0x0035CB0C,0x05E4B4E4
0x0035B03D,0x05E444EF
0x0035957E,0x05E3D4DA
0x00357ACF,0x05E364A5
0x00356031,0x05E2F450
0x003545A3,0x05E283DB
0x00352B25,0x05E21347
0x003510B7,0x05E1A293
0x0034F659,0x05E131C0
0x0034DC0C,0x05E0C0CE
0x0034C1CF,0x05E04FBD
0x0034A7A2,0x05DFDE8D
0x00348D85,0x05DF6D3E
0x00347377,0x05DEFBD0
0x00345979,0x05DE8A43
0x00343F8B,0x05DE1898
0x003425AD,0x05DDA6CF
0x00340BDF,0x05DD34E7
0x0033F221,0x05DCC2E1
0x0033D872,0x05DC50BD
0x0033BED3,0x05DBDE7B
0x0033A544,0x05DB6C1C
0x00338BC4,0x05DAF99F
0x00337254,0x05DA8705
0x003358F3,0x05DA144D
0x00333FA2,0x05D9A178
0x00332660,0x05D92E86
0x00330D2D,0x05D8BB77
0x0032F40A,0x05D8484B
0x0032DAF6,0x05D7D502
0x0032C1F1,0x05D7619D
0x0032A8FC,0x05D6EE1B
0x00329016,0x05D67A7D
0x0032773F,0x05D606C2
0x00325E77,0x05D592EB
0x003245BE,0x05D51EF8
0x00322D14,0x05D4AAE9
0x00321479,0x05D436BF
0x0031FBED,0x05D3C279
0x0031E370,0x05D34E17
0x0031CB02,0x05D2D99A
0x0031B2A3,0x05D26502
0x00319A53,0x05D1F04E
0x00318211,0x05D17B7F
0x003169DE,0x05D10695
0x003151BA,0x05D09190
0x003139A5,0x05D01C71
0x0031219E,0x05CFA737
0x003109A6,0x05CF31E3
0x0030F1BC,0x05CEBC74
0x0030D9E1,0x05CE46EB
0x0030C214,0x05CDD148
0x0030AA56,0x05CD5B8B
0x003092A6,0x05CCE5B4
0x00307B05,0x05CC6FC3
0x00306372,0x05CBF9B8
0x00304BED,0x05CB8394
0x00303477,0x05CB0D56
0x00301D0F,0x05CA96FF
0x003005B5,0x05CA208F
0x002FEE69,0x05C9AA05
0x002FD72B,0x05C93362
0x002FBFFC,0x05C8BCA6
0x002FA8DB,0x05C845D2
0x002F91C8,0x05C7CEE5
0x002F7AC3,0x05C757DF
0x002F63CC,0x05C6E0C1
0x002F4CE3,0x05C6698A
0x002F3607,0x05C5F23B
0x002F1F39,0x05C57AD4
0x002F0879,0x05C50355
0x002EF1C7,0x05C48BBE
0x002EDB23,0x05C4140F
0x002EC48C,0x05C39C49
0x002EAE03,0x05C3246B
0x002E9788,0x05C2AC75
0x002E811A,0x05C23468
0x002E6ABA,0x05C1BC44
0x002E5468,0x05C14409
0x002E3E23,0x05C0CBB6
0x002E27EC,0x05C0534C
0x002E11C2,0x05BFDACC
0x002DFBA5,0x05BF6235
0x002DE596,0x05BEE987
0x002DCF94,0x05BE70C3
0x002DB99F,0x05BDF7E8
0x002DA3B8,0x05BD7EF7
0x002D8DDE,0x05BD05F0
0x002D7811,0x05BC8CD3
0x002D6251,0x05BC139F
0x002D4C9F,0x05BB9A56
0x002D36FA,0x05BB20F7
0x002D2162,0x05BAA782
0x002D0BD7,0x05BA2DF7
0x002CF659,0x05B9B457
0x002CE0E8,0x05B93AA1
0x002CCB84,0x05B8C0D6
0x002CB62D,0x05B846F6
0x002CA0E3,0x05B7CD01
0x002C8BA5,0x05B752F7
0x002C7674,0x05B6D8D8
0x002C6150,0x05B65EA4
0x002C4C39,0x05B5E45B
0x002C372F,0x05B569FE
0x002C2231,0x05B4EF8C
0x002C0D40,0x05B47506
0x002BF85C,0x05B3FA6C
0x002BE384,0x05B37FBD
0x002BCEB9,0x05B304FA
0x002BB9FA,0x05B28A23
0x002BA548,0x05B20F38
0x002B90A2,0x05B1943A
0x002B7C09,0x05B11928
0x002B677C,0x05B09E02
0x002B52FC,0x05B022C9
0x002B3E88,0x05AFA77C
0x002B2A20,0x05AF2C1C
0x002B15C4,0x05AEB0A9
0x002B0175,0x05AE3523
0x002AED32,0x05ADB989
0x002AD8FB,0x05AD3DDD
0x002AC4D0,0x05ACC21E
0x002AB0B1,0x05AC464C
0x002A9C9F,0x05ABCA67
0x002A8899,0x05AB4E70
0x002A749F,0x05AAD266
0x002A60B1,0x05AA564A
0x002A4CCF,0x05A9DA1C
0x002A38F9,0x05A95DDB
0x002A252F,0x05A8E188
0x002A1170,0x05A86523
0x0029FDBD,0x05A7E8AC
0x0029EA16,0x05A76C23
0x0029D67B,0x05A6EF89
0x0029C2EC,0x05A672DD
0x0029AF69,0x05A5F620
0x00299BF1,0x05A57951
0x00298885,0x05A4FC71
0x00297525,0x05A47F7F
0x002961D0,0x05A4027C
0x00294E87,0x05A38568
0x00293B49,0x05A30843
0x00292817,0x05A28B0D
0x002914F0,0x05A20DC6
0x002901D5,0x05A1906F
0x0028EEC5,0x05A11307
0x0028DBC1,0x05A0958E
0x0028C8C8,0x05A01805
0x0028B5DB,0x059F9A6C
0x0028A2F9,0x059F1CC2
0x00289022,0x059E9F08
0x00287D56,0x059E213E
0x00286A96,0x059DA364
0x002857E1,0x059D257A
0x00284537,0x059CA780
0x00283298,0x059C2976
0x00282004,0x059BAB5D
0x00280D7C,0x059B2D34
0x0027FAFF,0x059AAEFC
0x0027E88D,0x059A30B4
0x0027D626,0x0599B25D
0x0027C3CA,0x059933F7
0x0027B179,0x0598B581
0x00279F33,0x059836FC
0x00278CF8,0x0597B868
0x00277AC7,0x059739C5
0x002768A1,0x0596BB14
0x00275686,0x05963C54
0x00274476,0x0595BD85
0x00273271,0x05953EA8
0x00272077,0x0594BFBC
0x00270E87,0x059440C2
0x0026FCA2,0x0593C1B9
0x0026EAC8,0x059342A2
0x0026D8F8,0x0592C37D
0x0026C733,0x0592444A
0x0026B579,0x0591C509
0x0026A3C9,0x059145BA
0x00269224,0x0590C65D
0x00268089,0x059046F2
0x00266EF9,0x058FC77A
0x00265D73,0x058F47F4
0x00264BF8,0x058EC861
0x00263A87,0x058E48C0
0x00262920,0x058DC912
0x002617C4,0x058D4956
0x00260672,0x058CC98D
0x0025F52A,0x058C49B7
0x0025E3ED,0x058BC9D4
0x0025D2BA,0x058B49E4
0x0025C191,0x058AC9E7
0x0025B072,0x058A49DD
0x00259F5D,0x0589C9C7
0x00258E53,0x058949A4
0x00257D53,0x0588C975
0x00256C5D,0x05884939
0x00255B71,0x0587C8F1
0x00254A8F,0x0587489C
0x002539B7,0x0586C83B
0x002528E9,0x058647CE
0x00251825,0x0585C755
0x0025076B,0x058546D0
0x0024F6BB,0x0584C63F
0x0024E615,0x058445A2
0x0024D579,0x0583C4F9
0x0024C4E6,0x05834444
0x0024B45D,0x0582C384
0x0024A3DE,0x058242B8
0x00249369,0x0581C1E1
0x002482FE,0x058140FE
0x0024729C,0x0580C010
0x00246244,0x05803F16
0x002451F6,0x057FBE11
0x002441B1,0x057F3D01
0x00243176,0x057EBBE6
0x00242144,0x057E3AC0
0x0024111C,0x057DB98F
0x002400FE,0x057D3853
0x0023F0E9,0x057CB70D
0x0023E0DE,0x057C35BC
0x0023D0DC,0x057BB460
0x0023C0E4,0x057B32FA
0x0023B0F5,0x057AB189
0x0023A10F,0x057A300E
0x00239133,0x0579AE88
0x00238160,0x05792CF8
0x00237197,0x0578AB5E
0x002361D7,0x057829BA
0x00235220,0x0577A80C
0x00234272,0x05772654
0x002332CE,0x0576A492
0x00232333,0x057622C6
0x002313A1,0x0575A0F0
0x00230418,0x05751F11
0x0022F498,0x05749D28
0x0022E522,0x05741B35
0x0022D5B5,0x05739939
0x0022C651,0x05731733
0x0022B6F6,0x05729524
0x0022A7A4,0x0572130C
0x0022985B,0x057190EB
0x0022891B,0x05710EC0
0x002279E4,0x05708C8C
0x00226AB6,0x05700A4F
0x00225B91,0x056F8809
0x00224C75,0x056F05BB
0x00223D61,0x056E8364
0x00222E56,0x056E0104
0x00221F54,0x056D7E9B
0x0022105B,0x056CFC2A
0x0022016B,0x056C79B0
0x0021F284,0x056BF72E
0x0021E3A5,0x056B74A3
0x0021D4CF,0x056AF210
0x0021C602,0x056A6F75
0x0021B73D,0x0569ECD1
0x0021A881,0x05696A25
0x002199CE,0x0568E771
0x00218B23,0x056864B5
0x00217C81,0x0567E1F1
0x00216DE7,0x05675F25
0x00215F56,0x0566DC51
0x002150CE,0x05665976
0x0021424E,0x0565D693
0x002133D7,0x056553A8
0x00212568,0x0564D0B6
0x00211701,0x05644DBC
0x002108A3,0x0563CABB
0x0020FA4D,0x056347B2
0x0020EC00,0x0562C4A2
0x0020DDBB,0x0562418B
0x0020CF7E,0x0561BE6D
0x0020C14A,0x05613B47
0x0020B31E,0x0560B81A
0x0020A4FA,0x056034E6
0x002096DE,0x055FB1AB
0x002088CB,0x055F2E69
0x00207AC0,0x055EAB21
0x00206CBD,0x055E27D2
0x00205EC2,0x055DA47C
0x002050CF,0x055D211F
0x002042E5,0x055C9DBC
0x00203503,0x055C1A52
0x00202729,0x055B96E2
0x00201957,0x055B136B
0x00200B8D,0x055A8FEE
0x001FFDCB,0x055A0C6B
0x001FF011,0x055988E2
0x001FE25F,0x05590552
0x001FD4B5,0x055881BC
0x001FC713,0x0557FE20
0x001FB979,0x05577A7E
0x001FABE7,0x0556F6D6
0x001F9E5D,0x05567328
0x001F90DA,0x0555EF75
0x001F835F,0x05556BBC
0x001F75EC,0x0554E7FD
0x001F6881,0x05546439
0x001F5B1E,0x0553E06F
0x001F4DC2,0x05535C9F
0x001F406E,0x0552D8CA
0x001F3322,0x055254F0
0x001F25DE,0x0551D110
0x001F18A1,0x05514D2B
0x001F0B6C,0x0550C941
0x001EFE3F,0x05504551
0x001EF119,0x054FC15C
0x001EE3FB,0x054F3D62
0x001ED6E5,0x054EB963
0x001EC9D6,0x054E355F
0x001EBCCF,0x054DB156
0x001EAFCF,0x054D2D48
0x001EA2D7,0x054CA936
0x001E95E6,0x054C251F
0x001E88FD,0x054BA103
0x001E7C1B,0x054B1CE3
0x001E6F41,0x054A98BE
0x001E626E,0x054A1495
0x001E55A3,0x05499067
0x001E48DF,0x05490C35
0x001E3C22,0x054887FE
0x001E2F6D,0x054803C3
0x001E22BF,0x05477F84
0x001E1618,0x0546FB41
0x001E0979,0x054676F9
0x001DFCE1,0x0545F2AD
0x001DF050,0x05456E5D
0x001DE3C6,0x0544EA09
0x001DD744,0x054465B1
0x001DCAC9,0x0543E155
0x001DBE55,0x05435CF6
0x001DB1E8,0x0542D893
0x001DA582,0x0542542C
0x001D9923,0x0541CFC1
0x001D8CCC,0x05414B53
0x001D807C,0x0540C6E1
0x001D7433,0x0540426C
0x001D67F1,0x053FBDF3
0x001D5BB6,0x053F3977
0x001D4F82,0x053EB4F7
0x001D4355,0x053E3074
0x001D372F,0x053DABEE
0x001D2B10,0x053D2765
0x001D1EF8,0x053CA2D8
0x001D12E7,0x053C1E48
0x001D06DD,0x053B99B5
0x001CFADA,0x053B151F
0x001CEEDE,0x053A9086
0x001CE2E8,0x053A0BEA
0x001CD6F9,0x0539874C
0x001CCB11,0x053902AB
0x001CBF30,0x05387E07
0x001CB356,0x0537F960
0x001CA783,0x053774B7
0x001C9BB6,0x0536F00B
0x001C8FF0,0x05366B5C
0x001C8431,0x0535E6AB
0x001C7879,0x053561F7
0x001C6CC7,0x0534DD41
0x001C611C,0x05345889
0x001C5578,0x0533D3CE
0x001C49DA,0x05334F11
0x001C3E43,0x0532CA52
0x001C32B3,0x05324591
0x001C2729,0x0531C0CD
0x001C1BA6,0x05313C07
0x001C1029,0x0530B73F
0x001C04B3,0x05303275
0x001BF943,0x052FADA9
0x001BEDDA,0x052F28DB
0x001BE277,0x052EA40C
0x001BD71B,0x052E1F3B
0x001BCBC5,0x052D9A68
0x001BC076,0x052D1593
0x001BB52D,0x052C90BD
0x001BA9EB,0x052C0BE5
0x001B9EAF,0x052B870B
0x001B937A,0x052B0230
0x001B884B,0x052A7D53
0x001B7D22,0x0529F875
0x001B7200,0x05297395
0x001B66E4,0x0528EEB4
0x001B5BCE,0x052869D2
0x001B50BF,0x0527E4EF
0x001B45B6,0x0527600A
0x001B3AB3,0x0526DB24
0x001B2FB6,0x0526563D
0x001B24C0,0x0525D155
0x001B19D0,0x05254C6C
0x001B0EE6,0x0524C782
0x001B0402,0x05244297
0x001AF924,0x0523BDAB
0x001AEE4D,0x052338BE
0x001AE37C,0x0522B3D0
0x001AD8B1,0x05222EE2
0x001ACDEC,0x0521A9F3
0x001AC32D,0x05212503
0x001AB874,0x0520A012
0x001AADC1,0x05201B21
0x001AA314,0x051F962F
0x001A986D,0x051F113D
0x001A8DCC,0x051E8C4A
0x001A8331,0x051E0757
0x001A789C,0x051D8263
0x001A6E0D,0x051CFD6F
0x001A6384,0x051C787B
0x001A5901,0x051BF386
0x001A4E84,0x051B6E91
0x001A440D,0x051AE99C
0x001A399C,0x051A64A7
0x001A2F31,0x0519DFB2
0x001A24CC,0x05195ABD
0x001A1A6D,0x0518D5C8
0x001A1014,0x051850D3
0x001A05C0,0x0517CBDE
0x0019FB72,0x051746E9
0x0019F12A,0x0516C1F4
0x0019E6E8,0x05163CFF
0x0019DCAC,0x0515B80A
0x0019D275,0x05153315
0x0019C844,0x0514AE21
0x0019BE19,0x0514292D
0x0019B3F4,0x0513A439
0x0019A9D4,0x05131F46
0x00199FBA,0x05129A53
0x001995A6,0x05121561
0x00198B97,0x0511906F
0x0019818E,0x05110B7E
0x0019778B,0x0510868D
0x00196D8D,0x0510019D
0x00196395,0x050F7CAE
0x001959A2,0x050EF7C0
0x00194FB5,0x050E72D2
0x001945CE,0x050DEDE5
0x00193BEC,0x050D68F9
0x00193210,0x050CE40E
0x00192839,0x050C5F24
0x00191E68,0x050BDA3B
0x0019149C,0x050B5553
0x00190AD6,0x050AD06C
0x00190115,0x050A4B86
0x0018F75A,0x0509C6A1
0x0018EDA4,0x050941BD
0x0018E3F3,0x0508BCDA
0x0018DA48,0x050837F8
0x0018D0A2,0x0507B318
0x0018C702,0x05072E39
0x0018BD67,0x0506A95B
0x0018B3D1,0x0506247F
0x0018AA41,0x05059FA4
0x0018A0B6,0x05051ACA
0x00189730,0x050495F2
0x00188DB0,0x0504111B
0x00188435,0x05038C46
0x00187ABF,0x05030772
0x0018714F,0x050282A0
0x001867E4,0x0501FDD0
0x00185E7E,0x05017901
0x0018551D,0x0500F434
0x00184BC2,0x05006F69
0x0018426C,0x04FFEAA0
0x0018391B,0x04FF65D8
0x00182FCF,0x04FEE112
0x00182688,0x04FE5C4E
0x00181D47,0x04FDD78C
0x0018140B,0x04FD52CC
0x00180AD4,0x04FCCE0E
0x001801A2,0x04FC4952
0x0017F875,0x04FBC498
0x0017EF4D,0x04FB3FE0
0x0017E62A,0x04FABB2A
0x0017DD0C,0x04FA3677
0x0017D3F3,0x04F9B1C6
0x0017CADF,0x04F92D17
0x0017C1D0,0x04F8A86A
0x0017B8C6,0x04F823C0
0x0017AFC1,0x04F79F18
0x0017A6C1,0x04F71A72
0x00179DC6,0x04F695CF
0x001794D0,0x04F6112E
0x00178BDF,0x04F58C90
0x001782F3,0x04F507F4
0x00177A0C,0x04F4835B
0x0017712A,0x04F3FEC4
0x0017684D,0x04F37A30
0x00175F75,0x04F2F59E
0x001756A2,0x04F2710F
0x00174DD4,0x04F1EC83
0x0017450B,0x04F167F9
0x00173C46,0x04F0E372
0x00173386,0x04F05EEE
0x00172ACB,0x04EFDA6D
0x00172215,0x04EF55EF
0x00171964,0x04EED174
0x001710B8,0x04EE4CFB
0x00170810,0x04EDC885
0x0016FF6D,0x04ED4412
0x0016F6CF,0x04ECBFA2
0x0016EE36,0x04EC3B35
0x0016E5A1,0x04EBB6CC
0x0016DD11,0x04EB3266
0x0016D486,0x04EAAE03
0x0016CC00,0x04EA29A3
0x0016C37E,0x04E9A546
0x0016BB01,0x04E920EC
0x0016B289,0x04E89C96
0x0016AA15,0x04E81843
0x0016A1A6,0x04E793F3
0x0016993C,0x04E70FA7
0x001690D6,0x04E68B5E
0x00168875,0x04E60718
0x00168018,0x04E582D6
0x001677C0,0x04E4FE97
0x00166F6D,0x04E47A5C
0x0016671E,0x04E3F624
0x00165ED4,0x04E371F0
0x0016568E,0x04E2EDBF
0x00164E4D,0x04E26992
0x00164610,0x04E1E569
0x00163DD8,0x04E16143
0x001635A4,0x04E0DD21
0x00162D75,0x04E05903
0x0016254A,0x04DFD4E9
0x00161D24,0x04DF50D2
0x00161502,0x04DECCBF
0x00160CE5,0x04DE48B0
0x001604CC,0x04DDC4A5
0x0015FCB7,0x04DD409E
0x0015F4A7,0x04DCBC9B
0x0015EC9B,0x04DC389C
0x0015E494,0x04DBB4A1
0x0015DC91,0x04DB30AA
0x0015D492,0x04DAACB7
0x0015CC98,0x04DA28C8
0x0015C4A2,0x04D9A4DD
0x0015BCB1,0x04D920F6
0x0015B4C4,0x04D89D13
0x0015ACDB,0x04D81934
0x0015A4F6,0x04D7955A
0x00159D16,0x04D71184
0x0015953A,0x04D68DB2
0x00158D62,0x04D609E4
0x0015858F,0x04D5861B
0x00157DC0,0x04D50256
0x001575F5,0x04D47E95
0x00156E2E,0x04D3FAD9
0x0015666C,0x04D37721
0x00155EAE,0x04D2F36E
0x001556F4,0x04D26FBF
0x00154F3E,0x04D1EC15
0x0015478C,0x04D1686F
0x00153FDF,0x04D0E4CE
0x00153836,0x04D06131
0x00153091,0x04CFDD99
0x001528F0,0x04CF5A05
0x00152153,0x04CED676
0x001519BA,0x04CE52EC
0x00151225,0x04CDCF67
0x00150A95,0x04CD4BE6
0x00150309,0x04CCC86A
0x0014FB81,0x04CC44F3
0x0014F3FD,0x04CBC181
0x0014EC7D,0x04CB3E13
0x0014E501,0x04CABAAA
0x0014DD89,0x04CA3746
0x0014D615,0x04C9B3E7
0x0014CEA5,0x04C9308D
0x0014C739,0x04C8AD38
0x0014BFD1,0x04C829E8
0x0014B86D,0x04C7A69D
0x0014B10D,0x04C72357
0x0014A9B1,0x04C6A016
0x0014A259,0x04C61CDA
0x00149B05,0x04C599A3
0x001493B5,0x04C51672
0x00148C69,0x04C49346
0x00148521,0x04C4101F
0x00147DDD,0x04C38CFD
0x0014769D,0x04C309E0
0x00146F61,0x04C286C9
0x00146828,0x04C203B7
0x001460F3,0x04C180AA
0x001459C2,0x04C0FDA2
0x00145295,0x04C07AA0
0x00144B6C,0x04BFF7A3
0x00144447,0x04BF74AC
0x00143D26,0x04BEF1BA
0x00143608,0x04BE6ECD
0x00142EEE,0x04BDEBE6
0x001427D8,0x04BD6904
0x001420C6,0x04BCE628
0x001419B8,0x04BC6351
0x001412AE,0x04BBE080
0x00140BA7,0x04BB5DB5
0x001404A4,0x04BADAEF
0x0013FDA5,0x04BA582F
0x0013F6AA,0x04B9D574
0x0013EFB2,0x04B952BF
0x0013E8BE,0x04B8D010
0x0013E1CE,0x04B84D67
0x0013DAE2,0x04B7CAC3
0x0013D3F9,0x04B74825
0x0013CD14,0x04B6C58D
0x0013C633,0x04B642FB
0x0013BF55,0x04B5C06E
0x0013B87B,0x04B53DE7
0x0013B1A5,0x04B4BB66
0x0013AAD2,0x04B438EB
0x0013A403,0x04B3B676
0x00139D38,0x04B33407
0x00139670,0x04B2B19E
0x00138FAC,0x04B22F3B
0x001388EB,0x04B1ACDE
0x0013822E,0x04B12A87
0x00137B75,0x04B0A836
0x001374BF,0x04B025EB
0x00136E0D,0x04AFA3A6
0x0013675E,0x04AF2167
0x001360B3,0x04AE9F2E
0x00135A0B,0x04AE1CFB
0x00135367,0x04AD9ACF
0x00134CC7,0x04AD18A9
0x0013462A,0x04AC9689
0x00133F91,0x04AC146F
0x001338FB,0x04AB925C
0x00133269,0x04AB104F
0x00132BDA,0x04AA8E48
0x0013254F,0x04AA0C47
0x00131EC7,0x04A98A4D
0x00131843,0x04A90859
0x001311C2,0x04A8866B
0x00130B44,0x04A80484
0x001304CA,0x04A782A3
0x0012FE53,0x04A700C9
0x0012F7E0,0x04A67EF5
0x0012F170,0x04A5FD28
0x0012EB04,0x04A57B61
0x0012E49B,0x04A4F9A1
0x0012DE35,0x04A477E7
0x0012D7D3,0x04A3F634
0x0012D174,0x04A37487
0x0012CB19,0x04A2F2E1
0x0012C4C1,0x04A27142
0x0012BE6C,0x04A1EFA9
0x0012B81B,0x04A16E17
0x0012B1CD,0x04A0EC8B
0x0012AB82,0x04A06B06
0x0012A53B,0x049FE988
0x00129EF7,0x049F6811
0x001298B6,0x049EE6A0
0x00129279,0x049E6536
0x00128C3F,0x049DE3D3
0x00128608,0x049D6277
0x00127FD4,0x049CE121
0x001279A4,0x049C5FD2
0x00127377,0x049BDE8A
0x00126D4D,0x049B5D49
0x00126726,0x049ADC0F
0x00126103,0x049A5ADC
0x00125AE3,0x0499D9B0
0x001254C6,0x0499588B
0x00124EAC,0x0498D76D
0x00124896,0x04985656
0x00124283,0x0497D546
0x00123C73,0x0497543D
0x00123666,0x0496D33B
0x0012305C,0x04965240
0x00122A56,0x0495D14C
0x00122453,0x0495505F
0x00121E53,0x0494CF79
0x00121856,0x04944E9A
0x0012125C,0x0493CDC2
0x00120C65,0x04934CF1
0x00120671,0x0492CC28
0x00120081,0x04924B66
0x0011FA94,0x0491CAAB
0x0011F4AA,0x049149F7
0x0011EEC3,0x0490C94A
0x0011E8DF,0x049048A5
0x0011E2FE,0x048FC807
0x0011DD20,0x048F4770
0x0011D745,0x048EC6E1
0x0011D16D,0x048E4659
0x0011CB98,0x048DC5D8
0x0011C5C6,0x048D455F
0x0011BFF7,0x048CC4ED
0x0011BA2B,0x048C4482
0x0011B462,0x048BC41F
0x0011AE9C,0x048B43C3
0x0011A8DA,0x048AC36F
0x0011A31B,0x048A4322
0x00119D5F,0x0489C2DD
0x001197A6,0x0489429F
0x001191EF,0x0488C269
0x00118C3B,0x0488423A
0x0011868A,0x0487C213
0x001180DC,0x048741F3
0x00117B31,0x0486C1DB
0x00117589,0x048641CA
0x00116FE4,0x0485C1C1
0x00116A42,0x048541C0
0x001164A3,0x0484C1C6
0x00115F07,0x048441D4
0x0011596E,0x0483C1EA
0x001153D8,0x04834207
0x00114E45,0x0482C22C
0x001148B5,0x04824259
0x00114328,0x0481C28D
0x00113D9E,0x048142C9
0x00113816,0x0480C30D
0x00113291,0x04804359
0x00112D0F,0x047FC3AC
0x00112790,0x047F4407
0x00112214,0x047EC46A
0x00111C9B,0x047E44D5
0x00111725,0x047DC548
0x001111B1,0x047D45C3
0x00110C40,0x047CC646
0x001106D2,0x047C46D0
0x00110167,0x047BC762
0x0010FBFF,0x047B47FC
0x0010F699,0x047AC89E
0x0010F136,0x047A4948
0x0010EBD6,0x0479C9FA
0x0010E679,0x04794AB4
0x0010E11F,0x0478CB76
0x0010DBC7,0x04784C40
0x0010D672,0x0477CD12
0x0010D120,0x04774DEC
0x0010CBD1,0x0476CECE
0x0010C684,0x04764FB8
0x0010C13A,0x0475D0AA
0x0010BBF3,0x047551A4
0x0010B6AF,0x0474D2A7
0x0010B16D,0x047453B2
0x0010AC2E,0x0473D4C5
0x0010A6F2,0x047355E0
0x0010A1B8,0x0472D703
0x00109C81,0x0472582E
0x0010974D,0x0471D961
0x0010921B,0x04715A9D
0x00108CEC,0x0470DBE1
0x001087C0,0x04705D2D
0x00108296,0x046FDE81
0x00107D6F,0x046F5FDE
0x0010784B,0x046EE143
0x00107329,0x046E62B0
0x00106E0A,0x046DE425
0x001068EE,0x046D65A3
0x001063D4,0x046CE729
0x00105EBD,0x046C68B7
0x001059A9,0x046BEA4E
0x00105497,0x046B6BED
0x00104F88,0x046AED95
0x00104A7B,0x046A6F45
0x00104571,0x0469F0FD
0x0010406A,0x046972BE
0x00103B65,0x0468F487
0x00103663,0x04687659
0x00103163,0x0467F833
0x00102C66,0x04677A15
0x0010276B,0x0466FC00
0x00102273,0x04667DF3
0x00101D7D,0x0465FFEF
0x0010188A,0x046581F3
0x0010139A,0x04650400
0x00100EAC,0x04648616
0x001009C1,0x04640834
0x001004D8,0x04638A5B
0x000FFFF2,0x04630C8A
0x000FFB0E,0x04628EC2
0x000FF62D,0x04621102
0x000FF14E,0x0461934B
0x000FEC72,0x0461159D
0x000FE798,0x046097F7
0x000FE2C1,0x04601A5A
0x000FDDEC,0x045F9CC6
0x000FD919,0x045F1F3A
0x000FD449,0x045EA1B7
0x000FCF7B,0x045E243D
0x000FCAB0,0x045DA6CB
0x000FC5E7,0x045D2962
0x000FC121,0x045CAC02
0x000FBC5D,0x045C2EAA
0x000FB79C,0x045BB15B
0x000FB2DD,0x045B3415
0x000FAE20,0x045AB6D8
0x000FA966,0x045A39A4
0x000FA4AE,0x0459BC78
0x000F9FF9,0x04593F55
0x000F9B46,0x0458C23B
0x000F9695,0x0458452A
0x000F91E7,0x0457C822
0x000F8D3B,0x04574B22
0x000F8892,0x0456CE2B
0x000F83EB,0x0456513D
0x000F7F46,0x0455D458
0x000F7AA4,0x0455577C
0x000F7604,0x0454DAA9
0x000F7166,0x04545DDF
0x000F6CCB,0x0453E11E
0x000F6832,0x04536466
0x000F639B,0x0452E7B7
0x000F5F07,0x04526B11
0x000F5A75,0x0451EE74
0x000F55E5,0x045171E0
0x000F5158,0x0450F555
0x000F4CCD,0x045078D3
0x000F4844,0x044FFC5A
0x000F43BE,0x044F7FEA
0x000F3F3A,0x044F0383
0x000F3AB8,0x044E8725
0x000F3638,0x044E0AD0
0x000F31BB,0x044D8E84
0x000F2D40,0x044D1241
0x000F28C7,0x044C9607
0x000F2450,0x044C19D6
0x000F1FDC,0x044B9DAE
0x000F1B6A,0x044B218F
0x000F16FA,0x044AA579
0x000F128C,0x044A296D
0x000F0E21,0x0449AD6A
0x000F09B8,0x04493170
0x000F0551,0x0448B57F
0x000F00EC,0x04483997
0x000EFC8A,0x0447BDB8
0x000EF82A,0x044741E3
0x000EF3CC,0x0446C617
0x000EEF70,0x04464A54
0x000EEB16,0x0445CE9A
0x000EE6BF,0x044552E9
0x000EE26A,0x0444D742
0x000EDE17,0x04445BA4
0x000ED9C6,0x0443E00F
0x000ED577,0x04436483
0x000ED12A,0x0442E901
0x000ECCE0,0x04426D88
0x000EC898,0x0441F218
0x000EC452,0x044176B2
0x000EC00E,0x0440FB55
0x000EBBCC,0x04408001
0x000EB78C,0x044004B7
0x000EB34E,0x043F8976
0x000EAF13,0x043F0E3E
0x000EAADA,0x043E9310
0x000EA6A3,0x043E17EB
0x000EA26E,0x043D9CCF
0x000E9E3B,0x043D21BD
0x000E9A0A,0x043CA6B4
0x000E95DB,0x043C2BB5
0x000E91AE,0x043BB0BF
0x000E8D83,0x043B35D2
0x000E895A,0x043ABAEF
0x000E8534,0x043A4015
0x000E8110,0x0439C545
0x000E7CEE,0x04394A7E
0x000E78CE,0x0438CFC1
0x000E74B0,0x0438550D
0x000E7094,0x0437DA63
0x000E6C7A,0x04375FC2
0x000E6862,0x0436E52B
0x000E644C,0x04366A9D
0x000E6038,0x0435F019
0x000E5C26,0x0435759E
0x000E5816,0x0434FB2D
0x000E5408,0x043480C5
0x000E4FFC,0x04340667
0x000E4BF2,0x04338C12
0x000E47EA,0x043311C7
0x000E43E4,0x04329785
0x000E3FE0,0x04321D4D
0x000E3BDE,0x0431A31F
0x000E37DE,0x043128FA
0x000E33E0,0x0430AEDF
0x000E2FE4,0x043034CD
0x000E2BEA,0x042FBAC5
0x000E27F2,0x042F40C7
0x000E23FC,0x042EC6D2
0x000E2008,0x042E4CE7
0x000E1C16,0x042DD306
0x000E1826,0x042D592E
0x000E1438,0x042CDF60
0x000E104C,0x042C659C
0x000E0C62,0x042BEBE1
0x000E087A,0x042B7230
0x000E0494,0x042AF889
0x000E00B0,0x042A7EEB
0x000DFCCE,0x042A0557
0x000DF8EE,0x04298BCD
0x000DF510,0x0429124C
0x000DF133,0x042898D5
0x000DED58,0x04281F68
0x000DE97F,0x0427A605
0x000DE5A8,0x04272CAB
0x000DE1D3,0x0426B35B
0x000DDE00,0x04263A15
0x000DDA2F,0x0425C0D9
0x000DD660,0x042547A7
0x000DD293,0x0424CE7E
0x000DCEC8,0x0424555F
0x000DCAFE,0x0423DC4A
0x000DC736,0x0423633F
0x000DC370,0x0422EA3E
0x000DBFAC,0x04227146
0x000DBBEA,0x0421F858
0x000DB82A,0x04217F74
0x000DB46C,0x0421069A
0x000DB0AF,0x04208DCA
0x000DACF4,0x04201504
0x000DA93B,0x041F9C47
0x000DA584,0x041F2394
0x000DA1CF,0x041EAAEB
0x000D9E1C,0x041E324C
0x000D9A6A,0x041DB9B7
0x000D96BA,0x041D412C
0x000D930C,0x041CC8AB
0x000D8F60,0x041C5034
0x000D8BB6,0x041BD7C7
0x000D880E,0x041B5F64
0x000D8467,0x041AE70B
0x000D80C2,0x041A6EBB
0x000D7D1F,0x0419F675
0x000D797E,0x04197E39
0x000D75DE,0x04190607
0x000D7240,0x04188DDF
0x000D6EA4,0x041815C1
0x000D6B0A,0x04179DAD
0x000D6772,0x041725A3
0x000D63DB,0x0416ADA3
0x000D6046,0x041635AD
0x000D5CB3,0x0415BDC1
0x000D5922,0x041545DF
0x000D5592,0x0414CE07
0x000D5204,0x04145639
0x000D4E78,0x0413DE75
0x000D4AEE,0x041366BB
0x000D4765,0x0412EF0B
0x000D43DE,0x04127765
0x000D4059,0x0411FFC9
0x000D3CD6,0x04118837
0x000D3954,0x041110B0
0x000D35D4,0x04109933
0x000D3256,0x041021C0
0x000D2ED9,0x040FAA57
0x000D2B5E,0x040F32F8
0x000D27E5,0x040EBBA3
0x000D246E,0x040E4458
0x000D20F8,0x040DCD17
0x000D1D84,0x040D55E0
0x000D1A12,0x040CDEB3
0x000D16A1,0x040C6790
0x000D1332,0x040BF078
0x000D0FC5,0x040B796A
0x000D0C59,0x040B0266
0x000D08EF,0x040A8B6C
0x000D0587,0x040A147C
0x000D0220,0x04099D96
0x000CFEBB,0x040926BA
0x000CFB58,0x0408AFE9
0x000CF7F6,0x04083922
0x000CF496,0x0407C265
0x000CF138,0x04074BB2
0x000CEDDB,0x0406D509
0x000CEA80,0x04065E6A
0x000CE727,0x0405E7D6
0x000CE3CF,0x0405714C
0x000CE079,0x0404FACC
0x000CDD24,0x04048456
0x000CD9D1,0x04040DEA
0x000CD680,0x04039789
0x000CD330,0x04032132
0x000CCFE2,0x0402AAE5
0x000CCC95,0x040234A2
0x000CC94A,0x0401BE6A
0x000CC601,0x0401483C
0x000CC2B9,0x0400D218
0x000CBF73,0x04005BFE
0x000CBC2E,0x03FFE5EF
0x000CB8EB,0x03FF6FEA
0x000CB5AA,0x03FEF9EF
0x000CB26A,0x03FE83FE
0x000CAF2C,0x03FE0E18
0x000CABEF,0x03FD983C
0x000CA8B4,0x03FD226A
0x000CA57B,0x03FCACA3
0x000CA243,0x03FC36E6
0x000C9F0D,0x03FBC133
0x000C9BD8,0x03FB4B8A
0x000C98A5,0x03FAD5EC
0x000C9573,0x03FA6058
0x000C9243,0x03F9EACE
0x000C8F14,0x03F9754F
0x000C8BE7,0x03F8FFDA
0x000C88BC,0x03F88A6F
0x000C8592,0x03F8150F
0x000C826A,0x03F79FB9
0x000C7F43,0x03F72A6D
0x000C7C1E,0x03F6B52C
0x000C78FA,0x03F63FF5
0x000C75D8,0x03F5CAC8
0x000C72B7,0x03F555A6
0x000C6F98,0x03F4E08E
0x000C6C7A,0x03F46B81
0x000C695E,0x03F3F67E
0x000C6643,0x03F38185
0x000C632A,0x03F30C97
0x000C6012,0x03F297B3
0x000C5CFC,0x03F222D9
0x000C59E7,0x03F1AE0A
0x000C56D4,0x03F13945
0x000C53C2,0x03F0C48B
0x000C50B2,0x03F04FDB
0x000C4DA3,0x03EFDB35
0x000C4A96,0x03EF669A
0x000C478A,0x03EEF209
0x000C4480,0x03EE7D83
0x000C4177,0x03EE0907
0x000C3E70,0x03ED9496
0x000C3B6A,0x03ED202F
0x000C3865,0x03ECABD2
0x000C3562,0x03EC3780
0x000C3260,0x03EBC338
0x000C2F60,0x03EB4EFB
0x000C2C61,0x03EADAC8
0x000C2964,0x03EA66A0
0x000C2668,0x03E9F282
0x000C236E,0x03E97E6F
0x000C2075,0x03E90A66
0x000C1D7D,0x03E89667
0x000C1A87,0x03E82273
0x000C1792,0x03E7AE89
0x000C149F,0x03E73AAA
0x000C11AD,0x03E6C6D5
0x000C0EBD,0x03E6530B
0x000C0BCE,0x03E5DF4B
0x000C08E0,0x03E56B96
0x000C05F4,0x03E4F7EB
0x000C0309,0x03E4844B
0x000C0020,0x03E410B5
0x000BFD38,0x03E39D2A
0x000BFA51,0x03E329A9
0x000BF76C,0x03E2B633
0x000BF488,0x03E242C7
0x000BF1A6,0x03E1CF66
0x000BEEC5,0x03E15C0F
0x000BEBE5,0x03E0E8C3
0x000BE907,0x03E07581
0x000BE62A,0x03E0024A
0x000BE34E,0x03DF8F1E
0x000BE074,0x03DF1BFC
0x000BDD9B,0x03DEA8E5
0x000BDAC4,0x03DE35D8
0x000BD7EE,0x03DDC2D6
0x000BD519,0x03DD4FDE
0x000BD246,0x03DCDCF1
0x000BCF74,0x03DC6A0E
0x000BCCA3,0x03DBF736
0x000BC9D4,0x03DB8469
0x000BC706,0x03DB11A6
0x000BC439,0x03DA9EEE
0x000BC16E,0x03DA2C40
0x000BBEA4,0x03D9B99D
0x000BBBDB,0x03D94704
0x000BB914,0x03D8D476
0x000BB64E,0x03D861F3
0x000BB389,0x03D7EF7A
0x000BB0C6,0x03D77D0C
0x000BAE04,0x03D70AA8
0x000BAB43,0x03D6984F
0x000BA884,0x03D62600
0x000BA5C6,0x03D5B3BC
0x000BA309,0x03D54183
0x000BA04E,0x03D4CF54
0x000B9D94,0x03D45D30
0x000B9ADB,0x03D3EB16
0x000B9823,0x03D37907
0x000B956D,0x03D30703
0x000B92B8,0x03D29509
0x000B9004,0x03D2231A
0x000B8D52,0x03D1B136
0x000B8AA1,0x03D13F5C
0x000B87F1,0x03D0CD8D
0x000B8542,0x03D05BC8
0x000B8295,0x03CFEA0E
0x000B7FE9,0x03CF785F
0x000B7D3E,0x03CF06BA
0x000B7A95,0x03CE9520
0x000B77ED,0x03CE2391
0x000B7546,0x03CDB20C
0x000B72A0,0x03CD4092
0x000B6FFC,0x03CCCF23
0x000B6D59,0x03CC5DBE
0x000B6AB7,0x03CBEC64
0x000B6816,0x03CB7B15
0x000B6577,0x03CB09D0
0x000B62D9,0x03CA9896
0x000B603C,0x03CA2767
0x000B5DA0,0x03C9B642
0x000B5B06,0x03C94528
0x000B586D,0x03C8D419
0x000B55D5,0x03C86314
0x000B533E,0x03C7F21A
0x000B50A9,0x03C7812B
0x000B4E15,0x03C71046
0x000B4B82,0x03C69F6C
0x000B48F0,0x03C62E9D
0x000B465F,0x03C5BDD8
0x000B43D0,0x03C54D1E
0x000B4142,0x03C4DC6F
0x000B3EB5,0x03C46BCA
0x000B3C29,0x03C3FB30
0x000B399F,0x03C38AA1
0x000B3716,0x03C31A1C
0x000B348E,0x03C2A9A2
0x000B3207,0x03C23933
0x000B2F81,0x03C1C8CE
0x000B2CFD,0x03C15874
0x000B2A7A,0x03C0E825
0x000B27F8,0x03C077E1
0x000B2577,0x03C007A7
0x000B22F7,0x03BF9778
0x000B2078,0x03BF2754
0x000B1DFB,0x03BEB73A
0x000B1B7F,0x03BE472B
0x000B1904,0x03BDD727
0x000B168A,0x03BD672E
0x000B1411,0x03BCF73F
0x000B119A,0x03BC875B
0x000B0F24,0x03BC1782
0x000B0CAF,0x03BBA7B3
0x000B0A3B,0x03BB37EF
0x000B07C8,0x03BAC836
0x000B0556,0x03BA5888
0x000B02E6,0x03B9E8E4
0x000B0077,0x03B9794B
0x000AFE09,0x03B909BD
0x000AFB9C,0x03B89A3A
0x000AF930,0x03B82AC1
0x000AF6C5,0x03B7BB53
0x000AF45B,0x03B74BF0
0x000AF1F3,0x03B6DC98
0x000AEF8C,0x03B66D4A
0x000AED26,0x03B5FE07
0x000AEAC1,0x03B58ECF
0x000AE85D,0x03B51FA2
0x000AE5FA,0x03B4B07F
0x000AE398,0x03B44167
0x000AE137,0x03B3D25A
0x000ADED8,0x03B36358
0x000ADC7A,0x03B2F460
0x000ADA1D,0x03B28573
0x000AD7C1,0x03B21691
0x000AD566,0x03B1A7BA
0x000AD30C,0x03B138ED
0x000AD0B3,0x03B0CA2B
0x000ACE5B,0x03B05B74
0x000ACC04,0x03AFECC8
0x000AC9AF,0x03AF7E26
0x000AC75B,0x03AF0F8F
0x000AC508,0x03AEA103
0x000AC2B6,0x03AE3282
0x000AC065,0x03ADC40B
0x000ABE15,0x03AD559F
0x000ABBC6,0x03ACE73E
0x000AB978,0x03AC78E8
0x000AB72B,0x03AC0A9D
0x000AB4DF,0x03AB9C5C
0x000AB294,0x03AB2E26
0x000AB04B,0x03AABFFB
0x000AAE03,0x03AA51DB
0x000AABBC,0x03A9E3C5
0x000AA976,0x03A975BA
0x000AA731,0x03A907BA
0x000AA4ED,0x03A899C5
0x000AA2AA,0x03A82BDA
0x000AA068,0x03A7BDFA
0x000A9E27,0x03A75025
0x000A9BE7,0x03A6E25B
0x000A99A8,0x03A6749C
0x000A976A,0x03A606E7
0x000A952D,0x03A5993D
0x000A92F1,0x03A52B9E
0x000A90B6,0x03A4BE0A
0x000A8E7D,0x03A45081
0x000A8C45,0x03A3E302
0x000A8A0E,0x03A3758E
0x000A87D8,0x03A30825
0x000A85A3,0x03A29AC7
0x000A836F,0x03A22D74
0x000A813C,0x03A1C02B
0x000A7F0A,0x03A152ED
0x000A7CD9,0x03A0E5BA
0x000A7AA9,0x03A07892
0x000A787A,0x03A00B74
0x000A764C,0x039F9E61
0x000A741F,0x039F3159
0x000A71F3,0x039EC45C
0x000A6FC8,0x039E576A
0x000A6D9E,0x039DEA82
0x000A6B75,0x039D7DA5
0x000A694D,0x039D10D3
0x000A6726,0x039CA40C
0x000A6500,0x039C3750
0x000A62DB,0x039BCA9E
0x000A60B7,0x039B5DF7
0x000A5E94,0x039AF15B
0x000A5C72,0x039A84CA
0x000A5A51,0x039A1844
0x000A5831,0x0399ABC8
0x000A5612,0x03993F57
0x000A53F4,0x0398D2F1
0x000A51D7,0x03986696
0x000A4FBB,0x0397FA46
0x000A4DA0,0x03978E01
0x000A4B86,0x039721C6
0x000A496D,0x0396B596
0x000A4755,0x03964971
0x000A453E,0x0395DD57
0x000A4328,0x03957148
0x000A4113,0x03950543
0x000A3EFF,0x03949949
0x000A3CEC,0x03942D5A
0x000A3ADA,0x0393C176
0x000A38C9,0x0393559D
0x000A36B9,0x0392E9CE
0x000A34AA,0x03927E0A
0x000A329C,0x03921251
0x000A308F,0x0391A6A3
0x000A2E83,0x03913B00
0x000A2C78,0x0390CF67
0x000A2A6E,0x039063D9
0x000A2865,0x038FF856
0x000A265C,0x038F8CDE
0x000A2454,0x038F2171
0x000A224D,0x038EB60F
0x000A2047,0x038E4AB7
0x000A1E42,0x038DDF6A
0x000A1C3E,0x038D7428
0x000A1A3B,0x038D08F1
0x000A1839,0x038C9DC5
0x000A1638,0x038C32A3
0x000A1438,0x038BC78C
0x000A1239,0x038B5C80
0x000A103B,0x038AF17F
0x000A0E3E,0x038A8689
0x000A0C42,0x038A1B9D
0x000A0A47,0x0389B0BC
0x000A084D,0x038945E6
0x000A0653,0x0388DB1B
0x000A045A,0x0388705B
0x000A0262,0x038805A5
0x000A006B,0x03879AFA
0x0009FE75,0x0387305A
0x0009FC80,0x0386C5C5
0x0009FA8C,0x03865B3B
0x0009F899,0x0385F0BC
0x0009F6A7,0x03858647
0x0009F4B6,0x03851BDD
0x0009F2C6,0x0384B17E
0x0009F0D7,0x0384472A
0x0009EEE8,0x0383DCE1
0x0009ECFA,0x038372A2
0x0009EB0D,0x0383086E
0x0009E921,0x03829E45
0x0009E736,0x03823427
0x0009E54C,0x0381CA14
0x0009E363,0x0381600B
0x0009E17B,0x0380F60D
0x0009DF94,0x03808C1A
0x0009DDAE,0x03802232
0x0009DBC8,0x037FB855
0x0009D9E3,0x037F4E82
0x0009D7FF,0x037EE4BA
0x0009D61C,0x037E7AFD
0x0009D43A,0x037E114B
0x0009D259,0x037DA7A4
0x0009D079,0x037D3E08
0x0009CE9A,0x037CD476
0x0009CCBB,0x037C6AEF
0x0009CADD,0x037C0173
0x0009C900,0x037B9802
0x0009C724,0x037B2E9C
0x0009C549,0x037AC540
0x0009C36F,0x037A5BEF
0x0009C196,0x0379F2A9
0x0009BFBE,0x0379896E
0x0009BDE6,0x0379203E
0x0009BC0F,0x0378B718
0x0009BA39,0x03784DFD
0x0009B864,0x0377E4ED
0x0009B690,0x03777BE8
0x0009B4BD,0x037712EE
0x0009B2EB,0x0376A9FE
0x0009B119,0x03764119
0x0009AF48,0x0375D83F
0x0009AD78,0x03756F70
0x0009ABA9,0x037506AC
0x0009A9DB,0x03749DF2
0x0009A80E,0x03743543
0x0009A641,0x0373CC9F
0x0009A475,0x03736406
0x0009A2AA,0x0372FB78
0x0009A0E0,0x037292F4
0x00099F17,0x03722A7B
0x00099D4F,0x0371C20D
0x00099B87,0x037159AA
0x000999C0,0x0370F151
0x000997FA,0x03708903
0x00099635,0x037020C0
0x00099471,0x036FB888
0x000992AE,0x036F505B
0x000990EB,0x036EE838
0x00098F29,0x036E8020
0x00098D68,0x036E1813
0x00098BA8,0x036DB011
0x000989E9,0x036D481A
0x0009882B,0x036CE02D
0x0009866D,0x036C784B
0x000984B0,0x036C1074
0x000982F4,0x036BA8A8
0x00098139,0x036B40E6
0x00097F7F,0x036AD92F
0x00097DC5,0x036A7183
0x00097C0C,0x036A09E2
0x00097A54,0x0369A24C
0x0009789D,0x03693AC0
0x000976E7,0x0368D33F
0x00097531,0x03686BC9
0x0009737C,0x0368045E
0x000971C8,0x03679CFD
0x00097015,0x036735A7
0x00096E63,0x0366CE5C
0x00096CB1,0x0366671C
0x00096B00,0x0365FFE6
0x00096950,0x036598BB
0x000967A1,0x0365319B
0x000965F3,0x0364CA86
0x00096445,0x0364637C
0x00096298,0x0363FC7C
0x000960EC,0x03639587
0x00095F41,0x03632E9D
0x00095D96,0x0362C7BE
0x00095BEC,0x036260E9
0x00095A43,0x0361FA1F
0x0009589B,0x03619360
0x000956F4,0x03612CAC
0x0009554D,0x0360C602
0x000953A7,0x03605F63
0x00095202,0x035FF8CF
0x0009505E,0x035F9246
0x00094EBA,0x035F2BC7
0x00094D17,0x035EC553
0x00094B75,0x035E5EEA
0x000949D4,0x035DF88C
0x00094833,0x035D9238
0x00094693,0x035D2BEF
0x000944F4,0x035CC5B1
0x00094356,0x035C5F7E
0x000941B8,0x035BF955
0x0009401B,0x035B9337
0x00093E7F,0x035B2D24
0x00093CE4,0x035AC71C
0x00093B49,0x035A611E
0x000939AF,0x0359FB2B
0x00093816,0x03599543
0x0009367E,0x03592F66
0x000934E6,0x0358C993
0x0009334F,0x035863CB
0x000931B9,0x0357FE0E
0x00093024,0x0357985B
0x00092E8F,0x035732B3
0x00092CFB,0x0356CD16
0x00092B68,0x03566784
0x000929D6,0x035601FC
0x00092844,0x03559C7F
0x000926B3,0x0355370D
0x00092523,0x0354D1A6
0x00092394,0x03546C49
0x00092205,0x035406F7
0x00092077,0x0353A1B0
0x00091EEA,0x03533C73
0x00091D5D,0x0352D741
0x00091BD1,0x0352721A
0x00091A46,0x03520CFE
0x000918BC,0x0351A7EC
0x00091732,0x035142E5
0x000915A9,0x0350DDE9
0x00091421,0x035078F7
0x0009129A,0x03501410
0x00091113,0x034FAF34
0x00090F8D,0x034F4A62
0x00090E08,0x034EE59B
0x00090C83,0x034E80DF
0x00090AFF,0x034E1C2E
0x0009097C,0x034DB787
0x000907F9,0x034D52EB
0x00090677,0x034CEE5A
0x000904F6,0x034C89D3
0x00090376,0x034C2557
0x000901F6,0x034BC0E6
0x00090077,0x034B5C7F
0x0008FEF9,0x034AF823
0x0008FD7B,0x034A93D2
0x0008FBFE,0x034A2F8B
0x0008FA82,0x0349CB4F
0x0008F906,0x0349671E
0x0008F78B,0x034902F7
0x0008F611,0x03489EDB
0x0008F498,0x03483ACA
0x0008F31F,0x0347D6C3
0x0008F1A7,0x034772C7
0x0008F030,0x03470ED6
0x0008EEB9,0x0346AAEF
0x0008ED43,0x03464713
0x0008EBCE,0x0345E342
0x0008EA59,0x03457F7B
0x0008E8E5,0x03451BBF
0x0008E772,0x0344B80E
0x0008E5FF,0x03445467
0x0008E48D,0x0343F0CB
0x0008E31C,0x03438D3A
0x0008E1AB,0x034329B3
0x0008E03B,0x0342C637
0x0008DECC,0x034262C6
0x0008DD5D,0x0341FF5F
0x0008DBEF,0x03419C03
0x0008DA82,0x034138B2
0x0008D915,0x0340D56B
0x0008D7A9,0x0340722F
0x0008D63E,0x03400EFE
0x0008D4D3,0x033FABD7
0x0008D369,0x033F48BB
0x0008D200,0x033EE5AA
0x0008D097,0x033E82A3
0x0008CF2F,0x033E1FA7
0x0008CDC8,0x033DBCB5
0x0008CC61,0x033D59CE
0x0008CAFB,0x033CF6F2
0x0008C996,0x033C9420
0x0008C831,0x033C3159
0x0008C6CD,0x033BCE9D
0x0008C56A,0x033B6BEB
0x0008C407,0x033B0944
0x0008C2A5,0x033AA6A7
0x0008C144,0x033A4415
0x0008BFE3,0x0339E18E
0x0008BE83,0x03397F11
0x0008BD24,0x03391C9F
0x0008BBC5,0x0338BA37
0x0008BA67,0x033857DA
0x0008B90A,0x0337F588
0x0008B7AD,0x03379340
0x0008B651,0x03373103
0x0008B4F5,0x0336CED0
0x0008B39A,0x03366CA8
0x0008B240,0x03360A8B
0x0008B0E6,0x0335A878
0x0008AF8D,0x03354670
0x0008AE35,0x0334E472
0x0008ACDD,0x0334827F
0x0008AB86,0x03342097
0x0008AA30,0x0333BEB9
0x0008A8DA,0x03335CE6
0x0008A785,0x0332FB1D
0x0008A630,0x0332995F
0x0008A4DC,0x033237AB
0x0008A389,0x0331D602
0x0008A236,0x03317464
0x0008A0E4,0x033112D0
0x00089F93,0x0330B147
0x00089E42,0x03304FC8
0x00089CF2,0x032FEE54
0x00089BA2,0x032F8CEA
0x00089A53,0x032F2B8B
0x00089905,0x032ECA37
0x000897B7,0x032E68ED
0x0008966A,0x032E07AE
0x0008951E,0x032DA679
0x000893D2,0x032D454F
0x00089287,0x032CE42F
0x0008913C,0x032C831A
0x00088FF2,0x032C220F
0x00088EA9,0x032BC10F
0x00088D60,0x032B601A
0x00088C18,0x032AFF2F
0x00088AD0,0x032A9E4F
0x00088989,0x032A3D79
0x00088843,0x0329DCAE
0x000886FD,0x03297BED
0x000885B8,0x03291B37
0x00088473,0x0328BA8B
0x0008832F,0x032859EA
0x000881EC,0x0327F953
0x000880A9,0x032798C7
0x00087F67,0x03273845
0x00087E25,0x0326D7CE
0x00087CE4,0x03267761
0x00087BA4,0x032616FF
0x00087A64,0x0325B6A7
0x00087925,0x0325565A
0x000877E6,0x0324F617
0x000876A8,0x032495DF
0x0008756B,0x032435B1
0x0008742E,0x0323D58E
0x000872F2,0x03237575
0x000871B6,0x03231567
0x0008707B,0x0322B563
0x00086F40,0x0322556A
0x00086E06,0x0321F57B
0x00086CCD,0x03219597
0x00086B94,0x032135BD
0x00086A5C,0x0320D5EE
0x00086924,0x03207629
0x000867ED,0x0320166F
0x000866B7,0x031FB6BF
0x00086581,0x031F571A
0x0008644C,0x031EF77F
0x00086317,0x031E97EF
0x000861E3,0x031E3869
0x000860AF,0x031DD8EE
0x00085F7C,0x031D797D
0x00085E4A,0x031D1A17
0x00085D18,0x031CBABB
0x00085BE7,0x031C5B69
0x00085AB6,0x031BFC22
0x00085986,0x031B9CE5
0x00085856,0x031B3DB3
0x00085727,0x031ADE8B
0x000855F9,0x031A7F6E
0x000854CB,0x031A205B
0x0008539E,0x0319C153
0x00085271,0x03196255
0x00085145,0x03190361
0x00085019,0x0318A478
0x00084EEE,0x03184599
0x00084DC3,0x0317E6C5
0x00084C99,0x031787FB
0x00084B70,0x0317293C
0x00084A47,0x0316CA87
0x0008491F,0x03166BDC
0x000847F7,0x03160D3C
0x000846D0,0x0315AEA6
0x000845A9,0x0315501B
0x00084483,0x0314F19A
0x0008435D,0x03149324
0x00084238,0x031434B8
0x00084114,0x0313D656
0x00083FF0,0x031377FF
0x00083ECD,0x031319B2
0x00083DAA,0x0312BB70
0x00083C88,0x03125D38
0x00083B66,0x0311FF0A
0x00083A45,0x0311A0E7
0x00083924,0x031142CE
0x00083804,0x0310E4BF
0x000836E4,0x031086BB
0x000835C5,0x031028C1
0x000834A6,0x030FCAD2
0x00083388,0x030F6CED
0x0008326B,0x030F0F12
0x0008314E,0x030EB142
0x00083032,0x030E537C
0x00082F16,0x030DF5C0
0x00082DFB,0x030D980F
0x00082CE0,0x030D3A68
0x00082BC6,0x030CDCCC
0x00082AAC,0x030C7F3A
0x00082993,0x030C21B2
0x0008287A,0x030BC435
0x00082762,0x030B66C2
0x0008264A,0x030B0959
0x00082533,0x030AABFB
0x0008241C,0x030A4EA7
0x00082306,0x0309F15D
0x000821F1,0x0309941E
0x000820DC,0x030936E9
0x00081FC8,0x0308D9BE
0x00081EB4,0x03087C9E
0x00081DA1,0x03081F88
0x00081C8E,0x0307C27C
0x00081B7C,0x0307657B
0x00081A6A,0x03070884
0x00081959,0x0306AB97
0x00081848,0x03064EB5
0x00081738,0x0305F1DD
0x00081628,0x0305950F
0x00081519,0x0305384B
0x0008140A,0x0304DB92
0x000812FC,0x03047EE3
0x000811EE,0x0304223E
0x000810E1,0x0303C5A4
0x00080FD4,0x03036914
0x00080EC8,0x03030C8E
0x00080DBC,0x0302B013
0x00080CB1,0x030253A2
0x00080BA6,0x0301F73B
0x00080A9C,0x03019ADE
0x00080992,0x03013E8C
0x00080889,0x0300E244
0x00080780,0x03008606
0x00080678,0x030029D3
0x00080570,0x02FFCDAA
0x00080469,0x02FF718B
0x00080362,0x02FF1576
0x0008025C,0x02FEB96C
0x00080156,0x02FE5D6C
0x00080051,0x02FE0176
0x0007FF4C,0x02FDA58A
0x0007FE48,0x02FD49A9
0x0007FD44,0x02FCEDD2
0x0007FC41,0x02FC9205
0x0007FB3E,0x02FC3642
0x0007FA3C,0x02FBDA8A
0x0007F93A,0x02FB7EDC
0x0007F839,0x02FB2338
0x0007F738,0x02FAC79E
0x0007F638,0x02FA6C0F
0x0007F538,0x02FA108A
0x0007F439,0x02F9B50F
0x0007F33A,0x02F9599E
0x0007F23C,0x02F8FE37
0x0007F13E,0x02F8A2DB
0x0007F041,0x02F84789
0x0007EF44,0x02F7EC41
0x0007EE48,0x02F79103
0x0007ED4C,0x02F735CF
0x0007EC51,0x02F6DAA6
0x0007EB56,0x02F67F87
0x0007EA5C,0x02F62472
0x0007E962,0x02F5C967
0x0007E869,0x02F56E66
0x0007E770,0x02F51370
0x0007E678,0x02F4B884
0x0007E580,0x02F45DA2
0x0007E489,0x02F402CA
0x0007E392,0x02F3A7FC
0x0007E29B,0x02F34D39
0x0007E1A5,0x02F2F280
0x0007E0AF,0x02F297D1
0x0007DFBA,0x02F23D2C
0x0007DEC5,0x02F1E291
0x0007DDD1,0x02F18800
0x0007DCDD,0x02F12D7A
0x0007DBEA,0x02F0D2FE
0x0007DAF7,0x02F0788C
0x0007DA05,0x02F01E24
0x0007D913,0x02EFC3C6
0x0007D822,0x02EF6972
0x0007D731,0x02EF0F28
0x0007D641,0x02EEB4E9
0x0007D551,0x02EE5AB4
0x0007D462,0x02EE0089
0x0007D373,0x02EDA668
0x0007D284,0x02ED4C51
0x0007D196,0x02ECF244
0x0007D0A8,0x02EC9841
0x0007CFBB,0x02EC3E49
0x0007CECE,0x02EBE45B
0x0007CDE2,0x02EB8A77
0x0007CCF6,0x02EB309D
0x0007CC0B,0x02EAD6CD
0x0007CB20,0x02EA7D07
0x0007CA36,0x02EA234B
0x0007C94C,0x02E9C999
0x0007C862,0x02E96FF1
0x0007C779,0x02E91654
0x0007C690,0x02E8BCC1
0x0007C5A8,0x02E86338
0x0007C4C0,0x02E809B9
0x0007C3D9,0x02E7B044
0x0007C2F2,0x02E756D9
0x0007C20C,0x02E6FD78
0x0007C126,0x02E6A421
0x0007C041,0x02E64AD4
0x0007BF5C,0x02E5F191
0x0007BE77,0x02E59858
0x0007BD93,0x02E53F29
0x0007BCAF,0x02E4E604
0x0007BBCC,0x02E48CEA
0x0007BAE9,0x02E433DA
0x0007BA07,0x02E3DAD4
0x0007B925,0x02E381D8
0x0007B844,0x02E328E6
0x0007B763,0x02E2CFFE
0x0007B682,0x02E27720
0x0007B5A2,0x02E21E4C
0x0007B4C2,0x02E1C582
0x0007B3E3,0x02E16CC2
0x0007B304,0x02E1140C
0x0007B226,0x02E0BB60
0x0007B148,0x02E062BE
0x0007B06B,0x02E00A26
0x0007AF8E,0x02DFB198
0x0007AEB1,0x02DF5914
0x0007ADD5,0x02DF009A
0x0007ACF9,0x02DEA82A
0x0007AC1E,0x02DE4FC4
0x0007AB43,0x02DDF768
0x0007AA69,0x02DD9F16
0x0007A98F,0x02DD46CE
0x0007A8B5,0x02DCEE90
0x0007A7DC,0x02DC965C
0x0007A703,0x02DC3E32
0x0007A62B,0x02DBE612
0x0007A553,0x02DB8DFC
0x0007A47C,0x02DB35F0
0x0007A3A5,0x02DADDEE
0x0007A2CE,0x02DA85F6
0x0007A1F8,0x02DA2E08
0x0007A122,0x02D9D624
0x0007A04D,0x02D97E4A
0x00079F78,0x02D9267A
0x00079EA4,0x02D8CEB4
0x00079DD0,0x02D876F8
0x00079CFC,0x02D81F46
0x00079C29,0x02D7C79E
0x00079B56,0x02D77000
0x00079A84,0x02D7186C
0x000799B2,0x02D6C0E2
0x000798E1,0x02D66962
0x00079810,0x02D611EC
0x0007973F,0x02D5BA7F
0x0007966F,0x02D5631C
0x0007959F,0x02D50BC3
0x000794D0,0x02D4B474
0x00079401,0x02D45D2F
0x00079333,0x02D405F4
0x00079265,0x02D3AEC3
0x00079197,0x02D3579C
0x000790CA,0x02D3007F
0x00078FFD,0x02D2A96C
0x00078F31,0x02D25263
0x00078E65,0x02D1FB64
0x00078D99,0x02D1A46E
0x00078CCE,0x02D14D82
0x00078C03,0x02D0F6A0
0x00078B39,0x02D09FC8
0x00078A6F,0x02D048FA
0x000789A5,0x02CFF236
0x000788DC,0x02CF9B7C
0x00078813,0x02CF44CC
0x0007874B,0x02CEEE26
0x00078683,0x02CE9789
0x000785BC,0x02CE40F6
0x000784F5,0x02CDEA6D
0x0007842E,0x02CD93EE
0x00078368,0x02CD3D79
0x000782A2,0x02CCE70E
0x000781DD,0x02CC90AD
0x00078118,0x02CC3A56
0x00078053,0x02CBE408
0x00077F8F,0x02CB8DC4
0x00077ECB,0x02CB378A
0x00077E08,0x02CAE15A
0x00077D45,0x02CA8B34
0x00077C82,0x02CA3518
0x00077BC0,0x02C9DF05
0x00077AFE,0x02C988FC
0x00077A3D,0x02C932FD
0x0007797C,0x02C8DD08
0x000778BB,0x02C8871D
0x000777FB,0x02C8313C
0x0007773B,0x02C7DB64
0x0007767C,0x02C78596
0x000775BD,0x02C72FD2
0x000774FE,0x02C6DA18
0x00077440,0x02C68468
0x00077382,0x02C62EC1
0x000772C4,0x02C5D924
0x00077207,0x02C58391
0x0007714A,0x02C52E08
0x0007708E,0x02C4D889
0x00076FD2,0x02C48313
0x00076F16,0x02C42DA7
0x00076E5B,0x02C3D845
0x00076DA0,0x02C382ED
0x00076CE6,0x02C32D9E
0x00076C2C,0x02C2D859
0x00076B72,0x02C2831E
0x00076AB9,0x02C22DED
0x00076A00,0x02C1D8C6
0x00076948,0x02C183A8
0x00076890,0x02C12E94
0x000767D8,0x02C0D98A
0x00076721,0x02C0848A
0x0007666A,0x02C02F93
0x000765B3,0x02BFDAA6
0x000764FD,0x02BF85C3
0x00076447,0x02BF30EA
0x00076392,0x02BEDC1A
0x000762DD,0x02BE8754
0x00076228,0x02BE3298
0x00076174,0x02BDDDE5
0x000760C0,0x02BD893C
0x0007600D,0x02BD349D
0x00075F5A,0x02BCE008
0x00075EA7,0x02BC8B7C
0x00075DF5,0x02BC36FA
0x00075D43,0x02BBE282
0x00075C91,0x02BB8E13
0x00075BE0,0x02BB39AE
0x00075B2F,0x02BAE553
0x00075A7F,0x02BA9102
0x000759CF,0x02BA3CBA
0x0007591F,0x02B9E87C
0x00075870,0x02B99448
0x000757C1,0x02B9401D
0x00075712,0x02B8EBFC
0x00075664,0x02B897E5
0x000755B6,0x02B843D7
0x00075509,0x02B7EFD3
0x0007545C,0x02B79BD9
0x000753AF,0x02B747E8
0x00075303,0x02B6F401
0x00075257,0x02B6A024
0x000751AB,0x02B64C50
0x00075100,0x02B5F886
0x00075055,0x02B5A4C6
0x00074FAA,0x02B5510F
0x00074F00,0x02B4FD62
0x00074E56,0x02B4A9BE
0x00074DAD,0x02B45624
0x00074D04,0x02B40294
0x00074C5B,0x02B3AF0D
0x00074BB3,0x02B35B90
0x00074B0B,0x02B3081D
0x00074A63,0x02B2B4B3
0x000749BC,0x02B26153
0x00074915,0x02B20DFC
0x0007486E,0x02B1BAAF
0x000747C8,0x02B1676C
0x00074722,0x02B11432
0x0007467D,0x02B0C102
0x000745D8,0x02B06DDB
0x00074533,0x02B01ABE
0x0007448F,0x02AFC7AB
0x000743EB,0x02AF74A1
0x00074347,0x02AF21A1
0x000742A4,0x02AECEAA
0x00074201,0x02AE7BBD
0x0007415E,0x02AE28DA
0x000740BC,0x02ADD600
0x0007401A,0x02AD8330
0x00073F78,0x02AD3069
0x00073ED7,0x02ACDDAC
0x00073E36,0x02AC8AF8
0x00073D96,0x02AC384E
0x00073CF6,0x02ABE5AE
0x00073C56,0x02AB9317
0x00073BB7,0x02AB408A
0x00073B18,0x02AAEE06
0x00073A79,0x02AA9B8C
0x000739DB,0x02AA491B
0x0007393D,0x02A9F6B4
0x0007389F,0x02A9A456
0x00073802,0x02A95202
0x00073765,0x02A8FFB7
0x000736C8,0x02A8AD76
0x0007362C,0x02A85B3E
0x00073590,0x02A80910
0x000734F4,0x02A7B6EB
0x00073459,0x02A764D0
0x000733BE,0x02A712BE
0x00073323,0x02A6C0B6
0x00073289,0x02A66EB7
0x000731EF,0x02A61CC2
0x00073156,0x02A5CAD6
0x000730BD,0x02A578F4
0x00073024,0x02A5271B
0x00072F8C,0x02A4D54C
0x00072EF4,0x02A48386
0x00072E5C,0x02A431CA
0x00072DC5,0x02A3E017
0x00072D2E,0x02A38E6E
0x00072C97,0x02A33CCE
0x00072C01,0x02A2EB38
0x00072B6B,0x02A299AB
0x00072AD5,0x02A24828
0x00072A40,0x02A1F6AE
0x000729AB,0x02A1A53E
0x00072916,0x02A153D7
0x00072882,0x02A10279
0x000727EE,0x02A0B125
0x0007275A,0x02A05FDA
0x000726C7,0x02A00E99
0x00072634,0x029FBD61
0x000725A1,0x029F6C33
0x0007250F,0x029F1B0E
0x0007247D,0x029EC9F2
0x000723EB,0x029E78E0
0x0007235A,0x029E27D7
0x000722C9,0x029DD6D8
0x00072238,0x029D85E2
0x000721A8,0x029D34F6
0x00072118,0x029CE413
0x00072088,0x029C9339
0x00071FF9,0x029C4269
0x00071F6A,0x029BF1A2
0x00071EDB,0x029BA0E5
0x00071E4D,0x029B5031
0x00071DBF,0x029AFF86
0x00071D31,0x029AAEE5
0x00071CA4,0x029A5E4D
0x00071C17,0x029A0DBE
0x00071B8A,0x0299BD39
0x00071AFE,0x02996CBD
0x00071A72,0x02991C4B
0x000719E6,0x0298CBE2
0x0007195B,0x02987B82
0x000718D0,0x02982B2C
0x00071845,0x0297DADF
0x000717BB,0x02978A9B
0x00071731,0x02973A61
0x000716A7,0x0296EA30
0x0007161E,0x02969A08
0x00071595,0x029649EA
0x0007150C,0x0295F9D5
0x00071484,0x0295A9C9
0x000713FC,0x029559C7
0x00071374,0x029509CE
0x000712ED,0x0294B9DE
0x00071266,0x029469F8
0x000711DF,0x02941A1B
0x00071158,0x0293CA47
0x000710D2,0x02937A7D
0x0007104C,0x02932ABC
0x00070FC6,0x0292DB04
0x00070F41,0x02928B55
0x00070EBC,0x02923BB0
0x00070E37,0x0291EC14
0x00070DB3,0x02919C81
0x00070D2F,0x02914CF8
0x00070CAB,0x0290FD78
0x00070C28,0x0290AE01
0x00070BA5,0x02905E93
0x00070B22,0x02900F2F
0x00070AA0,0x028FBFD4
0x00070A1E,0x028F7082
0x0007099C,0x028F2139
0x0007091B,0x028ED1FA
0x0007089A,0x028E82C4
0x00070819,0x028E3397
0x00070799,0x028DE474
0x00070719,0x028D955A
0x00070699,0x028D4649
0x00070619,0x028CF741
0x0007059A,0x028CA842
0x0007051B,0x028C594D
0x0007049C,0x028C0A61
0x0007041E,0x028BBB7E
0x000703A0,0x028B6CA4
0x00070322,0x028B1DD4
0x000702A5,0x028ACF0D
0x00070228,0x028A804F
0x000701AB,0x028A319A
0x0007012F,0x0289E2EE
0x000700B3,0x0289944C
0x00070037,0x028945B3
0x0006FFBB,0x0288F723
0x0006FF40,0x0288A89C
0x0006FEC5,0x02885A1E
0x0006FE4A,0x02880BAA
0x0006FDD0,0x0287BD3F
0x0006FD56,0x02876EDD
0x0006FCDC,0x02872084
0x0006FC63,0x0286D234
0x0006FBEA,0x028683ED
0x0006FB71,0x028635B0
0x0006FAF9,0x0285E77C
0x0006FA81,0x02859951
0x0006FA09,0x02854B2F
0x0006F991,0x0284FD16
0x0006F91A,0x0284AF06
0x0006F8A3,0x02846100
0x0006F82C,0x02841303
0x0006F7B6,0x0283C50F
0x0006F740,0x02837724
0x0006F6CA,0x02832942
0x0006F655,0x0282DB69
0x0006F5E0,0x02828D99
0x0006F56B,0x02823FD3
0x0006F4F6,0x0281F216
0x0006F482,0x0281A462
0x0006F40E,0x028156B7
0x0006F39A,0x02810915
0x0006F327,0x0280BB7C
0x0006F2B4,0x02806DEC
0x0006F241,0x02802065
0x0006F1CF,0x027FD2E7
0x0006F15D,0x027F8572
0x0006F0EB,0x027F3807
0x0006F079,0x027EEAA5
0x0006F008,0x027E9D4C
0x0006EF97,0x027E4FFC
0x0006EF26,0x027E02B5
0x0006EEB6,0x027DB577
0x0006EE46,0x027D6842
0x0006EDD6,0x027D1B16
0x0006ED67,0x027CCDF3
0x0006ECF8,0x027C80D9
0x0006EC89,0x027C33C8
0x0006EC1A,0x027BE6C0
0x0006EBAC,0x027B99C1
0x0006EB3E,0x027B4CCB
0x0006EAD0,0x027AFFDF
0x0006EA63,0x027AB2FC
0x0006E9F6,0x027A6622
0x0006E989,0x027A1951
0x0006E91C,0x0279CC89
0x0006E8B0,0x02797FCA
0x0006E844,0x02793314
0x0006E7D8,0x0278E667
0x0006E76D,0x027899C3
0x0006E702,0x02784D28
0x0006E697,0x02780096
0x0006E62D,0x0277B40D
0x0006E5C3,0x0277678D
0x0006E559,0x02771B16
0x0006E4EF,0x0276CEA8
0x0006E486,0x02768243
0x0006E41D,0x027635E7
0x0006E3B4,0x0275E994
0x0006E34C,0x02759D4A
0x0006E2E4,0x02755109
0x0006E27C,0x027504D1
0x0006E214,0x0274B8A2
0x0006E1AD,0x02746C7C
0x0006E146,0x0274205F
0x0006E0DF,0x0273D44B
0x0006E079,0x02738840
0x0006E013,0x02733C3E
0x0006DFAD,0x0272F044
0x0006DF47,0x0272A453
0x0006DEE2,0x0272586B
0x0006DE7D,0x02720C8C
0x0006DE18,0x0271C0B6
0x0006DDB4,0x027174E9
0x0006DD50,0x02712925
0x0006DCEC,0x0270DD6A
0x0006DC88,0x027091B8
0x0006DC25,0x0270460F
0x0006DBC2,0x026FFA6F
0x0006DB5F,0x026FAED8
0x0006DAFC,0x026F634A
0x0006DA9A,0x026F17C5
0x0006DA38,0x026ECC49
0x0006D9D6,0x026E80D5
0x0006D975,0x026E356A
0x0006D914,0x026DEA08
0x0006D8B3,0x026D9EAF
0x0006D852,0x026D535F
0x0006D7F2,0x026D0818
0x0006D792,0x026CBCDA
0x0006D732,0x026C71A5
0x0006D6D3,0x026C2679
0x0006D674,0x026BDB55
0x0006D615,0x026B903A
0x0006D5B6,0x026B4528
0x0006D558,0x026AFA1F
0x0006D4FA,0x026AAF1F
0x0006D49C,0x026A6428
0x0006D43E,0x026A193A
0x0006D3E1,0x0269CE54
0x0006D384,0x02698377
0x0006D327,0x026938A3
0x0006D2CB,0x0268EDD8
0x0006D26F,0x0268A316
0x0006D213,0x0268585D
0x0006D1B7,0x02680DAD
0x0006D15C,0x0267C305
0x0006D101,0x02677866
0x0006D0A6,0x02672DD0
0x0006D04B,0x0266E343
0x0006CFF1,0x026698BF
0x0006CF97,0x02664E43
0x0006CF3D,0x026603D0
0x0006CEE4,0x0265B966
0x0006CE8B,0x02656F05
0x0006CE32,0x026524AD
0x0006CDD9,0x0264DA5D
0x0006CD81,0x02649016
0x0006CD29,0x026445D8
0x0006CCD1,0x0263FBA3
0x0006CC79,0x0263B177
0x0006CC22,0x02636753
0x0006CBCB,0x02631D38
0x0006CB74,0x0262D326
0x0006CB1E,0x0262891D
0x0006CAC8,0x02623F1D
0x0006CA72,0x0261F525
0x0006CA1C,0x0261AB36
0x0006C9C7,0x02616150
0x0006C972,0x02611773
0x0006C91D,0x0260CD9E
0x0006C8C8,0x026083D2
0x0006C874,0x02603A0F
0x0006C820,0x025FF055
0x0006C7CC,0x025FA6A3
0x0006C778,0x025F5CFA
0x0006C725,0x025F135A
0x0006C6D2,0x025EC9C2
0x0006C67F,0x025E8033
0x0006C62D,0x025E36AD
0x0006C5DB,0x025DED30
0x0006C589,0x025DA3BB
0x0006C537,0x025D5A4F
0x0006C4E6,0x025D10EC
0x0006C495,0x025CC791
0x0006C444,0x025C7E3F
0x0006C3F3,0x025C34F6
0x0006C3A3,0x025BEBB6
0x0006C353,0x025BA27E
0x0006C303,0x025B594F
0x0006C2B3,0x025B1029
0x0006C264,0x025AC70B
0x0006C215,0x025A7DF6
0x0006C1C6,0x025A34EA
0x0006C177,0x0259EBE6
0x0006C129,0x0259A2EB
0x0006C0DB,0x025959F9
0x0006C08D,0x0259110F
0x0006C040,0x0258C82E
0x0006BFF3,0x02587F56
0x0006BFA6,0x02583686
0x0006BF59,0x0257EDBF
0x0006BF0D,0x0257A501
0x0006BEC1,0x02575C4B
0x0006BE75,0x0257139E
0x0006BE29,0x0256CAF9
0x0006BDDE,0x0256825D
0x0006BD93,0x025639CA
0x0006BD48,0x0255F13F
0x0006BCFD,0x0255A8BD
0x0006BCB3,0x02556044
0x0006BC69,0x025517D3
0x0006BC1F,0x0254CF6B
0x0006BBD5,0x0254870B
0x0006BB8C,0x02543EB4
0x0006BB43,0x0253F666
0x0006BAFA,0x0253AE20
0x0006BAB1,0x025365E3
0x0006BA69,0x02531DAE
0x0006BA21,0x0252D582
0x0006B9D9,0x02528D5F
0x0006B991,0x02524544
0x0006B94A,0x0251FD32
0x0006B903,0x0251B528
0x0006B8BC,0x02516D27
0x0006B875,0x0251252E
0x0006B82F,0x0250DD3E
0x0006B7E9,0x02509557
0x0006B7A3,0x02504D78
0x0006B75D,0x025005A2
0x0006B718,0x024FBDD4
0x0006B6D3,0x024F760F
0x0006B68E,0x024F2E52
0x0006B649,0x024EE69E
0x0006B605,0x024E9EF2
0x0006B5C1,0x024E574F
0x0006B57D,0x024E0FB5
0x0006B539,0x024DC823
0x0006B4F6,0x024D809A
0x0006B4B3,0x024D3919
0x0006B470,0x024CF1A1
0x0006B42D,0x024CAA31
0x0006B3EB,0x024C62CA
0x0006B3A9,0x024C1B6B
0x0006B367,0x024BD415
0x0006B325,0x024B8CC7
0x0006B2E4,0x024B4582
0x0006B2A3,0x024AFE45
0x0006B262,0x024AB711
0x0006B221,0x024A6FE5
0x0006B1E1,0x024A28C2
0x0006B1A1,0x0249E1A7
0x0006B161,0x02499A95
0x0006B121,0x0249538B
0x0006B0E2,0x02490C8A
0x0006B0A3,0x0248C591
0x0006B064,0x02487EA0
0x0006B025,0x024837B8
0x0006AFE7,0x0247F0D8
0x0006AFA9,0x0247AA01
0x0006AF6B,0x02476332
0x0006AF2D,0x02471C6C
0x0006AEF0,0x0246D5AE
0x0006AEB3,0x02468EF9
0x0006AE76,0x0246484C
0x0006AE39,0x024601A7
0x0006ADFD,0x0245BB0B
0x0006ADC1,0x02457477
0x0006AD85,0x02452DEC
0x0006AD49,0x0244E769
0x0006AD0E,0x0244A0EF
0x0006ACD3,0x02445A7D
0x0006AC98,0x02441413
0x0006AC5D,0x0243CDB2
0x0006AC23,0x02438759
0x0006ABE9,0x02434109
0x0006ABAF,0x0242FAC1
0x0006AB75,0x0242B481
0x0006AB3C,0x02426E4A
0x0006AB03,0x0242281B
0x0006AACA,0x0241E1F5
0x0006AA91,0x02419BD7
0x0006AA59,0x024155C1
0x0006AA21,0x02410FB4
0x0006A9E9,0x0240C9AF
0x0006A9B1,0x024083B2
0x0006A979,0x02403DBE
0x0006A942,0x023FF7D2
0x0006A90B,0x023FB1EF
0x0006A8D4,0x023F6C14
0x0006A89D,0x023F2641
0x0006A867,0x023EE077
0x0006A831,0x023E9AB5
0x0006A7FB,0x023E54FB
0x0006A7C5,0x023E0F4A
0x0006A790,0x023DC9A1
0x0006A75B,0x023D8400
0x0006A726,0x023D3E68
0x0006A6F1,0x023CF8D8
0x0006A6BD,0x023CB350
0x0006A689,0x023C6DD1
0x0006A655,0x023C285A
0x0006A621,0x023BE2EB
0x0006A5EE,0x023B9D85
0x0006A5BB,0x023B5827
0x0006A588,0x023B12D1
0x0006A555,0x023ACD83
0x0006A522,0x023A883E
0x0006A4F0,0x023A4301
0x0006A4BE,0x0239FDCC
0x0006A48C,0x0239B8A0
0x0006A45A,0x0239737C
0x0006A429,0x02392E60
0x0006A3F8,0x0238E94C
0x0006A3C7,0x0238A441
0x0006A396,0x02385F3E
0x0006A366,0x02381A43
0x0006A336,0x0237D551
0x0006A306,0x02379067
0x0006A2D6,0x02374B85
0x0006A2A7,0x023706AB
0x0006A278,0x0236C1DA
0x0006A249,0x02367D11
0x0006A21A,0x02363850
0x0006A1EB,0x0235F397
0x0006A1BD,0x0235AEE7
0x0006A18F,0x02356A3F
0x0006A161,0x0235259F
0x0006A133,0x0234E107
0x0006A106,0x02349C77
0x0006A0D9,0x023457F0
0x0006A0AC,0x02341371
0x0006A07F,0x0233CEFA
0x0006A053,0x02338A8B
0x0006A027,0x02334625
0x00069FFB,0x023301C7
0x00069FCF,0x0232BD71
0x00069FA3,0x02327923
0x00069F78,0x023234DD
0x00069F4D,0x0231F0A0
0x00069F22,0x0231AC6B
0x00069EF7,0x0231683E
0x00069ECD,0x02312419
0x00069EA3,0x0230DFFC
0x00069E79,0x02309BE7
0x00069E4F,0x023057DB
0x00069E26,0x023013D7
0x00069DFD,0x022FCFDB
0x00069DD4,0x022F8BE7
0x00069DAB,0x022F47FB
0x00069D82,0x022F0417
0x00069D5A,0x022EC03C
0x00069D32,0x022E7C69
0x00069D0A,0x022E389E
0x00069CE2,0x022DF4DB
0x00069CBB,0x022DB120
0x00069C94,0x022D6D6D
0x00069C6D,0x022D29C2
0x00069C46,0x022CE620
0x00069C20,0x022CA286
0x00069BFA,0x022C5EF4
0x00069BD4,0x022C1B6A
0x00069BAE,0x022BD7E8
0x00069B88,0x022B946E
0x00069B63,0x022B50FC
0x00069B3E,0x022B0D92
0x00069B19,0x022ACA30
0x00069AF4,0x022A86D7
0x00069AD0,0x022A4386
0x00069AAC,0x022A003D
0x00069A88,0x0229BCFC
0x00069A64,0x022979C3
0x00069A40,0x02293692
0x00069A1D,0x0228F369
0x000699FA,0x0228B048
0x000699D7,0x02286D2F
0x000699B4,0x02282A1E
0x00069992,0x0227E715
0x00069970,0x0227A414
0x0006994E,0x0227611C
0x0006992C,0x02271E2C
0x0006990A,0x0226DB44
0x000698E9,0x02269864
0x000698C8,0x0226558C
0x000698A7,0x022612BC
0x00069886,0x0225CFF4
0x00069866,0x02258D34
0x00069846,0x02254A7C
0x00069826,0x022507CC
0x00069806,0x0224C524
0x000697E6,0x02248284
0x000697C7,0x02243FEC
0x000697A8,0x0223FD5C
0x00069789,0x0223BAD4
0x0006976A,0x02237854
0x0006974C,0x022335DC
0x0006972E,0x0222F36C
0x00069710,0x0222B104
0x000696F2,0x02226EA4
0x000696D4,0x02222C4C
0x000696B7,0x0221E9FC
0x0006969A,0x0221A7B4
0x0006967D,0x02216574
0x00069660,0x0221233C
0x00069644,0x0220E10C
0x00069628,0x02209EE4
0x0006960C,0x02205CC4
0x000695F0,0x02201AAC
0x000695D4,0x021FD89C
0x000695B9,0x021F9694
0x0006959E,0x021F5494
0x00069583,0x021F129C
0x00069568,0x021ED0AC
0x0006954E,0x021E8EC4
0x00069534,0x021E4CE4
0x0006951A,0x021E0B0C
0x00069500,0x021DC93B
0x000694E6,0x021D8772
0x000694CD,0x021D45B1
0x000694B4,0x021D03F8
0x0006949B,0x021CC247
0x00069482,0x021C809E
0x00069469,0x021C3EFD
0x00069451,0x021BFD64
0x00069439,0x021BBBD3
0x00069421,0x021B7A4A
0x00069409,0x021B38C9
0x000693F2,0x021AF750
0x000693DB,0x021AB5DE
0x000693C4,0x021A7474
0x000693AD,0x021A3312
0x00069396,0x0219F1B8
0x00069380,0x0219B066
0x0006936A,0x02196F1C
0x00069354,0x02192DDA
0x0006933E,0x0218ECA0
0x00069329,0x0218AB6E
0x00069314,0x02186A43
0x000692FF,0x02182920
0x000692EA,0x0217E805
0x000692D5,0x0217A6F2
0x000692C1,0x021765E7
0x000692AD,0x021724E4
0x00069299,0x0216E3E9
0x00069285,0x0216A2F5
0x00069271,0x02166209
0x0006925E,0x02162125
0x0006924B,0x0215E049
0x00069238,0x02159F75
0x00069225,0x02155EA9
0x00069213,0x02151DE4
0x00069201,0x0214DD27
0x000691EF,0x02149C72
0x000691DD,0x02145BC5
0x000691CB,0x02141B20
0x000691BA,0x0213DA83
0x000691A9,0x021399ED
0x00069198,0x0213595F
0x00069187,0x021318D9
0x00069176,0x0212D85B
0x00069166,0x021297E5
0x00069156,0x02125776
0x00069146,0x0212170F
0x00069136,0x0211D6B0
0x00069127,0x02119659
0x00069118,0x0211560A
0x00069109,0x021115C2
0x000690FA,0x0210D582
0x000690EB,0x0210954A
0x000690DD,0x0210551A
0x000690CF,0x021014F1
0x000690C1,0x020FD4D0
0x000690B3,0x020F94B7
0x000690A5,0x020F54A6
0x00069098,0x020F149C
0x0006908B,0x020ED49A
0x0006907E,0x020E94A0
0x00069071,0x020E54AE
0x00069064,0x020E14C3
0x00069058,0x020DD4E0
0x0006904C,0x020D9505
0x00069040,0x020D5532
0x00069034,0x020D1566
0x00069029,0x020CD5A2
0x0006901E,0x020C95E6
0x00069013,0x020C5631
0x00069008,0x020C1684
0x00068FFD,0x020BD6DF
0x00068FF3,0x020B9742
0x00068FE9,0x020B57AC
0x00068FDF,0x020B181E
0x00068FD5,0x020AD898
0x00068FCB,0x020A9919
0x00068FC2,0x020A59A2
0x00068FB9,0x020A1A33
0x00068FB0,0x0209DACB
0x00068FA7,0x02099B6B
0x00068F9E,0x02095C13
0x00068F96,0x02091CC2
0x00068F8E,0x0208DD79
0x00068F86,0x02089E38
0x00068F7E,0x02085EFE
0x00068F76,0x02081FCC
0x00068F6F,0x0207E0A2
0x00068F68,0x0207A17F
0x00068F61,0x02076264
0x00068F5A,0x02072351
0x00068F54,0x0206E445
0x00068F4E,0x0206A541
0x00068F48,0x02066645
0x00068F42,0x02062750
0x00068F3C,0x0205E863
0x00068F37,0x0205A97E
0x00068F32,0x02056AA0
0x00068F2D,0x02052BCA
0x00068F28,0x0204ECFB
0x00068F23,0x0204AE34
0x00068F1F,0x02046F75
0x00068F1B,0x020430BD
0x00068F17,0x0203F20D
0x00068F13,0x0203B365
0x00068F0F,0x020374C4
0x00068F0C,0x0203362B
0x00068F09,0x0202F799
0x00068F06,0x0202B90F
0x00068F03,0x02027A8C
0x00068F00,0x02023C11
0x00068EFE,0x0201FD9E
0x00068EFC,0x0201BF32
0x00068EFA,0x020180CE
0x00068EF8,0x02014271
0x00068EF6,0x0201041C
0x00068EF5,0x0200C5CF
0x00068EF4,0x02008789
0x00068EF3,0x0200494B
0x00068EF2,0x02000B14
0x00068EF1,0x01FFCCE5
0x00068EF1,0x01FF8EBD
0x00068EF1,0x01FF509D
0x00068EF1,0x01FF1284
0x00068EF1,0x01FED473
0x00068EF1,0x01FE9669
0x00068EF2,0x01FE5867
0x00068EF3,0x01FE1A6D
0x00068EF4,0x01FDDC7A
0x00068EF5,0x01FD9E8F
0x00068EF6,0x01FD60AB
0x00068EF8,0x01FD22CF
0x00068EFA,0x01FCE4FA
0x00068EFC,0x01FCA72D
0x00068EFE,0x01FC6967
0x00068F01,0x01FC2BA9
0x00068F04,0x01FBEDF2
0x00068F07,0x01FBB043
0x00068F0A,0x01FB729B
0x00068F0D,0x01FB34FB
0x00068F11,0x01FAF762
0x00068F15,0x01FAB9D1
0x00068F19,0x01FA7C47
0x00068F1D,0x01FA3EC5
0x00068F21,0x01FA014A
0x00068F26,0x01F9C3D7
0x00068F2B,0x01F9866B
0x00068F30,0x01F94907
0x00068F35,0x01F90BAA
0x00068F3A,0x01F8CE54
0x00068F40,0x01F89106
0x00068F46,0x01F853BF
0x00068F4C,0x01F81680
0x00068F52,0x01F7D948
0x00068F58,0x01F79C18
0x00068F5F,0x01F75EEF
0x00068F66,0x01F721CE
0x00068F6D,0x01F6E4B4
0x00068F74,0x01F6A7A1
0x00068F7B,0x01F66A96
0x00068F83,0x01F62D92
0x00068F8B,0x01F5F096
0x00068F93,0x01F5B3A1
0x00068F9B,0x01F576B4
0x00068FA3,0x01F539CE
0x00068FAC,0x01F4FCEF
0x00068FB5,0x01F4C018
0x00068FBE,0x01F48348
0x00068FC7,0x01F44680
0x00068FD0,0x01F409BF
0x00068FDA,0x01F3CD05
0x00068FE4,0x01F39053
0x00068FEE,0x01F353A8
0x00068FF8,0x01F31705
0x00069002,0x01F2DA69
0x0006900D,0x01F29DD4
0x00069018,0x01F26147
0x00069023,0x01F224C1
0x0006902E,0x01F1E842
0x00069039,0x01F1ABCB
0x00069045,0x01F16F5B
0x00069051,0x01F132F3
0x0006905D,0x01F0F692
0x00069069,0x01F0BA38
0x00069075,0x01F07DE6
0x00069082,0x01F0419B
0x0006908F,0x01F00557
0x0006909C,0x01EFC91B
0x000690A9,0x01EF8CE6
0x000690B6,0x01EF50B8
0x000690C4,0x01EF1492
0x000690D2,0x01EED873
0x000690E0,0x01EE9C5B
0x000690EE,0x01EE604B
0x000690FC,0x01EE2442
0x0006910B,0x01EDE840
0x0006911A,0x01EDAC46
0x00069129,0x01ED7053
0x00069138,0x01ED3467
0x00069147,0x01ECF883
0x00069156,0x01ECBCA6
0x00069166,0x01EC80D0
0x00069176,0x01EC4501
0x00069186,0x01EC093A
0x00069196,0x01EBCD7A
0x000691A6,0x01EB91C1
0x000691B7,0x01EB5610
0x000691C8,0x01EB1A66
0x000691D9,0x01EADEC3
0x000691EA,0x01EAA327
0x000691FB,0x01EA6793
0x0006920D,0x01EA2C06
0x0006921F,0x01E9F080
0x00069231,0x01E9B501
0x00069243,0x01E9798A
0x00069255,0x01E93E1A
0x00069268,0x01E902B1
0x0006927B,0x01E8C750
0x0006928E,0x01E88BF6
0x000692A1,0x01E850A3
0x000692B4,0x01E81557
0x000692C8,0x01E7DA12
0x000692DC,0x01E79ED5
0x000692F0,0x01E7639F
0x00069304,0x01E72870
0x00069318,0x01E6ED48
0x0006932D,0x01E6B228
0x00069342,0x01E6770F
0x00069357,0x01E63BFD
0x0006936C,0x01E600F2
0x00069381,0x01E5C5EE
0x00069397,0x01E58AF2
0x000693AD,0x01E54FFD
0x000693C3,0x01E5150F
0x000693D9,0x01E4DA28
0x000693EF,0x01E49F48
0x00069406,0x01E46470
0x0006941D,0x01E4299F
0x00069434,0x01E3EED5
0x0006944B,0x01E3B412
0x00069462,0x01E37956
0x0006947A,0x01E33EA2
0x00069492,0x01E303F5
0x000694AA,0x01E2C94F
0x000694C2,0x01E28EB0
0x000694DA,0x01E25418
0x000694F2,0x01E21987
0x0006950B,0x01E1DEFE
0x00069524,0x01E1A47C
0x0006953D,0x01E16A01
0x00069556,0x01E12F8D
0x0006956F,0x01E0F520
0x00069589,0x01E0BABA
0x000695A3,0x01E0805B
0x000695BD,0x01E04604
0x000695D7,0x01E00BB4
0x000695F1,0x01DFD16B
0x0006960C,0x01DF9729
0x00069627,0x01DF5CEE
0x00069642,0x01DF22BA
0x0006965D,0x01DEE88D
0x00069678,0x01DEAE67
0x00069694,0x01DE7449
0x000696B0,0x01DE3A32
0x000696CC,0x01DE0022
0x000696E8,0x01DDC619
0x00069704,0x01DD8C17
0x00069721,0x01DD521C
0x0006973E,0x01DD1828
0x0006975B,0x01DCDE3B
0x00069778,0x01DCA455
0x00069795,0x01DC6A76
0x000697B3,0x01DC309E
0x000697D1,0x01DBF6CE
0x000697EF,0x01DBBD05
0x0006980D,0x01DB8343
0x0006982B,0x01DB4988
0x00069849,0x01DB0FD4
0x00069868,0x01DAD627
0x00069887,0x01DA9C81
0x000698A6,0x01DA62E2
0x000698C5,0x01DA294A
0x000698E4,0x01D9EFB9
0x00069904,0x01D9B62F
0x00069924,0x01D97CAC
0x00069944,0x01D94330
0x00069964,0x01D909BB
0x00069984,0x01D8D04D
0x000699A5,0x01D896E6
0x000699C6,0x01D85D86
0x000699E7,0x01D8242D
0x00069A08,0x01D7EADB
0x00069A29,0x01D7B190
0x00069A4B,0x01D7784C
0x00069A6D,0x01D73F0F
0x00069A8F,0x01D705D9
0x00069AB1,0x01D6CCAB
0x00069AD3,0x01D69384
0x00069AF6,0x01D65A64
0x00069B19,0x01D6214B
0x00069B3C,0x01D5E839
0x00069B5F,0x01D5AF2D
0x00069B82,0x01D57628
0x00069BA5,0x01D53D2A
0x00069BC9,0x01D50433
0x00069BED,0x01D4CB43
0x00069C11,0x01D4925A
0x00069C35,0x01D45978
0x00069C59,0x01D4209D
0x00069C7E,0x01D3E7C9
0x00069CA3,0x01D3AEFC
0x00069CC8,0x01D37636
0x00069CED,0x01D33D77
0x00069D12,0x01D304BF
0x00069D38,0x01D2CC0E
0x00069D5E,0x01D29364
0x00069D84,0x01D25AC1
0x00069DAA,0x01D22225
0x00069DD0,0x01D1E990
0x00069DF7,0x01D1B102
0x00069E1E,0x01D1787B
0x00069E45,0x01D13FFB
0x00069E6C,0x01D10782
0x00069E93,0x01D0CF10
0x00069EBA,0x01D096A4
0x00069EE2,0x01D05E3F
0x00069F0A,0x01D025E1
0x00069F32,0x01CFED8A
0x00069F5A,0x01CFB53A
0x00069F82,0x01CF7CF1
0x00069FAB,0x01CF44AF
0x00069FD4,0x01CF0C74
0x00069FFD,0x01CED440
0x0006A026,0x01CE9C13
0x0006A04F,0x01CE63ED
0x0006A079,0x01CE2BCD
0x0006A0A3,0x01CDF3B4
0x0006A0CD,0x01CDBBA2
0x0006A0F7,0x01CD8397
0x0006A121,0x01CD4B93
0x0006A14C,0x01CD1396
0x0006A177,0x01CCDBA0
0x0006A1A2,0x01CCA3B1
0x0006A1CD,0x01CC6BC8
0x0006A1F8,0x01CC33E6
0x0006A223,0x01CBFC0B
0x0006A24F,0x01CBC437
0x0006A27B,0x01CB8C6A
0x0006A2A7,0x01CB54A4
0x0006A2D3,0x01CB1CE5
0x0006A2FF,0x01CAE52C
0x0006A32C,0x01CAAD7A
0x0006A359,0x01CA75CF
0x0006A386,0x01CA3E2B
0x0006A3B3,0x01CA068E
0x0006A3E0,0x01C9CEF8
0x0006A40E,0x01C99768
0x0006A43C,0x01C95FDF
0x0006A46A,0x01C9285D
0x0006A498,0x01C8F0E2
0x0006A4C6,0x01C8B96E
0x0006A4F5,0x01C88201
0x0006A524,0x01C84A9A
0x0006A553,0x01C8133A
0x0006A582,0x01C7DBE1
0x0006A5B1,0x01C7A48F
0x0006A5E0,0x01C76D44
0x0006A610,0x01C735FF
0x0006A640,0x01C6FEC1
0x0006A670,0x01C6C78A
0x0006A6A0,0x01C6905A
0x0006A6D0,0x01C65930
0x0006A701,0x01C6220D
0x0006A732,0x01C5EAF1
0x0006A763,0x01C5B3DC
0x0006A794,0x01C57CCE
0x0006A7C5,0x01C545C6
0x0006A7F7,0x01C50EC5
0x0006A829,0x01C4D7CB
0x0006A85B,0x01C4A0D8
0x0006A88D,0x01C469EB
0x0006A8BF,0x01C43305
0x0006A8F1,0x01C3FC26
0x0006A924,0x01C3C54E
0x0006A957,0x01C38E7C
0x0006A98A,0x01C357B1
0x0006A9BD,0x01C320ED
0x0006A9F0,0x01C2EA30
0x0006AA24,0x01C2B379
0x0006AA58,0x01C27CC9
0x0006AA8C,0x01C24620
0x0006AAC0,0x01C20F7E
0x0006AAF4,0x01C1D8E2
0x0006AB29,0x01C1A24D
0x0006AB5E,0x01C16BBF
0x0006AB93,0x01C13537
0x0006ABC8,0x01C0FEB6
0x0006ABFD,0x01C0C83C
0x0006AC32,0x01C091C8
0x0006AC68,0x01C05B5B
0x0006AC9E,0x01C024F5
0x0006ACD4,0x01BFEE96
0x0006AD0A,0x01BFB83D
0x0006AD40,0x01BF81EB
0x0006AD77,0x01BF4BA0
0x0006ADAE,0x01BF155B
0x0006ADE5,0x01BEDF1D
0x0006AE1C,0x01BEA8E6
0x0006AE53,0x01BE72B5
0x0006AE8B,0x01BE3C8B
0x0006AEC3,0x01BE0668
0x0006AEFB,0x01BDD04B
0x0006AF33,0x01BD9A35
0x0006AF6B,0x01BD6426
0x0006AFA3,0x01BD2E1D
0x0006AFDC,0x01BCF81B
0x0006B015,0x01BCC220
0x0006B04E,0x01BC8C2B
0x0006B087,0x01BC563D
0x0006B0C0,0x01BC2056
0x0006B0FA,0x01BBEA75
0x0006B134,0x01BBB49B
0x0006B16E,0x01BB7EC7
0x0006B1A8,0x01BB48FA
0x0006B1E2,0x01BB1334
0x0006B21D,0x01BADD74
0x0006B258,0x01BAA7BB
0x0006B293,0x01BA7209
0x0006B2CE,0x01BA3C5D
0x0006B309,0x01BA06B8
0x0006B345,0x01B9D119
0x0006B381,0x01B99B81
0x0006B3BD,0x01B965F0
0x0006B3F9,0x01B93065
0x0006B435,0x01B8FAE1
0x0006B471,0x01B8C563
0x0006B4AE,0x01B88FEC
0x0006B4EB,0x01B85A7C
0x0006B528,0x01B82512
0x0006B565,0x01B7EFAF
0x0006B5A2,0x01B7BA52
0x0006B5E0,0x01B784FC
0x0006B61E,0x01B74FAD
0x0006B65C,0x01B71A64
0x0006B69A,0x01B6E522
0x0006B6D8,0x01B6AFE6
0x0006B717,0x01B67AB1
0x0006B756,0x01B64582
0x0006B795,0x01B6105A
0x0006B7D4,0x01B5DB38
0x0006B813,0x01B5A61D
0x0006B852,0x01B57109
0x0006B892,0x01B53BFB
0x0006B8D2,0x01B506F4
0x0006B912,0x01B4D1F3
0x0006B952,0x01B49CF9
0x0006B992,0x01B46805
0x0006B9D3,0x01B43318
0x0006BA14,0x01B3FE31
0x0006BA55,0x01B3C951
0x0006BA96,0x01B39477
0x0006BAD7,0x01B35FA4
0x0006BB19,0x01B32AD7
0x0006BB5B,0x01B2F611
0x0006BB9D,0x01B2C151
0x0006BBDF,0x01B28C98
0x0006BC21,0x01B257E5
0x0006BC63,0x01B22339
0x0006BCA6,0x01B1EE93
0x0006BCE9,0x01B1B9F4
0x0006BD2C,0x01B1855B
0x0006BD6F,0x01B150C9
0x0006BDB2,0x01B11C3D
0x0006BDF6,0x01B0E7B8
0x0006BE3A,0x01B0B339
0x0006BE7E,0x01B07EC1
0x0006BEC2,0x01B04A4F
0x0006BF06,0x01B015E4
0x0006BF4B,0x01AFE17F
0x0006BF90,0x01AFAD21
0x0006BFD5,0x01AF78C9
0x0006C01A,0x01AF4478
0x0006C05F,0x01AF102D
0x0006C0A4,0x01AEDBE9
0x0006C0EA,0x01AEA7AB
0x0006C130,0x01AE7374
0x0006C176,0x01AE3F43
0x0006C1BC,0x01AE0B18
0x0006C202,0x01ADD6F4
0x0006C249,0x01ADA2D6
0x0006C290,0x01AD6EBF
0x0006C2D7,0x01AD3AAE
0x0006C31E,0x01AD06A4
0x0006C365,0x01ACD2A0
0x0006C3AD,0x01AC9EA2
0x0006C3F5,0x01AC6AAB
0x0006C43D,0x01AC36BA
0x0006C485,0x01AC02D0
0x0006C4CD,0x01ABCEEC
0x0006C515,0x01AB9B0F
0x0006C55E,0x01AB6738
0x0006C5A7,0x01AB3367
0x0006C5F0,0x01AAFF9D
0x0006C639,0x01AACBD9
0x0006C682,0x01AA981C
0x0006C6CC,0x01AA6465
0x0006C716,0x01AA30B4
0x0006C760,0x01A9FD0A
0x0006C7AA,0x01A9C966
0x0006C7F4,0x01A995C9
0x0006C83F,0x01A96232
0x0006C88A,0x01A92EA1
0x0006C8D5,0x01A8FB17
0x0006C920,0x01A8C793
0x0006C96B,0x01A89415
0x0006C9B6,0x01A8609E
0x0006CA02,0x01A82D2D
0x0006CA4E,0x01A7F9C2
0x0006CA9A,0x01A7C65E
0x0006CAE6,0x01A79300
0x0006CB32,0x01A75FA9
0x0006CB7F,0x01A72C58
0x0006CBCC,0x01A6F90D
0x0006CC19,0x01A6C5C9
0x0006CC66,0x01A6928B
0x0006CCB3,0x01A65F53
0x0006CD01,0x01A62C22
0x0006CD4F,0x01A5F8F7
0x0006CD9D,0x01A5C5D2
0x0006CDEB,0x01A592B4
0x0006CE39,0x01A55F9C
0x0006CE87,0x01A52C8A
0x0006CED6,0x01A4F97F
0x0006CF25,0x01A4C67A
0x0006CF74,0x01A4937B
0x0006CFC3,0x01A46082
0x0006D012,0x01A42D90
0x0006D062,0x01A3FAA4
0x0006D0B2,0x01A3C7BE
0x0006D102,0x01A394DF
0x0006D152,0x01A36206
0x0006D1A2,0x01A32F33
0x0006D1F3,0x01A2FC67
0x0006D244,0x01A2C9A1
0x0006D295,0x01A296E1
0x0006D2E6,0x01A26427
0x0006D337,0x01A23174
0x0006D388,0x01A1FEC7
0x0006D3DA,0x01A1CC20
0x0006D42C,0x01A19980
0x0006D47E,0x01A166E6
0x0006D4D0,0x01A13452
0x0006D522,0x01A101C4
0x0006D575,0x01A0CF3D
0x0006D5C8,0x01A09CBC
0x0006D61B,0x01A06A41
0x0006D66E,0x01A037CC
0x0006D6C1,0x01A0055E
0x0006D715,0x019FD2F6
0x0006D769,0x019FA094
0x0006D7BD,0x019F6E38
0x0006D811,0x019F3BE3
0x0006D865,0x019F0994
0x0006D8B9,0x019ED74B
0x0006D90E,0x019EA508
0x0006D963,0x019E72CB
0x0006D9B8,0x019E4095
0x0006DA0D,0x019E0E65
0x0006DA62,0x019DDC3B
0x0006DAB8,0x019DAA17
0x0006DB0E,0x019D77FA
0x0006DB64,0x019D45E3
0x0006DBBA,0x019D13D2
0x0006DC10,0x019CE1C7
0x0006DC67,0x019CAFC2
0x0006DCBE,0x019C7DC4
0x0006DD15,0x019C4BCC
0x0006DD6C,0x019C19DA
0x0006DDC3,0x019BE7EE
0x0006DE1A,0x019BB608
0x0006DE72,0x019B8429
0x0006DECA,0x019B5250
0x0006DF22,0x019B207D
0x0006DF7A,0x019AEEB0
0x0006DFD2,0x019ABCE9
0x0006E02B,0x019A8B28
0x0006E084,0x019A596E
0x0006E0DD,0x019A27BA
0x0006E136,0x0199F60C
0x0006E18F,0x0199C464
0x0006E1E9,0x019992C2
0x0006E243,0x01996126
0x0006E29D,0x01992F91
0x0006E2F7,0x0198FE02
0x0006E351,0x0198CC79
0x0006E3AB,0x01989AF6
0x0006E406,0x01986979
0x0006E461,0x01983802
0x0006E4BC,0x01980691
0x0006E517,0x0197D527
0x0006E572,0x0197A3C3
0x0006E5CE,0x01977265
0x0006E62A,0x0197410D
0x0006E686,0x01970FBB
0x0006E6E2,0x0196DE6F
0x0006E73E,0x0196AD29
0x0006E79B,0x01967BE9
0x0006E7F8,0x01964AAF
0x0006E855,0x0196197C
0x0006E8B2,0x0195E84F
0x0006E90F,0x0195B728
0x0006E96D,0x01958607
0x0006E9CB,0x019554EC
0x0006EA29,0x019523D7
0x0006EA87,0x0194F2C8
0x0006EAE5,0x0194C1BF
0x0006EB43,0x019490BC
0x0006EBA2,0x01945FBF
0x0006EC01,0x01942EC9
0x0006EC60,0x0193FDD9
0x0006ECBF,0x0193CCEF
0x0006ED1E,0x01939C0B
0x0006ED7E,0x01936B2D
0x0006EDDE,0x01933A55
0x0006EE3E,0x01930983
0x0006EE9E,0x0192D8B7
0x0006EEFE,0x0192A7F1
0x0006EF5F,0x01927731
0x0006EFC0,0x01924677
0x0006F021,0x019215C3
0x0006F082,0x0191E515
0x0006F0E3,0x0191B46D
0x0006F144,0x019183CB
0x0006F1A6,0x0191532F
0x0006F208,0x01912299
0x0006F26A,0x0190F209
0x0006F2CC,0x0190C180
0x0006F32E,0x019090FD
0x0006F391,0x01906080
0x0006F3F4,0x01903009
0x0006F457,0x018FFF98
0x0006F4BA,0x018FCF2D
0x0006F51D,0x018F9EC8
0x0006F581,0x018F6E69
0x0006F5E5,0x018F3E10
0x0006F649,0x018F0DBD
0x0006F6AD,0x018EDD70
0x0006F711,0x018EAD29
0x0006F776,0x018E7CE8
0x0006F7DB,0x018E4CAD
0x0006F840,0x018E1C78
0x0006F8A5,0x018DEC49
0x0006F90A,0x018DBC20
0x0006F96F,0x018D8BFD
0x0006F9D5,0x018D5BE0
0x0006FA3B,0x018D2BC9
0x0006FAA1,0x018CFBB8
0x0006FB07,0x018CCBAD
0x0006FB6D,0x018C9BA8
0x0006FBD4,0x018C6BA9
0x0006FC3B,0x018C3BAF
0x0006FCA2,0x018C0BBB
0x0006FD09,0x018BDBCD
0x0006FD70,0x018BABE5
0x0006FDD8,0x018B7C03
0x0006FE40,0x018B4C27
0x0006FEA8,0x018B1C51
0x0006FF10,0x018AEC81
0x0006FF78,0x018ABCB7
0x0006FFE1,0x018A8CF3
0x0007004A,0x018A5D35
0x000700B3,0x018A2D7D
0x0007011C,0x0189FDCB
0x00070185,0x0189CE1F
0x000701EE,0x01899E79
0x00070258,0x01896ED9
0x000702C2,0x01893F3F
0x0007032C,0x01890FAB
0x00070396,0x0188E01C
0x00070400,0x0188B093
0x0007046B,0x01888110
0x000704D6,0x01885193
0x00070541,0x0188221C
0x000705AC,0x0187F2AB
0x00070617,0x0187C340
0x00070683,0x018793DB
0x000706EF,0x0187647C
0x0007075B,0x01873523
0x000707C7,0x018705CF
0x00070833,0x0186D681
0x000708A0,0x0186A739
0x0007090D,0x018677F7
0x0007097A,0x018648BB
0x000709E7,0x01861985
0x00070A54,0x0185EA55
0x00070AC2,0x0185BB2B
0x00070B30,0x01858C07
0x00070B9E,0x01855CE8
0x00070C0C,0x01852DCF
0x00070C7A,0x0184FEBC
0x00070CE8,0x0184CFAF
0x00070D57,0x0184A0A8
0x00070DC6,0x018471A7
0x00070E35,0x018442AC
0x00070EA4,0x018413B6
0x00070F13,0x0183E4C6
0x00070F83,0x0183B5DC
0x00070FF3,0x018386F8
0x00071063,0x0183581A
0x000710D3,0x01832942
0x00071143,0x0182FA6F
0x000711B4,0x0182CBA2
0x00071225,0x01829CDB
0x00071296,0x01826E1A
0x00071307,0x01823F5F
0x00071378,0x018210AA
0x000713EA,0x0181E1FA
0x0007145C,0x0181B350
0x000714CE,0x018184AC
0x00071540,0x0181560E
0x000715B2,0x01812776
0x00071625,0x0180F8E3
0x00071698,0x0180CA56
0x0007170B,0x01809BCF
0x0007177E,0x01806D4E
0x000717F1,0x01803ED3
0x00071864,0x0180105D
0x000718D8,0x017FE1ED
0x0007194C,0x017FB383
0x000719C0,0x017F851F
0x00071A34,0x017F56C1
0x00071AA8,0x017F2868
0x00071B1D,0x017EFA15
0x00071B92,0x017ECBC8
0x00071C07,0x017E9D81
0x00071C7C,0x017E6F3F
0x00071CF1,0x017E4103
0x00071D67,0x017E12CD
0x00071DDD,0x017DE49D
0x00071E53,0x017DB673
0x00071EC9,0x017D884E
0x00071F3F,0x017D5A2F
0x00071FB6,0x017D2C16
0x0007202D,0x017CFE03
0x000720A4,0x017CCFF5
0x0007211B,0x017CA1ED
0x00072192,0x017C73EB
0x0007220A,0x017C45EF
0x00072282,0x017C17F8
0x000722FA,0x017BEA07
0x00072372,0x017BBC1C
0x000723EA,0x017B8E36
0x00072463,0x017B6056
0x000724DC,0x017B327C
0x00072555,0x017B04A8
0x000725CE,0x017AD6D9
0x00072647,0x017AA910
0x000726C1,0x017A7B4D
0x0007273B,0x017A4D8F
0x000727B5,0x017A1FD7
0x0007282F,0x0179F225
0x000728A9,0x0179C479
0x00072924,0x017996D2
0x0007299F,0x01796931
0x00072A1A,0x01793B96
0x00072A95,0x01790E00
0x00072B10,0x0178E070
0x00072B8B,0x0178B2E6
0x00072C07,0x01788561
0x00072C83,0x017857E2
0x00072CFF,0x01782A69
0x00072D7B,0x0177FCF5
0x00072DF7,0x0177CF87
0x00072E74,0x0177A21F
0x00072EF1,0x017774BC
0x00072F6E,0x0177475F
0x00072FEB,0x01771A08
0x00073068,0x0176ECB6
0x000730E6,0x0176BF6A
0x00073164,0x01769224
0x000731E2,0x017664E3
0x00073260,0x017637A8
0x000732DE,0x01760A73
0x0007335D,0x0175DD43
0x000733DC,0x0175B019
0x0007345B,0x017582F5
0x000734DA,0x017555D6
0x00073559,0x017528BD
0x000735D9,0x0174FBAA
0x00073659,0x0174CE9C
0x000736D9,0x0174A194
0x00073759,0x01747491
0x000737D9,0x01744794
0x0007385A,0x01741A9D
0x000738DB,0x0173EDAB
0x0007395C,0x0173C0BF
0x000739DD,0x017393D9
0x00073A5E,0x017366F8
0x00073AE0,0x01733A1D
0x00073B62,0x01730D47
0x00073BE4,0x0172E077
0x00073C66,0x0172B3AD
0x00073CE8,0x017286E8
0x00073D6B,0x01725A29
0x00073DEE,0x01722D6F
0x00073E71,0x017200BB
0x00073EF4,0x0171D40D
0x00073F77,0x0171A764
0x00073FFB,0x01717AC1
0x0007407F,0x01714E23
0x00074103,0x0171218B
0x00074187,0x0170F4F8
0x0007420B,0x0170C86B
0x00074290,0x01709BE4
0x00074315,0x01706F62
0x0007439A,0x017042E6
0x0007441F,0x0170166F
0x000744A4,0x016FE9FE
0x0007452A,0x016FBD92
0x000745B0,0x016F912C
0x00074636,0x016F64CC
0x000746BC,0x016F3871
0x00074742,0x016F0C1C
0x000747C9,0x016EDFCC
0x00074850,0x016EB382
0x000748D7,0x016E873D
0x0007495E,0x016E5AFE
0x000749E5,0x016E2EC4
0x00074A6D,0x016E0290
0x00074AF5,0x016DD661
0x00074B7D,0x016DAA38
0x00074C05,0x016D7E14
0x00074C8D,0x016D51F6
0x00074D16,0x016D25DD
0x00074D9F,0x016CF9CA
0x00074E28,0x016CCDBC
0x00074EB1,0x016CA1B4
0x00074F3A,0x016C75B2
0x00074FC4,0x016C49B5
0x0007504E,0x016C1DBE
0x000750D8,0x016BF1CC
0x00075162,0x016BC5E0
0x000751EC,0x016B99F9
0x00075277,0x016B6E18
0x00075302,0x016B423C
0x0007538D,0x016B1665
0x00075418,0x016AEA94
0x000754A3,0x016ABEC8
0x0007552F,0x016A9302
0x000755BB,0x016A6741
0x00075647,0x016A3B86
0x000756D3,0x016A0FD0
0x0007575F,0x0169E420
0x000757EC,0x0169B875
0x00075879,0x01698CD0
0x00075906,0x01696130
0x00075993,0x01693596
0x00075A20,0x01690A01
0x00075AAE,0x0168DE72
0x00075B3C,0x0168B2E8
0x00075BCA,0x01688764
0x00075C58,0x01685BE5
0x00075CE6,0x0168306B
0x00075D75,0x016804F7
0x00075E04,0x0167D988
0x00075E93,0x0167AE1F
0x00075F22,0x016782BB
0x00075FB1,0x0167575D
0x00076041,0x01672C04
0x000760D1,0x016700B1
0x00076161,0x0166D563
0x000761F1,0x0166AA1A
0x00076281,0x01667ED7
0x00076312,0x01665399
0x000763A3,0x01662861
0x00076434,0x0165FD2E
0x000764C5,0x0165D200
0x00076556,0x0165A6D8
0x000765E8,0x01657BB5
0x0007667A,0x01655098
0x0007670C,0x01652580
0x0007679E,0x0164FA6D
0x00076830,0x0164CF60
0x000768C3,0x0164A458
0x00076956,0x01647956
0x000769E9,0x01644E59
0x00076A7C,0x01642361
0x00076B0F,0x0163F86F
0x00076BA3,0x0163CD82
0x00076C37,0x0163A29B
0x00076CCB,0x016377B9
0x00076D5F,0x01634CDC
0x00076DF3,0x01632205
0x00076E88,0x0162F733
0x00076F1D,0x0162CC66
0x00076FB2,0x0162A19F
0x00077047,0x016276DD
0x000770DC,0x01624C21
0x00077172,0x0162216A
0x00077208,0x0161F6B8
0x0007729E,0x0161CC0C
0x00077334,0x0161A165
0x000773CB,0x016176C3
0x00077462,0x01614C27
0x000774F9,0x01612190
0x00077590,0x0160F6FE
0x00077627,0x0160CC72
0x000776BF,0x0160A1EB
0x00077757,0x01607769
0x000777EF,0x01604CED
0x00077887,0x01602276
0x0007791F,0x015FF804
0x000779B8,0x015FCD98
0x00077A51,0x015FA331
0x00077AEA,0x015F78CF
0x00077B83,0x015F4E73
0x00077C1C,0x015F241C
0x00077CB6,0x015EF9CA
0x00077D50,0x015ECF7E
0x00077DEA,0x015EA537
0x00077E84,0x015E7AF5
0x00077F1E,0x015E50B9
0x00077FB9,0x015E2682
0x00078054,0x015DFC50
0x000780EF,0x015DD223
0x0007818A,0x015DA7FC
0x00078225,0x015D7DDA
0x000782C1,0x015D53BD
0x0007835D,0x015D29A6
0x000783F9,0x015CFF94
0x00078495,0x015CD587
0x00078532,0x015CAB7F
0x000785CF,0x015C817D
0x0007866C,0x015C5780
0x00078709,0x015C2D88
0x000787A6,0x015C0395
0x00078844,0x015BD9A8
0x000788E2,0x015BAFC0
0x00078980,0x015B85DD
0x00078A1E,0x015B5C00
0x00078ABC,0x015B3228
0x00078B5B,0x015B0855
0x00078BFA,0x015ADE87
0x00078C99,0x015AB4BF
0x00078D38,0x015A8AFC
0x00078DD7,0x015A613E
0x00078E77,0x015A3785
0x00078F17,0x015A0DD2
0x00078FB7,0x0159E424
0x00079057,0x0159BA7B
0x000790F7,0x015990D7
0x00079198,0x01596738
0x00079239,0x01593D9F
0x000792DA,0x0159140B
0x0007937B,0x0158EA7C
0x0007941D,0x0158C0F2
0x000794BF,0x0158976E
0x00079561,0x01586DEF
0x00079603,0x01584475
0x000796A5,0x01581B00
0x00079748,0x0157F190
0x000797EB,0x0157C826
0x0007988E,0x01579EC1
0x00079931,0x01577561
0x000799D4,0x01574C06
0x00079A78,0x015722B0
0x00079B1C,0x0156F960
0x00079BC0,0x0156D015
0x00079C64,0x0156A6CF
0x00079D08,0x01567D8E
0x00079DAD,0x01565452
0x00079E52,0x01562B1C
0x00079EF7,0x015601EB
0x00079F9C,0x0155D8BF
0x0007A042,0x0155AF98
0x0007A0E8,0x01558676
0x0007A18E,0x01555D5A
0x0007A234,0x01553443
0x0007A2DA,0x01550B31
0x0007A381,0x0154E224
0x0007A428,0x0154B91C
0x0007A4CF,0x01549019
0x0007A576,0x0154671B
0x0007A61D,0x01543E23
0x0007A6C5,0x01541530
0x0007A76D,0x0153EC42
0x0007A815,0x0153C359
0x0007A8BD,0x01539A75
0x0007A966,0x01537196
0x0007AA0F,0x015348BD
0x0007AAB8,0x01531FE9
0x0007AB61,0x0152F71A
0x0007AC0A,0x0152CE50
0x0007ACB4,0x0152A58B
0x0007AD5E,0x01527CCB
0x0007AE08,0x01525410
0x0007AEB2,0x01522B5A
0x0007AF5C,0x015202AA
0x0007B007,0x0151D9FF
0x0007B0B2,0x0151B159
0x0007B15D,0x015188B8
0x0007B208,0x0151601C
0x0007B2B4,0x01513785
0x0007B360,0x01510EF3
0x0007B40C,0x0150E666
0x0007B4B8,0x0150BDDE
0x0007B564,0x0150955C
0x0007B611,0x01506CDF
0x0007B6BE,0x01504467
0x0007B76B,0x01501BF4
0x0007B818,0x014FF386
0x0007B8C5,0x014FCB1D
0x0007B973,0x014FA2B9
0x0007BA21,0x014F7A5A
0x0007BACF,0x014F5200
0x0007BB7D,0x014F29AB
0x0007BC2C,0x014F015B
0x0007BCDB,0x014ED911
0x0007BD8A,0x014EB0CC
0x0007BE39,0x014E888C
0x0007BEE8,0x014E6051
0x0007BF98,0x014E381B
0x0007C048,0x014E0FEA
0x0007C0F8,0x014DE7BE
0x0007C1A8,0x014DBF97
0x0007C258,0x014D9775
0x0007C309,0x014D6F58
0x0007C3BA,0x014D4740
0x0007C46B,0x014D1F2D
0x0007C51C,0x014CF71F
0x0007C5CE,0x014CCF16
0x0007C680,0x014CA712
0x0007C732,0x014C7F13
0x0007C7E4,0x014C5719
0x0007C896,0x014C2F24
0x0007C949,0x014C0735
0x0007C9FC,0x014BDF4B
0x0007CAAF,0x014BB766
0x0007CB62,0x014B8F86
0x0007CC16,0x014B67AB
0x0007CCCA,0x014B3FD5
0x0007CD7E,0x014B1804
0x0007CE32,0x014AF038
0x0007CEE6,0x014AC871
0x0007CF9B,0x014AA0AF
0x0007D050,0x014A78F2
0x0007D105,0x014A513A
0x0007D1BA,0x014A2987
0x0007D26F,0x014A01D9
0x0007D325,0x0149DA30
0x0007D3DB,0x0149B28C
0x0007D491,0x01498AED
0x0007D547,0x01496353
0x0007D5FE,0x01493BBE
0x0007D6B5,0x0149142E
0x0007D76C,0x0148ECA3
0x0007D823,0x0148C51D
0x0007D8DA,0x01489D9C
0x0007D992,0x01487620
0x0007DA4A,0x01484EA9
0x0007DB02,0x01482737
0x0007DBBA,0x0147FFCA
0x0007DC73,0x0147D862
0x0007DD2C,0x0147B0FF
0x0007DDE5,0x014789A1
0x0007DE9E,0x01476248
0x0007DF57,0x01473AF3
0x0007E011,0x014713A3
0x0007E0CB,0x0146EC58
0x0007E185,0x0146C512
0x0007E23F,0x01469DD1
0x0007E2FA,0x01467695
0x0007E3B5,0x01464F5E
0x0007E470,0x0146282C
0x0007E52B,0x014600FF
0x0007E5E6,0x0145D9D7
0x0007E6A2,0x0145B2B4
0x0007E75E,0x01458B96
0x0007E81A,0x0145647D
0x0007E8D6,0x01453D69
0x0007E993,0x0145165A
0x0007EA50,0x0144EF50
0x0007EB0D,0x0144C84B
0x0007EBCA,0x0144A14B
0x0007EC87,0x01447A4F
0x0007ED45,0x01445358
0x0007EE03,0x01442C66
0x0007EEC1,0x01440579
0x0007EF7F,0x0143DE91
0x0007F03E,0x0143B7AE
0x0007F0FD,0x014390D0
0x0007F1BC,0x014369F7
0x0007F27B,0x01434323
0x0007F33A,0x01431C54
0x0007F3FA,0x0142F58A
0x0007F4BA,0x0142CEC4
0x0007F57A,0x0142A803
0x0007F63A,0x01428147
0x0007F6FB,0x01425A90
0x0007F7BC,0x014233DE
0x0007F87D,0x01420D31
0x0007F93E,0x0141E689
0x0007FA00,0x0141BFE6
0x0007FAC2,0x01419948
0x0007FB84,0x014172AE
0x0007FC46,0x01414C19
0x0007FD08,0x01412589
0x0007FDCB,0x0140FEFE
0x0007FE8E,0x0140D878
0x0007FF51,0x0140B1F7
0x00080014,0x01408B7B
0x000800D8,0x01406504
0x0008019C,0x01403E91
0x00080260,0x01401823
0x00080324,0x013FF1BA
0x000803E8,0x013FCB56
0x000804AD,0x013FA4F7
0x00080572,0x013F7E9D
0x00080637,0x013F5847
0x000806FC,0x013F31F6
0x000807C2,0x013F0BAA
0x00080888,0x013EE563
0x0008094E,0x013EBF21
0x00080A14,0x013E98E4
0x00080ADB,0x013E72AC
0x00080BA2,0x013E4C78
0x00080C69,0x013E2649
0x00080D30,0x013E001F
0x00080DF7,0x013DD9FA
0x00080EBF,0x013DB3DA
0x00080F87,0x013D8DBE
0x0008104F,0x013D67A7
0x00081117,0x013D4195
0x000811E0,0x013D1B88
0x000812A9,0x013CF580
0x00081372,0x013CCF7D
0x0008143B,0x013CA97E
0x00081504,0x013C8384
0x000815CE,0x013C5D8F
0x00081698,0x013C379F
0x00081762,0x013C11B4
0x0008182C,0x013BEBCD
0x000818F7,0x013BC5EB
0x000819C2,0x013BA00E
0x00081A8D,0x013B7A36
0x00081B58,0x013B5463
0x00081C24,0x013B2E94
0x00081CF0,0x013B08CA
0x00081DBC,0x013AE305
0x00081E88,0x013ABD45
0x00081F55,0x013A9789
0x00082022,0x013A71D2
0x000820EF,0x013A4C20
0x000821BC,0x013A2673
0x00082289,0x013A00CB
0x00082357,0x0139DB27
0x00082425,0x0139B588
0x000824F3,0x01398FEE
0x000825C1,0x01396A59
0x00082690,0x013944C8
0x0008275F,0x01391F3C
0x0008282E,0x0138F9B5
0x000828FD,0x0138D433
0x000829CD,0x0138AEB5
0x00082A9D,0x0138893C
0x00082B6D,0x013863C8
0x00082C3D,0x01383E59
0x00082D0D,0x013818EE
0x00082DDE,0x0137F388
0x00082EAF,0x0137CE27
0x00082F80,0x0137A8CB
0x00083051,0x01378373
0x00083123,0x01375E20
0x000831F5,0x013738D2
0x000832C7,0x01371388
0x00083399,0x0136EE43
0x0008346C,0x0136C903
0x0008353F,0x0136A3C8
0x00083612,0x01367E91
0x000836E5,0x0136595F
0x000837B9,0x01363432
0x0008388D,0x01360F09
0x00083961,0x0135E9E5
0x00083A35,0x0135C4C6
0x00083B09,0x01359FAC
0x00083BDE,0x01357A96
0x00083CB3,0x01355585
0x00083D88,0x01353079
0x00083E5D,0x01350B71
0x00083F33,0x0134E66E
0x00084009,0x0134C170
0x000840DF,0x01349C76
0x000841B5,0x01347781
0x0008428C,0x01345291
0x00084363,0x01342DA5
0x0008443A,0x013408BE
0x00084511,0x0133E3DC
0x000845E9,0x0133BEFF
0x000846C1,0x01339A26
0x00084799,0x01337552
0x00084871,0x01335083
0x0008494A,0x01332BB8
0x00084A23,0x013306F2
0x00084AFC,0x0132E231
0x00084BD5,0x0132BD74
0x00084CAE,0x013298BC
0x00084D88,0x01327408
0x00084E62,0x01324F59
0x00084F3C,0x01322AAF
0x00085016,0x01320609
0x000850F1,0x0131E168
0x000851CC,0x0131BCCC
0x000852A7,0x01319834
0x00085382,0x013173A1
0x0008545E,0x01314F13
0x0008553A,0x01312A89
0x00085616,0x01310604
0x000856F2,0x0130E184
0x000857CF,0x0130BD08
0x000858AC,0x01309891
0x00085989,0x0130741E
0x00085A66,0x01304FB0
0x00085B44,0x01302B47
0x00085C22,0x013006E2
0x00085D00,0x012FE282
0x00085DDE,0x012FBE27
0x00085EBD,0x012F99D0
0x00085F9C,0x012F757E
0x0008607B,0x012F5130
0x0008615A,0x012F2CE7
0x00086239,0x012F08A3
0x00086319,0x012EE463
0x000863F9,0x012EC028
0x000864D9,0x012E9BF1
0x000865B9,0x012E77BF
0x0008669A,0x012E5392
0x0008677B,0x012E2F69
0x0008685C,0x012E0B45
0x0008693D,0x012DE725
0x00086A1F,0x012DC30A
0x00086B01,0x012D9EF4
0x00086BE3,0x012D7AE2
0x00086CC5,0x012D56D5
0x00086DA8,0x012D32CC
0x00086E8B,0x012D0EC8
0x00086F6E,0x012CEAC8
0x00087051,0x012CC6CD
0x00087135,0x012CA2D7
0x00087219,0x012C7EE5
0x000872FD,0x012C5AF8
0x000873E1,0x012C370F
0x000874C6,0x012C132B
0x000875AB,0x012BEF4B
0x00087690,0x012BCB70
0x00087775,0x012BA799
0x0008785B,0x012B83C7
0x00087941,0x012B5FFA
0x00087A27,0x012B3C31
0x00087B0D,0x012B186D
0x00087BF4,0x012AF4AD
0x00087CDB,0x012AD0F2
0x00087DC2,0x012AAD3B
0x00087EA9,0x012A8989
0x00087F91,0x012A65DB
0x00088079,0x012A4232
0x00088161,0x012A1E8D
0x00088249,0x0129FAED
0x00088332,0x0129D751
0x0008841B,0x0129B3BA
0x00088504,0x01299028
0x000885ED,0x01296C9A
0x000886D7,0x01294911
0x000887C1,0x0129258C
0x000888AB,0x0129020C
0x00088995,0x0128DE90
0x00088A80,0x0128BB19
0x00088B6B,0x012897A6
0x00088C56,0x01287438
0x00088D41,0x012850CE
0x00088E2D,0x01282D69
0x00088F19,0x01280A08
0x00089005,0x0127E6AC
0x000890F1,0x0127C354
0x000891DE,0x0127A001
0x000892CB,0x01277CB2
0x000893B8,0x01275968
0x000894A5,0x01273622
0x00089593,0x012712E1
0x00089681,0x0126EFA4
0x0008976F,0x0126CC6C
0x0008985D,0x0126A938
0x0008994C,0x01268609
0x00089A3B,0x012662DE
0x00089B2A,0x01263FB7
0x00089C19,0x01261C95
0x00089D09,0x0125F977
0x00089DF9,0x0125D65E
0x00089EE9,0x0125B349
0x00089FD9,0x01259039
0x0008A0CA,0x01256D2D
0x0008A1BB,0x01254A26
0x0008A2AC,0x01252723
0x0008A39D,0x01250425
0x0008A48F,0x0124E12B
0x0008A581,0x0124BE36
0x0008A673,0x01249B45
0x0008A765,0x01247858
0x0008A858,0x01245570
0x0008A94B,0x0124328C
0x0008AA3E,0x01240FAD
0x0008AB31,0x0123ECD2
0x0008AC25,0x0123C9FC
0x0008AD19,0x0123A72A
0x0008AE0D,0x0123845D
0x0008AF01,0x01236194
0x0008AFF6,0x01233ECF
0x0008B0EB,0x01231C0F
0x0008B1E0,0x0122F953
0x0008B2D5,0x0122D69C
0x0008B3CB,0x0122B3E9
0x0008B4C1,0x0122913A
0x0008B5B7,0x01226E90
0x0008B6AE,0x01224BEA
0x0008B7A5,0x01222949
0x0008B89C,0x012206AC
0x0008B993,0x0121E414
0x0008BA8B,0x0121C180
0x0008BB83,0x01219EF0
0x0008BC7B,0x01217C65
0x0008BD73,0x012159DE
0x0008BE6C,0x0121375C
0x0008BF65,0x012114DE
0x0008C05E,0x0120F264
0x0008C157,0x0120CFEF
0x0008C251,0x0120AD7E
0x0008C34B,0x01208B12
0x0008C445,0x012068AA
0x0008C53F,0x01204646
0x0008C63A,0x012023E7
0x0008C735,0x0120018C
0x0008C830,0x011FDF35
0x0008C92B,0x011FBCE3
0x0008CA27,0x011F9A95
0x0008CB23,0x011F784C
0x0008CC1F,0x011F5607
0x0008CD1B,0x011F33C6
0x0008CE18,0x011F118A
0x0008CF15,0x011EEF52
0x0008D012,0x011ECD1E
0x0008D110,0x011EAAEF
0x0008D20E,0x011E88C4
0x0008D30C,0x011E669D
0x0008D40A,0x011E447B
0x0008D509,0x011E225D
0x0008D608,0x011E0044
0x0008D707,0x011DDE2F
0x0008D806,0x011DBC1E
0x0008D906,0x011D9A12
0x0008DA06,0x011D780A
0x0008DB06,0x011D5606
0x0008DC06,0x011D3407
0x0008DD07,0x011D120C
0x0008DE08,0x011CF015
0x0008DF09,0x011CCE23
0x0008E00A,0x011CAC35
0x0008E10C,0x011C8A4B
0x0008E20E,0x011C6866
0x0008E310,0x011C4685
0x0008E413,0x011C24A8
0x0008E516,0x011C02D0
0x0008E619,0x011BE0FC
0x0008E71C,0x011BBF2C
0x0008E820,0x011B9D60
0x0008E924,0x011B7B99
0x0008EA28,0x011B59D6
0x0008EB2C,0x011B3817
0x0008EC31,0x011B165D
0x0008ED36,0x011AF4A7
0x0008EE3B,0x011AD2F5
0x0008EF40,0x011AB148
0x0008F046,0x011A8F9F
0x0008F14C,0x011A6DFA
0x0008F252,0x011A4C5A
0x0008F359,0x011A2ABE
0x0008F460,0x011A0926
0x0008F567,0x0119E792
0x0008F66E,0x0119C603
0x0008F776,0x0119A478
0x0008F87E,0x011982F1
0x0008F986,0x0119616F
0x0008FA8E,0x01193FF1
0x0008FB97,0x01191E77
0x0008FCA0,0x0118FD01
0x0008FDA9,0x0118DB90
0x0008FEB3,0x0118BA23
0x0008FFBD,0x011898BA
0x000900C7,0x01187755
0x000901D1,0x011855F5
0x000902DC,0x01183499
0x000903E7,0x01181341
0x000904F2,0x0117F1ED
0x000905FD,0x0117D09E
0x00090709,0x0117AF53
0x00090815,0x01178E0C
0x00090921,0x01176CCA
0x00090A2D,0x01174B8C
0x00090B3A,0x01172A52
0x00090C47,0x0117091C
0x00090D54,0x0116E7EA
0x00090E62,0x0116C6BD
0x00090F70,0x0116A594
0x0009107E,0x0116846F
0x0009118C,0x0116634E
0x0009129B,0x01164232
0x000913AA,0x0116211A
0x000914B9,0x01160006
0x000915C8,0x0115DEF6
0x000916D8,0x0115BDEB
0x000917E8,0x01159CE4
0x000918F8,0x01157BE1
0x00091A09,0x01155AE2
0x00091B1A,0x011539E7
0x00091C2B,0x011518F1
0x00091D3C,0x0114F7FF
0x00091E4E,0x0114D711
0x00091F60,0x0114B627
0x00092072,0x01149542
0x00092185,0x01147461
0x00092298,0x01145384
0x000923AB,0x011432AB
0x000924BE,0x011411D6
0x000925D2,0x0113F106
0x000926E6,0x0113D03A
0x000927FA,0x0113AF72
0x0009290E,0x01138EAE
0x00092A23,0x01136DEE
0x00092B38,0x01134D33
0x00092C4D,0x01132C7C
0x00092D63,0x01130BC9
0x00092E79,0x0112EB1A
0x00092F8F,0x0112CA6F
0x000930A5,0x0112A9C8
0x000931BC,0x01128926
0x000932D3,0x01126888
0x000933EA,0x011247EE
0x00093502,0x01122758
0x0009361A,0x011206C6
0x00093732,0x0111E638
0x0009384A,0x0111C5AF
0x00093963,0x0111A52A
0x00093A7C,0x011184A9
0x00093B95,0x0111642C
0x00093CAE,0x011143B3
0x00093DC8,0x0111233E
0x00093EE2,0x011102CE
0x00093FFC,0x0110E262
0x00094117,0x0110C1FA
0x00094232,0x0110A196
0x0009434D,0x01108136
0x00094468,0x011060DA
0x00094584,0x01104083
0x000946A0,0x01102030
0x000947BC,0x010FFFE1
0x000948D9,0x010FDF96
0x000949F6,0x010FBF4F
0x00094B13,0x010F9F0C
0x00094C30,0x010F7ECD
0x00094D4E,0x010F5E92
0x00094E6C,0x010F3E5C
0x00094F8A,0x010F1E2A
0x000950A9,0x010EFDFC
0x000951C8,0x010EDDD2
0x000952E7,0x010EBDAC
0x00095406,0x010E9D8A
0x00095526,0x010E7D6C
0x00095646,0x010E5D52
0x00095766,0x010E3D3D
0x00095887,0x010E1D2C
0x000959A8,0x010DFD1F
0x00095AC9,0x010DDD16
0x00095BEA,0x010DBD11
0x00095D0C,0x010D9D10
0x00095E2E,0x010D7D13
0x00095F50,0x010D5D1A
0x00096073,0x010D3D25
0x00096196,0x010D1D34
0x000962B9,0x010CFD48
0x000963DC,0x010CDD60
0x00096500,0x010CBD7C
0x00096624,0x010C9D9C
0x00096748,0x010C7DC0
0x0009686D,0x010C5DE8
0x00096992,0x010C3E14
0x00096AB7,0x010C1E44
0x00096BDC,0x010BFE78
0x00096D02,0x010BDEB0
0x00096E28,0x010BBEEC
0x00096F4E,0x010B9F2C
0x00097075,0x010B7F71
0x0009719C,0x010B5FBA
0x000972C3,0x010B4007
0x000973EA,0x010B2058
0x00097512,0x010B00AD
0x0009763A,0x010AE106
0x00097762,0x010AC163
0x0009788B,0x010AA1C4
0x000979B4,0x010A8229
0x00097ADD,0x010A6292
0x00097C07,0x010A42FF
0x00097D31,0x010A2370
0x00097E5B,0x010A03E5
0x00097F85,0x0109E45E
0x000980B0,0x0109C4DB
0x000981DB,0x0109A55C
0x00098306,0x010985E1
0x00098432,0x0109666B
0x0009855E,0x010946F9
0x0009868A,0x0109278B
0x000987B6,0x01090821
0x000988E3,0x0108E8BB
0x00098A10,0x0108C959
0x00098B3D,0x0108A9FB
0x00098C6B,0x01088AA1
0x00098D99,0x01086B4B
0x00098EC7,0x01084BF9
0x00098FF6,0x01082CAB
0x00099125,0x01080D61
0x00099254,0x0107EE1B
0x00099383,0x0107CED9
0x000994B3,0x0107AF9B
0x000995E3,0x01079061
0x00099713,0x0107712B
0x00099844,0x010751F9
0x00099975,0x010732CB
0x00099AA6,0x010713A1
0x00099BD8,0x0106F47B
0x00099D0A,0x0106D559
0x00099E3C,0x0106B63B
0x00099F6E,0x01069721
0x0009A0A1,0x0106780B
0x0009A1D4,0x010658F9
0x0009A307,0x010639EB
0x0009A43B,0x01061AE1
0x0009A56F,0x0105FBDB
0x0009A6A3,0x0105DCD9
0x0009A7D7,0x0105BDDB
0x0009A90C,0x01059EE1
0x0009AA41,0x01057FEB
0x0009AB76,0x010560F9
0x0009ACAC,0x0105420B
0x0009ADE2,0x01052321
0x0009AF18,0x0105043B
0x0009B04F,0x0104E559
0x0009B186,0x0104C67B
0x0009B2BD,0x0104A7A1
0x0009B3F5,0x010488CB
0x0009B52D,0x010469F9
0x0009B665,0x01044B2B
0x0009B79D,0x01042C60
0x0009B8D6,0x01040D99
0x0009BA0F,0x0103EED6
0x0009BB48,0x0103D017
0x0009BC82,0x0103B15C
0x0009BDBC,0x010392A5
0x0009BEF6,0x010373F2
0x0009C031,0x01035543
0x0009C16C,0x01033698
0x0009C2A7,0x010317F1
0x0009C3E2,0x0102F94E
0x0009C51E,0x0102DAAF
0x0009C65A,0x0102BC14
0x0009C796,0x01029D7D
0x0009C8D3,0x01027EEA
0x0009CA10,0x0102605B
0x0009CB4D,0x010241D0
0x0009CC8B,0x01022349
0x0009CDC9,0x010204C5
0x0009CF07,0x0101E645
0x0009D046,0x0101C7C9
0x0009D185,0x0101A951
0x0009D2C4,0x01018ADD
0x0009D403,0x01016C6D
0x0009D543,0x01014E01
0x0009D683,0x01012F99
0x0009D7C3,0x01011135
0x0009D904,0x0100F2D5
0x0009DA45,0x0100D479
0x0009DB86,0x0100B621
0x0009DCC8,0x010097CC
0x0009DE0A,0x0100797B
0x0009DF4C,0x01005B2E
0x0009E08F,0x01003CE5
0x0009E1D2,0x01001EA0
0x0009E315,0x0100005F
0x0009E458,0x00FFE222
0x0009E59C,0x00FFC3E9
0x0009E6E0,0x00FFA5B4
0x0009E824,0x00FF8783
0x0009E969,0x00FF6955
0x0009EAAE,0x00FF4B2B
0x0009EBF3,0x00FF2D05
0x0009ED39,0x00FF0EE3
0x0009EE7F,0x00FEF0C5
0x0009EFC5,0x00FED2AB
0x0009F10C,0x00FEB495
0x0009F253,0x00FE9683
0x0009F39A,0x00FE7875
0x0009F4E2,0x00FE5A6A
0x0009F62A,0x00FE3C63
0x0009F772,0x00FE1E60
0x0009F8BA,0x00FE0061
0x0009FA03,0x00FDE266
0x0009FB4C,0x00FDC46F
0x0009FC95,0x00FDA67C
0x0009FDDF,0x00FD888C
0x0009FF29,0x00FD6AA0
0x000A0073,0x00FD4CB8
0x000A01BE,0x00FD2ED4
0x000A0309,0x00FD10F4
0x000A0454,0x00FCF318
0x000A05A0,0x00FCD540
0x000A06EC,0x00FCB76B
0x000A0838,0x00FC999A
0x000A0985,0x00FC7BCD
0x000A0AD2,0x00FC5E04
0x000A0C1F,0x00FC403F
0x000A0D6D,0x00FC227E
0x000A0EBB,0x00FC04C0
0x000A1009,0x00FBE706
0x000A1158,0x00FBC950
0x000A12A7,0x00FBAB9E
0x000A13F6,0x00FB8DF0
0x000A1545,0x00FB7046
0x000A1695,0x00FB529F
0x000A17E5,0x00FB34FC
0x000A1935,0x00FB175D
0x000A1A86,0x00FAF9C2
0x000A1BD7,0x00FADC2B
0x000A1D28,0x00FABE98
0x000A1E7A,0x00FAA108
0x000A1FCC,0x00FA837C
0x000A211E,0x00FA65F4
0x000A2271,0x00FA4870
0x000A23C4,0x00FA2AF0
0x000A2517,0x00FA0D73
0x000A266B,0x00F9EFFA
0x000A27BF,0x00F9D285
0x000A2913,0x00F9B514
0x000A2A68,0x00F997A7
0x000A2BBD,0x00F97A3D
0x000A2D12,0x00F95CD7
0x000A2E68,0x00F93F75
0x000A2FBE,0x00F92217
0x000A3114,0x00F904BD
0x000A326B,0x00F8E766
0x000A33C2,0x00F8CA13
0x000A3519,0x00F8ACC4
0x000A3671,0x00F88F79
0x000A37C9,0x00F87232
0x000A3921,0x00F854EE
0x000A3A7A,0x00F837AE
0x000A3BD3,0x00F81A72
0x000A3D2C,0x00F7FD3A
0x000A3E86,0x00F7E006
0x000A3FE0,0x00F7C2D5
0x000A413A,0x00F7A5A8
0x000A4294,0x00F7887F
0x000A43EF,0x00F76B5A
0x000A454A,0x00F74E38
0x000A46A5,0x00F7311A
0x000A4801,0x00F71400
0x000A495D,0x00F6F6EA
0x000A4AB9,0x00F6D9D7
0x000A4C16,0x00F6BCC8
0x000A4D73,0x00F69FBD
0x000A4ED0,0x00F682B6
0x000A502E,0x00F665B2
0x000A518C,0x00F648B2
0x000A52EA,0x00F62BB6
0x000A5449,0x00F60EBE
0x000A55A8,0x00F5F1C9
0x000A5707,0x00F5D4D8
0x000A5867,0x00F5B7EB
0x000A59C7,0x00F59B02
0x000A5B27,0x00F57E1C
0x000A5C88,0x00F5613A
0x000A5DE9,0x00F5445C
0x000A5F4A,0x00F52782
0x000A60AC,0x00F50AAB
0x000A620E,0x00F4EDD8
0x000A6370,0x00F4D109
0x000A64D3,0x00F4B43E
0x000A6636,0x00F49776
0x000A6799,0x00F47AB2
0x000A68FD,0x00F45DF2
0x000A6A61,0x00F44135
0x000A6BC5,0x00F4247C
0x000A6D2A,0x00F407C7
0x000A6E8F,0x00F3EB16
0x000A6FF4,0x00F3CE68
0x000A715A,0x00F3B1BE
0x000A72C0,0x00F39518
0x000A7426,0x00F37875
0x000A758D,0x00F35BD6
0x000A76F4,0x00F33F3B
0x000A785B,0x00F322A4
0x000A79C3,0x00F30610
0x000A7B2B,0x00F2E980
0x000A7C94,0x00F2CCF4
0x000A7DFD,0x00F2B06B
0x000A7F66,0x00F293E6
0x000A80D0,0x00F27765
0x000A823A,0x00F25AE7
0x000A83A4,0x00F23E6D
0x000A850F,0x00F221F7
0x000A867A,0x00F20584
0x000A87E5,0x00F1E915
0x000A8951,0x00F1CCAA
0x000A8ABD,0x00F1B043
0x000A8C29,0x00F193DF
0x000A8D96,0x00F1777F
0x000A8F03,0x00F15B23
0x000A9070,0x00F13ECA
0x000A91DE,0x00F12275
0x000A934C,0x00F10624
0x000A94BA,0x00F0E9D6
0x000A9629,0x00F0CD8C
0x000A9798,0x00F0B146
0x000A9907,0x00F09503
0x000A9A77,0x00F078C4
0x000A9BE7,0x00F05C89
0x000A9D57,0x00F04051
0x000A9EC8,0x00F0241D
0x000AA039,0x00F007ED
0x000AA1AA,0x00EFEBC0
0x000AA31C,0x00EFCF97
0x000AA48E,0x00EFB372
0x000AA600,0x00EF9750
0x000AA773,0x00EF7B32
0x000AA8E6,0x00EF5F17
0x000AAA59,0x00EF4300
0x000AABCD,0x00EF26ED
0x000AAD41,0x00EF0ADD
0x000AAEB6,0x00EEEED1
0x000AB02B,0x00EED2C9
0x000AB1A0,0x00EEB6C4
0x000AB316,0x00EE9AC3
0x000AB48C,0x00EE7EC6
0x000AB602,0x00EE62CC
0x000AB779,0x00EE46D6
0x000AB8F0,0x00EE2AE3
0x000ABA67,0x00EE0EF4
0x000ABBDF,0x00EDF309
0x000ABD57,0x00EDD721
0x000ABECF,0x00EDBB3D
0x000AC048,0x00ED9F5D
0x000AC1C1,0x00ED8380
0x000AC33A,0x00ED67A7
0x000AC4B4,0x00ED4BD1
0x000AC62E,0x00ED2FFF
0x000AC7A8,0x00ED1431
0x000AC923,0x00ECF866
0x000ACA9E,0x00ECDC9F
0x000ACC1A,0x00ECC0DB
0x000ACD96,0x00ECA51B
0x000ACF12,0x00EC895F
0x000AD08F,0x00EC6DA6
0x000AD20C,0x00EC51F1
0x000AD389,0x00EC363F
0x000AD507,0x00EC1A91
0x000AD685,0x00EBFEE7
0x000AD803,0x00EBE340
0x000AD982,0x00EBC79D
0x000ADB01,0x00EBABFD
0x000ADC80,0x00EB9061
0x000ADE00,0x00EB74C9
0x000ADF80,0x00EB5934
0x000AE101,0x00EB3DA3
0x000AE282,0x00EB2215
0x000AE403,0x00EB068B
0x000AE585,0x00EAEB05
0x000AE707,0x00EACF82
0x000AE889,0x00EAB403
0x000AEA0C,0x00EA9887
0x000AEB8F,0x00EA7D0F
0x000AED12,0x00EA619A
0x000AEE96,0x00EA4629
0x000AF01A,0x00EA2ABC
0x000AF19E,0x00EA0F52
0x000AF323,0x00E9F3EC
0x000AF4A8,0x00E9D889
0x000AF62E,0x00E9BD2A
0x000AF7B4,0x00E9A1CE
0x000AF93A,0x00E98676
0x000AFAC1,0x00E96B21
0x000AFC48,0x00E94FD0
0x000AFDCF,0x00E93483
0x000AFF57,0x00E91939
0x000B00DF,0x00E8FDF3
0x000B0267,0x00E8E2B0
0x000B03F0,0x00E8C771
0x000B0579,0x00E8AC35
0x000B0703,0x00E890FD
0x000B088D,0x00E875C8
0x000B0A17,0x00E85A97
0x000B0BA2,0x00E83F69
0x000B0D2D,0x00E8243F
0x000B0EB8,0x00E80919
0x000B1044,0x00E7EDF6
0x000B11D0,0x00E7D2D7
0x000B135C,0x00E7B7BB
0x000B14E9,0x00E79CA3
0x000B1676,0x00E7818E
0x000B1804,0x00E7667D
0x000B1992,0x00E74B6F
0x000B1B20,0x00E73065
0x000B1CAF,0x00E7155E
0x000B1E3E,0x00E6FA5B
0x000B1FCD,0x00E6DF5B
0x000B215D,0x00E6C45F
0x000B22ED,0x00E6A966
0x000B247E,0x00E68E71
0x000B260F,0x00E6737F
0x000B27A0,0x00E65891
0x000B2932,0x00E63DA6
0x000B2AC4,0x00E622BF
0x000B2C56,0x00E607DB
0x000B2DE9,0x00E5ECFB
0x000B2F7C,0x00E5D21E
0x000B3110,0x00E5B745
0x000B32A4,0x00E59C6F
0x000B3438,0x00E5819D
0x000B35CD,0x00E566CE
0x000B3762,0x00E54C03
0x000B38F7,0x00E5313B
0x000B3A8D,0x00E51677
0x000B3C23,0x00E4FBB6
0x000B3DB9,0x00E4E0F9
0x000B3F50,0x00E4C63F
0x000B40E7,0x00E4AB89
0x000B427F,0x00E490D6
0x000B4417,0x00E47627
0x000B45AF,0x00E45B7B
0x000B4748,0x00E440D3
0x000B48E1,0x00E4262E
0x000B4A7B,0x00E40B8D
0x000B4C15,0x00E3F0EF
0x000B4DAF,0x00E3D655
0x000B4F4A,0x00E3BBBE
0x000B50E5,0x00E3A12B
0x000B5280,0x00E3869B
0x000B541C,0x00E36C0F
0x000B55B8,0x00E35186
0x000B5755,0x00E33700
0x000B58F2,0x00E31C7E
0x000B5A8F,0x00E301FF
0x000B5C2D,0x00E2E784
0x000B5DCB,0x00E2CD0C
0x000B5F69,0x00E2B298
0x000B6108,0x00E29827
0x000B62A7,0x00E27DBA
0x000B6447,0x00E26350
0x000B65E7,0x00E248EA
0x000B6787,0x00E22E87
0x000B6928,0x00E21427
0x000B6AC9,0x00E1F9CB
0x000B6C6A,0x00E1DF72
0x000B6E0C,0x00E1C51D
0x000B6FAE,0x00E1AACB
0x000B7151,0x00E1907D
0x000B72F4,0x00E17632
0x000B7497,0x00E15BEA
0x000B763B,0x00E141A6
0x000B77DF,0x00E12765
0x000B7984,0x00E10D28
0x000B7B29,0x00E0F2EE
0x000B7CCE,0x00E0D8B8
0x000B7E74,0x00E0BE85
0x000B801A,0x00E0A455
0x000B81C1,0x00E08A29
0x000B8368,0x00E07000
0x000B850F,0x00E055DB
0x000B86B7,0x00E03BB9
0x000B885F,0x00E0219B
0x000B8A07,0x00E00780
0x000B8BB0,0x00DFED68
0x000B8D59,0x00DFD354
0x000B8F03,0x00DFB943
0x000B90AD,0x00DF9F36
0x000B9257,0x00DF852C
0x000B9402,0x00DF6B25
0x000B95AD,0x00DF5122
0x000B9759,0x00DF3722
0x000B9905,0x00DF1D26
0x000B9AB1,0x00DF032D
0x000B9C5E,0x00DEE937
0x000B9E0B,0x00DECF45
0x000B9FB9,0x00DEB556
0x000BA167,0x00DE9B6B
0x000BA315,0x00DE8183
0x000BA4C4,0x00DE679E
0x000BA673,0x00DE4DBD
0x000BA822,0x00DE33DF
0x000BA9D2,0x00DE1A05
0x000BAB82,0x00DE002E
0x000BAD33,0x00DDE65A
0x000BAEE4,0x00DDCC8A
0x000BB095,0x00DDB2BD
0x000BB247,0x00DD98F3
0x000BB3F9,0x00DD7F2D
0x000BB5AC,0x00DD656A
0x000BB75F,0x00DD4BAB
0x000BB912,0x00DD31EF
0x000BBAC6,0x00DD1836
0x000BBC7A,0x00DCFE81
0x000BBE2F,0x00DCE4CF
0x000BBFE4,0x00DCCB20
0x000BC199,0x00DCB175
0x000BC34F,0x00DC97CD
0x000BC505,0x00DC7E28
0x000BC6BC,0x00DC6487
0x000BC873,0x00DC4AE9
0x000BCA2A,0x00DC314F
0x000BCBE2,0x00DC17B8
0x000BCD9A,0x00DBFE24
0x000BCF53,0x00DBE494
0x000BD10C,0x00DBCB07
0x000BD2C5,0x00DBB17D
0x000BD47F,0x00DB97F7
0x000BD639,0x00DB7E74
0x000BD7F4,0x00DB64F4
0x000BD9AF,0x00DB4B78
0x000BDB6A,0x00DB31FF
0x000BDD26,0x00DB1889
0x000BDEE2,0x00DAFF17
0x000BE09F,0x00DAE5A8
0x000BE25C,0x00DACC3C
0x000BE41A,0x00DAB2D4
0x000BE5D8,0x00DA996F
0x000BE796,0x00DA800D
0x000BE955,0x00DA66AF
0x000BEB14,0x00DA4D54
0x000BECD4,0x00DA33FC
0x000BEE94,0x00DA1AA8
0x000BF054,0x00DA0157
0x000BF215,0x00D9E809
0x000BF3D6,0x00D9CEBF
0x000BF598,0x00D9B578
0x000BF75A,0x00D99C34
0x000BF91C,0x00D982F4
0x000BFADF,0x00D969B7
0x000BFCA2,0x00D9507D
0x000BFE66,0x00D93746
0x000C002A,0x00D91E13
0x000C01EE,0x00D904E3
0x000C03B3,0x00D8EBB6
0x000C0578,0x00D8D28D
0x000C073E,0x00D8B967
0x000C0904,0x00D8A044
0x000C0ACB,0x00D88725
0x000C0C92,0x00D86E09
0x000C0E59,0x00D854F0
0x000C1021,0x00D83BDA
0x000C11E9,0x00D822C8
0x000C13B2,0x00D809B9
0x000C157B,0x00D7F0AD
0x000C1744,0x00D7D7A5
0x000C190E,0x00D7BEA0
0x000C1AD8,0x00D7A59E
0x000C1CA3,0x00D78CA0
0x000C1E6E,0x00D773A5
0x000C203A,0x00D75AAD
0x000C2206,0x00D741B8
0x000C23D2,0x00D728C7
0x000C259F,0x00D70FD9
0x000C276C,0x00D6F6EE
0x000C293A,0x00D6DE06
0x000C2B08,0x00D6C522
0x000C2CD6,0x00D6AC41
0x000C2EA5,0x00D69363
0x000C3074,0x00D67A89
0x000C3244,0x00D661B2
0x000C3414,0x00D648DE
0x000C35E5,0x00D6300D
0x000C37B6,0x00D61740
0x000C3987,0x00D5FE76
0x000C3B59,0x00D5E5AF
0x000C3D2B,0x00D5CCEB
0x000C3EFE,0x00D5B42B
0x000C40D1,0x00D59B6E
0x000C42A4,0x00D582B4
0x000C4478,0x00D569FD
0x000C464C,0x00D5514A
0x000C4821,0x00D5389A
0x000C49F6,0x00D51FED
0x000C4BCC,0x00D50743
0x000C4DA2,0x00D4EE9D
0x000C4F78,0x00D4D5FA
0x000C514F,0x00D4BD5A
0x000C5326,0x00D4A4BD
0x000C54FE,0x00D48C24
0x000C56D6,0x00D4738E
0x000C58AF,0x00D45AFB
0x000C5A88,0x00D4426B
0x000C5C61,0x00D429DF
0x000C5E3B,0x00D41156
0x000C6015,0x00D3F8D0
0x000C61F0,0x00D3E04D
0x000C63CB,0x00D3C7CD
0x000C65A7,0x00D3AF51
0x000C6783,0x00D396D8
0x000C695F,0x00D37E62
0x000C6B3C,0x00D365EF
0x000C6D19,0x00D34D80
0x000C6EF7,0x00D33514
0x000C70D5,0x00D31CAB
0x000C72B4,0x00D30445
0x000C7493,0x00D2EBE2
0x000C7672,0x00D2D383
0x000C7852,0x00D2BB27
0x000C7A32,0x00D2A2CE
0x000C7C13,0x00D28A78
0x000C7DF4,0x00D27225
0x000C7FD6,0x00D259D6
0x000C81B8,0x00D2418A
0x000C839B,0x00D22941
0x000C857E,0x00D210FB
0x000C8761,0x00D1F8B8
0x000C8945,0x00D1E079
0x000C8B29,0x00D1C83D
0x000C8D0E,0x00D1B004
0x000C8EF3,0x00D197CE
0x000C90D9,0x00D17F9B
0x000C92BF,0x00D1676C
0x000C94A5,0x00D14F40
0x000C968C,0x00D13717
0x000C9873,0x00D11EF1
0x000C9A5B,0x00D106CE
0x000C9C43,0x00D0EEAF
0x000C9E2C,0x00D0D693
0x000CA015,0x00D0BE7A
0x000CA1FF,0x00D0A664
0x000CA3E9,0x00D08E51
0x000CA5D3,0x00D07641
0x000CA7BE,0x00D05E35
0x000CA9A9,0x00D0462C
0x000CAB95,0x00D02E26
0x000CAD81,0x00D01623
0x000CAF6E,0x00CFFE23
0x000CB15B,0x00CFE627
0x000CB349,0x00CFCE2E
0x000CB537,0x00CFB638
0x000CB725,0x00CF9E45
0x000CB914,0x00CF8655
0x000CBB03,0x00CF6E68
0x000CBCF3,0x00CF567E
0x000CBEE3,0x00CF3E98
0x000CC0D4,0x00CF26B5
0x000CC2C5,0x00CF0ED5
0x000CC4B7,0x00CEF6F8
0x000CC6A9,0x00CEDF1E
0x000CC89B,0x00CEC747
0x000CCA8E,0x00CEAF74
0x000CCC81,0x00CE97A4
0x000CCE75,0x00CE7FD7
0x000CD069,0x00CE680D
0x000CD25E,0x00CE5046
0x000CD453,0x00CE3882
0x000CD649,0x00CE20C1
0x000CD83F,0x00CE0904
0x000CDA36,0x00CDF14A
0x000CDC2D,0x00CDD993
0x000CDE24,0x00CDC1DF
0x000CE01C,0x00CDAA2E
0x000CE214,0x00CD9280
0x000CE40D,0x00CD7AD5
0x000CE606,0x00CD632E
0x000CE800,0x00CD4B8A
0x000CE9FA,0x00CD33E9
0x000CEBF5,0x00CD1C4B
0x000CEDF0,0x00CD04B0
0x000CEFEC,0x00CCED18
0x000CF1E8,0x00CCD583
0x000CF3E4,0x00CCBDF1
0x000CF5E1,0x00CCA662
0x000CF7DE,0x00CC8ED7
0x000CF9DC,0x00CC774F
0x000CFBDA,0x00CC5FCA
0x000CFDD9,0x00CC4848
0x000CFFD8,0x00CC30C9
0x000D01D8,0x00CC194D
0x000D03D8,0x00CC01D4
0x000D05D9,0x00CBEA5E
0x000D07DA,0x00CBD2EB
0x000D09DC,0x00CBBB7C
0x000D0BDE,0x00CBA410
0x000D0DE0,0x00CB8CA7
0x000D0FE3,0x00CB7541
0x000D11E6,0x00CB5DDE
0x000D13EA,0x00CB467E
0x000D15EE,0x00CB2F21
0x000D17F3,0x00CB17C7
0x000D19F8,0x00CB0070
0x000D1BFE,0x00CAE91C
0x000D1E04,0x00CAD1CC
0x000D200B,0x00CABA7F
0x000D2212,0x00CAA335
0x000D241A,0x00CA8BEE
0x000D2622,0x00CA74AA
0x000D282A,0x00CA5D69
0x000D2A33,0x00CA462B
0x000D2C3C,0x00CA2EF0
0x000D2E46,0x00CA17B8
0x000D3050,0x00CA0083
0x000D325B,0x00C9E951
0x000D3466,0x00C9D222
0x000D3672,0x00C9BAF7
0x000D387E,0x00C9A3CF
0x000D3A8B,0x00C98CAA
0x000D3C98,0x00C97588
0x000D3EA6,0x00C95E69
0x000D40B4,0x00C9474D
0x000D42C3,0x00C93034
0x000D44D2,0x00C9191E
0x000D46E2,0x00C9020B
0x000D48F2,0x00C8EAFB
0x000D4B02,0x00C8D3EE
0x000D4D13,0x00C8BCE4
0x000D4F24,0x00C8A5DD
0x000D5136,0x00C88ED9
0x000D5348,0x00C877D8
0x000D555B,0x00C860DA
0x000D576E,0x00C849E0
0x000D5982,0x00C832E9
0x000D5B96,0x00C81BF5
0x000D5DAB,0x00C80504
0x000D5FC0,0x00C7EE16
0x000D61D6,0x00C7D72B
0x000D63EC,0x00C7C043
0x000D6603,0x00C7A95E
0x000D681A,0x00C7927C
0x000D6A32,0x00C77B9D
0x000D6C4A,0x00C764C1
0x000D6E63,0x00C74DE8
0x000D707C,0x00C73712
0x000D7296,0x00C7203F
0x000D74B0,0x00C7096F
0x000D76CB,0x00C6F2A2
0x000D78E6,0x00C6DBD8
0x000D7B01,0x00C6C511
0x000D7D1D,0x00C6AE4D
0x000D7F39,0x00C6978C
0x000D8156,0x00C680CE
0x000D8373,0x00C66A13
0x000D8591,0x00C6535B
0x000D87AF,0x00C63CA6
0x000D89CE,0x00C625F4
0x000D8BED,0x00C60F45
0x000D8E0D,0x00C5F899
0x000D902D,0x00C5E1F0
0x000D924E,0x00C5CB4A
0x000D946F,0x00C5B4A7
0x000D9691,0x00C59E07
0x000D98B3,0x00C5876A
0x000D9AD6,0x00C570D0
0x000D9CF9,0x00C55A39
0x000D9F1D,0x00C543A5
0x000DA141,0x00C52D15
0x000DA366,0x00C51688
0x000DA58B,0x00C4FFFE
0x000DA7B1,0x00C4E977
0x000DA9D7,0x00C4D2F3
0x000DABFE,0x00C4BC72
0x000DAE25,0x00C4A5F3
0x000DB04D,0x00C48F77
0x000DB275,0x00C478FE
0x000DB49E,0x00C46288
0x000DB6C7,0x00C44C15
0x000DB8F1,0x00C435A5
0x000DBB1B,0x00C41F38
0x000DBD46,0x00C408CE
0x000DBF71,0x00C3F267
0x000DC19D,0x00C3DC03
0x000DC3C9,0x00C3C5A2
0x000DC5F6,0x00C3AF44
0x000DC823,0x00C398E9
0x000DCA51,0x00C38291
0x000DCC7F,0x00C36C3C
0x000DCEAE,0x00C355EA
0x000DD0DD,0x00C33F9B
0x000DD30D,0x00C3294F
0x000DD53D,0x00C31306
0x000DD76E,0x00C2FCC0
0x000DD99F,0x00C2E67D
0x000DDBD1,0x00C2D03D
0x000DDE03,0x00C2BA00
0x000DE036,0x00C2A3C6
0x000DE269,0x00C28D8F
0x000DE49D,0x00C2775B
0x000DE6D1,0x00C2612A
0x000DE906,0x00C24AFC
0x000DEB3B,0x00C234D1
0x000DED71,0x00C21EA9
0x000DEFA7,0x00C20884
0x000DF1DE,0x00C1F262
0x000DF415,0x00C1DC43
0x000DF64D,0x00C1C627
0x000DF885,0x00C1B00E
0x000DFABE,0x00C199F8
0x000DFCF7,0x00C183E4
0x000DFF31,0x00C16DD3
0x000E016B,0x00C157C5
0x000E03A6,0x00C141BA
0x000E05E1,0x00C12BB2
0x000E081D,0x00C115AD
0x000E0A59,0x00C0FFAB
0x000E0C96,0x00C0E9AC
0x000E0ED3,0x00C0D3B0
0x000E1111,0x00C0BDB7
0x000E134F,0x00C0A7C1
0x000E158E,0x00C091CE
0x000E17CD,0x00C07BDE
0x000E1A0D,0x00C065F1
0x000E1C4D,0x00C05007
0x000E1E8E,0x00C03A20
0x000E20CF,0x00C0243B
0x000E2311,0x00C00E59
0x000E2553,0x00BFF87A
0x000E2796,0x00BFE29E
0x000E29D9,0x00BFCCC5
0x000E2C1D,0x00BFB6EF
0x000E2E62,0x00BFA11C
0x000E30A7,0x00BF8B4C
0x000E32ED,0x00BF757F
0x000E3533,0x00BF5FB5
0x000E377A,0x00BF49EE
0x000E39C1,0x00BF342A
0x000E3C09,0x00BF1E69
0x000E3E51,0x00BF08AA
0x000E409A,0x00BEF2EE
0x000E42E3,0x00BEDD35
0x000E452D,0x00BEC77F
0x000E4777,0x00BEB1CC
0x000E49C2,0x00BE9C1C
0x000E4C0D,0x00BE866F
0x000E4E59,0x00BE70C5
0x000E50A5,0x00BE5B1E
0x000E52F2,0x00BE457A
0x000E553F,0x00BE2FD8
0x000E578D,0x00BE1A39
0x000E59DB,0x00BE049D
0x000E5C2A,0x00BDEF04
0x000E5E79,0x00BDD96E
0x000E60C9,0x00BDC3DB
0x000E631A,0x00BDAE4B
0x000E656B,0x00BD98BE
0x000E67BD,0x00BD8334
0x000E6A0F,0x00BD6DAC
0x000E6C62,0x00BD5827
0x000E6EB5,0x00BD42A5
0x000E7109,0x00BD2D26
0x000E735D,0x00BD17AA
0x000E75B2,0x00BD0231
0x000E7807,0x00BCECBB
0x000E7A5D,0x00BCD748
0x000E7CB3,0x00BCC1D8
0x000E7F0A,0x00BCAC6A
0x000E8161,0x00BC96FF
0x000E83B9,0x00BC8197
0x000E8611,0x00BC6C32
0x000E886A,0x00BC56D0
0x000E8AC4,0x00BC4171
0x000E8D1E,0x00BC2C15
0x000E8F79,0x00BC16BC
0x000E91D4,0x00BC0165
0x000E9430,0x00BBEC11
0x000E968C,0x00BBD6C0
0x000E98E9,0x00BBC172
0x000E9B46,0x00BBAC27
0x000E9DA4,0x00BB96DF
0x000EA002,0x00BB819A
0x000EA261,0x00BB6C57
0x000EA4C0,0x00BB5717
0x000EA720,0x00BB41DA
0x000EA981,0x00BB2CA0
0x000EABE2,0x00BB1769
0x000EAE44,0x00BB0235
0x000EB0A6,0x00BAED03
0x000EB309,0x00BAD7D4
0x000EB56C,0x00BAC2A8
0x000EB7D0,0x00BAAD7F
0x000EBA34,0x00BA9859
0x000EBC99,0x00BA8336
0x000EBEFE,0x00BA6E16
0x000EC164,0x00BA58F8
0x000EC3CB,0x00BA43DD
0x000EC632,0x00BA2EC5
0x000EC89A,0x00BA19B0
0x000ECB02,0x00BA049E
0x000ECD6B,0x00B9EF8F
0x000ECFD4,0x00B9DA82
0x000ED23E,0x00B9C578
0x000ED4A8,0x00B9B071
0x000ED713,0x00B99B6D
0x000ED97E,0x00B9866C
0x000EDBEA,0x00B9716E
0x000EDE57,0x00B95C72
0x000EE0C4,0x00B94779
0x000EE332,0x00B93283
0x000EE5A0,0x00B91D90
0x000EE80F,0x00B908A0
0x000EEA7E,0x00B8F3B2
0x000EECEE,0x00B8DEC7
0x000EEF5E,0x00B8C9DF
0x000EF1CF,0x00B8B4FA
0x000EF441,0x00B8A018
0x000EF6B3,0x00B88B39
0x000EF926,0x00B8765C
0x000EFB99,0x00B86182
0x000EFE0D,0x00B84CAB
0x000F0081,0x00B837D7
0x000F02F6,0x00B82306
0x000F056B,0x00B80E37
0x000F07E1,0x00B7F96B
0x000F0A58,0x00B7E4A2
0x000F0CCF,0x00B7CFDC
0x000F0F47,0x00B7BB19
0x000F11BF,0x00B7A658
0x000F1438,0x00B7919A
0x000F16B1,0x00B77CDF
0x000F192B,0x00B76827
0x000F1BA6,0x00B75372
0x000F1E21,0x00B73EBF
0x000F209D,0x00B72A0F
0x000F2319,0x00B71562
0x000F2596,0x00B700B8
0x000F2813,0x00B6EC11
0x000F2A91,0x00B6D76C
0x000F2D0F,0x00B6C2CA
0x000F2F8E,0x00B6AE2B
0x000F320E,0x00B6998F
0x000F348E,0x00B684F5
0x000F370F,0x00B6705E
0x000F3990,0x00B65BCA
0x000F3C12,0x00B64739
0x000F3E94,0x00B632AB
0x000F4117,0x00B61E1F
0x000F439B,0x00B60996
0x000F461F,0x00B5F510
0x000F48A4,0x00B5E08D
0x000F4B29,0x00B5CC0C
0x000F4DAF,0x00B5B78E
0x000F5035,0x00B5A313
0x000F52BC,0x00B58E9B
0x000F5544,0x00B57A26
0x000F57CC,0x00B565B3
0x000F5A55,0x00B55143
0x000F5CDE,0x00B53CD6
0x000F5F68,0x00B5286C
0x000F61F2,0x00B51404
0x000F647D,0x00B4FF9F
0x000F6709,0x00B4EB3D
0x000F6995,0x00B4D6DE
0x000F6C22,0x00B4C281
0x000F6EAF,0x00B4AE27
0x000F713D,0x00B499D0
0x000F73CC,0x00B4857C
0x000F765B,0x00B4712A
0x000F78EB,0x00B45CDB
0x000F7B7B,0x00B4488F
0x000F7E0C,0x00B43446
0x000F809D,0x00B41FFF
0x000F832F,0x00B40BBB
0x000F85C2,0x00B3F77A
0x000F8855,0x00B3E33C
0x000F8AE9,0x00B3CF00
0x000F8D7D,0x00B3BAC7
0x000F9012,0x00B3A691
0x000F92A8,0x00B3925E
0x000F953E,0x00B37E2D
0x000F97D5,0x00B369FF
0x000F9A6C,0x00B355D4
0x000F9D04,0x00B341AB
0x000F9F9C,0x00B32D85
0x000FA235,0x00B31962
0x000FA4CF,0x00B30542
0x000FA769,0x00B2F124
0x000FAA04,0x00B2DD09
0x000FAC9F,0x00B2C8F1
0x000FAF3B,0x00B2B4DC
0x000FB1D8,0x00B2A0C9
0x000FB475,0x00B28CB9
0x000FB713,0x00B278AC
0x000FB9B1,0x00B264A1
0x000FBC50,0x00B25099
0x000FBEF0,0x00B23C94
0x000FC190,0x00B22892
0x000FC431,0x00B21492
0x000FC6D2,0x00B20095
0x000FC974,0x00B1EC9B
0x000FCC17,0x00B1D8A3
0x000FCEBA,0x00B1C4AE
0x000FD15E,0x00B1B0BC
0x000FD402,0x00B19CCD
0x000FD6A7,0x00B188E0
0x000FD94D,0x00B174F6
0x000FDBF3,0x00B1610F
0x000FDE9A,0x00B14D2A
0x000FE141,0x00B13948
0x000FE3E9,0x00B12569
0x000FE692,0x00B1118C
0x000FE93B,0x00B0FDB2
0x000FEBE5,0x00B0E9DB
0x000FEE8F,0x00B0D607
0x000FF13A,0x00B0C235
0x000FF3E6,0x00B0AE66
0x000FF692,0x00B09A9A
0x000FF93F,0x00B086D0
0x000FFBEC,0x00B07309
0x000FFE9A,0x00B05F45
0x00100149,0x00B04B83
0x001003F8,0x00B037C4
0x001006A8,0x00B02408
0x00100958,0x00B0104E
0x00100C09,0x00AFFC97
0x00100EBB,0x00AFE8E3
0x0010116D,0x00AFD531
0x00101420,0x00AFC182
0x001016D4,0x00AFADD6
0x00101988,0x00AF9A2D
0x00101C3D,0x00AF8686
0x00101EF2,0x00AF72E2
0x001021A8,0x00AF5F41
0x0010245F,0x00AF4BA2
0x00102716,0x00AF3806
0x001029CE,0x00AF246D
0x00102C86,0x00AF10D6
0x00102F3F,0x00AEFD42
0x001031F9,0x00AEE9B1
0x001034B3,0x00AED622
0x0010376E,0x00AEC296
0x00103A2A,0x00AEAF0D
0x00103CE6,0x00AE9B86
0x00103FA3,0x00AE8802
0x00104260,0x00AE7481
0x0010451E,0x00AE6102
0x001047DD,0x00AE4D86
0x00104A9C,0x00AE3A0C
0x00104D5C,0x00AE2695
0x0010501C,0x00AE1321
0x001052DD,0x00ADFFAF
0x0010559F,0x00ADEC40
0x00105861,0x00ADD8D4
0x00105B24,0x00ADC56A
0x00105DE8,0x00ADB203
0x001060AC,0x00AD9E9F
0x00106371,0x00AD8B3D
0x00106636,0x00AD77DE
0x001068FC,0x00AD6482
0x00106BC3,0x00AD5128
0x00106E8A,0x00AD3DD1
0x00107152,0x00AD2A7D
0x0010741B,0x00AD172B
0x001076E4,0x00AD03DC
0x001079AE,0x00ACF08F
0x00107C79,0x00ACDD45
0x00107F44,0x00ACC9FE
0x00108210,0x00ACB6B9
0x001084DC,0x00ACA377
0x001087A9,0x00AC9038
0x00108A77,0x00AC7CFB
0x00108D45,0x00AC69C1
0x00109014,0x00AC5689
0x001092E4,0x00AC4354
0x001095B4,0x00AC3022
0x00109885,0x00AC1CF2
0x00109B56,0x00AC09C5
0x00109E28,0x00ABF69B
0x0010A0FB,0x00ABE373
0x0010A3CE,0x00ABD04E
0x0010A6A2,0x00ABBD2B
0x0010A977,0x00ABAA0B
0x0010AC4C,0x00AB96EE
0x0010AF22,0x00AB83D3
0x0010B1F9,0x00AB70BB
0x0010B4D0,0x00AB5DA6
0x0010B7A8,0x00AB4A93
0x0010BA81,0x00AB3783
0x0010BD5A,0x00AB2475
0x0010C034,0x00AB116A
0x0010C30E,0x00AAFE62
0x0010C5E9,0x00AAEB5C
0x0010C8C5,0x00AAD859
0x0010CBA1,0x00AAC558
0x0010CE7E,0x00AAB25A
0x0010D15C,0x00AA9F5F
0x0010D43A,0x00AA8C66
0x0010D719,0x00AA7970
0x0010D9F9,0x00AA667C
0x0010DCD9,0x00AA538B
0x0010DFBA,0x00AA409D
0x0010E29C,0x00AA2DB1
0x0010E57E,0x00AA1AC8
0x0010E861,0x00AA07E1
0x0010EB45,0x00A9F4FD
0x0010EE29,0x00A9E21C
0x0010F10E,0x00A9CF3D
0x0010F3F4,0x00A9BC61
0x0010F6DA,0x00A9A987
0x0010F9C1,0x00A996B0
0x0010FCA9,0x00A983DB
0x0010FF91,0x00A97109
0x0011027A,0x00A95E3A
0x00110563,0x00A94B6D
0x0011084D,0x00A938A3
0x00110B38,0x00A925DB
0x00110E23,0x00A91316
0x0011110F,0x00A90054
0x001113FC,0x00A8ED94
0x001116E9,0x00A8DAD7
0x001119D7,0x00A8C81C
0x00111CC6,0x00A8B564
0x00111FB5,0x00A8A2AE
0x001122A5,0x00A88FFB
0x00112596,0x00A87D4B
0x00112887,0x00A86A9D
0x00112B79,0x00A857F2
0x00112E6C,0x00A84549
0x0011315F,0x00A832A3
0x00113453,0x00A81FFF
0x00113748,0x00A80D5E
0x00113A3D,0x00A7FABF
0x00113D33,0x00A7E823
0x0011402A,0x00A7D58A
0x00114321,0x00A7C2F3
0x00114619,0x00A7B05F
0x00114912,0x00A79DCD
0x00114C0B,0x00A78B3E
0x00114F05,0x00A778B1
0x00115200,0x00A76627
0x001154FB,0x00A7539F
0x001157F7,0x00A7411A
0x00115AF4,0x00A72E98
0x00115DF1,0x00A71C18
0x001160EF,0x00A7099B
0x001163EE,0x00A6F720
0x001166EE,0x00A6E4A8
0x001169EE,0x00A6D232
0x00116CEF,0x00A6BFBF
0x00116FF1,0x00A6AD4E
0x001172F3,0x00A69AE0
0x001175F6,0x00A68874
0x001178FA,0x00A6760B
0x00117BFE,0x00A663A5
0x00117F03,0x00A65141
0x00118209,0x00A63EE0
0x0011850F,0x00A62C81
0x00118816,0x00A61A25
0x00118B1E,0x00A607CB
0x00118E26,0x00A5F574
0x0011912F,0x00A5E31F
0x00119439,0x00A5D0CD
0x00119743,0x00A5BE7D
0x00119A4E,0x00A5AC30
0x00119D5A,0x00A599E5
0x0011A067,0x00A5879D
0x0011A374,0x00A57557
0x0011A682,0x00A56314
0x0011A991,0x00A550D3
0x0011ACA0,0x00A53E95
0x0011AFB0,0x00A52C59
0x0011B2C1,0x00A51A20
0x0011B5D2,0x00A507EA
0x0011B8E4,0x00A4F5B6
0x0011BBF7,0x00A4E385
0x0011BF0A,0x00A4D156
0x0011C21E,0x00A4BF2A
0x0011C533,0x00A4AD00
0x0011C849,0x00A49AD9
0x0011CB5F,0x00A488B4
0x0011CE76,0x00A47692
0x0011D18E,0x00A46472
0x0011D4A6,0x00A45255
0x0011D7BF,0x00A4403A
0x0011DAD9,0x00A42E22
0x0011DDF3,0x00A41C0C
0x0011E10E,0x00A409F9
0x0011E42A,0x00A3F7E8
0x0011E747,0x00A3E5DA
0x0011EA64,0x00A3D3CE
0x0011ED82,0x00A3C1C5
0x0011F0A1,0x00A3AFBE
0x0011F3C0,0x00A39DBA
0x0011F6E0,0x00A38BB8
0x0011FA01,0x00A379B9
0x0011FD22,0x00A367BC
0x00120044,0x00A355C2
0x00120367,0x00A343CA
0x0012068B,0x00A331D5
0x001209AF,0x00A31FE2
0x00120CD4,0x00A30DF2
0x00120FFA,0x00A2FC04
0x00121320,0x00A2EA19
0x00121647,0x00A2D830
0x0012196F,0x00A2C649
0x00121C98,0x00A2B465
0x00121FC1,0x00A2A283
0x001222EB,0x00A290A4
0x00122616,0x00A27EC7
0x00122941,0x00A26CED
0x00122C6D,0x00A25B15
0x00122F9A,0x00A24940
0x001232C8,0x00A2376D
0x001235F6,0x00A2259D
0x00123925,0x00A213CF
0x00123C55,0x00A20204
0x00123F85,0x00A1F03B
0x001242B6,0x00A1DE75
0x001245E8,0x00A1CCB1
0x0012491B,0x00A1BAF0
0x00124C4E,0x00A1A931
0x00124F82,0x00A19775
0x001252B7,0x00A185BB
0x001255EC,0x00A17403
0x00125922,0x00A1624E
0x00125C59,0x00A1509B
0x00125F91,0x00A13EEB
0x001262C9,0x00A12D3D
0x00126602,0x00A11B92
0x0012693C,0x00A109E9
0x00126C77,0x00A0F843
0x00126FB2,0x00A0E69F
0x001272EE,0x00A0D4FE
0x0012762B,0x00A0C35F
0x00127968,0x00A0B1C2
0x00127CA6,0x00A0A028
0x00127FE5,0x00A08E90
0x00128325,0x00A07CFB
0x00128665,0x00A06B68
0x001289A6,0x00A059D8
0x00128CE8,0x00A0484A
0x0012902B,0x00A036BF
0x0012936E,0x00A02536
0x001296B2,0x00A013AF
0x001299F7,0x00A0022B
0x00129D3D,0x009FF0A9
0x0012A083,0x009FDF2A
0x0012A3CA,0x009FCDAD
0x0012A712,0x009FBC33
0x0012AA5B,0x009FAABB
0x0012ADA4,0x009F9946
0x0012B0EE,0x009F87D3
0x0012B439,0x009F7662
0x0012B785,0x009F64F4
0x0012BAD1,0x009F5388
0x0012BE1E,0x009F421F
0x0012C16C,0x009F30B8
0x0012C4BA,0x009F1F54
0x0012C809,0x009F0DF2
0x0012CB59,0x009EFC92
0x0012CEAA,0x009EEB35
0x0012D1FB,0x009ED9DA
0x0012D54D,0x009EC882
0x0012D8A0,0x009EB72C
0x0012DBF4,0x009EA5D9
0x0012DF48,0x009E9488
0x0012E29D,0x009E8339
0x0012E5F3,0x009E71ED
0x0012E94A,0x009E60A3
0x0012ECA1,0x009E4F5C
0x0012EFF9,0x009E3E17
0x0012F352,0x009E2CD4
0x0012F6AC,0x009E1B94
0x0012FA07,0x009E0A56
0x0012FD62,0x009DF91B
0x001300BE,0x009DE7E2
0x0013041B,0x009DD6AB
0x00130779,0x009DC577
0x00130AD7,0x009DB445
0x00130E36,0x009DA316
0x00131196,0x009D91E9
0x001314F7,0x009D80BE
0x00131858,0x009D6F96
0x00131BBA,0x009D5E70
0x00131F1D,0x009D4D4D
0x00132281,0x009D3C2C
0x001325E5,0x009D2B0D
0x0013294A,0x009D19F1
0x00132CB0,0x009D08D7
0x00133017,0x009CF7C0
0x0013337E,0x009CE6AB
0x001336E6,0x009CD598
0x00133A4F,0x009CC488
0x00133DB9,0x009CB37A
0x00134124,0x009CA26F
0x0013448F,0x009C9166
0x001347FB,0x009C805F
0x00134B68,0x009C6F5B
0x00134ED6,0x009C5E59
0x00135244,0x009C4D5A
0x001355B3,0x009C3C5D
0x00135923,0x009C2B62
0x00135C94,0x009C1A6A
0x00136006,0x009C0974
0x00136378,0x009BF880
0x001366EB,0x009BE78F
0x00136A5F,0x009BD6A0
0x00136DD4,0x009BC5B4
0x00137149,0x009BB4CA
0x001374BF,0x009BA3E2
0x00137836,0x009B92FD
0x00137BAE,0x009B821A
0x00137F27,0x009B7139
0x001382A0,0x009B605B
0x0013861A,0x009B4F7F
0x00138995,0x009B3EA6
0x00138D11,0x009B2DCF
0x0013908D,0x009B1CFA
0x0013940A,0x009B0C28
0x00139788,0x009AFB58
0x00139B07,0x009AEA8A
0x00139E87,0x009AD9BF
0x0013A207,0x009AC8F6
0x0013A588,0x009AB830
0x0013A90A,0x009AA76C
0x0013AC8D,0x009A96AA
0x0013B011,0x009A85EB
0x0013B395,0x009A752E
0x0013B71A,0x009A6473
0x0013BAA0,0x009A53BB
0x0013BE27,0x009A4305
0x0013C1AF,0x009A3251
0x0013C537,0x009A21A0
0x0013C8C0,0x009A10F1
0x0013CC4A,0x009A0044
0x0013CFD5,0x0099EF9A
0x0013D361,0x0099DEF2
0x0013D6ED,0x0099CE4C
0x0013DA7A,0x0099BDA9
0x0013DE08,0x0099AD08
0x0013E197,0x00999C6A
0x0013E527,0x00998BCE
0x0013E8B7,0x00997B34
0x0013EC48,0x00996A9D
0x0013EFDA,0x00995A08
0x0013F36D,0x00994975
0x0013F701,0x009938E5
0x0013FA95,0x00992857
0x0013FE2A,0x009917CB
0x001401C0,0x00990742
0x00140557,0x0098F6BB
0x001408EF,0x0098E636
0x00140C87,0x0098D5B4
0x00141020,0x0098C534
0x001413BA,0x0098B4B6
0x00141755,0x0098A43B
0x00141AF1,0x009893C2
0x00141E8D,0x0098834B
0x0014222A,0x009872D7
0x001425C8,0x00986265
0x00142967,0x009851F5
0x00142D07,0x00984188
0x001430A8,0x0098311D
0x00143449,0x009820B4
0x001437EB,0x0098104D
0x00143B8E,0x0097FFE9
0x00143F32,0x0097EF87
0x001442D7,0x0097DF27
0x0014467C,0x0097CECA
0x00144A22,0x0097BE6F
0x00144DC9,0x0097AE16
0x00145171,0x00979DC0
0x0014551A,0x00978D6C
0x001458C4,0x00977D1A
0x00145C6E,0x00976CCB
0x00146019,0x00975C7E
0x001463C5,0x00974C33
0x00146772,0x00973BEB
0x00146B20,0x00972BA5
0x00146ECF,0x00971B61
0x0014727E,0x00970B1F
0x0014762E,0x0096FAE0
0x001479DF,0x0096EAA3
0x00147D91,0x0096DA68
0x00148144,0x0096CA30
0x001484F8,0x0096B9FA
0x001488AC,0x0096A9C6
0x00148C61,0x00969995
0x00149017,0x00968966
0x001493CE,0x00967939
0x00149786,0x0096690F
0x00149B3F,0x009658E7
0x00149EF8,0x009648C1
0x0014A2B2,0x0096389D
0x0014A66D,0x0096287C
0x0014AA29,0x0096185D
0x0014ADE6,0x00960840
0x0014B1A4,0x0095F826
0x0014B562,0x0095E80E
0x0014B921,0x0095D7F8
0x0014BCE1,0x0095C7E4
0x0014C0A2,0x0095B7D3
0x0014C464,0x0095A7C4
0x0014C827,0x009597B7
0x0014CBEB,0x009587AD
0x0014CFAF,0x009577A5
0x0014D374,0x0095679F
0x0014D73A,0x0095579B
0x0014DB01,0x0095479A
0x0014DEC9,0x0095379B
0x0014E292,0x0095279E
0x0014E65B,0x009517A4
0x0014EA25,0x009507AC
0x0014EDF0,0x0094F7B6
0x0014F1BC,0x0094E7C2
0x0014F589,0x0094D7D1
0x0014F957,0x0094C7E2
0x0014FD26,0x0094B7F5
0x001500F5,0x0094A80A
0x001504C5,0x00949822
0x00150896,0x0094883C
0x00150C68,0x00947858
0x0015103B,0x00946877
0x0015140F,0x00945898
0x001517E4,0x009448BB
0x00151BBA,0x009438E0
0x00151F90,0x00942908
0x00152367,0x00941932
0x0015273F,0x0094095E
0x00152B18,0x0093F98C
0x00152EF2,0x0093E9BD
0x001532CD,0x0093D9F0
0x001536A9,0x0093CA25
0x00153A85,0x0093BA5C
0x00153E62,0x0093AA96
0x00154240,0x00939AD2
0x0015461F,0x00938B10
0x001549FF,0x00937B50
0x00154DE0,0x00936B93
0x001551C2,0x00935BD8
0x001555A5,0x00934C1F
0x00155988,0x00933C68
0x00155D6C,0x00932CB4
0x00156151,0x00931D02
0x00156537,0x00930D52
0x0015691E,0x0092FDA4
0x00156D06,0x0092EDF9
0x001570EF,0x0092DE50
0x001574D9,0x0092CEA9
0x001578C3,0x0092BF04
0x00157CAE,0x0092AF62
0x0015809A,0x00929FC2
0x00158487,0x00929024
0x00158875,0x00928088
0x00158C64,0x009270EF
0x00159054,0x00926158
0x00159445,0x009251C3
0x00159837,0x00924230
0x00159C29,0x0092329F
0x0015A01C,0x00922311
0x0015A410,0x00921385
0x0015A805,0x009203FB
0x0015ABFB,0x0091F473
0x0015AFF2,0x0091E4EE
0x0015B3EA,0x0091D56B
0x0015B7E3,0x0091C5EA
0x0015BBDD,0x0091B66B
0x0015BFD7,0x0091A6EF
0x0015C3D2,0x00919775
0x0015C7CE,0x009187FD
0x0015CBCB,0x00917887
0x0015CFC9,0x00916913
0x0015D3C8,0x009159A2
0x0015D7C8,0x00914A33
0x0015DBC9,0x00913AC6
0x0015DFCB,0x00912B5B
0x0015E3CE,0x00911BF3
0x0015E7D1,0x00910C8D
0x0015EBD5,0x0090FD29
0x0015EFDA,0x0090EDC7
0x0015F3E0,0x0090DE67
0x0015F7E7,0x0090CF0A
0x0015FBEF,0x0090BFAF
0x0015FFF8,0x0090B056
0x00160402,0x0090A0FF
0x0016080D,0x009091AA
0x00160C19,0x00908258
0x00161026,0x00907308
0x00161433,0x009063BA
0x00161841,0x0090546E
0x00161C50,0x00904525
0x00162060,0x009035DE
0x00162471,0x00902699
0x00162883,0x00901756
0x00162C96,0x00900815
0x001630AA,0x008FF8D7
0x001634BF,0x008FE99B
0x001638D5,0x008FDA61
0x00163CEC,0x008FCB29
0x00164104,0x008FBBF3
0x0016451C,0x008FACC0
0x00164935,0x008F9D8F
0x00164D4F,0x008F8E60
0x0016516A,0x008F7F33
0x00165586,0x008F7008
0x001659A3,0x008F60DF
0x00165DC1,0x008F51B9
0x001661E0,0x008F4295
0x00166600,0x008F3373
0x00166A21,0x008F2453
0x00166E43,0x008F1535
0x00167266,0x008F061A
0x0016768A,0x008EF701
0x00167AAF,0x008EE7EA
0x00167ED4,0x008ED8D5
0x001682FA,0x008EC9C2
0x00168721,0x008EBAB2
0x00168B49,0x008EABA4
0x00168F72,0x008E9C98
0x0016939C,0x008E8D8E
0x001697C7,0x008E7E86
0x00169BF3,0x008E6F80
0x0016A020,0x008E607D
0x0016A44E,0x008E517C
0x0016A87D,0x008E427D
0x0016ACAD,0x008E3380
0x0016B0DE,0x008E2485
0x0016B510,0x008E158D
0x0016B943,0x008E0697
0x0016BD77,0x008DF7A3
0x0016C1AC,0x008DE8B1
0x0016C5E2,0x008DD9C1
0x0016CA18,0x008DCAD3
0x0016CE4F,0x008DBBE8
0x0016D287,0x008DACFF
0x0016D6C0,0x008D9E18
0x0016DAFA,0x008D8F33
0x0016DF35,0x008D8050
0x0016E371,0x008D716F
0x0016E7AE,0x008D6291
0x0016EBEC,0x008D53B5
0x0016F02B,0x008D44DB
0x0016F46B,0x008D3603
0x0016F8AC,0x008D272D
0x0016FCEE,0x008D1859
0x00170131,0x008D0987
0x00170575,0x008CFAB8
0x001709BA,0x008CEBEB
0x00170E00,0x008CDD20
0x00171247,0x008CCE57
0x0017168F,0x008CBF90
0x00171AD8,0x008CB0CB
0x00171F22,0x008CA209
0x0017236D,0x008C9349
0x001727B9,0x008C848B
0x00172C06,0x008C75CF
0x00173053,0x008C6715
0x001734A1,0x008C585D
0x001738F0,0x008C49A7
0x00173D40,0x008C3AF4
0x00174191,0x008C2C43
0x001745E3,0x008C1D94
0x00174A36,0x008C0EE7
0x00174E8A,0x008C003C
0x001752DF,0x008BF193
0x00175735,0x008BE2EC
0x00175B8C,0x008BD448
0x00175FE4,0x008BC5A6
0x0017643D,0x008BB706
0x00176897,0x008BA868
0x00176CF2,0x008B99CC
0x0017714E,0x008B8B32
0x001775AB,0x008B7C9A
0x00177A09,0x008B6E05
0x00177E68,0x008B5F72
0x001782C8,0x008B50E1
0x00178729,0x008B4252
0x00178B8B,0x008B33C5
0x00178FEE,0x008B253A
0x00179452,0x008B16B1
0x001798B7,0x008B082A
0x00179D1D,0x008AF9A6
0x0017A184,0x008AEB24
0x0017A5EC,0x008ADCA4
0x0017AA55,0x008ACE26
0x0017AEBF,0x008ABFAA
0x0017B32A,0x008AB130
0x0017B796,0x008AA2B8
0x0017BC03,0x008A9442
0x0017C071,0x008A85CF
0x0017C4E0,0x008A775E
0x0017C950,0x008A68EF
0x0017CDC1,0x008A5A82
0x0017D233,0x008A4C17
0x0017D6A6,0x008A3DAE
0x0017DB1A,0x008A2F47
0x0017DF8F,0x008A20E2
0x0017E405,0x008A1280
0x0017E87C,0x008A0420
0x0017ECF4,0x0089F5C2
0x0017F16D,0x0089E766
0x0017F5E7,0x0089D90C
0x0017FA62,0x0089CAB4
0x0017FEDE,0x0089BC5E
0x0018035B,0x0089AE0A
0x001807D9,0x00899FB8
0x00180C58,0x00899169
0x001810D8,0x0089831C
0x00181559,0x008974D1
0x001819DB,0x00896688
0x00181E5E,0x00895841
0x001822E2,0x008949FC
0x00182767,0x00893BB9
0x00182BED,0x00892D78
0x00183074,0x00891F39
0x001834FC,0x008910FC
0x00183985,0x008902C2
0x00183E0F,0x0088F48A
0x0018429A,0x0088E654
0x00184726,0x0088D820
0x00184BB3,0x0088C9EE
0x00185041,0x0088BBBE
0x001854D0,0x0088AD90
0x00185960,0x00889F64
0x00185DF1,0x0088913A
0x00186283,0x00888312
0x00186716,0x008874EC
0x00186BAB,0x008866C9
0x00187041,0x008858A8
0x001874D8,0x00884A89
0x00187970,0x00883C6C
0x00187E09,0x00882E51
0x001882A3,0x00882038
0x0018873E,0x00881221
0x00188BDA,0x0088040C
0x00189077,0x0087F5F9
0x00189515,0x0087E7E8
0x001899B4,0x0087D9D9
0x00189E54,0x0087CBCD
0x0018A2F5,0x0087BDC3
0x0018A797,0x0087AFBB
0x0018AC3A,0x0087A1B5
0x0018B0DE,0x008793B1
0x0018B583,0x008785AF
0x0018BA29,0x008777AF
0x0018BED0,0x008769B1
0x0018C378,0x00875BB5
0x0018C821,0x00874DBB
0x0018CCCB,0x00873FC3
0x0018D176,0x008731CD
0x0018D622,0x008723D9
0x0018DAD0,0x008715E8
0x0018DF7F,0x008707F9
0x0018E42F,0x0086FA0C
0x0018E8E0,0x0086EC21
0x0018ED92,0x0086DE38
0x0018F245,0x0086D051
0x0018F6F9,0x0086C26C
0x0018FBAE,0x0086B489
0x00190064,0x0086A6A8
0x0019051B,0x008698C9
0x001909D3,0x00868AEC
0x00190E8C,0x00867D11
0x00191346,0x00866F38
0x00191801,0x00866161
0x00191CBD,0x0086538C
0x0019217A,0x008645B9
0x00192639,0x008637E9
0x00192AF9,0x00862A1B
0x00192FBA,0x00861C4F
0x0019347C,0x00860E85
0x0019393F,0x008600BD
0x00193E03,0x0085F2F7
0x001942C8,0x0085E533
0x0019478E,0x0085D771
0x00194C55,0x0085C9B1
0x0019511D,0x0085BBF3
0x001955E6,0x0085AE37
0x00195AB0,0x0085A07D
0x00195F7B,0x008592C5
0x00196448,0x0085850F
0x00196916,0x0085775B
0x00196DE5,0x008569A9
0x001972B5,0x00855BF9
0x00197786,0x00854E4B
0x00197C58,0x0085409F
0x0019812B,0x008532F6
0x001985FF,0x0085254F
0x00198AD4,0x008517AA
0x00198FAA,0x00850A07
0x00199481,0x0084FC66
0x00199959,0x0084EEC7
0x00199E33,0x0084E12A
0x0019A30E,0x0084D38F
0x0019A7EA,0x0084C5F6
0x0019ACC7,0x0084B85F
0x0019B1A5,0x0084AACA
0x0019B684,0x00849D37
0x0019BB64,0x00848FA6
0x0019C045,0x00848217
0x0019C527,0x0084748A
0x0019CA0A,0x008466FF
0x0019CEEF,0x00845976
0x0019D3D5,0x00844BEF
0x0019D8BC,0x00843E6A
0x0019DDA4,0x008430E7
0x0019E28D,0x00842366
0x0019E777,0x008415E7
0x0019EC62,0x0084086A
0x0019F14E,0x0083FAEF
0x0019F63B,0x0083ED76
0x0019FB2A,0x0083DFFF
0x001A001A,0x0083D28A
0x001A050B,0x0083C517
0x001A09FD,0x0083B7A6
0x001A0EF0,0x0083AA37
0x001A13E4,0x00839CCA
0x001A18D9,0x00838F5F
0x001A1DCF,0x008381F7
0x001A22C6,0x00837491
0x001A27BF,0x0083672D
0x001A2CB9,0x008359CB
0x001A31B4,0x00834C6B
0x001A36B0,0x00833F0D
0x001A3BAD,0x008331B1
0x001A40AB,0x00832457
0x001A45AA,0x008316FF
0x001A4AAA,0x008309A9
0x001A4FAC,0x0082FC55
0x001A54AF,0x0082EF03
0x001A59B3,0x0082E1B3
0x001A5EB8,0x0082D465
0x001A63BE,0x0082C719
0x001A68C5,0x0082B9CF
0x001A6DCD,0x0082AC87
0x001A72D6,0x00829F41
0x001A77E1,0x008291FD
0x001A7CED,0x008284BB
0x001A81FA,0x0082777B
0x001A8708,0x00826A3D
0x001A8C17,0x00825D01
0x001A9127,0x00824FC7
0x001A9638,0x0082428F
0x001A9B4B,0x00823559
0x001AA05F,0x00822825
0x001AA574,0x00821AF3
0x001AAA8A,0x00820DC3
0x001AAFA1,0x00820095
0x001AB4B9,0x0081F369
0x001AB9D2,0x0081E63F
0x001ABEED,0x0081D917
0x001AC409,0x0081CBF1
0x001AC926,0x0081BECD
0x001ACE44,0x0081B1AB
0x001AD363,0x0081A48B
0x001AD883,0x0081976D
0x001ADDA5,0x00818A51
0x001AE2C8,0x00817D37
0x001AE7EC,0x0081701F
0x001AED11,0x00816309
0x001AF237,0x008155F5
0x001AF75E,0x008148E3
0x001AFC86,0x00813BD3
0x001B01B0,0x00812EC5
0x001B06DB,0x008121B9
0x001B0C07,0x008114AF
0x001B1134,0x008107A7
0x001B1662,0x0080FAA1
0x001B1B91,0x0080ED9D
0x001B20C2,0x0080E09B
0x001B25F4,0x0080D39B
0x001B2B27,0x0080C69C
0x001B305B,0x0080B99F
0x001B3590,0x0080ACA4
0x001B3AC7,0x00809FAB
0x001B3FFF,0x008092B4
0x001B4538,0x008085BF
0x001B4A72,0x008078CC
0x001B4FAD,0x00806BDB
0x001B54E9,0x00805EEC
0x001B5A27,0x008051FF
0x001B5F66,0x00804514
0x001B64A6,0x0080382B
0x001B69E7,0x00802B44
0x001B6F29,0x00801E5F
0x001B746D,0x0080117C
0x001B79B2,0x0080049B
0x001B7EF8,0x007FF7BC
0x001B843F,0x007FEADF
0x001B8987,0x007FDE04
0x001B8ED0,0x007FD12B
0x001B941B,0x007FC454
0x001B9967,0x007FB77F
0x001B9EB4,0x007FAAAC
0x001BA402,0x007F9DDB
0x001BA951,0x007F910C
0x001BAEA2,0x007F843F
0x001BB3F4,0x007F7774
0x001BB947,0x007F6AAB
0x001BBE9B,0x007F5DE4
0x001BC3F0,0x007F511F
0x001BC947,0x007F445C
0x001BCE9F,0x007F379B
0x001BD3F8,0x007F2ADC
0x001BD952,0x007F1E1E
0x001BDEAD,0x007F1162
0x001BE40A,0x007F04A8
0x001BE968,0x007EF7F0
0x001BEEC7,0x007EEB3A
0x001BF427,0x007EDE86
0x001BF989,0x007ED1D4
0x001BFEEC,0x007EC524
0x001C0450,0x007EB876
0x001C09B5,0x007EABCA
0x001C0F1B,0x007E9F20
0x001C1483,0x007E9278
0x001C19EC,0x007E85D2
0x001C1F56,0x007E792E
0x001C24C1,0x007E6C8C
0x001C2A2D,0x007E5FEC
0x001C2F9B,0x007E534E
0x001C350A,0x007E46B2
0x001C3A7A,0x007E3A18
0x001C3FEB,0x007E2D80
0x001C455E,0x007E20E9
0x001C4AD2,0x007E1454
0x001C5047,0x007E07C1
0x001C55BD,0x007DFB30
0x001C5B35,0x007DEEA1
0x001C60AE,0x007DE214
0x001C6628,0x007DD589
0x001C6BA3,0x007DC900
0x001C711F,0x007DBC79
0x001C769D,0x007DAFF4
0x001C7C1C,0x007DA371
0x001C819C,0x007D96F0
0x001C871D,0x007D8A71
0x001C8CA0,0x007D7DF4
0x001C9224,0x007D7179
0x001C97A9,0x007D6500
0x001C9D2F,0x007D5888
0x001CA2B7,0x007D4C12
0x001CA840,0x007D3F9E
0x001CADCA,0x007D332C
0x001CB355,0x007D26BC
0x001CB8E2,0x007D1A4E
0x001CBE70,0x007D0DE2
0x001CC3FF,0x007D0178
0x001CC98F,0x007CF510
0x001CCF21,0x007CE8AA
0x001CD4B4,0x007CDC46
0x001CDA48,0x007CCFE4
0x001CDFDD,0x007CC384
0x001CE574,0x007CB726
0x001CEB0C,0x007CAAC9
0x001CF0A5,0x007C9E6E
0x001CF63F,0x007C9215
0x001CFBDB,0x007C85BE
0x001D0178,0x007C7969
0x001D0716,0x007C6D16
0x001D0CB6,0x007C60C5
0x001D1257,0x007C5476
0x001D17F9,0x007C4829
0x001D1D9C,0x007C3BDE
0x001D2341,0x007C2F95
0x001D28E7,0x007C234E
0x001D2E8E,0x007C1708
0x001D3436,0x007C0AC4
0x001D39E0,0x007BFE82
0x001D3F8B,0x007BF242
0x001D4537,0x007BE604
0x001D4AE5,0x007BD9C8
0x001D5094,0x007BCD8E
0x001D5644,0x007BC156
0x001D5BF5,0x007BB520
0x001D61A8,0x007BA8EC
0x001D675C,0x007B9CBA
0x001D6D11,0x007B9089
0x001D72C8,0x007B845A
0x001D7880,0x007B782D
0x001D7E39,0x007B6C02
0x001D83F3,0x007B5FD9
0x001D89AF,0x007B53B2
0x001D8F6C,0x007B478D
0x001D952A,0x007B3B6A
0x001D9AEA,0x007B2F49
0x001DA0AB,0x007B232A
0x001DA66D,0x007B170D
0x001DAC30,0x007B0AF1
0x001DB1F5,0x007AFED7
0x001DB7BB,0x007AF2BF
0x001DBD82,0x007AE6A9
0x001DC34B,0x007ADA95
0x001DC915,0x007ACE83
0x001DCEE0,0x007AC273
0x001DD4AD,0x007AB665
0x001DDA7B,0x007AAA59
0x001DE04A,0x007A9E4F
0x001DE61B,0x007A9246
0x001DEBED,0x007A863F
0x001DF1C0,0x007A7A3A
0x001DF794,0x007A6E37
0x001DFD6A,0x007A6236
0x001E0341,0x007A5637
0x001E0919,0x007A4A3A
0x001E0EF3,0x007A3E3F
0x001E14CE,0x007A3246
0x001E1AAA,0x007A264E
0x001E2088,0x007A1A58
0x001E2667,0x007A0E64
0x001E2C47,0x007A0272
0x001E3229,0x0079F682
0x001E380C,0x0079EA94
0x001E3DF0,0x0079DEA8
0x001E43D6,0x0079D2BE
0x001E49BD,0x0079C6D6
0x001E4FA5,0x0079BAEF
0x001E558F,0x0079AF0A
0x001E5B7A,0x0079A327
0x001E6166,0x00799746
0x001E6754,0x00798B67
0x001E6D43,0x00797F8A
0x001E7333,0x007973AF
0x001E7925,0x007967D6
0x001E7F18,0x00795BFE
0x001E850C,0x00795028
0x001E8B02,0x00794454
0x001E90F9,0x00793882
0x001E96F1,0x00792CB2
0x001E9CEB,0x007920E4
0x001EA2E6,0x00791518
0x001EA8E2,0x0079094E
0x001EAEE0,0x0078FD85
0x001EB4DF,0x0078F1BE
0x001EBAE0,0x0078E5F9
0x001EC0E2,0x0078DA36
0x001EC6E5,0x0078CE75
0x001ECCEA,0x0078C2B6
0x001ED2F0,0x0078B6F9
0x001ED8F7,0x0078AB3E
0x001EDF00,0x00789F84
0x001EE50A,0x007893CC
0x001EEB15,0x00788816
0x001EF122,0x00787C62
0x001EF730,0x007870B0
0x001EFD3F,0x00786500
0x001F0350,0x00785952
0x001F0962,0x00784DA5
0x001F0F76,0x007841FA
0x001F158B,0x00783651
0x001F1BA1,0x00782AAA
0x001F21B9,0x00781F05
0x001F27D2,0x00781362
0x001F2DEC,0x007807C1
0x001F3408,0x0077FC21
0x001F3A25,0x0077F083
0x001F4044,0x0077E4E7
0x001F4664,0x0077D94D
0x001F4C85,0x0077CDB5
0x001F52A8,0x0077C21F
0x001F58CC,0x0077B68B
0x001F5EF1,0x0077AAF8
0x001F6518,0x00779F67
0x001F6B40,0x007793D8
0x001F716A,0x0077884B
0x001F7795,0x00777CC0
0x001F7DC1,0x00777137
0x001F83EF,0x007765B0
0x001F8A1E,0x00775A2A
0x001F904F,0x00774EA6
0x001F9681,0x00774324
0x001F9CB4,0x007737A4
0x001FA2E9,0x00772C26
0x001FA91F,0x007720AA
0x001FAF57,0x00771530
0x001FB590,0x007709B7
0x001FBBCA,0x0076FE40
0x001FC206,0x0076F2CB
0x001FC843,0x0076E758
0x001FCE82,0x0076DBE7
0x001FD4C2,0x0076D078
0x001FDB03,0x0076C50A
0x001FE146,0x0076B99E
0x001FE78A,0x0076AE34
0x001FEDD0,0x0076A2CC
0x001FF417,0x00769766
0x001FFA60,0x00768C02
0x002000AA,0x0076809F
0x002006F5,0x0076753E
0x00200D42,0x007669DF
0x00201390,0x00765E82
0x002019E0,0x00765327
0x00202031,0x007647CE
0x00202683,0x00763C76
0x00202CD7,0x00763120
0x0020332C,0x007625CC
0x00203983,0x00761A7A
0x00203FDB,0x00760F2A
0x00204635,0x007603DC
0x00204C90,0x0075F88F
0x002052ED,0x0075ED44
0x0020594B,0x0075E1FB
0x00205FAA,0x0075D6B4
0x0020660B,0x0075CB6F
0x00206C6D,0x0075C02C
0x002072D1,0x0075B4EA
0x00207936,0x0075A9AA
0x00207F9D,0x00759E6C
0x00208605,0x00759330
0x00208C6E,0x007587F6
0x002092D9,0x00757CBE
0x00209945,0x00757187
0x00209FB3,0x00756652
0x0020A622,0x00755B1F
0x0020AC93,0x00754FEE
0x0020B305,0x007544BF
0x0020B979,0x00753992
0x0020BFEE,0x00752E66
0x0020C665,0x0075233C
0x0020CCDD,0x00751814
0x0020D356,0x00750CEE
0x0020D9D1,0x007501CA
0x0020E04D,0x0074F6A7
0x0020E6CB,0x0074EB86
0x0020ED4A,0x0074E067
0x0020F3CB,0x0074D54A
0x0020FA4D,0x0074CA2F
0x002100D1,0x0074BF16
0x00210756,0x0074B3FE
0x00210DDD,0x0074A8E8
0x00211465,0x00749DD4
0x00211AEF,0x007492C2
0x0021217A,0x007487B2
0x00212807,0x00747CA3
0x00212E95,0x00747196
0x00213525,0x0074668B
0x00213BB6,0x00745B82
0x00214248,0x0074507B
0x002148DC,0x00744575
0x00214F71,0x00743A71
0x00215608,0x00742F6F
0x00215CA0,0x0074246F
0x0021633A,0x00741971
0x002169D5,0x00740E75
0x00217072,0x0074037A
0x00217710,0x0073F881
0x00217DB0,0x0073ED8A
0x00218451,0x0073E295
0x00218AF4,0x0073D7A2
0x00219198,0x0073CCB0
0x0021983E,0x0073C1C0
0x00219EE5,0x0073B6D2
0x0021A58E,0x0073ABE6
0x0021AC38,0x0073A0FC
0x0021B2E4,0x00739613
0x0021B991,0x00738B2C
0x0021C040,0x00738047
0x0021C6F0,0x00737564
0x0021CDA2,0x00736A83
0x0021D455,0x00735FA3
0x0021DB0A,0x007354C5
0x0021E1C0,0x007349E9
0x0021E878,0x00733F0F
0x0021EF31,0x00733437
0x0021F5EC,0x00732960
0x0021FCA9,0x00731E8B
0x00220367,0x007313B8
0x00220A27,0x007308E7
0x002210E8,0x0072FE18
0x002217AB,0x0072F34A
0x00221E6F,0x0072E87E
0x00222535,0x0072DDB4
0x00222BFC,0x0072D2EC
0x002232C5,0x0072C825
0x0022398F,0x0072BD60
0x0022405B,0x0072B29D
0x00224728,0x0072A7DC
0x00224DF7,0x00729D1D
0x002254C7,0x0072925F
0x00225B99,0x007287A3
0x0022626C,0x00727CE9
0x00226941,0x00727231
0x00227018,0x0072677B
0x002276F0,0x00725CC6
0x00227DCA,0x00725213
0x002284A5,0x00724762
0x00228B82,0x00723CB3
0x00229260,0x00723205
0x00229940,0x00722759
0x0022A021,0x00721CAF
0x0022A704,0x00721207
0x0022ADE8,0x00720761
0x0022B4CE,0x0071FCBC
0x0022BBB6,0x0071F219
0x0022C29F,0x0071E778
0x0022C98A,0x0071DCD9
0x0022D076,0x0071D23B
0x0022D764,0x0071C79F
0x0022DE53,0x0071BD05
0x0022E544,0x0071B26D
0x0022EC37,0x0071A7D7
0x0022F32B,0x00719D42
0x0022FA21,0x007192AF
0x00230118,0x0071881E
0x00230811,0x00717D8F
0x00230F0B,0x00717301
0x00231607,0x00716875
0x00231D05,0x00715DEB
0x00232404,0x00715363
0x00232B05,0x007148DD
0x00233207,0x00713E58
0x0023390B,0x007133D5
0x00234010,0x00712954
0x00234717,0x00711ED5
0x00234E20,0x00711457
0x0023552A,0x007109DB
0x00235C36,0x0070FF61
0x00236343,0x0070F4E9
0x00236A52,0x0070EA72
0x00237163,0x0070DFFD
0x00237875,0x0070D58A
0x00237F89,0x0070CB19
0x0023869E,0x0070C0AA
0x00238DB5,0x0070B63C
0x002394CE,0x0070ABD0
0x00239BE8,0x0070A166
0x0023A304,0x007096FE
0x0023AA21,0x00708C97
0x0023B140,0x00708232
0x0023B861,0x007077CF
0x0023BF83,0x00706D6E
0x0023C6A7,0x0070630E
0x0023CDCC,0x007058B0
0x0023D4F3,0x00704E54
0x0023DC1C,0x007043FA
0x0023E346,0x007039A1
0x0023EA72,0x00702F4A
0x0023F1A0,0x007024F5
0x0023F8CF,0x00701AA2
0x00240000,0x00701050
0x00240732,0x00700600
0x00240E66,0x006FFBB2
0x0024159C,0x006FF166
0x00241CD3,0x006FE71B
0x0024240C,0x006FDCD2
0x00242B47,0x006FD28B
0x00243283,0x006FC846
0x002439C1,0x006FBE02
0x00244100,0x006FB3C0
0x00244841,0x006FA980
0x00244F84,0x006F9F42
0x002456C8,0x006F9505
0x00245E0E,0x006F8ACA
0x00246556,0x006F8091
0x00246C9F,0x006F765A
0x002473EA,0x006F6C24
0x00247B37,0x006F61F0
0x00248285,0x006F57BE
0x002489D5,0x006F4D8E
0x00249127,0x006F435F
0x0024987A,0x006F3932
0x00249FCF,0x006F2F07
0x0024A725,0x006F24DE
0x0024AE7D,0x006F1AB6
0x0024B5D7,0x006F1090
0x0024BD32,0x006F066C
0x0024C48F,0x006EFC4A
0x0024CBEE,0x006EF229
0x0024D34E,0x006EE80A
0x0024DAB0,0x006EDDED
0x0024E214,0x006ED3D2
0x0024E979,0x006EC9B8
0x0024F0E0,0x006EBFA0
0x0024F849,0x006EB58A
0x0024FFB3,0x006EAB76
0x0025071F,0x006EA163
0x00250E8D,0x006E9752
0x002515FC,0x006E8D43
0x00251D6D,0x006E8336
0x002524E0,0x006E792A
0x00252C55,0x006E6F20
0x002533CB,0x006E6518
0x00253B43,0x006E5B11
0x002542BD,0x006E510C
0x00254A38,0x006E4709
0x002551B5,0x006E3D08
0x00255934,0x006E3308
0x002560B4,0x006E290A
0x00256836,0x006E1F0E
0x00256FBA,0x006E1514
0x0025773F,0x006E0B1B
0x00257EC6,0x006E0124
0x0025864F,0x006DF72F
0x00258DDA,0x006DED3C
0x00259566,0x006DE34A
0x00259CF4,0x006DD95A
0x0025A484,0x006DCF6C
0x0025AC15,0x006DC57F
0x0025B3A8,0x006DBB94
0x0025BB3D,0x006DB1AB
0x0025C2D3,0x006DA7C4
0x0025CA6B,0x006D9DDE
0x0025D205,0x006D93FA
0x0025D9A1,0x006D8A18
0x0025E13E,0x006D8038
0x0025E8DD,0x006D7659
0x0025F07E,0x006D6C7C
0x0025F820,0x006D62A1
0x0025FFC4,0x006D58C7
0x0026076A,0x006D4EEF
0x00260F12,0x006D4519
0x002616BB,0x006D3B45
0x00261E66,0x006D3172
0x00262613,0x006D27A1
0x00262DC2,0x006D1DD2
0x00263572,0x006D1404
0x00263D24,0x006D0A38
0x002644D8,0x006D006E
0x00264C8E,0x006CF6A6
0x00265445,0x006CECDF
0x00265BFE,0x006CE31A
0x002663B9,0x006CD957
0x00266B76,0x006CCF96
0x00267334,0x006CC5D6
0x00267AF4,0x006CBC18
0x002682B6,0x006CB25C
0x00268A7A,0x006CA8A1
0x0026923F,0x006C9EE8
0x00269A06,0x006C9531
0x0026A1CF,0x006C8B7C
0x0026A99A,0x006C81C8
0x0026B166,0x006C7816
0x0026B934,0x006C6E66
0x0026C104,0x006C64B7
0x0026C8D6,0x006C5B0A
0x0026D0A9,0x006C515F
0x0026D87E,0x006C47B5
0x0026E055,0x006C3E0D
0x0026E82E,0x006C3467
0x0026F008,0x006C2AC3
0x0026F7E4,0x006C2120
0x0026FFC2,0x006C177F
0x002707A2,0x006C0DE0
0x00270F84,0x006C0442
0x00271767,0x006BFAA6
0x00271F4C,0x006BF10C
0x00272733,0x006BE774
0x00272F1C,0x006BDDDD
0x00273706,0x006BD448
0x00273EF2,0x006BCAB5
0x002746E0,0x006BC123
0x00274ED0,0x006BB793
0x002756C2,0x006BAE05
0x00275EB5,0x006BA478
0x002766AA,0x006B9AED
0x00276EA1,0x006B9164
0x0027769A,0x006B87DD
0x00277E95,0x006B7E57
0x00278691,0x006B74D3
0x00278E8F,0x006B6B51
0x0027968F,0x006B61D0
0x00279E91,0x006B5851
0x0027A695,0x006B4ED4
0x0027AE9A,0x006B4559
0x0027B6A1,0x006B3BDF
0x0027BEAA,0x006B3267
0x0027C6B5,0x006B28F1
0x0027CEC2,0x006B1F7C
0x0027D6D0,0x006B1609
0x0027DEE0,0x006B0C98
0x0027E6F2,0x006B0328
0x0027EF06,0x006AF9BA
0x0027F71C,0x006AF04E
0x0027FF34,0x006AE6E3
0x0028074D,0x006ADD7A
0x00280F68,0x006AD413
0x00281785,0x006ACAAE
0x00281FA4,0x006AC14A
0x002827C5,0x006AB7E8
0x00282FE8,0x006AAE88
0x0028380C,0x006AA529
0x00284032,0x006A9BCC
0x0028485A,0x006A9271
0x00285084,0x006A8917
0x002858B0,0x006A7FBF
0x002860DE,0x006A7669
0x0028690D,0x006A6D14
0x0028713E,0x006A63C1
0x00287971,0x006A5A70
0x002881A6,0x006A5121
0x002889DD,0x006A47D3
0x00289216,0x006A3E87
0x00289A51,0x006A353D
0x0028A28D,0x006A2BF4
0x0028AACB,0x006A22AD
0x0028B30B,0x006A1968
0x0028BB4D,0x006A1024
0x0028C391,0x006A06E2
0x0028CBD7,0x0069FDA2
0x0028D41F,0x0069F463
0x0028DC68,0x0069EB26
0x0028E4B3,0x0069E1EB
0x0028ED00,0x0069D8B1
0x0028F54F,0x0069CF79
0x0028FDA0,0x0069C643
0x002905F3,0x0069BD0E
0x00290E48,0x0069B3DB
0x0029169F,0x0069AAAA
0x00291EF8,0x0069A17B
0x00292752,0x0069984D
0x00292FAE,0x00698F21
0x0029380C,0x006985F7
0x0029406C,0x00697CCE
0x002948CE,0x006973A7
0x00295132,0x00696A82
0x00295998,0x0069615E
0x00296200,0x0069583C
0x00296A6A,0x00694F1C
0x002972D5,0x006945FD
0x00297B42,0x00693CE0
0x002983B1,0x006933C5
0x00298C22,0x00692AAB
0x00299495,0x00692193
0x00299D0A,0x0069187D
0x0029A581,0x00690F68
0x0029ADFA,0x00690655
0x0029B675,0x0068FD44
0x0029BEF2,0x0068F434
0x0029C771,0x0068EB26
0x0029CFF1,0x0068E21A
0x0029D873,0x0068D90F
0x0029E0F7,0x0068D006
0x0029E97D,0x0068C6FF
0x0029F205,0x0068BDF9
0x0029FA8F,0x0068B4F5
0x002A031B,0x0068ABF3
0x002A0BA9,0x0068A2F2
0x002A1439,0x006899F3
0x002A1CCB,0x006890F6
0x002A255F,0x006887FA
0x002A2DF5,0x00687F00
0x002A368D,0x00687608
0x002A3F27,0x00686D11
0x002A47C2,0x0068641C
0x002A505F,0x00685B29
0x002A58FE,0x00685237
0x002A619F,0x00684947
0x002A6A42,0x00684059
0x002A72E7,0x0068376C
0x002A7B8E,0x00682E81
0x002A8437,0x00682598
0x002A8CE2,0x00681CB0
0x002A958F,0x006813CA
0x002A9E3E,0x00680AE6
0x002AA6EF,0x00680203
0x002AAFA2,0x0067F922
0x002AB857,0x0067F043
0x002AC10E,0x0067E765
0x002AC9C7,0x0067DE89
0x002AD282,0x0067D5AF
0x002ADB3F,0x0067CCD6
0x002AE3FE,0x0067C3FF
0x002AECBF,0x0067BB2A
0x002AF582,0x0067B256
0x002AFE47,0x0067A984
0x002B070E,0x0067A0B4
0x002B0FD7,0x006797E5
0x002B18A2,0x00678F18
0x002B216F,0x0067864D
0x002B2A3E,0x00677D83
0x002B330F,0x006774BB
0x002B3BE2,0x00676BF5
0x002B44B7,0x00676330
0x002B4D8E,0x00675A6D
0x002B5667,0x006751AC
0x002B5F42,0x006748EC
0x002B681F,0x0067402E
0x002B70FE,0x00673772
0x002B79DF,0x00672EB7
0x002B82C2,0x006725FE
0x002B8BA7,0x00671D47
0x002B948E,0x00671491
0x002B9D77,0x00670BDD
0x002BA662,0x0067032A
0x002BAF4F,0x0066FA79
0x002BB83E,0x0066F1CA
0x002BC12F,0x0066E91C
0x002BCA22,0x0066E070
0x002BD317,0x0066D7C6
0x002BDC0E,0x0066CF1D
0x002BE507,0x0066C676
0x002BEE02,0x0066BDD1
0x002BF6FF,0x0066B52D
0x002BFFFE,0x0066AC8B
0x002C08FF,0x0066A3EB
0x002C1202,0x00669B4C
0x002C1B07,0x006692AF
0x002C240E,0x00668A14
0x002C2D17,0x0066817A
0x002C3622,0x006678E2
0x002C3F2F,0x0066704C
0x002C483E,0x006667B7
0x002C514F,0x00665F24
0x002C5A62,0x00665692
0x002C6377,0x00664E02
0x002C6C8E,0x00664574
0x002C75A7,0x00663CE7
0x002C7EC2,0x0066345C
0x002C87DF,0x00662BD3
0x002C90FE,0x0066234B
0x002C9A20,0x00661AC5
0x002CA344,0x00661241
0x002CAC6A,0x006609BE
0x002CB592,0x0066013D
0x002CBEBC,0x0065F8BE
0x002CC7E8,0x0065F040
0x002CD116,0x0065E7C4
0x002CDA46,0x0065DF49
0x002CE378,0x0065D6D0
0x002CECAC,0x0065CE59
0x002CF5E2,0x0065C5E3
0x002CFF1A,0x0065BD6F
0x002D0854,0x0065B4FD
0x002D1190,0x0065AC8C
0x002D1ACF,0x0065A41D
0x002D2410,0x00659BB0
0x002D2D53,0x00659344
0x002D3698,0x00658ADA
0x002D3FDF,0x00658271
0x002D4928,0x00657A0A
0x002D5273,0x006571A5
0x002D5BC0,0x00656941
0x002D650F,0x006560DF
0x002D6E60,0x0065587F
0x002D77B4,0x00655020
0x002D810A,0x006547C3
0x002D8A62,0x00653F68
0x002D93BC,0x0065370E
0x002D9D18,0x00652EB6
0x002DA676,0x0065265F
0x002DAFD6,0x00651E0A
0x002DB938,0x006515B7
0x002DC29C,0x00650D65
0x002DCC03,0x00650515
0x002DD56C,0x0064FCC7
0x002DDED7,0x0064F47A
0x002DE844,0x0064EC2F
0x002DF1B3,0x0064E3E6
0x002DFB24,0x0064DB9E
0x002E0497,0x0064D358
0x002E0E0C,0x0064CB13
0x002E1784,0x0064C2D0
0x002E20FE,0x0064BA8F
0x002E2A7A,0x0064B24F
0x002E33F8,0x0064AA11
0x002E3D78,0x0064A1D5
0x002E46FA,0x0064999A
0x002E507E,0x00649161
0x002E5A05,0x0064892A
0x002E638E,0x006480F4
0x002E6D19,0x006478C0
0x002E76A6,0x0064708D
0x002E8035,0x0064685C
0x002E89C6,0x0064602D
0x002E9359,0x006457FF
0x002E9CEF,0x00644FD3
0x002EA687,0x006447A9
0x002EB021,0x00643F80
0x002EB9BD,0x00643759
0x002EC35B,0x00642F33
0x002ECCFB,0x0064270F
0x002ED69E,0x00641EED
0x002EE043,0x006416CC
0x002EE9EA,0x00640EAD
0x002EF393,0x00640690
0x002EFD3E,0x0063FE74
0x002F06EC,0x0063F65A
0x002F109C,0x0063EE41
0x002F1A4E,0x0063E62A
0x002F2402,0x0063DE15
0x002F2DB8,0x0063D601
0x002F3770,0x0063CDEF
0x002F412B,0x0063C5DF
0x002F4AE8,0x0063BDD0
0x002F54A7,0x0063B5C3
0x002F5E68,0x0063ADB7
0x002F682B,0x0063A5AD
0x002F71F1,0x00639DA5
0x002F7BB9,0x0063959E
0x002F8583,0x00638D99
0x002F8F4F,0x00638595
0x002F991D,0x00637D93
0x002FA2EE,0x00637593
0x002FACC1,0x00636D94
0x002FB696,0x00636597
0x002FC06D,0x00635D9C
0x002FCA47,0x006355A2
0x002FD423,0x00634DAA
0x002FDE01,0x006345B3
0x002FE7E1,0x00633DBE
0x002FF1C3,0x006335CB
0x002FFBA8,0x00632DD9
0x0030058F,0x006325E9
0x00300F78,0x00631DFB
0x00301963,0x0063160E
0x00302351,0x00630E23
0x00302D41,0x00630639
0x00303733,0x0062FE51
0x00304127,0x0062F66B
0x00304B1E,0x0062EE86
0x00305517,0x0062E6A3
0x00305F12,0x0062DEC1
0x0030690F,0x0062D6E1
0x0030730F,0x0062CF03
0x00307D11,0x0062C726
0x00308715,0x0062BF4B
0x0030911B,0x0062B772
0x00309B24,0x0062AF9A
0x0030A52F,0x0062A7C4
0x0030AF3C,0x00629FEF
0x0030B94B,0x0062981C
0x0030C35D,0x0062904B
0x0030CD71,0x0062887B
0x0030D787,0x006280AD
0x0030E1A0,0x006278E0
0x0030EBBB,0x00627115
0x0030F5D8,0x0062694C
0x0030FFF7,0x00626184
0x00310A19,0x006259BE
0x0031143D,0x006251F9
0x00311E63,0x00624A36
0x0031288C,0x00624275
0x003132B7,0x00623AB5
0x00313CE4,0x006232F7
0x00314713,0x00622B3B
0x00315145,0x00622380
0x00315B79,0x00621BC7
0x003165AF,0x0062140F
0x00316FE8,0x00620C59
0x00317A23,0x006204A5
0x00318460,0x0061FCF2
0x00318EA0,0x0061F541
0x003198E2,0x0061ED91
0x0031A326,0x0061E5E3
0x0031AD6C,0x0061DE37
0x0031B7B5,0x0061D68C
0x0031C200,0x0061CEE3
0x0031CC4D,0x0061C73B
0x0031D69D,0x0061BF95
0x0031E0EF,0x0061B7F1
0x0031EB43,0x0061B04E
0x0031F59A,0x0061A8AD
0x0031FFF3,0x0061A10D
0x00320A4E,0x0061996F
0x003214AC,0x006191D3
0x00321F0C,0x00618A38
0x0032296E,0x0061829F
0x003233D3,0x00617B07
0x00323E3A,0x00617371
0x003248A3,0x00616BDD
0x0032530F,0x0061644A
0x00325D7D,0x00615CB9
0x003267EE,0x00615529
0x00327261,0x00614D9B
0x00327CD6,0x0061460F
0x0032874E,0x00613E84
0x003291C8,0x006136FB
0x00329C44,0x00612F74
0x0032A6C3,0x006127EE
0x0032B144,0x0061206A
0x0032BBC7,0x006118E7
0x0032C64D,0x00611166
0x0032D0D5,0x006109E7
0x0032DB60,0x00610269
0x0032E5ED,0x0060FAED
0x0032F07C,0x0060F372
0x0032FB0E,0x0060EBF9
0x003305A2,0x0060E482
0x00331038,0x0060DD0C
0x00331AD1,0x0060D598
0x0033256C,0x0060CE25
0x0033300A,0x0060C6B4
0x00333AAA,0x0060BF45
0x0033454C,0x0060B7D7
0x00334FF1,0x0060B06B
0x00335A98,0x0060A900
0x00336542,0x0060A197
0x00336FEE,0x00609A30
0x00337A9C,0x006092CA
0x0033854D,0x00608B66
0x00339000,0x00608403
0x00339AB6,0x00607CA2
0x0033A56E,0x00607543
0x0033B028,0x00606DE5
0x0033BAE5,0x00606689
0x0033C5A4,0x00605F2E
0x0033D066,0x006057D5
0x0033DB2A,0x0060507D
0x0033E5F1,0x00604927
0x0033F0BA,0x006041D3
0x0033FB85,0x00603A80
0x00340653,0x0060332F
0x00341123,0x00602BDF
0x00341BF6,0x00602491
0x003426CB,0x00601D45
0x003431A3,0x006015FA
0x00343C7D,0x00600EB1
0x0034475A,0x00600769
0x00345239,0x00600023
0x00345D1A,0x005FF8DF
0x003467FE,0x005FF19C
0x003472E4,0x005FEA5B
0x00347DCD,0x005FE31B
0x003488B8,0x005FDBDD
0x003493A6,0x005FD4A1
0x00349E96,0x005FCD66
0x0034A989,0x005FC62D
0x0034B47E,0x005FBEF5
0x0034BF76,0x005FB7BF
0x0034CA70,0x005FB08B
0x0034D56D,0x005FA958
0x0034E06C,0x005FA227
0x0034EB6E,0x005F9AF7
0x0034F672,0x005F93C9
0x00350178,0x005F8C9D
0x00350C81,0x005F8572
0x0035178C,0x005F7E49
0x0035229A,0x005F7721
0x00352DAA,0x005F6FFB
0x003538BD,0x005F68D6
0x003543D2,0x005F61B3
0x00354EEA,0x005F5A92
0x00355A04,0x005F5372
0x00356521,0x005F4C54
0x00357040,0x005F4537
0x00357B62,0x005F3E1C
0x00358686,0x005F3703
0x003591AD,0x005F2FEB
0x00359CD6,0x005F28D5
0x0035A802,0x005F21C0
0x0035B331,0x005F1AAD
0x0035BE62,0x005F139C
0x0035C996,0x005F0C8C
0x0035D4CC,0x005F057E
0x0035E005,0x005EFE71
0x0035EB40,0x005EF766
0x0035F67E,0x005EF05D
0x003601BE,0x005EE955
0x00360D01,0x005EE24F
0x00361846,0x005EDB4A
0x0036238E,0x005ED447
0x00362ED8,0x005ECD45
0x00363A25,0x005EC645
0x00364574,0x005EBF47
0x003650C6,0x005EB84A
0x00365C1B,0x005EB14F
0x00366772,0x005EAA55
0x003672CC,0x005EA35D
0x00367E28,0x005E9C67
0x00368987,0x005E9572
0x003694E8,0x005E8E7F
0x0036A04C,0x005E878D
0x0036ABB2,0x005E809D
0x0036B71B,0x005E79AE
0x0036C287,0x005E72C1
0x0036CDF5,0x005E6BD6
0x0036D966,0x005E64EC
0x0036E4D9,0x005E5E04
0x0036F04F,0x005E571D
0x0036FBC8,0x005E5038
0x00370743,0x005E4955
0x003712C1,0x005E4273
0x00371E41,0x005E3B93
0x003729C4,0x005E34B4
0x00373549,0x005E2DD7
0x003740D1,0x005E26FC
0x00374C5C,0x005E2022
0x003757E9,0x005E194A
0x00376379,0x005E1273
0x00376F0B,0x005E0B9E
0x00377AA0,0x005E04CA
0x00378638,0x005DFDF8
0x003791D2,0x005DF728
0x00379D6F,0x005DF059
0x0037A90F,0x005DE98C
0x0037B4B1,0x005DE2C0
0x0037C056,0x005DDBF6
0x0037CBFD,0x005DD52E
0x0037D7A7,0x005DCE67
0x0037E354,0x005DC7A2
0x0037EF03,0x005DC0DE
0x0037FAB5,0x005DBA1C
0x0038066A,0x005DB35B
0x00381221,0x005DAC9C
0x00381DDB,0x005DA5DF
0x00382997,0x005D9F23
0x00383556,0x005D9869
0x00384118,0x005D91B0
0x00384CDC,0x005D8AF9
0x003858A3,0x005D8444
0x0038646D,0x005D7D90
0x00387039,0x005D76DE
0x00387C08,0x005D702D
0x003887DA,0x005D697E
0x003893AE,0x005D62D0
0x00389F85,0x005D5C24
0x0038AB5F,0x005D557A
0x0038B73B,0x005D4ED1
0x0038C31A,0x005D482A
0x0038CEFC,0x005D4184
0x0038DAE0,0x005D3AE0
0x0038E6C7,0x005D343E
0x0038F2B1,0x005D2D9D
0x0038FE9D,0x005D26FE
0x00390A8C,0x005D2060
0x0039167E,0x005D19C4
0x00392272,0x005D1329
0x00392E69,0x005D0C90
0x00393A63,0x005D05F9
0x00394660,0x005CFF63
0x0039525F,0x005CF8CF
0x00395E61,0x005CF23C
0x00396A66,0x005CEBAB
0x0039766D,0x005CE51B
0x00398277,0x005CDE8D
0x00398E84,0x005CD801
0x00399A93,0x005CD176
0x0039A6A5,0x005CCAED
0x0039B2BA,0x005CC465
0x0039BED2,0x005CBDDF
0x0039CAEC,0x005CB75B
0x0039D709,0x005CB0D8
0x0039E329,0x005CAA57
0x0039EF4C,0x005CA3D7
0x0039FB71,0x005C9D59
0x003A0799,0x005C96DC
0x003A13C4,0x005C9061
0x003A1FF1,0x005C89E8
0x003A2C21,0x005C8370
0x003A3854,0x005C7CFA
0x003A448A,0x005C7685
0x003A50C2,0x005C7012
0x003A5CFD,0x005C69A1
0x003A693B,0x005C6331
0x003A757C,0x005C5CC3
0x003A81C0,0x005C5656
0x003A8E06,0x005C4FEB
0x003A9A4F,0x005C4981
0x003AA69B,0x005C4319
0x003AB2EA,0x005C3CB3
0x003ABF3B,0x005C364E
0x003ACB8F,0x005C2FEB
0x003AD7E6,0x005C2989
0x003AE440,0x005C2329
0x003AF09C,0x005C1CCA
0x003AFCFB,0x005C166D
0x003B095D,0x005C1012
0x003B15C2,0x005C09B8
0x003B222A,0x005C0360
0x003B2E94,0x005BFD09
0x003B3B01,0x005BF6B4
0x003B4771,0x005BF060
0x003B53E4,0x005BEA0E
0x003B605A,0x005BE3BE
0x003B6CD2,0x005BDD6F
0x003B794D,0x005BD722
0x003B85CB,0x005BD0D6
0x003B924C,0x005BCA8C
0x003B9ED0,0x005BC444
0x003BAB56,0x005BBDFD
0x003BB7DF,0x005BB7B8
0x003BC46B,0x005BB174
0x003BD0FA,0x005BAB32
0x003BDD8C,0x005BA4F1
0x003BEA21,0x005B9EB2
0x003BF6B8,0x005B9875
0x003C0352,0x005B9239
0x003C0FEF,0x005B8BFF
0x003C1C8F,0x005B85C6
0x003C2932,0x005B7F8F
0x003C35D8,0x005B7959
0x003C4280,0x005B7325
0x003C4F2B,0x005B6CF3
0x003C5BD9,0x005B66C2
0x003C688A,0x005B6093
0x003C753E,0x005B5A65
0x003C81F5,0x005B5439
0x003C8EAF,0x005B4E0F
0x003C9B6B,0x005B47E6
0x003CA82A,0x005B41BF
0x003CB4EC,0x005B3B99
0x003CC1B1,0x005B3575
0x003CCE79,0x005B2F52
0x003CDB44,0x005B2931
0x003CE812,0x005B2312
0x003CF4E3,0x005B1CF4
0x003D01B6,0x005B16D8
0x003D0E8C,0x005B10BD
0x003D1B65,0x005B0AA4
0x003D2841,0x005B048C
0x003D3520,0x005AFE76
0x003D4202,0x005AF862
0x003D4EE7,0x005AF24F
0x003D5BCF,0x005AEC3E
0x003D68BA,0x005AE62E
0x003D75A7,0x005AE020
0x003D8297,0x005ADA14
0x003D8F8A,0x005AD409
0x003D9C80,0x005ACE00
0x003DA979,0x005AC7F8
0x003DB675,0x005AC1F2
0x003DC374,0x005ABBED
0x003DD076,0x005AB5EA
0x003DDD7B,0x005AAFE9
0x003DEA83,0x005AA9E9
0x003DF78E,0x005AA3EB
0x003E049C,0x005A9DEE
0x003E11AD,0x005A97F3
0x003E1EC0,0x005A91F9
0x003E2BD6,0x005A8C01
0x003E38EF,0x005A860B
0x003E460B,0x005A8016
0x003E532A,0x005A7A23
0x003E604C,0x005A7431
0x003E6D71,0x005A6E41
0x003E7A99,0x005A6852
0x003E87C4,0x005A6265
0x003E94F2,0x005A5C7A
0x003EA223,0x005A5690
0x003EAF57,0x005A50A8
0x003EBC8E,0x005A4AC1
0x003EC9C8,0x005A44DC
0x003ED705,0x005A3EF9
0x003EE445,0x005A3917
0x003EF188,0x005A3337
0x003EFECE,0x005A2D58
0x003F0C17,0x005A277B
0x003F1963,0x005A219F
0x003F26B2,0x005A1BC5
0x003F3404,0x005A15ED
0x003F4159,0x005A1016
0x003F4EB1,0x005A0A41
0x003F5C0C,0x005A046D
0x003F696A,0x0059FE9B
0x003F76CB,0x0059F8CA
0x003F842F,0x0059F2FB
0x003F9196,0x0059ED2E
0x003F9F00,0x0059E762
0x003FAC6D,0x0059E198
0x003FB9DD,0x0059DBCF
0x003FC750,0x0059D608
0x003FD4C6,0x0059D043
0x003FE23F,0x0059CA7F
0x003FEFBB,0x0059C4BD
0x003FFD3A,0x0059BEFC
0x00400ABC,0x0059B93D
0x00401841,0x0059B37F
0x004025C9,0x0059ADC3
0x00403354,0x0059A809
0x004040E2,0x0059A250
0x00404E73,0x00599C99
0x00405C07,0x005996E3
0x0040699E,0x0059912F
0x00407738,0x00598B7D
0x004084D5,0x005985CC
0x00409275,0x0059801D
0x0040A019,0x00597A6F
0x0040ADC0,0x005974C3
0x0040BB6A,0x00596F18
0x0040C917,0x0059696F
0x0040D6C7,0x005963C8
0x0040E47A,0x00595E22
0x0040F230,0x0059587E
0x0040FFE9,0x005952DB
0x00410DA5,0x00594D3A
0x00411B64,0x0059479A
0x00412926,0x005941FC
0x004136EB,0x00593C60
0x004144B3,0x005936C5
0x0041527F,0x0059312C
0x0041604E,0x00592B94
0x00416E20,0x005925FE
0x00417BF5,0x0059206A
0x004189CD,0x00591AD7
0x004197A8,0x00591546
0x0041A586,0x00590FB6
0x0041B367,0x00590A28
0x0041C14B,0x0059049B
0x0041CF33,0x0058FF10
0x0041DD1E,0x0058F987
0x0041EB0C,0x0058F3FF
0x0041F8FD,0x0058EE79
0x004206F1,0x0058E8F4
0x004214E8,0x0058E371
0x004222E2,0x0058DDF0
0x004230DF,0x0058D870
0x00423EE0,0x0058D2F2
0x00424CE4,0x0058CD75
0x00425AEB,0x0058C7FA
0x004268F5,0x0058C280
0x00427702,0x0058BD08
0x00428512,0x0058B792
0x00429326,0x0058B21D
0x0042A13D,0x0058ACAA
0x0042AF57,0x0058A738
0x0042BD74,0x0058A1C8
0x0042CB94,0x00589C5A
0x0042D9B7,0x005896ED
0x0042E7DE,0x00589182
0x0042F608,0x00588C18
0x00430435,0x005886B0
0x00431265,0x00588149
0x00432098,0x00587BE4
0x00432ECE,0x00587681
0x00433D08,0x0058711F
0x00434B45,0x00586BBF
0x00435985,0x00586660
0x004367C8,0x00586103
0x0043760E,0x00585BA8
0x00438458,0x0058564E
0x004392A5,0x005850F6
0x0043A0F5,0x00584B9F
0x0043AF48,0x0058464A
0x0043BD9E,0x005840F6
0x0043CBF8,0x00583BA4
0x0043DA55,0x00583654
0x0043E8B5,0x00583105
0x0043F718,0x00582BB8
0x0044057F,0x0058266C
0x004413E9,0x00582122
0x00442256,0x00581BDA
0x004430C6,0x00581693
0x00443F3A,0x0058114E
0x00444DB1,0x00580C0A
0x00445C2B,0x005806C8
0x00446AA8,0x00580188
0x00447929,0x0057FC49
0x004487AD,0x0057F70C
0x00449634,0x0057F1D0
0x0044A4BE,0x0057EC96
0x0044B34C,0x0057E75D
0x0044C1DD,0x0057E226
0x0044D071,0x0057DCF1
0x0044DF08,0x0057D7BD
0x0044EDA3,0x0057D28B
0x0044FC41,0x0057CD5A
0x00450AE2,0x0057C82B
0x00451986,0x0057C2FE
0x0045282E,0x0057BDD2
0x004536D9,0x0057B8A8
0x00454587,0x0057B37F
0x00455439,0x0057AE58
0x004562EE,0x0057A933
0x004571A6,0x0057A40F
0x00458062,0x00579EED
0x00458F21,0x005799CC
0x00459DE3,0x005794AD
0x0045ACA8,0x00578F90
0x0045BB71,0x00578A74
0x0045CA3D,0x0057855A
0x0045D90C,0x00578041
0x0045E7DF,0x00577B2A
0x0045F6B5,0x00577614
0x0046058E,0x00577100
0x0046146B,0x00576BEE
0x0046234B,0x005766DD
0x0046322E,0x005761CE
0x00464115,0x00575CC0
0x00464FFF,0x005757B4
0x00465EEC,0x005752AA
0x00466DDD,0x00574DA1
0x00467CD1,0x0057489A
0x00468BC8,0x00574394
0x00469AC3,0x00573E90
0x0046A9C1,0x0057398E
0x0046B8C2,0x0057348D
0x0046C7C7,0x00572F8E
0x0046D6CF,0x00572A90
0x0046E5DB,0x00572594
0x0046F4EA,0x0057209A
0x004703FC,0x00571BA1
0x00471312,0x005716AA
0x0047222B,0x005711B4
0x00473147,0x00570CC0
0x00474067,0x005707CE
0x00474F8A,0x005702DD
0x00475EB1,0x0056FDEE
0x00476DDB,0x0056F900
0x00477D08,0x0056F414
0x00478C39,0x0056EF2A
0x00479B6D,0x0056EA41
0x0047AAA5,0x0056E55A
0x0047B9E0,0x0056E074
0x0047C91E,0x0056DB90
0x0047D860,0x0056D6AE
0x0047E7A5,0x0056D1CD
0x0047F6EE,0x0056CCEE
0x0048063A,0x0056C810
0x0048158A,0x0056C334
0x004824DD,0x0056BE5A
0x00483433,0x0056B981
0x0048438D,0x0056B4AA
0x004852EA,0x0056AFD4
0x0048624B,0x0056AB00
0x004871AF,0x0056A62E
0x00488117,0x0056A15D
0x00489082,0x00569C8E
0x00489FF1,0x005697C0
0x0048AF63,0x005692F4
0x0048BED8,0x00568E2A
0x0048CE51,0x00568961
0x0048DDCD,0x0056849A
0x0048ED4D,0x00567FD4
0x0048FCD0,0x00567B10
0x00490C57,0x0056764E
0x00491BE1,0x0056718D
0x00492B6F,0x00566CCE
0x00493B00,0x00566810
0x00494A95,0x00566354
0x00495A2D,0x00565E9A
0x004969C9,0x005659E1
0x00497968,0x0056552A
0x0049890B,0x00565074
0x004998B1,0x00564BC0
0x0049A85B,0x0056470E
0x0049B808,0x0056425D
0x0049C7B9,0x00563DAE
0x0049D76D,0x00563900
0x0049E725,0x00563454
0x0049F6E0,0x00562FAA
0x004A069F,0x00562B01
0x004A1661,0x0056265A
0x004A2627,0x005621B5
0x004A35F0,0x00561D11
0x004A45BD,0x0056186F
0x004A558D,0x005613CE
0x004A6561,0x00560F2F
0x004A7539,0x00560A92
0x004A8514,0x005605F6
0x004A94F3,0x0056015C
0x004AA4D5,0x0055FCC3
0x004AB4BB,0x0055F82C
0x004AC4A4,0x0055F397
0x004AD491,0x0055EF03
0x004AE481,0x0055EA71
0x004AF475,0x0055E5E0
0x004B046D,0x0055E151
0x004B1468,0x0055DCC4
0x004B2467,0x0055D838
0x004B3469,0x0055D3AE
0x004B446F,0x0055CF26
0x004B5478,0x0055CA9F
0x004B6485,0x0055C61A
0x004B7496,0x0055C196
0x004B84AA,0x0055BD14
0x004B94C2,0x0055B894
0x004BA4DD,0x0055B415
0x004BB4FC,0x0055AF98
0x004BC51F,0x0055AB1C
0x004BD545,0x0055A6A2
0x004BE56F,0x0055A22A
0x004BF59C,0x00559DB3
0x004C05CD,0x0055993E
0x004C1602,0x005594CB
0x004C263A,0x00559059
0x004C3676,0x00558BE9
0x004C46B6,0x0055877A
0x004C56F9,0x0055830D
0x004C6740,0x00557EA2
0x004C778B,0x00557A38
0x004C87D9,0x005575D0
0x004C982B,0x00557169
0x004CA880,0x00556D04
0x004CB8D9,0x005568A1
0x004CC936,0x0055643F
0x004CD996,0x00555FDF
0x004CE9FA,0x00555B81
0x004CFA62,0x00555724
0x004D0ACD,0x005552C9
0x004D1B3C,0x00554E6F
0x004D2BAF,0x00554A17
0x004D3C25,0x005545C1
0x004D4C9F,0x0055416C
0x004D5D1D,0x00553D19
0x004D6D9E,0x005538C8
0x004D7E23,0x00553478
0x004D8EAC,0x0055302A
0x004D9F39,0x00552BDD
0x004DAFC9,0x00552792
0x004DC05D,0x00552349
0x004DD0F5,0x00551F01
0x004DE190,0x00551ABB
0x004DF22F,0x00551677
0x004E02D2,0x00551234
0x004E1379,0x00550DF3
0x004E2423,0x005509B3
0x004E34D1,0x00550575
0x004E4583,0x00550139
0x004E5638,0x0054FCFE
0x004E66F1,0x0054F8C5
0x004E77AE,0x0054F48E
0x004E886F,0x0054F058
0x004E9933,0x0054EC24
0x004EA9FB,0x0054E7F2
0x004EBAC7,0x0054E3C1
0x004ECB97,0x0054DF92
0x004EDC6A,0x0054DB64
0x004EED41,0x0054D738
0x004EFE1C,0x0054D30E
0x004F0EFB,0x0054CEE5
0x004F1FDD,0x0054CABE
0x004F30C3,0x0054C699
0x004F41AD,0x0054C275
0x004F529B,0x0054BE53
0x004F638D,0x0054BA32
0x004F7482,0x0054B613
0x004F857B,0x0054B1F6
0x004F9678,0x0054ADDA
0x004FA779,0x0054A9C0
0x004FB87D,0x0054A5A8
0x004FC985,0x0054A191
0x004FDA91,0x00549D7C
0x004FEBA1,0x00549969
0x004FFCB5,0x00549557
0x00500DCC,0x00549147
0x00501EE7,0x00548D39
0x00503006,0x0054892C
0x00504129,0x00548521
0x00505250,0x00548117
0x0050637B,0x00547D0F
0x005074A9,0x00547909
0x005085DB,0x00547504
0x00509711,0x00547101
0x0050A84B,0x00546D00
0x0050B989,0x00546900
0x0050CACB,0x00546502
0x0050DC10,0x00546106
0x0050ED59,0x00545D0B
0x0050FEA6,0x00545912
0x00510FF7,0x0054551B
0x0051214C,0x00545125
0x005132A5,0x00544D31
0x00514402,0x0054493E
0x00515563,0x0054454D
0x005166C7,0x0054415E
0x0051782F,0x00543D70
0x0051899B,0x00543984
0x00519B0B,0x0054359A
0x0051AC7F,0x005431B1
0x0051BDF7,0x00542DCA
0x0051CF73,0x005429E5
0x0051E0F3,0x00542601
0x0051F277,0x0054221F
0x005203FE,0x00541E3F
0x00521589,0x00541A60
0x00522718,0x00541683
0x005238AB,0x005412A8
0x00524A42,0x00540ECE
0x00525BDD,0x00540AF6
0x00526D7C,0x00540720
0x00527F1F,0x0054034B
0x005290C6,0x0053FF78
0x0052A271,0x0053FBA7
0x0052B420,0x0053F7D7
0x0052C5D3,0x0053F409
0x0052D78A,0x0053F03C
0x0052E945,0x0053EC71
0x0052FB03,0x0053E8A8
0x00530CC5,0x0053E4E0
0x00531E8B,0x0053E11A
0x00533055,0x0053DD56
0x00534223,0x0053D993
0x005353F5,0x0053D5D2
0x005365CB,0x0053D213
0x005377A5,0x0053CE55
0x00538983,0x0053CA99
0x00539B65,0x0053C6DF
0x0053AD4B,0x0053C326
0x0053BF35,0x0053BF6F
0x0053D123,0x0053BBBA
0x0053E315,0x0053B806
0x0053F50B,0x0053B454
0x00540705,0x0053B0A4
0x00541903,0x0053ACF5
0x00542B05,0x0053A948
0x00543D0B,0x0053A59D
0x00544F15,0x0053A1F3
0x00546123,0x00539E4B
0x00547335,0x00539AA5
0x0054854B,0x00539700
0x00549765,0x0053935D
0x0054A983,0x00538FBC
0x0054BBA5,0x00538C1C
0x0054CDCB,0x0053887E
0x0054DFF5,0x005384E2
0x0054F223,0x00538147
0x00550455,0x00537DAE
0x0055168C,0x00537A17
0x005528C7,0x00537681
0x00553B06,0x005372ED
0x00554D49,0x00536F5B
0x00555F90,0x00536BCB
0x005571DB,0x0053683C
0x0055842A,0x005364AF
0x0055967D,0x00536124
0x0055A8D4,0x00535D9A
0x0055BB2F,0x00535A12
0x0055CD8E,0x0053568C
0x0055DFF1,0x00535307
0x0055F258,0x00534F84
0x005604C4,0x00534C03
0x00561734,0x00534883
0x005629A8,0x00534505
0x00563C20,0x00534189
0x00564E9C,0x00533E0E
0x0056611C,0x00533A95
0x005673A0,0x0053371E
0x00568628,0x005333A8
0x005698B4,0x00533034
0x0056AB45,0x00532CC2
0x0056BDDA,0x00532951
0x0056D073,0x005325E2
0x0056E310,0x00532275
0x0056F5B1,0x00531F0A
0x00570856,0x00531BA0
0x00571AFF,0x00531838
0x00572DAD,0x005314D2
0x0057405F,0x0053116D
0x00575315,0x00530E0A
0x005765CF,0x00530AA9
0x0057788D,0x00530749
0x00578B4F,0x005303EB
0x00579E15,0x0053008F
0x0057B0E0,0x0052FD34
0x0057C3AF,0x0052F9DB
0x0057D682,0x0052F684
0x0057E959,0x0052F32F
0x0057FC34,0x0052EFDB
0x00580F14,0x0052EC89
0x005821F8,0x0052E939
0x005834E0,0x0052E5EA
0x005847CC,0x0052E29D
0x00585ABC,0x0052DF52
0x00586DB1,0x0052DC08
0x005880AA,0x0052D8C0
0x005893A7,0x0052D57A
0x0058A6A8,0x0052D236
0x0058B9AD,0x0052CEF3
0x0058CCB7,0x0052CBB2
0x0058DFC5,0x0052C873
0x0058F2D7,0x0052C535
0x005905ED,0x0052C1F9
0x00591908,0x0052BEBF
0x00592C27,0x0052BB86
0x00593F4A,0x0052B84F
0x00595271,0x0052B51A
0x0059659D,0x0052B1E7
0x005978CD,0x0052AEB5
0x00598C01,0x0052AB85
0x00599F39,0x0052A857
0x0059B276,0x0052A52A
0x0059C5B7,0x0052A1FF
0x0059D8FC,0x00529ED6
0x0059EC46,0x00529BAF
0x0059FF94,0x00529889
0x005A12E6,0x00529565
0x005A263C,0x00529243
0x005A3997,0x00528F22
0x005A4CF6,0x00528C03
0x005A6059,0x005288E6
0x005A73C1,0x005285CB
0x005A872D,0x005282B1
0x005A9A9D,0x00527F99
0x005AAE11,0x00527C83
0x005AC18A,0x0052796E
0x005AD507,0x0052765B
0x005AE888,0x0052734A
0x005AFC0E,0x0052703B
0x005B0F98,0x00526D2D
0x005B2326,0x00526A21
0x005B36B9,0x00526717
0x005B4A50,0x0052640F
0x005B5DEB,0x00526108
0x005B718B,0x00525E03
0x005B852F,0x00525B00
0x005B98D8,0x005257FE
0x005BAC85,0x005254FE
0x005BC036,0x00525200
0x005BD3EC,0x00524F04
0x005BE7A6,0x00524C09
0x005BFB64,0x00524910
0x005C0F27,0x00524619
0x005C22EE,0x00524324
0x005C36BA,0x00524030
0x005C4A8A,0x00523D3E
0x005C5E5E,0x00523A4E
0x005C7237,0x0052375F
0x005C8614,0x00523472
0x005C99F6,0x00523187
0x005CADDC,0x00522E9E
0x005CC1C6,0x00522BB6
0x005CD5B5,0x005228D0
0x005CE9A8,0x005225EC
0x005CFDA0,0x0052230A
0x005D119C,0x00522029
0x005D259C,0x00521D4A
0x005D39A1,0x00521A6D
0x005D4DAA,0x00521792
0x005D61B8,0x005214B8
0x005D75CA,0x005211E0
0x005D89E1,0x00520F0A
0x005D9DFC,0x00520C36
0x005DB21C,0x00520963
0x005DC640,0x00520692
0x005DDA68,0x005203C3
0x005DEE95,0x005200F6
0x005E02C6,0x0051FE2A
0x005E16FC,0x0051FB60
0x005E2B36,0x0051F898
0x005E3F75,0x0051F5D2
0x005E53B8,0x0051F30D
0x005E6800,0x0051F04A
0x005E7C4C,0x0051ED89
0x005E909D,0x0051EACA
0x005EA4F2,0x0051E80C
0x005EB94C,0x0051E550
0x005ECDAA,0x0051E296
0x005EE20D,0x0051DFDE
0x005EF674,0x0051DD27
0x005F0AE0,0x0051DA72
0x005F1F50,0x0051D7BF
0x005F33C5,0x0051D50E
0x005F483E,0x0051D25E
0x005F5CBC,0x0051CFB0
0x005F713E,0x0051CD04
0x005F85C5,0x0051CA5A
0x005F9A51,0x0051C7B1
0x005FAEE1,0x0051C50A
0x005FC376,0x0051C265
0x005FD80F,0x0051BFC2
0x005FECAD,0x0051BD21
0x0060014F,0x0051BA81
0x006015F6,0x0051B7E3
0x00602AA1,0x0051B547
0x00603F51,0x0051B2AD
0x00605406,0x0051B014
0x006068BF,0x0051AD7D
0x00607D7D,0x0051AAE8
0x0060923F,0x0051A855
0x0060A706,0x0051A5C4
0x0060BBD2,0x0051A334
0x0060D0A2,0x0051A0A6
0x0060E577,0x00519E1A
0x0060FA50,0x00519B90
0x00610F2E,0x00519907
0x00612411,0x00519680
0x006138F8,0x005193FB
0x00614DE4,0x00519178
0x006162D4,0x00518EF7
0x006177C9,0x00518C77
0x00618CC3,0x005189F9
0x0061A1C1,0x0051877D
0x0061B6C4,0x00518503
0x0061CBCC,0x0051828A
0x0061E0D8,0x00518013
0x0061F5E9,0x00517D9E
0x00620AFF,0x00517B2B
0x00622019,0x005178BA
0x00623538,0x0051764A
0x00624A5C,0x005173DC
0x00625F84,0x00517170
0x006274B1,0x00516F06
0x006289E3,0x00516C9E
0x00629F19,0x00516A37
0x0062B454,0x005167D2
0x0062C994,0x0051656F
0x0062DED8,0x0051630E
0x0062F421,0x005160AF
0x0063096F,0x00515E51
0x00631EC1,0x00515BF5
0x00633418,0x0051599B
0x00634974,0x00515743
0x00635ED5,0x005154ED
0x0063743A,0x00515298
0x006389A4,0x00515045
0x00639F13,0x00514DF4
0x0063B486,0x00514BA5
0x0063C9FE,0x00514958
0x0063DF7B,0x0051470C
0x0063F4FD,0x005144C2
0x00640A83,0x0051427A
0x0064200E,0x00514034
0x0064359E,0x00513DF0
0x00644B33,0x00513BAE
0x006460CC,0x0051396D
0x0064766A,0x0051372E
0x00648C0D,0x005134F1
0x0064A1B5,0x005132B6
0x0064B762,0x0051307D
0x0064CD13,0x00512E45
0x0064E2C9,0x00512C0F
0x0064F884,0x005129DB
0x00650E44,0x005127A9
0x00652408,0x00512579
0x006539D1,0x0051234B
0x00654F9F,0x0051211E
0x00656572,0x00511EF3
0x00657B4A,0x00511CCA
0x00659127,0x00511AA3
0x0065A708,0x0051187E
0x0065BCEE,0x0051165B
0x0065D2D9,0x00511439
0x0065E8C9,0x00511219
0x0065FEBE,0x00510FFB
0x006614B7,0x00510DDF
0x00662AB5,0x00510BC5
0x006640B8,0x005109AD
0x006656C0,0x00510796
0x00666CCD,0x00510581
0x006682DF,0x0051036E
0x006698F6,0x0051015D
0x0066AF11,0x0050FF4E
0x0066C531,0x0050FD41
0x0066DB56,0x0050FB35
0x0066F180,0x0050F92B
0x006707AF,0x0050F723
0x00671DE3,0x0050F51D
0x0067341C,0x0050F319
0x00674A5A,0x0050F117
0x0067609D,0x0050EF16
0x006776E4,0x0050ED17
0x00678D30,0x0050EB1A
0x0067A381,0x0050E91F
0x0067B9D7,0x0050E726
0x0067D032,0x0050E52F
0x0067E692,0x0050E33A
0x0067FCF7,0x0050E146
0x00681361,0x0050DF54
0x006829D0,0x0050DD64
0x00684044,0x0050DB76
0x006856BD,0x0050D98A
0x00686D3B,0x0050D7A0
0x006883BE,0x0050D5B8
0x00689A45,0x0050D3D2
0x0068B0D1,0x0050D1ED
0x0068C762,0x0050D00A
0x0068DDF8,0x0050CE29
0x0068F493,0x0050CC4A
0x00690B33,0x0050CA6D
0x006921D8,0x0050C892
0x00693882,0x0050C6B9
0x00694F31,0x0050C4E1
0x006965E5,0x0050C30B
0x00697C9E,0x0050C137
0x0069935C,0x0050BF65
0x0069AA1F,0x0050BD95
0x0069C0E7,0x0050BBC7
0x0069D7B4,0x0050B9FB
0x0069EE86,0x0050B831
0x006A055D,0x0050B668
0x006A1C39,0x0050B4A1
0x006A331A,0x0050B2DC
0x006A4A00,0x0050B119
0x006A60EB,0x0050AF58
0x006A77DB,0x0050AD99
0x006A8ED0,0x0050ABDC
0x006AA5CA,0x0050AA21
0x006ABCCA,0x0050A868
0x006AD3CF,0x0050A6B0
0x006AEAD9,0x0050A4FA
0x006B01E8,0x0050A346
0x006B18FC,0x0050A194
0x006B3015,0x00509FE4
0x006B4733,0x00509E36
0x006B5E56,0x00509C8A
0x006B757E,0x00509AE0
0x006B8CAB,0x00509938
0x006BA3DD,0x00509792
0x006BBB14,0x005095ED
0x006BD250,0x0050944A
0x006BE992,0x005092A9
0x006C00D9,0x0050910A
0x006C1825,0x00508F6D
0x006C2F76,0x00508DD2
0x006C46CC,0x00508C39
0x006C5E27,0x00508AA2
0x006C7587,0x0050890D
0x006C8CEC,0x0050877A
0x006CA456,0x005085E9
0x006CBBC6,0x00508459
0x006CD33B,0x005082CB
0x006CEAB5,0x0050813F
0x006D0234,0x00507FB5
0x006D19B8,0x00507E2D
0x006D3141,0x00507CA7
0x006D48D0,0x00507B23
0x006D6064,0x005079A1
0x006D77FD,0x00507821
0x006D8F9B,0x005076A3
0x006DA73E,0x00507527
0x006DBEE6,0x005073AD
0x006DD694,0x00507235
0x006DEE47,0x005070BE
0x006E05FF,0x00506F49
0x006E1DBC,0x00506DD6
0x006E357E,0x00506C65
0x006E4D46,0x00506AF6
0x006E6513,0x00506989
0x006E7CE5,0x0050681E
0x006E94BC,0x005066B5
0x006EAC98,0x0050654E
0x006EC47A,0x005063E9
0x006EDC61,0x00506286
0x006EF44D,0x00506125
0x006F0C3E,0x00505FC6
0x006F2435,0x00505E69
0x006F3C31,0x00505D0E
0x006F5432,0x00505BB5
0x006F6C38,0x00505A5E
0x006F8444,0x00505909
0x006F9C55,0x005057B5
0x006FB46B,0x00505663
0x006FCC86,0x00505513
0x006FE4A7,0x005053C5
0x006FFCCD,0x00505279
0x007014F8,0x0050512F
0x00702D29,0x00504FE7
0x0070455F,0x00504EA1
0x00705D9A,0x00504D5D
0x007075DA,0x00504C1B
0x00708E20,0x00504ADB
0x0070A66B,0x0050499D
0x0070BEBB,0x00504861
0x0070D711,0x00504727
0x0070EF6C,0x005045EF
0x007107CC,0x005044B9
0x00712032,0x00504385
0x0071389D,0x00504253
0x0071510D,0x00504123
0x00716983,0x00503FF5
0x007181FE,0x00503EC9
0x00719A7E,0x00503D9F
0x0071B304,0x00503C77
0x0071CB8F,0x00503B51
0x0071E41F,0x00503A2D
0x0071FCB5,0x0050390B
0x00721550,0x005037EB
0x00722DF1,0x005036CD
0x00724697,0x005035B1
0x00725F42,0x00503497
0x007277F3,0x0050337F
0x007290A9,0x00503269
0x0072A965,0x00503155
0x0072C226,0x00503043
0x0072DAEC,0x00502F33
0x0072F3B8,0x00502E25
0x00730C89,0x00502D19
0x00732560,0x00502C0F
0x00733E3C,0x00502B07
0x0073571D,0x00502A01
0x00737004,0x005028FD
0x007388F0,0x005027FB
0x0073A1E2,0x005026FB
0x0073BAD9,0x005025FD
0x0073D3D6,0x00502501
0x0073ECD8,0x00502407
0x007405E0,0x0050230F
0x00741EED,0x00502219
0x007437FF,0x00502125
0x00745117,0x00502033
0x00746A34,0x00501F43
0x00748357,0x00501E55
0x00749C7F,0x00501D69
0x0074B5AD,0x00501C7F
0x0074CEE0,0x00501B97
0x0074E819,0x00501AB1
0x00750157,0x005019CD
0x00751A9B,0x005018EB
0x007533E4,0x0050180B
0x00754D33,0x0050172D
0x00756687,0x00501651
0x00757FE1,0x00501577
0x00759940,0x0050149F
0x0075B2A5,0x005013C9
0x0075CC0F,0x005012F5
0x0075E57F,0x00501223
0x0075FEF5,0x00501153
0x00761870,0x00501085
0x007631F1,0x00500FB9
0x00764B77,0x00500EF0
0x00766503,0x00500E29
0x00767E94,0x00500D64
0x0076982B,0x00500CA1
0x0076B1C7,0x00500BE0
0x0076CB69,0x00500B21
0x0076E511,0x00500A64
0x0076FEBE,0x005009A9
0x00771871,0x005008F0
0x00773229,0x00500839
0x00774BE7,0x00500784
0x007765AB,0x005006D1
0x00777F74,0x00500620
0x00779943,0x00500571
0x0077B317,0x005004C4
0x0077CCF1,0x00500419
0x0077E6D1,0x00500371
0x007800B6,0x005002CB
0x00781AA1,0x00500227
0x00783492,0x00500185
0x00784E88,0x005000E5
0x00786884,0x00500047
0x00788285,0x004FFFAB
0x00789C8C,0x004FFF11
0x0078B699,0x004FFE79
0x0078D0AB,0x004FFDE3
0x0078EAC3,0x004FFD4F
0x007904E1,0x004FFCBD
0x00791F04,0x004FFC2E
0x0079392D,0x004FFBA1
0x0079535C,0x004FFB16
0x00796D91,0x004FFA8D
0x007987CB,0x004FFA06
0x0079A20B,0x004FF981
0x0079BC51,0x004FF8FE
0x0079D69C,0x004FF87D
0x0079F0ED,0x004FF7FE
0x007A0B44,0x004FF781
0x007A25A0,0x004FF707
0x007A4002,0x004FF68F
0x007A5A6A,0x004FF619
0x007A74D8,0x004FF5A5
0x007A8F4B,0x004FF533
0x007AA9C4,0x004FF4C3
0x007AC443,0x004FF455
0x007ADEC8,0x004FF3E9
0x007AF952,0x004FF380
0x007B13E2,0x004FF319
0x007B2E78,0x004FF2B4
0x007B4914,0x004FF251
0x007B63B5,0x004FF1F0
0x007B7E5C,0x004FF191
0x007B9909,0x004FF134
0x007BB3BC,0x004FF0D9
0x007BCE75,0x004FF081
0x007BE933,0x004FF02B
0x007C03F7,0x004FEFD7
0x007C1EC1,0x004FEF85
0x007C3991,0x004FEF35
0x007C5467,0x004FEEE7
0x007C6F42,0x004FEE9B
0x007C8A23,0x004FEE52
0x007CA50A,0x004FEE0B
0x007CBFF7,0x004FEDC6
0x007CDAEA,0x004FED83
0x007CF5E3,0x004FED42
0x007D10E1,0x004FED03
0x007D2BE5,0x004FECC6
0x007D46EF,0x004FEC8C
0x007D61FF,0x004FEC54
0x007D7D15,0x004FEC1E
0x007D9831,0x004FEBEA
0x007DB353,0x004FEBB8
0x007DCE7A,0x004FEB88
0x007DE9A7,0x004FEB5B
0x007E04DA,0x004FEB30
0x007E2013,0x004FEB07
0x007E3B52,0x004FEAE0
0x007E5697,0x004FEABB
0x007E71E2,0x004FEA99
0x007E8D33,0x004FEA79
0x007EA88A,0x004FEA5B
0x007EC3E6,0x004FEA3F
0x007EDF48,0x004FEA25
0x007EFAB0,0x004FEA0D
0x007F161E,0x004FE9F8
0x007F3192,0x004FE9E5
0x007F4D0C,0x004FE9D4
0x007F688C,0x004FE9C5
0x007F8412,0x004FE9B8
0x007F9F9E,0x004FE9AE
0x007FBB30,0x004FE9A6
0x007FD6C8,0x004FE9A0
0x007FF266,0x004FE99C
0x00800E0A,0x004FE99A
0x008029B4,0x004FE99B
0x00804564,0x004FE99E
0x0080611A,0x004FE9A3
0x00807CD6,0x004FE9AA
0x00809898,0x004FE9B3
0x0080B460,0x004FE9BF
0x0080D02E,0x004FE9CD
0x0080EC02,0x004FE9DD
0x008107DC,0x004FE9EF
0x008123BC,0x004FEA04
0x00813FA2,0x004FEA1B
0x00815B8E,0x004FEA34
0x00817780,0x004FEA4F
0x00819378,0x004FEA6D
0x0081AF76,0x004FEA8D
0x0081CB7A,0x004FEAAF
0x0081E784,0x004FEAD3
0x00820394,0x004FEAF9
0x00821FAA,0x004FEB22
0x00823BC6,0x004FEB4D
0x008257E8,0x004FEB7A
0x00827410,0x004FEBA9
0x0082903E,0x004FEBDB
0x0082AC72,0x004FEC0F
0x0082C8AC,0x004FEC45
0x0082E4ED,0x004FEC7D
0x00830134,0x004FECB8
0x00831D81,0x004FECF5
0x008339D4,0x004FED34
0x0083562D,0x004FED76
0x0083728C,0x004FEDBA
0x00838EF1,0x004FEE00
0x0083AB5C,0x004FEE48
0x0083C7CD,0x004FEE93
0x0083E444,0x004FEEE0
0x008400C2,0x004FEF2F
0x00841D46,0x004FEF80
0x008439D0,0x004FEFD4
0x00845660,0x004FF02A
0x008472F6,0x004FF082
0x00848F92,0x004FF0DD
0x0084AC34,0x004FF13A
0x0084C8DD,0x004FF199
0x0084E58C,0x004FF1FA
0x00850241,0x004FF25E
0x00851EFC,0x004FF2C4
0x00853BBD,0x004FF32C
0x00855885,0x004FF397
0x00857553,0x004FF404
0x00859227,0x004FF473
0x0085AF01,0x004FF4E5
0x0085CBE1,0x004FF559
0x0085E8C8,0x004FF5CF
0x008605B5,0x004FF647
0x008622A8,0x004FF6C2
0x00863FA1,0x004FF73F
0x00865CA0,0x004FF7BE
0x008679A6,0x004FF840
0x008696B2,0x004FF8C4
0x0086B3C4,0x004FF94A
0x0086D0DC,0x004FF9D3
0x0086EDFB,0x004FFA5E
0x00870B20,0x004FFAEB
0x0087284B,0x004FFB7B
0x0087457C,0x004FFC0D
0x008762B4,0x004FFCA1
0x00877FF2,0x004FFD38
0x00879D36,0x004FFDD1
0x0087BA80,0x004FFE6C
0x0087D7D1,0x004FFF0A
0x0087F528,0x004FFFAA
0x00881285,0x0050004C
0x00882FE9,0x005000F1
0x00884D53,0x00500198
0x00886AC3,0x00500242
0x0088883A,0x005002EE
0x0088A5B7,0x0050039C
0x0088C33A,0x0050044D
0x0088E0C4,0x00500500
0x0088FE54,0x005005B5
0x00891BEA,0x0050066D
0x00893987,0x00500727
0x0089572A,0x005007E3
0x008974D3,0x005008A2
0x00899283,0x00500963
0x0089B039,0x00500A27
0x0089CDF5,0x00500AED
0x0089EBB8,0x00500BB5
0x008A0981,0x00500C80
0x008A2750,0x00500D4D
0x008A4526,0x00500E1D
0x008A6302,0x00500EEF
0x008A80E5,0x00500FC3
0x008A9ECE,0x0050109A
0x008ABCBD,0x00501173
0x008ADAB3,0x0050124F
0x008AF8AF,0x0050132D
0x008B16B2,0x0050140D
0x008B34BB,0x005014F0
0x008B52CA,0x005015D5
0x008B70E0,0x005016BD
0x008B8EFC,0x005017A7
0x008BAD1F,0x00501893
0x008BCB48,0x00501982
0x008BE978,0x00501A73
0x008C07AE,0x00501B67
0x008C25EB,0x00501C5D
0x008C442E,0x00501D56
0x008C6278,0x00501E51
0x008C80C8,0x00501F4F
0x008C9F1E,0x0050204F
0x008CBD7B,0x00502151
0x008CDBDE,0x00502256
0x008CFA48,0x0050235D
0x008D18B8,0x00502467
0x008D372F,0x00502573
0x008D55AC,0x00502682
0x008D7430,0x00502793
0x008D92BA,0x005028A7
0x008DB14B,0x005029BD
0x008DCFE2,0x00502AD5
0x008DEE80,0x00502BF0
0x008E0D25,0x00502D0D
0x008E2BD0,0x00502E2D
0x008E4A82,0x00502F4F
0x008E693A,0x00503074
0x008E87F9,0x0050319B
0x008EA6BE,0x005032C5
0x008EC58A,0x005033F1
0x008EE45C,0x00503520
0x008F0335,0x00503651
0x008F2215,0x00503785
0x008F40FB,0x005038BB
0x008F5FE8,0x005039F4
0x008F7EDB,0x00503B2F
0x008F9DD5,0x00503C6D
0x008FBCD5,0x00503DAD
0x008FDBDC,0x00503EF0
0x008FFAEA,0x00504035
0x009019FE,0x0050417D
0x00903919,0x005042C7
0x0090583B,0x00504414
0x00907763,0x00504563
0x00909692,0x005046B5
0x0090B5C7,0x00504809
0x0090D503,0x00504960
0x0090F446,0x00504AB9
0x0091138F,0x00504C15
0x009132DF,0x00504D74
0x00915236,0x00504ED5
0x00917193,0x00505039
0x009190F7,0x0050519F
0x0091B062,0x00505308
0x0091CFD3,0x00505473
0x0091EF4B,0x005055E1
0x00920ECA,0x00505751
0x00922E4F,0x005058C4
0x00924DDB,0x00505A39
0x00926D6E,0x00505BB1
0x00928D08,0x00505D2C
0x0092ACA8,0x00505EA9
0x0092CC4F,0x00506029
0x0092EBFD,0x005061AB
0x00930BB1,0x00506330
0x00932B6C,0x005064B7
0x00934B2E,0x00506641
0x00936AF7,0x005067CE
0x00938AC6,0x0050695D
0x0093AA9C,0x00506AEF
0x0093CA79,0x00506C83
0x0093EA5D,0x00506E1A
0x00940A47,0x00506FB4
0x00942A38,0x00507150
0x00944A30,0x005072EF
0x00946A2F,0x00507490
0x00948A34,0x00507634
0x0094AA40,0x005077DB
0x0094CA53,0x00507984
0x0094EA6D,0x00507B30
0x00950A8E,0x00507CDE
0x00952AB5,0x00507E8F
0x00954AE3,0x00508043
0x00956B18,0x005081F9
0x00958B54,0x005083B2
0x0095AB97,0x0050856E
0x0095CBE1,0x0050872C
0x0095EC31,0x005088ED
0x00960C88,0x00508AB0
0x00962CE6,0x00508C76
0x00964D4B,0x00508E3F
0x00966DB7,0x0050900A
0x00968E2A,0x005091D8
0x0096AEA4,0x005093A9
0x0096CF24,0x0050957C
0x0096EFAB,0x00509752
0x00971039,0x0050992B
0x009730CE,0x00509B06
0x0097516A,0x00509CE4
0x0097720D,0x00509EC5
0x009792B7,0x0050A0A8
0x0097B368,0x0050A28E
0x0097D420,0x0050A477
0x0097F4DE,0x0050A662
0x009815A3,0x0050A850
0x0098366F,0x0050AA41
0x00985742,0x0050AC34
0x0098781C,0x0050AE2A
0x009898FD,0x0050B023
0x0098B9E5,0x0050B21F
0x0098DAD4,0x0050B41D
0x0098FBCA,0x0050B61E
0x00991CC7,0x0050B822
0x00993DCB,0x0050BA28
0x00995ED6,0x0050BC31
0x00997FE8,0x0050BE3D
0x0099A101,0x0050C04C
0x0099C221,0x0050C25D
0x0099E348,0x0050C471
0x009A0476,0x0050C688
0x009A25AB,0x0050C8A1
0x009A46E7,0x0050CABD
0x009A682A,0x0050CCDC
0x009A8974,0x0050CEFE
0x009AAAC5,0x0050D122
0x009ACC1D,0x0050D349
0x009AED7C,0x0050D573
0x009B0EE2,0x0050D7A0
0x009B304F,0x0050D9CF
0x009B51C3,0x0050DC01
0x009B733E,0x0050DE36
0x009B94C0,0x0050E06E
0x009BB649,0x0050E2A9
0x009BD7D9,0x0050E4E6
0x009BF970,0x0050E726
0x009C1B0E,0x0050E969
0x009C3CB3,0x0050EBAF
0x009C5E5F,0x0050EDF7
0x009C8012,0x0050F042
0x009CA1CC,0x0050F290
0x009CC38E,0x0050F4E1
0x009CE557,0x0050F735
0x009D0727,0x0050F98B
0x009D28FE,0x0050FBE4
0x009D4ADC,0x0050FE40
0x009D6CC1,0x0051009F
0x009D8EAD,0x00510301
0x009DB0A0,0x00510565
0x009DD29A,0x005107CC
0x009DF49C,0x00510A36
0x009E16A5,0x00510CA3
0x009E38B5,0x00510F13
0x009E5ACC,0x00511186
0x009E7CEA,0x005113FB
0x009E9F0F,0x00511673
0x009EC13B,0x005118EE
0x009EE36F,0x00511B6C
0x009F05AA,0x00511DED
0x009F27EC,0x00512071
0x009F4A35,0x005122F8
0x009F6C85,0x00512581
0x009F8EDC,0x0051280D
0x009FB13B,0x00512A9C
0x009FD3A1,0x00512D2E
0x009FF60E,0x00512FC3
0x00A01882,0x0051325B
0x00A03AFE,0x005134F6
0x00A05D81,0x00513794
0x00A0800B,0x00513A34
0x00A0A29C,0x00513CD7
0x00A0C534,0x00513F7D
0x00A0E7D4,0x00514226
0x00A10A7B,0x005144D2
0x00A12D29,0x00514781
0x00A14FDE,0x00514A33
0x00A1729B,0x00514CE8
0x00A1955F,0x00514FA0
0x00A1B82A,0x0051525B
0x00A1DAFC,0x00515518
0x00A1FDD6,0x005157D8
0x00A220B7,0x00515A9B
0x00A2439F,0x00515D61
0x00A2668F,0x0051602A
0x00A28986,0x005162F6
0x00A2AC84,0x005165C5
0x00A2CF8A,0x00516897
0x00A2F297,0x00516B6C
0x00A315AB,0x00516E44
0x00A338C6,0x0051711F
0x00A35BE9,0x005173FD
0x00A37F13,0x005176DE
0x00A3A244,0x005179C2
0x00A3C57D,0x00517CA9
0x00A3E8BD,0x00517F93
0x00A40C04,0x00518280
0x00A42F53,0x00518570
0x00A452A9,0x00518863
0x00A47607,0x00518B59
0x00A4996C,0x00518E52
0x00A4BCD8,0x0051914E
0x00A4E04C,0x0051944D
0x00A503C7,0x0051974F
0x00A52749,0x00519A54
0x00A54AD3,0x00519D5C
0x00A56E64,0x0051A067
0x00A591FD,0x0051A375
0x00A5B59D,0x0051A686
0x00A5D944,0x0051A99A
0x00A5FCF3,0x0051ACB1
0x00A620A9,0x0051AFCB
0x00A64467,0x0051B2E8
0x00A6682C,0x0051B608
0x00A68BF9,0x0051B92B
0x00A6AFCD,0x0051BC51
0x00A6D3A8,0x0051BF7A
0x00A6F78B,0x0051C2A6
0x00A71B75,0x0051C5D5
0x00A73F67,0x0051C907
0x00A76360,0x0051CC3C
0x00A78761,0x0051CF74
0x00A7AB69,0x0051D2AF
0x00A7CF79,0x0051D5ED
0x00A7F390,0x0051D92F
0x00A817AF,0x0051DC74
0x00A83BD5,0x0051DFBC
0x00A86003,0x0051E307
0x00A88438,0x0051E655
0x00A8A875,0x0051E9A6
0x00A8CCB9,0x0051ECFA
0x00A8F105,0x0051F051
0x00A91558,0x0051F3AB
0x00A939B3,0x0051F708
0x00A95E15,0x0051FA69
0x00A9827F,0x0051FDCD
0x00A9A6F0,0x00520134
0x00A9CB69,0x0052049E
0x00A9EFE9,0x0052080B
0x00AA1471,0x00520B7B
0x00AA3901,0x00520EEE
0x00AA5D98,0x00521264
0x00AA8237,0x005215DE
0x00AAA6DD,0x0052195B
0x00AACB8B,0x00521CDB
0x00AAF040,0x0052205E
0x00AB14FD,0x005223E4
0x00AB39C2,0x0052276D
0x00AB5E8E,0x00522AFA
0x00AB8362,0x00522E8A
0x00ABA83D,0x0052321D
0x00ABCD20,0x005235B3
0x00ABF20B,0x0052394C
0x00AC16FD,0x00523CE9
0x00AC3BF7,0x00524089
0x00AC60F9,0x0052442C
0x00AC8602,0x005247D2
0x00ACAB13,0x00524B7B
0x00ACD02C,0x00524F28
0x00ACF54C,0x005252D8
0x00AD1A74,0x0052568B
0x00AD3FA3,0x00525A41
0x00AD64DA,0x00525DFA
0x00AD8A19,0x005261B7
0x00ADAF60,0x00526577
0x00ADD4AE,0x0052693A
0x00ADFA04,0x00526D00
0x00AE1F62,0x005270CA
0x00AE44C7,0x00527497
0x00AE6A34,0x00527867
0x00AE8FA9,0x00527C3A
0x00AEB525,0x00528011
0x00AEDAA9,0x005283EB
0x00AF0035,0x005287C8
0x00AF25C9,0x00528BA9
0x00AF4B64,0x00528F8D
0x00AF7107,0x00529374
0x00AF96B2,0x0052975E
0x00AFBC64,0x00529B4C
0x00AFE21E,0x00529F3D
0x00B007E0,0x0052A331
0x00B02DAA,0x0052A729
0x00B0537C,0x0052AB24
0x00B07955,0x0052AF22
0x00B09F36,0x0052B324
0x00B0C51F,0x0052B729
0x00B0EB10,0x0052BB31
0x00B11108,0x0052BF3D
0x00B13708,0x0052C34C
0x00B15D10,0x0052C75E
0x00B18320,0x0052CB74
0x00B1A938,0x0052CF8D
0x00B1CF57,0x0052D3A9
0x00B1F57E,0x0052D7C9
0x00B21BAD,0x0052DBEC
0x00B241E4,0x0052E012
0x00B26823,0x0052E43C
0x00B28E6A,0x0052E869
0x00B2B4B8,0x0052EC9A
0x00B2DB0E,0x0052F0CE
0x00B3016C,0x0052F505
0x00B327D2,0x0052F940
0x00B34E40,0x0052FD7E
0x00B374B6,0x005301BF
0x00B39B33,0x00530604
0x00B3C1B8,0x00530A4C
0x00B3E845,0x00530E98
0x00B40EDA,0x005312E7
0x00B43577,0x0053173A
0x00B45C1C,0x00531B90
0x00B482C9,0x00531FE9
0x00B4A97E,0x00532446
0x00B4D03B,0x005328A6
0x00B4F700,0x00532D0A
0x00B51DCC,0x00533171
0x00B544A0,0x005335DC
0x00B56B7C,0x00533A4A
0x00B59260,0x00533EBC
0x00B5B94C,0x00534331
0x00B5E040,0x005347AA
0x00B6073C,0x00534C26
0x00B62E40,0x005350A6
0x00B6554C,0x00535529
0x00B67C60,0x005359B0
0x00B6A37C,0x00535E3A
0x00B6CAA0,0x005362C8
0x00B6F1CC,0x00536759
0x00B71900,0x00536BEE
0x00B7403C,0x00537086
0x00B76780,0x00537522
0x00B78ECC,0x005379C1
0x00B7B620,0x00537E64
0x00B7DD7C,0x0053830A
0x00B804E0,0x005387B4
0x00B82C4C,0x00538C61
0x00B853C0,0x00539112
0x00B87B3C,0x005395C6
0x00B8A2C0,0x00539A7E
0x00B8CA4C,0x00539F3A
0x00B8F1E0,0x0053A3F9
0x00B9197C,0x0053A8BC
0x00B94120,0x0053AD82
0x00B968CC,0x0053B24C
0x00B99080,0x0053B71A
0x00B9B83C,0x0053BBEB
0x00B9E000,0x0053C0C0
0x00BA07CC,0x0053C598
0x00BA2FA0,0x0053CA74
0x00BA577C,0x0053CF54
0x00BA7F60,0x0053D437
0x00BAA74D,0x0053D91E
0x00BACF42,0x0053DE08
0x00BAF73F,0x0053E2F6
0x00BB1F44,0x0053E7E8
0x00BB4751,0x0053ECDD
0x00BB6F66,0x0053F1D6
0x00BB9783,0x0053F6D3
0x00BBBFA8,0x0053FBD3
0x00BBE7D5,0x005400D7
0x00BC100B,0x005405DF
0x00BC3849,0x00540AEA
0x00BC608F,0x00540FF9
0x00BC88DD,0x0054150C
0x00BCB133,0x00541A22
0x00BCD991,0x00541F3C
0x00BD01F7,0x0054245A
0x00BD2A66,0x0054297C
0x00BD52DD,0x00542EA1
0x00BD7B5C,0x005433CA
0x00BDA3E3,0x005438F7
0x00BDCC72,0x00543E28
0x00BDF509,0x0054435C
0x00BE1DA9,0x00544894
0x00BE4651,0x00544DD0
0x00BE6F01,0x0054530F
0x00BE97B9,0x00545852
0x00BEC079,0x00545D99
0x00BEE942,0x005462E4
0x00BF1213,0x00546833
0x00BF3AEC,0x00546D85
0x00BF63CD,0x005472DB
0x00BF8CB6,0x00547835
0x00BFB5A8,0x00547D93
0x00BFDEA2,0x005482F4
0x00C007A4,0x00548859
0x00C030AE,0x00548DC2
0x00C059C1,0x0054932F
0x00C082DC,0x005498A0
0x00C0ABFF,0x00549E15
0x00C0D52A,0x0054A38D
0x00C0FE5E,0x0054A909
0x00C1279A,0x0054AE89
0x00C150DE,0x0054B40D
0x00C17A2B,0x0054B995
0x00C1A380,0x0054BF21
0x00C1CCDD,0x0054C4B1
0x00C1F642,0x0054CA44
0x00C21FB0,0x0054CFDB
0x00C24926,0x0054D576
0x00C272A4,0x0054DB15
0x00C29C2B,0x0054E0B8
0x00C2C5BA,0x0054E65F
0x00C2EF51,0x0054EC0A
0x00C318F1,0x0054F1B9
0x00C34299,0x0054F76C
0x00C36C49,0x0054FD22
0x00C39602,0x005502DC
0x00C3BFC3,0x0055089A
0x00C3E98C,0x00550E5C
0x00C4135E,0x00551422
0x00C43D38,0x005519EC
0x00C4671A,0x00551FBA
0x00C49105,0x0055258C
0x00C4BAF8,0x00552B62
0x00C4E4F4,0x0055313C
0x00C50EF8,0x0055371A
0x00C53904,0x00553CFC
0x00C56319,0x005542E2
0x00C58D36,0x005548CC
0x00C5B75C,0x00554EBA
0x00C5E18A,0x005554AC
0x00C60BC0,0x00555AA2
0x00C635FF,0x0055609C
0x00C66046,0x0055669A
0x00C68A96,0x00556C9C
0x00C6B4EE,0x005572A2
0x00C6DF4E,0x005578AC
0x00C709B7,0x00557EBA
0x00C73428,0x005584CC
0x00C75EA2,0x00558AE2
0x00C78924,0x005590FC
0x00C7B3AF,0x0055971A
0x00C7DE42,0x00559D3D
0x00C808DE,0x0055A364
0x00C83382,0x0055A98F
0x00C85E2F,0x0055AFBE
0x00C888E4,0x0055B5F1
0x00C8B3A2,0x0055BC28
0x00C8DE68,0x0055C263
0x00C90937,0x0055C8A2
0x00C9340E,0x0055CEE5
0x00C95EEE,0x0055D52D
0x00C989D6,0x0055DB79
0x00C9B4C7,0x0055E1C9
0x00C9DFC0,0x0055E81D
0x00CA0AC2,0x0055EE75
0x00CA35CC,0x0055F4D1
0x00CA60DF,0x0055FB31
0x00CA8BFA,0x00560196
0x00CAB71E,0x005607FF
0x00CAE24A,0x00560E6C
0x00CB0D7F,0x005614DD
0x00CB38BC,0x00561B52
0x00CB6402,0x005621CC
0x00CB8F50,0x0056284A
0x00CBBAA7,0x00562ECC
0x00CBE607,0x00563552
0x00CC116F,0x00563BDD
0x00CC3CE0,0x0056426C
0x00CC6859,0x005648FF
0x00CC93DB,0x00564F96
0x00CCBF65,0x00565632
0x00CCEAF8,0x00565CD2
0x00CD1694,0x00566376
0x00CD4238,0x00566A1E
0x00CD6DE5,0x005670CB
0x00CD999A,0x0056777C
0x00CDC558,0x00567E31
0x00CDF11F,0x005684EA
0x00CE1CEE,0x00568BA8
0x00CE48C6,0x0056926A
0x00CE74A7,0x00569930
0x00CEA090,0x00569FFB
0x00CECC82,0x0056A6CA
0x00CEF87C,0x0056AD9D
0x00CF247F,0x0056B475
0x00CF508B,0x0056BB51
0x00CF7C9F,0x0056C232
0x00CFA8BC,0x0056C917
0x00CFD4E2,0x0056D000
0x00D00110,0x0056D6EE
0x00D02D47,0x0056DDE0
0x00D05987,0x0056E4D6
0x00D085CF,0x0056EBD1
0x00D0B220,0x0056F2D0
0x00D0DE7A,0x0056F9D4
0x00D10ADC,0x005700DC
0x00D13747,0x005707E9
0x00D163BB,0x00570EFA
0x00D19038,0x0057160F
0x00D1BCBD,0x00571D29
0x00D1E94B,0x00572447
0x00D215E2,0x00572B6A
0x00D24281,0x00573291
0x00D26F29,0x005739BD
0x00D29BDA,0x005740ED
0x00D2C894,0x00574822
0x00D2F556,0x00574F5B
0x00D32221,0x00575699
0x00D34EF5,0x00575DDB
0x00D37BD2,0x00576522
0x00D3A8B7,0x00576C6D
0x00D3D5A5,0x005773BD
0x00D4029C,0x00577B11
0x00D42F9C,0x0057826A
0x00D45CA4,0x005789C7
0x00D489B5,0x00579129
0x00D4B6CF,0x00579890
0x00D4E3F2,0x00579FFB
0x00D5111E,0x0057A76B
0x00D53E52,0x0057AEDF
0x00D56B8F,0x0057B658
0x00D598D5,0x0057BDD6
0x00D5C624,0x0057C558
0x00D5F37C,0x0057CCDF
0x00D620DC,0x0057D46A
0x00D64E45,0x0057DBFA
0x00D67BB7,0x0057E38F
0x00D6A932,0x0057EB28
0x00D6D6B6,0x0057F2C6
0x00D70442,0x0057FA69
0x00D731D7,0x00580210
0x00D75F75,0x005809BC
0x00D78D1C,0x0058116D
0x00D7BACC,0x00581922
0x00D7E885,0x005820DC
0x00D81647,0x0058289B
0x00D84411,0x0058305E
0x00D871E4,0x00583826
0x00D89FC0,0x00583FF3
0x00D8CDA5,0x005847C5
0x00D8FB93,0x00584F9B
0x00D9298A,0x00585776
0x00D9578A,0x00585F56
0x00D98593,0x0058673B
0x00D9B3A4,0x00586F24
0x00D9E1BE,0x00587712
0x00DA0FE1,0x00587F05
0x00DA3E0D,0x005886FD
0x00DA6C42,0x00588EFA
0x00DA9A80,0x005896FB
0x00DAC8C7,0x00589F01
0x00DAF717,0x0058A70C
0x00DB2570,0x0058AF1C
0x00DB53D2,0x0058B731
0x00DB823D,0x0058BF4B
0x00DBB0B1,0x0058C769
0x00DBDF2D,0x0058CF8C
0x00DC0DB2,0x0058D7B4
0x00DC3C40,0x0058DFE1
0x00DC6AD7,0x0058E813
0x00DC9977,0x0058F04A
0x00DCC820,0x0058F886
0x00DCF6D2,0x005900C7
0x00DD258D,0x0059090D
0x00DD5451,0x00591158
0x00DD831E,0x005919A8
0x00DDB1F4,0x005921FC
0x00DDE0D3,0x00592A55
0x00DE0FBB,0x005932B3
0x00DE3EAC,0x00593B16
0x00DE6DA6,0x0059437E
0x00DE9CA9,0x00594BEB
0x00DECBB5,0x0059545D
0x00DEFACA,0x00595CD4
0x00DF29E8,0x00596550
0x00DF590F,0x00596DD1
0x00DF883F,0x00597657
0x00DFB778,0x00597EE2
0x00DFE6BA,0x00598772
0x00E01605,0x00599007
0x00E04559,0x005998A2
0x00E074B6,0x0059A142
0x00E0A41C,0x0059A9E7
0x00E0D38B,0x0059B291
0x00E10303,0x0059BB40
0x00E13284,0x0059C3F4
0x00E1620E,0x0059CCAD
0x00E191A1,0x0059D56B
0x00E1C13D,0x0059DE2E
0x00E1F0E3,0x0059E6F6
0x00E22092,0x0059EFC4
0x00E2504A,0x0059F897
0x00E2800B,0x005A016F
0x00E2AFD5,0x005A0A4C
0x00E2DFA8,0x005A132E
0x00E30F84,0x005A1C15
0x00E33F69,0x005A2502
0x00E36F57,0x005A2DF4
0x00E39F4E,0x005A36EB
0x00E3CF4E,0x005A3FE7
0x00E3FF57,0x005A48E8
0x00E42F6A,0x005A51EF
0x00E45F86,0x005A5AFB
0x00E48FAB,0x005A640C
0x00E4BFD9,0x005A6D22
0x00E4F010,0x005A763E
0x00E52050,0x005A7F5F
0x00E55099,0x005A8885
0x00E580EB,0x005A91B1
0x00E5B146,0x005A9AE2
0x00E5E1AB,0x005AA418
0x00E61219,0x005AAD54
0x00E64290,0x005AB695
0x00E67310,0x005ABFDB
0x00E6A399,0x005AC927
0x00E6D42B,0x005AD278
0x00E704C6,0x005ADBCE
0x00E7356B,0x005AE52A
0x00E76619,0x005AEE8B
0x00E796D0,0x005AF7F1
0x00E7C790,0x005B015D
0x00E7F859,0x005B0ACE
0x00E8292B,0x005B1445
0x00E85A07,0x005B1DC1
0x00E88AEC,0x005B2743
0x00E8BBDA,0x005B30CA
0x00E8ECD1,0x005B3A56
0x00E91DD1,0x005B43E8
0x00E94EDB,0x005B4D7F
0x00E97FEE,0x005B571C
0x00E9B10A,0x005B60BE
0x00E9E22F,0x005B6A66
0x00EA135D,0x005B7413
0x00EA4495,0x005B7DC6
0x00EA75D6,0x005B877E
0x00EAA720,0x005B913C
0x00EAD873,0x005B9B00
0x00EB09CF,0x005BA4C9
0x00EB3B35,0x005BAE98
0x00EB6CA4,0x005BB86C
0x00EB9E1C,0x005BC246
0x00EBCF9D,0x005BCC25
0x00EC0128,0x005BD60A
0x00EC32BC,0x005BDFF5
0x00EC6459,0x005BE9E5
0x00EC95FF,0x005BF3DB
0x00ECC7AF,0x005BFDD7
0x00ECF968,0x005C07D8
0x00ED2B2A,0x005C11DF
0x00ED5CF5,0x005C1BEC
0x00ED8ECA,0x005C25FE
0x00EDC0A8,0x005C3016
0x00EDF28F,0x005C3A34
0x00EE247F,0x005C4457
0x00EE5679,0x005C4E80
0x00EE887C,0x005C58AF
0x00EEBA88,0x005C62E4
0x00EEEC9E,0x005C6D1E
0x00EF1EBD,0x005C775E
0x00EF50E5,0x005C81A4
0x00EF8316,0x005C8BF0
0x00EFB551,0x005C9641
0x00EFE795,0x005CA098
0x00F019E2,0x005CAAF5
0x00F04C39,0x005CB558
0x00F07E99,0x005CBFC1
0x00F0B102,0x005CCA30
0x00F0E375,0x005CD4A4
0x00F115F1,0x005CDF1E
0x00F14876,0x005CE99E
0x00F17B05,0x005CF424
0x00F1AD9D,0x005CFEB0
0x00F1E03E,0x005D0942
0x00F212E9,0x005D13DA
0x00F2459D,0x005D1E78
0x00F2785A,0x005D291C
0x00F2AB21,0x005D33C5
0x00F2DDF1,0x005D3E74
0x00F310CA,0x005D4929
0x00F343AD,0x005D53E4
0x00F37699,0x005D5EA5
0x00F3A98E,0x005D696C
0x00F3DC8D,0x005D7439
0x00F40F95,0x005D7F0C
0x00F442A6,0x005D89E5
0x00F475C1,0x005D94C4
0x00F4A8E5,0x005D9FA9
0x00F4DC12,0x005DAA95
0x00F50F49,0x005DB587
0x00F54289,0x005DC07F
0x00F575D3,0x005DCB7D
0x00F5A926,0x005DD681
0x00F5DC82,0x005DE18B
0x00F60FE8,0x005DEC9B
0x00F64357,0x005DF7B1
0x00F676CF,0x005E02CD
0x00F6AA51,0x005E0DF0
0x00F6DDDC,0x005E1919
0x00F71171,0x005E2448
0x00F7450F,0x005E2F7D
0x00F778B6,0x005E3AB8
0x00F7AC67,0x005E45F9
0x00F7E021,0x005E5141
0x00F813E5,0x005E5C8F
0x00F847B2,0x005E67E3
0x00F87B88,0x005E733D
0x00F8AF68,0x005E7E9E
0x00F8E351,0x005E8A05
0x00F91744,0x005E9572
0x00F94B40,0x005EA0E5
0x00F97F45,0x005EAC5F
0x00F9B354,0x005EB7DF
0x00F9E76C,0x005EC365
0x00FA1B8E,0x005ECEF2
0x00FA4FB9,0x005EDA85
0x00FA83EE,0x005EE61E
0x00FAB82C,0x005EF1BE
0x00FAEC74,0x005EFD64
0x00FB20C5,0x005F0911
0x00FB551F,0x005F14C4
0x00FB8983,0x005F207D
0x00FBBDF0,0x005F2C3D
0x00FBF267,0x005F3803
0x00FC26E7,0x005F43D0
0x00FC5B71,0x005F4FA3
0x00FC9004,0x005F5B7D
0x00FCC4A1,0x005F675D
0x00FCF947,0x005F7344
0x00FD2DF6,0x005F7F31
0x00FD62AF,0x005F8B25
0x00FD9771,0x005F971F
0x00FDCC3D,0x005FA320
0x00FE0112,0x005FAF27
0x00FE35F1,0x005FBB35
0x00FE6AD9,0x005FC74A
0x00FE9FCB,0x005FD365
0x00FED4C6,0x005FDF87
0x00FF09CB,0x005FEBAF
0x00FF3ED9,0x005FF7DE
0x00FF73F1,0x00600414
0x00FFA912,0x00601050
0x00FFDE3D,0x00601C93
0x01001371,0x006028DD
0x010048AF,0x0060352D
0x01007DF6,0x00604184
0x0100B347,0x00604DE2
0x0100E8A1,0x00605A46
0x01011E05,0x006066B1
0x01015372,0x00607323
0x010188E9,0x00607F9C
0x0101BE69,0x00608C1B
0x0101F3F3,0x006098A1
0x01022986,0x0060A52E
0x01025F23,0x0060B1C2
0x010294C9,0x0060BE5D
0x0102CA79,0x0060CAFE
0x01030032,0x0060D7A6
0x010335F5,0x0060E455
0x01036BC1,0x0060F10B
0x0103A197,0x0060FDC8
0x0103D776,0x00610A8C
0x01040D5F,0x00611757
0x01044351,0x00612429
0x0104794D,0x00613102
0x0104AF52,0x00613DE2
0x0104E561,0x00614AC8
0x01051B79,0x006157B5
0x0105519B,0x006164A9
0x010587C6,0x006171A4
0x0105BDFB,0x00617EA6
0x0105F439,0x00618BAF
0x01062A81,0x006198C0
0x010660D3,0x0061A5D8
0x0106972E,0x0061B2F7
0x0106CD93,0x0061C01D
0x01070401,0x0061CD4A
0x01073A79,0x0061DA7E
0x010770FA,0x0061E7B9
0x0107A785,0x0061F4FB
0x0107DE19,0x00620244
0x010814B7,0x00620F94
0x01084B5E,0x00621CEC
0x0108820F,0x00622A4B
0x0108B8CA,0x006237B1
0x0108EF8E,0x0062451E
0x0109265C,0x00625292
0x01095D33,0x0062600E
0x01099414,0x00626D91
0x0109CAFE,0x00627B1B
0x010A01F2,0x006288AC
0x010A38EF,0x00629645
0x010A6FF6,0x0062A3E5
0x010AA707,0x0062B18C
0x010ADE21,0x0062BF3B
0x010B1545,0x0062CCF1
0x010B4C72,0x0062DAAE
0x010B83A9,0x0062E873
0x010BBAE9,0x0062F63F
0x010BF233,0x00630412
0x010C2986,0x006311ED
0x010C60E3,0x00631FCF
0x010C984A,0x00632DB9
0x010CCFBA,0x00633BAA
0x010D0734,0x006349A3
0x010D3EB7,0x006357A3
0x010D7644,0x006365AB
0x010DADDA,0x006373BA
0x010DE57A,0x006381D1
0x010E1D24,0x00638FEF
0x010E54D7,0x00639E15
0x010E8C94,0x0063AC42
0x010EC45A,0x0063BA77
0x010EFC2A,0x0063C8B3
0x010F3403,0x0063D6F7
0x010F6BE6,0x0063E543
0x010FA3D3,0x0063F396
0x010FDBC9,0x006401F1
0x011013C9,0x00641054
0x01104BD2,0x00641EBE
0x011083E5,0x00642D30
0x0110BC02,0x00643BAA
0x0110F428,0x00644A2B
0x01112C58,0x006458B4
0x01116491,0x00646745
0x01119CD4,0x006475DE
0x0111D520,0x0064847E
0x01120D76,0x00649326
0x011245D6,0x0064A1D6
0x01127E3F,0x0064B08E
0x0112B6B2,0x0064BF4E
0x0112EF2E,0x0064CE15
0x011327B4,0x0064DCE4
0x01136044,0x0064EBBB
0x011398DD,0x0064FA9A
0x0113D180,0x00650981
0x01140A2C,0x00651870
0x011442E2,0x00652767
0x01147BA1,0x00653666
0x0114B46A,0x0065456D
0x0114ED3D,0x0065547C
0x01152619,0x00656393
0x01155EFF,0x006572B2
0x011597EE,0x006581D9
0x0115D0E7,0x00659108
0x011609EA,0x0065A03F
0x011642F6,0x0065AF7E
0x01167C0C,0x0065BEC5
0x0116B52B,0x0065CE14
0x0116EE54,0x0065DD6B
0x01172786,0x0065ECCA
0x011760C2,0x0065FC31
0x01179A08,0x00660BA1
0x0117D357,0x00661B19
0x01180CB0,0x00662A99
0x01184612,0x00663A21
0x01187F7E,0x006649B1
0x0118B8F4,0x0066594A
0x0118F273,0x006668EB
0x01192BFC,0x00667894
0x0119658E,0x00668846
0x01199F2A,0x00669800
0x0119D8CF,0x0066A7C2
0x011A127E,0x0066B78D
0x011A4C37,0x0066C760
0x011A85F9,0x0066D73B
0x011ABFC5,0x0066E71F
0x011AF99A,0x0066F70B
0x011B3379,0x006706FF
0x011B6D61,0x006716FC
0x011BA753,0x00672701
0x011BE14F,0x0067370F
0x011C1B54,0x00674725
0x011C5563,0x00675744
0x011C8F7B,0x0067676B
0x011CC99D,0x0067779B
0x011D03C8,0x006787D3
0x011D3DFD,0x00679814
0x011D783C,0x0067A85E
0x011DB284,0x0067B8B0
0x011DECD6,0x0067C90B
0x011E2731,0x0067D96E
0x011E6196,0x0067E9DA
0x011E9C04,0x0067FA4F
0x011ED67C,0x00680ACC
0x011F10FE,0x00681B52
0x011F4B89,0x00682BE1
0x011F861E,0x00683C79
0x011FC0BC,0x00684D19
0x011FFB64,0x00685DC2
0x01203615,0x00686E74
0x012070D0,0x00687F2F
0x0120AB94,0x00688FF2
0x0120E662,0x0068A0BE
0x0121213A,0x0068B193
0x01215C1B,0x0068C271
0x01219706,0x0068D358
0x0121D1FA,0x0068E448
0x01220CF8,0x0068F541
0x012247FF,0x00690643
0x01228310,0x0069174E
0x0122BE2A,0x00692862
0x0122F94E,0x0069397F
0x0123347C,0x00694AA5
0x01236FB3,0x00695BD4
0x0123AAF4,0x00696D0C
0x0123E63E,0x00697E4D
0x01242192,0x00698F97
0x01245CEF,0x0069A0EA
0x01249856,0x0069B246
0x0124D3C6,0x0069C3AB
0x01250F40,0x0069D519
0x01254AC3,0x0069E690
0x01258650,0x0069F811
0x0125C1E6,0x006A099B
0x0125FD86,0x006A1B2E
0x0126392F,0x006A2CCA
0x012674E2,0x006A3E70
0x0126B09E,0x006A501F
0x0126EC64,0x006A61D7
0x01272833,0x006A7398
0x0127640C,0x006A8563
0x01279FEE,0x006A9737
0x0127DBDA,0x006AA914
0x012817CF,0x006ABAFB
0x012853CE,0x006ACCEB
0x01288FD6,0x006ADEE5
0x0128CBE8,0x006AF0E8
0x01290803,0x006B02F5
0x01294428,0x006B150B
0x01298056,0x006B272B
0x0129BC8E,0x006B3954
0x0129F8CF,0x006B4B87
0x012A351A,0x006B5DC3
0x012A716E,0x006B7009
0x012AADCC,0x006B8258
0x012AEA33,0x006B94B1
0x012B26A4,0x006BA714
0x012B631E,0x006BB980
0x012B9FA2,0x006BCBF6
0x012BDC2F,0x006BDE76
0x012C18C6,0x006BF0FF
0x012C5566,0x006C0392
0x012C9210,0x006C162F
0x012CCEC3,0x006C28D5
0x012D0B80,0x006C3B85
0x012D4846,0x006C4E3F
0x012D8515,0x006C6103
0x012DC1EE,0x006C73D1
0x012DFED0,0x006C86A9
0x012E3BBC,0x006C998A
0x012E78B1,0x006CAC75
0x012EB5B0,0x006CBF6A
0x012EF2B8,0x006CD269
0x012F2FC9,0x006CE572
0x012F6CE4,0x006CF885
0x012FAA08,0x006D0BA2
0x012FE736,0x006D1EC9
0x0130246D,0x006D31FA
0x013061AE,0x006D4535
0x01309EF8,0x006D587A
0x0130DC4B,0x006D6BC9
0x013119A8,0x006D7F23
0x0131570E,0x006D9287
0x0131947E,0x006DA5F5
0x0131D1F7,0x006DB96D
0x01320F79,0x006DCCEF
0x01324D05,0x006DE07C
0x01328A9A,0x006DF413
0x0132C839,0x006E07B4
0x013305E1,0x006E1B5F
0x01334392,0x006E2F15
0x0133814D,0x006E42D5
0x0133BF11,0x006E569F
0x0133FCDE,0x006E6A74
0x01343AB5,0x006E7E53
0x01347895,0x006E923C
0x0134B67E,0x006EA630
0x0134F471,0x006EBA2E
0x0135326D,0x006ECE37
0x01357072,0x006EE24A
0x0135AE81,0x006EF668
0x0135EC99,0x006F0A90
0x01362ABA,0x006F1EC3
0x013668E5,0x006F3300
0x0136A719,0x006F4748
0x0136E556,0x006F5B9B
0x0137239D,0x006F6FF8
0x013761ED,0x006F8460
0x0137A046,0x006F98D3
0x0137DEA9,0x006FAD50
0x01381D15,0x006FC1D8
0x01385B8A,0x006FD66B
0x01389A08,0x006FEB09
0x0138D890,0x006FFFB1
0x01391721,0x00701464
0x013955BB,0x00702922
0x0139945F,0x00703DEB
0x0139D30C,0x007052BF
0x013A11C2,0x0070679E
0x013A5081,0x00707C88
0x013A8F4A,0x0070917D
0x013ACE1C,0x0070A67D
0x013B0CF7,0x0070BB88
0x013B4BDB,0x0070D09E
0x013B8AC9,0x0070E5BF
0x013BC9C0,0x0070FAEB
0x013C08C0,0x00711022
0x013C47C9,0x00712564
0x013C86DB,0x00713AB1
0x013CC5F7,0x00715009
0x013D051C,0x0071656C
0x013D444A,0x00717ADB
0x013D8381,0x00719055
0x013DC2C1,0x0071A5DA
0x013E020B,0x0071BB6A
0x013E415E,0x0071D106
0x013E80BA,0x0071E6AD
0x013EC01F,0x0071FC5F
0x013EFF8D,0x0072121D
0x013F3F04,0x007227E6
0x013F7E85,0x00723DBA
0x013FBE0F,0x0072539A
0x013FFDA2,0x00726985
0x01403D3E,0x00727F7C
0x01407CE3,0x0072957E
0x0140BC91,0x0072AB8C
0x0140FC48,0x0072C1A5
0x01413C08,0x0072D7CA
0x01417BD2,0x0072EDFA
0x0141BBA5,0x00730436
0x0141FB81,0x00731A7E
0x01423B66,0x007330D1
0x01427B54,0x00734730
0x0142BB4B,0x00735D9B
0x0142FB4B,0x00737412
0x01433B54,0x00738A94
0x01437B66,0x0073A122
0x0143BB81,0x0073B7BC
0x0143FBA5,0x0073CE62
0x01443BD2,0x0073E514
0x01447C08,0x0073FBD1
0x0144BC47,0x0074129A
0x0144FC8F,0x0074296F
0x01453CE0,0x00744050
0x01457D3A,0x0074573D
0x0145BD9D,0x00746E36
0x0145FE09,0x0074853B
0x01463E7E,0x00749C4C
0x01467EFC,0x0074B369
0x0146BF83,0x0074CA93
0x01470013,0x0074E1C9
0x014740AC,0x0074F90B
0x0147814E,0x00751059
0x0147C1F9,0x007527B3
0x014802AD,0x00753F19
0x0148436A,0x0075568C
0x01488430,0x00756E0B
0x0148C4FF,0x00758596
0x014905D7,0x00759D2E
0x014946B8,0x0075B4D2
0x014987A2,0x0075CC82
0x0149C895,0x0075E43F
0x014A0991,0x0075FC08
0x014A4A95,0x007613DE
0x014A8BA2,0x00762BC0
0x014ACCB8,0x007643AF
0x014B0DD7,0x00765BAA
0x014B4EFF,0x007673B2
0x014B9030,0x00768BC6
0x014BD16A,0x0076A3E7
0x014C12AC,0x0076BC15
0x014C53F7,0x0076D44F
0x014C954B,0x0076EC96
0x014CD6A8,0x007704EA
0x014D180E,0x00771D4B
0x014D597C,0x007735B8
0x014D9AF3,0x00774E32
0x014DDC73,0x007766B9
0x014E1DFC,0x00777F4D
0x014E5F8D,0x007797EE
0x014EA127,0x0077B09C
0x014EE2CA,0x0077C957
0x014F2476,0x0077E21F
0x014F662A,0x0077FAF4
0x014FA7E7,0x007813D6
0x014FE9AD,0x00782CC5
0x01502B7C,0x007845C1
0x01506D53,0x00785ECA
0x0150AF33,0x007877E0
0x0150F11C,0x00789103
0x0151330D,0x0078AA33
0x01517507,0x0078C371
0x0151B70A,0x0078DCBC
0x0151F915,0x0078F614
0x01523B29,0x00790F79
0x01527D45,0x007928EC
0x0152BF6A,0x0079426C
0x01530198,0x00795BFA
0x015343CE,0x00797595
0x0153860D,0x00798F3D
0x0153C854,0x0079A8F3
0x01540AA4,0x0079C2B6
0x01544CFD,0x0079DC87
0x01548F5E,0x0079F665
0x0154D1C8,0x007A1051
0x0155143A,0x007A2A4B
0x015556B5,0x007A4452
0x01559938,0x007A5E67
0x0155DBC4,0x007A788A
0x01561E58,0x007A92BA
0x015660F5,0x007AACF8
0x0156A39A,0x007AC744
0x0156E648,0x007AE19E
0x015728FE,0x007AFC06
0x01576BBD,0x007B167C
0x0157AE84,0x007B30FF
0x0157F153,0x007B4B90
0x0158342B,0x007B662F
0x0158770B,0x007B80DC
0x0158B9F4,0x007B9B97
0x0158FCE5,0x007BB660
0x01593FDE,0x007BD137
0x015982E0,0x007BEC1D
0x0159C5EA,0x007C0711
0x015A08FD,0x007C2213
0x015A4C18,0x007C3D23
0x015A8F3B,0x007C5841
0x015AD267,0x007C736E
0x015B159B,0x007C8EA9
0x015B58D7,0x007CA9F2
0x015B9C1B,0x007CC54A
0x015BDF68,0x007CE0B0
0x015C22BD,0x007CFC24
0x015C661A,0x007D17A7
0x015CA97F,0x007D3338
0x015CECED,0x007D4ED8
0x015D3063,0x007D6A86
0x015D73E1,0x007D8643
0x015DB767,0x007DA20F
0x015DFAF5,0x007DBDE9
0x015E3E8C,0x007DD9D2
0x015E822B,0x007DF5CA
0x015EC5D2,0x007E11D0
0x015F0981,0x007E2DE5
0x015F4D38,0x007E4A09
0x015F90F7,0x007E663C
0x015FD4BE,0x007E827E
0x0160188E,0x007E9ECF
0x01605C66,0x007EBB2E
0x0160A046,0x007ED79C
0x0160E42E,0x007EF419
0x0161281E,0x007F10A5
0x01616C16,0x007F2D40
0x0161B016,0x007F49EB
0x0161F41E,0x007F66A5
0x0162382E,0x007F836E
0x01627C46,0x007FA046
0x0162C066,0x007FBD2D
0x0163048E,0x007FDA23
0x016348BE,0x007FF729
0x01638CF6,0x0080143E
0x0163D136,0x00803162
0x0164157E,0x00804E96
0x016459CE,0x00806BD9
0x01649E25,0x0080892C
0x0164E284,0x0080A68E
0x016526EB,0x0080C400
0x01656B5A,0x0080E181
0x0165AFD1,0x0080FF12
0x0165F450,0x00811CB2
0x016638D6,0x00813A62
0x01667D64,0x00815822
0x0166C1FA,0x008175F1
0x01670698,0x008193D0
0x01674B3E,0x0081B1BF
0x01678FEB,0x0081CFBE
0x0167D4A0,0x0081EDCD
0x0168195D,0x00820BEC
0x01685E22,0x00822A1A
0x0168A2EE,0x00824858
0x0168E7C2,0x008266A6
0x01692C9E,0x00828504
0x01697181,0x0082A372
0x0169B66C,0x0082C1F1
0x0169FB5E,0x0082E080
0x016A4058,0x0082FF1F
0x016A855A,0x00831DCE
0x016ACA63,0x00833C8D
0x016B0F74,0x00835B5D
0x016B548C,0x00837A3D
0x016B99AC,0x0083992D
0x016BDED3,0x0083B82E
0x016C2402,0x0083D73F
0x016C6938,0x0083F660
0x016CAE76,0x00841592
0x016CF3BB,0x008434D4
0x016D3908,0x00845427
0x016D7E5C,0x0084738B
0x016DC3B8,0x008492FF
0x016E091B,0x0084B284
0x016E4E86,0x0084D21A
0x016E93F8,0x0084F1C0
0x016ED971,0x00851177
0x016F1EF2,0x0085313F
0x016F647A,0x00855118
0x016FAA09,0x00857102
0x016FEFA0,0x008590FD
0x0170353E,0x0085B109
0x01707AE3,0x0085D126
0x0170C08F,0x0085F154
0x01710643,0x00861193
0x01714BFE,0x008631E3
0x017191C0,0x00865244
0x0171D789,0x008672B6
0x01721D59,0x00869339
0x01726331,0x0086B3CE
0x0172A910,0x0086D474
0x0172EEF6,0x0086F52B
0x017334E3,0x008715F4
0x01737AD7,0x008736CE
0x0173C0D2,0x008757B9
0x017406D4,0x008778B6
0x01744CDD,0x008799C4
0x017492ED,0x0087BAE4
0x0174D904,0x0087DC16
0x01751F22,0x0087FD59
0x01756547,0x00881EAE
0x0175AB73,0x00884015
0x0175F1A6,0x0088618D
0x017637E0,0x00888317
0x01767E21,0x0088A4B3
0x0176C469,0x0088C661
0x01770AB8,0x0088E821
0x0177510E,0x008909F3
0x0177976B,0x00892BD7
0x0177DDCE,0x00894DCD
0x01782438,0x00896FD5
0x01786AA9,0x008991EF
0x0178B121,0x0089B41B
0x0178F7A0,0x0089D659
0x01793E25,0x0089F8AA
0x017984B1,0x008A1B0D
0x0179CB44,0x008A3D82
0x017A11DD,0x008A6009
0x017A587D,0x008A82A3
0x017A9F24,0x008AA54F
0x017AE5D1,0x008AC80E
0x017B2C85,0x008AEADF
0x017B7340,0x008B0DC3
0x017BBA01,0x008B30B9
0x017C00C9,0x008B53C2
0x017C4797,0x008B76DE
0x017C8E6C,0x008B9A0C
0x017CD547,0x008BBD4D
0x017D1C29,0x008BE0A1
0x017D6311,0x008C0408
0x017DAA00,0x008C2782
0x017DF0F5,0x008C4B0F
0x017E37F0,0x008C6EAF
0x017E7EF2,0x008C9262
0x017EC5FA,0x008CB628
0x017F0D09,0x008CDA01
0x017F541E,0x008CFDED
0x017F9B39,0x008D21EC
0x017FE25A,0x008D45FE
0x01802982,0x008D6A24
0x018070B0,0x008D8E5D
0x0180B7E4,0x008DB2A9
0x0180FF1E,0x008DD709
0x0181465F,0x008DFB7C
0x01818DA6,0x008E2003
0x0181D4F3,0x008E449D
0x01821C46,0x008E694B
0x0182639F,0x008E8E0C
0x0182AAFE,0x008EB2E1
0x0182F263,0x008ED7CA
0x018339CE,0x008EFCC6
0x0183813F,0x008F21D6
0x0183C8B6,0x008F46FA
0x01841033,0x008F6C32
0x018457B6,0x008F917E
0x01849F3F,0x008FB6DE
0x0184E6CE,0x008FDC52
0x01852E63,0x009001DA
0x018575FE,0x00902776
0x0185BD9F,0x00904D26
0x01860546,0x009072EA
0x01864CF2,0x009098C3
0x018694A4,0x0090BEB0
0x0186DC5C,0x0090E4B1
0x0187241A,0x00910AC7
0x01876BDD,0x009130F1
0x0187B3A6,0x0091572F
0x0187FB75,0x00917D82
0x01884349,0x0091A3EA
0x01888B23,0x0091CA66
0x0188D303,0x0091F0F7
0x01891AE8,0x0092179C
0x018962D3,0x00923E56
0x0189AAC3,0x00926525
0x0189F2B9,0x00928C09
0x018A3AB4,0x0092B302
0x018A82B5,0x0092DA10
0x018ACABB,0x00930133
0x018B12C7,0x0093286B
0x018B5AD8,0x00934FB8
0x018BA2EE,0x0093771A
0x018BEB0A,0x00939E91
0x018C332B,0x0093C61D
0x018C7B51,0x0093EDBE
0x018CC37D,0x00941575
0x018D0BAE,0x00943D41
0x018D53E4,0x00946522
0x018D9C1F,0x00948D19
0x018DE460,0x0094B525
0x018E2CA6,0x0094DD47
0x018E74F1,0x0095057F
0x018EBD41,0x00952DCC
0x018F0596,0x0095562F
0x018F4DF0,0x00957EA8
0x018F964F,0x0095A736
0x018FDEB3,0x0095CFDA
0x0190271C,0x0095F894
0x01906F8A,0x00962164
0x0190B7FD,0x00964A4A
0x01910075,0x00967346
0x019148F2,0x00969C58
0x01919174,0x0096C580
0x0191D9FB,0x0096EEBE
0x01922286,0x00971813
0x01926B16,0x0097417E
0x0192B3AB,0x00976AFF
0x0192FC45,0x00979497
0x019344E3,0x0097BE45
0x01938D86,0x0097E80A
0x0193D62E,0x009811E5
0x01941EDA,0x00983BD7
0x0194678B,0x009865DF
0x0194B041,0x00988FFE
0x0194F8FB,0x0098BA34
0x019541BA,0x0098E480
0x01958A7D,0x00990EE3
0x0195D345,0x0099395D
0x01961C11,0x009963EE
0x019664E2,0x00998E96
0x0196ADB7,0x0099B955
0x0196F690,0x0099E42B
0x01973F6E,0x009A0F18
0x01978850,0x009A3A1D
0x0197D136,0x009A6539
0x01981A20,0x009A906C
0x0198630F,0x009ABBB7
0x0198AC02,0x009AE719
0x0198F4F9,0x009B1292
0x01993DF4,0x009B3E23
0x019986F3,0x009B69CC
0x0199CFF6,0x009B958C
0x019A18FD,0x009BC164
0x019A6208,0x009BED54
0x019AAB17,0x009C195B
0x019AF42A,0x009C457A
0x019B3D41,0x009C71B1
0x019B865C,0x009C9E00
0x019BCF7B,0x009CCA67
0x019C189E,0x009CF6E6
0x019C61C5,0x009D237D
0x019CAAF0,0x009D502C
0x019CF41E,0x009D7CF4
0x019D3D50,0x009DA9D4
0x019D8686,0x009DD6CC
0x019DCFBF,0x009E03DD
0x019E18FC,0x009E3106
0x019E623D,0x009E5E47
0x019EAB81,0x009E8BA1
0x019EF4C9,0x009EB914
0x019F3E14,0x009EE69F
0x019F8763,0x009F1443
0x019FD0B5,0x009F4200
0x01A01A0B,0x009F6FD6
0x01A06364,0x009F9DC4
0x01A0ACC0,0x009FCBCB
0x01A0F620,0x009FF9EB
0x01A13F83,0x00A02824
0x01A188E9,0x00A05677
0x01A1D253,0x00A084E3
0x01A21BC0,0x00A0B368
0x01A26530,0x00A0E206
0x01A2AEA3,0x00A110BE
0x01A2F819,0x00A13F8F
0x01A34192,0x00A16E79
0x01A38B0E,0x00A19D7D
0x01A3D48D,0x00A1CC9B
0x01A41E0F,0x00A1FBD2
0x01A46794,0x00A22B23
0x01A4B11C,0x00A25A8E
0x01A4FAA7,0x00A28A12
0x01A54435,0x00A2B9B0
0x01A58DC6,0x00A2E968
0x01A5D75A,0x00A3193A
0x01A620F0,0x00A34926
0x01A66A89,0x00A3792C
0x01A6B425,0x00A3A94C
0x01A6FDC3,0x00A3D987
0x01A74764,0x00A409DC
0x01A79108,0x00A43A4B
0x01A7DAAE,0x00A46AD5
0x01A82457,0x00A49B79
0x01A86E02,0x00A4CC38
0x01A8B7B0,0x00A4FD11
0x01A90160,0x00A52E05
0x01A94B13,0x00A55F14
0x01A994C8,0x00A5903D
0x01A9DE7F,0x00A5C181
0x01AA2838,0x00A5F2E0
0x01AA71F4,0x00A6245A
0x01AABBB2,0x00A655EF
0x01AB0572,0x00A6879F
0x01AB4F34,0x00A6B96A
0x01AB98F8,0x00A6EB50
0x01ABE2BE,0x00A71D52
0x01AC2C86,0x00A74F6F
0x01AC7650,0x00A781A7
0x01ACC01C,0x00A7B3FB
0x01AD09EA,0x00A7E66A
0x01AD53BA,0x00A818F5
0x01AD9D8C,0x00A84B9B
0x01ADE760,0x00A87E5D
0x01AE3136,0x00A8B13B
0x01AE7B0D,0x00A8E435
0x01AEC4E6,0x00A9174A
0x01AF0EC1,0x00A94A7B
0x01AF589D,0x00A97DC8
0x01AFA27B,0x00A9B131
0x01AFEC5B,0x00A9E4B7
0x01B0363C,0x00AA1859
0x01B0801F,0x00AA4C17
0x01B0CA03,0x00AA7FF1
0x01B113E8,0x00AAB3E8
0x01B15DCF,0x00AAE7FB
0x01B1A7B7,0x00AB1C2B
0x01B1F1A0,0x00AB5077
0x01B23B8B,0x00AB84E0
0x01B28577,0x00ABB966
0x01B2CF64,0x00ABEE08
0x01B31952,0x00AC22C7
0x01B36341,0x00AC57A3
0x01B3AD31,0x00AC8C9C
0x01B3F722,0x00ACC1B2
0x01B44114,0x00ACF6E5
0x01B48B07,0x00AD2C35
0x01B4D4FB,0x00AD61A3
0x01B51EF0,0x00AD972E
0x01B568E6,0x00ADCCD6
0x01B5B2DD,0x00AE029C
0x01B5FCD4,0x00AE387F
0x01B646CC,0x00AE6E80
0x01B690C5,0x00AEA49F
0x01B6DABE,0x00AEDADB
0x01B724B8,0x00AF1135
0x01B76EB2,0x00AF47AD
0x01B7B8AD,0x00AF7E43
0x01B802A8,0x00AFB4F7
0x01B84CA4,0x00AFEBC9
0x01B896A0,0x00B022B9
0x01B8E09C,0x00B059C7
0x01B92A99,0x00B090F3
0x01B97496,0x00B0C83E
0x01B9BE93,0x00B0FFA7
0x01BA0890,0x00B1372F
0x01BA528D,0x00B16ED5
0x01BA9C8B,0x00B1A69A
0x01BAE689,0x00B1DE7D
0x01BB3087,0x00B2167F
0x01BB7A85,0x00B24EA0
0x01BBC482,0x00B286E0
0x01BC0E7F,0x00B2BF3F
0x01BC587C,0x00B2F7BD
0x01BCA279,0x00B3305A
0x01BCEC76,0x00B36916
0x01BD3672,0x00B3A1F1
0x01BD806E,0x00B3DAEC
0x01BDCA6A,0x00B41406
0x01BE1465,0x00B44D3F
0x01BE5E60,0x00B48698
0x01BEA85A,0x00B4C011
0x01BEF254,0x00B4F9A9
0x01BF3C4D,0x00B53361
0x01BF8645,0x00B56D39
0x01BFD03D,0x00B5A731
0x01C01A34,0x00B5E149
0x01C0642A,0x00B61B81
0x01C0AE1F,0x00B655D9
0x01C0F813,0x00B69051
0x01C14206,0x00B6CAE9
0x01C18BF8,0x00B705A2
0x01C1D5E9,0x00B7407B
0x01C21FD9,0x00B77B74
0x01C269C8,0x00B7B68E
0x01C2B3B6,0x00B7F1C9
0x01C2FDA3,0x00B82D24
0x01C3478E,0x00B868A0
0x01C39178,0x00B8A43D
0x01C3DB61,0x00B8DFFB
0x01C42548,0x00B91BDA
0x01C46F2E,0x00B957DA
0x01C4B912,0x00B993FB
0x01C502F5,0x00B9D03D
0x01C54CD6,0x00BA0CA1
0x01C596B6,0x00BA4926
0x01C5E094,0x00BA85CC
0x01C62A70,0x00BAC294
0x01C6744B,0x00BAFF7D
0x01C6BE24,0x00BB3C88
0x01C707FB,0x00BB79B5
0x01C751D0,0x00BBB704
0x01C79BA3,0x00BBF475
0x01C7E574,0x00BC3208
0x01C82F43,0x00BC6FBD
0x01C87910,0x00BCAD94
0x01C8C2DA,0x00BCEB8D
0x01C90CA2,0x00BD29A8
0x01C95668,0x00BD67E6
0x01C9A02C,0x00BDA646
0x01C9E9ED,0x00BDE4C9
0x01CA33AC,0x00BE236E
0x01CA7D68,0x00BE6236
0x01CAC722,0x00BEA121
0x01CB10D9,0x00BEE02F
0x01CB5A8E,0x00BF1F60
0x01CBA440,0x00BF5EB4
0x01CBEDEF,0x00BF9E2B
0x01CC379B,0x00BFDDC5
0x01CC8145,0x00C01D82
0x01CCCAEC,0x00C05D62
0x01CD1490,0x00C09D66
0x01CD5E31,0x00C0DD8D
0x01CDA7CF,0x00C11DD8
0x01CDF16A,0x00C15E46
0x01CE3B02,0x00C19ED8
0x01CE8496,0x00C1DF8E
0x01CECE27,0x00C22068
0x01CF17B5,0x00C26166
0x01CF613F,0x00C2A288
0x01CFAAC6,0x00C2E3CE
0x01CFF44A,0x00C32538
0x01D03DCA,0x00C366C7
0x01D08746,0x00C3A87A
0x01D0D0BF,0x00C3EA51
0x01D11A34,0x00C42C4D
0x01D163A5,0x00C46E6E
0x01D1AD13,0x00C4B0B3
0x01D1F67D,0x00C4F31D
0x01D23FE3,0x00C535AC
0x01D28945,0x00C57860
0x01D2D2A3,0x00C5BB39
0x01D31BFD,0x00C5FE37
0x01D36553,0x00C6415A
0x01D3AEA5,0x00C684A3
0x01D3F7F2,0x00C6C811
0x01D4413B,0x00C70BA5
0x01D48A80,0x00C74F5E
0x01D4D3C0,0x00C7933D
0x01D51CFC,0x00C7D742
0x01D56633,0x00C81B6C
0x01D5AF66,0x00C85FBC
0x01D5F894,0x00C8A432
0x01D641BD,0x00C8E8CE
0x01D68AE2,0x00C92D90
0x01D6D402,0x00C97279
0x01D71D1D,0x00C9B788
0x01D76633,0x00C9FCBE
0x01D7AF44,0x00CA421A
0x01D7F850,0x00CA879D
0x01D84157,0x00CACD46
0x01D88A59,0x00CB1316
0x01D8D356,0x00CB590D
0x01D91C4D,0x00CB9F2B
0x01D9653F,0x00CBE570
0x01D9AE2C,0x00CC2BDC
0x01D9F713,0x00CC726F
0x01DA3FF5,0x00CCB92A
0x01DA88D1,0x00CD000C
0x01DAD1A8,0x00CD4715
0x01DB1A79,0x00CD8E46
0x01DB6344,0x00CDD59F
0x01DBAC09,0x00CE1D1F
0x01DBF4C8,0x00CE64C7
0x01DC3D82,0x00CEAC97
0x01DC8636,0x00CEF48F
0x01DCCEE3,0x00CF3CAF
0x01DD178A,0x00CF84F7
0x01DD602B,0x00CFCD68
0x01DDA8C6,0x00D01601
0x01DDF15B,0x00D05EC3
0x01DE39E9,0x00D0A7AD
0x01DE8271,0x00D0F0C0
0x01DECAF2,0x00D139FC
0x01DF136D,0x00D18360
0x01DF5BE1,0x00D1CCED
0x01DFA44F,0x00D216A3
0x01DFECB6,0x00D26082
0x01E03516,0x00D2AA8B
0x01E07D6F,0x00D2F4BD
0x01E0C5C1,0x00D33F18
0x01E10E0C,0x00D3899D
0x01E15650,0x00D3D44B
0x01E19E8D,0x00D41F23
0x01E1E6C3,0x00D46A25
0x01E22EF2,0x00D4B551
0x01E27719,0x00D500A7
0x01E2BF39,0x00D54C27
0x01E30752,0x00D597D1
0x01E34F63,0x00D5E3A5
0x01E3976C,0x00D62FA3
0x01E3DF6E,0x00D67BCC
0x01E42768,0x00D6C81F
0x01E46F5A,0x00D7149D
0x01E4B745,0x00D76146
0x01E4FF28,0x00D7AE1A
0x01E54703,0x00D7FB18
0x01E58ED6,0x00D84842
0x01E5D6A1,0x00D89597
0x01E61E63,0x00D8E317
0x01E6661D,0x00D930C2
0x01E6ADCF,0x00D97E98
0x01E6F578,0x00D9CC9A
0x01E73D19,0x00DA1AC8
0x01E784B2,0x00DA6921
0x01E7CC42,0x00DAB7A6
0x01E813C9,0x00DB0657
0x01E85B48,0x00DB5534
0x01E8A2BE,0x00DBA43D
0x01E8EA2B,0x00DBF372
0x01E9318F,0x00DC42D3
0x01E978EA,0x00DC9261
0x01E9C03C,0x00DCE21B
0x01EA0785,0x00DD3202
0x01EA4EC5,0x00DD8216
0x01EA95FB,0x00DDD256
0x01EADD28,0x00DE22C3
0x01EB244C,0x00DE735D
0x01EB6B66,0x00DEC424
0x01EBB277,0x00DF1518
0x01EBF97E,0x00DF663A
0x01EC407B,0x00DFB789
0x01EC876E,0x00E00905
0x01ECCE58,0x00E05AAF
0x01ED1538,0x00E0AC87
0x01ED5C0E,0x00E0FE8D
0x01EDA2DA,0x00E150C0
0x01EDE99C,0x00E1A321
0x01EE3053,0x00E1F5B0
0x01EE7700,0x00E2486E
0x01EEBDA3,0x00E29B5A
0x01EF043B,0x00E2EE74
0x01EF4AC9,0x00E341BD
0x01EF914C,0x00E39534
0x01EFD7C5,0x00E3E8DA
0x01F01E33,0x00E43CAF
0x01F06496,0x00E490B3
0x01F0AAEE,0x00E4E4E6
0x01F0F13B,0x00E53948
0x01F1377D,0x00E58DD9
0x01F17DB4,0x00E5E29A
0x01F1C3E0,0x00E6378A
0x01F20A01,0x00E68CAA
0x01F25016,0x00E6E1F9
0x01F29620,0x00E73778
0x01F2DC1F,0x00E78D27
0x01F32212,0x00E7E306
0x01F367F9,0x00E83915
0x01F3ADD5,0x00E88F54
0x01F3F3A5,0x00E8E5C3
0x01F43969,0x00E93C63
0x01F47F21,0x00E99333
0x01F4C4CD,0x00E9EA34
0x01F50A6D,0x00EA4165
0x01F55001,0x00EA98C7
0x01F59589,0x00EAF05A
0x01F5DB04,0x00EB481E
0x01F62073,0x00EBA013
0x01F665D5,0x00EBF83A
0x01F6AB2B,0x00EC5092
0x01F6F074,0x00ECA91B
0x01F735B1,0x00ED01D6
0x01F77AE1,0x00ED5AC3
0x01F7C004,0x00EDB3E1
0x01F8051A,0x00EE0D31
0x01F84A23,0x00EE66B3
0x01F88F1F,0x00EEC067
0x01F8D40E,0x00EF1A4E
0x01F918EF,0x00EF7467
0x01F95DC3,0x00EFCEB2
0x01F9A28A,0x00F02930
0x01F9E743,0x00F083E1
0x01FA2BEE,0x00F0DEC4
0x01FA708C,0x00F139DA
0x01FAB51C,0x00F19523
0x01FAF99E,0x00F1F09F
0x01FB3E12,0x00F24C4F
0x01FB8278,0x00F2A832
0x01FBC6D0,0x00F30448
0x01FC0B1A,0x00F36092
0x01FC4F56,0x00F3BD10
0x01FC9383,0x00F419C1
0x01FCD7A2,0x00F476A6
0x01FD1BB2,0x00F4D3BF
0x01FD5FB4,0x00F5310C
0x01FDA3A7,0x00F58E8E
0x01FDE78B,0x00F5EC44
0x01FE2B61,0x00F64A2E
0x01FE6F28,0x00F6A84D
0x01FEB2E0,0x00F706A1
0x01FEF688,0x00F7652A
0x01FF3A21,0x00F7C3E7
0x01FF7DAB,0x00F822D9
0x01FFC126,0x00F88201
0x02000491,0x00F8E15E
0x020047ED,0x00F940F0
0x02008B39,0x00F9A0B8
0x0200CE75,0x00FA00B5
0x020111A2,0x00FA60E8
0x020154BF,0x00FAC151
0x020197CC,0x00FB21F0
0x0201DAC9,0x00FB82C5
0x02021DB6,0x00FBE3D0
0x02026092,0x00FC4511
0x0202A35E,0x00FCA689
0x0202E61A,0x00FD0837
0x020328C5,0x00FD6A1C
0x02036B60,0x00FDCC38
0x0203ADEA,0x00FE2E8B
0x0203F063,0x00FE9115
0x020432CB,0x00FEF3D6
0x02047522,0x00FF56CE
0x0204B768,0x00FFB9FD
0x0204F99D,0x01001D64
0x02053BC1,0x01008102
0x02057DD4,0x0100E4D8
0x0205BFD5,0x010148E6
0x020601C5,0x0101AD2C
0x020643A3,0x010211AA
0x02068570,0x01027660
0x0206C72B,0x0102DB4F
0x020708D4,0x01034076
0x02074A6B,0x0103A5D6
0x02078BF0,0x01040B6E
0x0207CD63,0x0104713F
0x02080EC4,0x0104D749
0x02085012,0x01053D8C
0x0208914E,0x0105A408
0x0208D277,0x01060ABD
0x0209138E,0x010671AC
0x02095492,0x0106D8D4
0x02099583,0x01074036
0x0209D661,0x0107A7D2
0x020A172D,0x01080FA8
0x020A57E5,0x010877B8
0x020A988A,0x0108E002
0x020AD91C,0x01094886
0x020B199B,0x0109B144
0x020B5A06,0x010A1A3D
0x020B9A5E,0x010A8370
0x020BDAA2,0x010AECDE
0x020C1AD2,0x010B5687
0x020C5AEF,0x010BC06B
0x020C9AF8,0x010C2A8A
0x020CDAED,0x010C94E4
0x020D1ACD,0x010CFF7A
0x020D5A99,0x010D6A4B
0x020D9A51,0x010DD558
0x020DD9F5,0x010E40A0
0x020E1984,0x010EAC24
0x020E58FE,0x010F17E4
0x020E9864,0x010F83E0
0x020ED7B5,0x010FF019
0x020F16F1,0x01105C8E
0x020F5618,0x0110C93F
0x020F952A,0x0111362D
0x020FD427,0x0111A358
0x0210130F,0x011210C0
0x021051E1,0x01127E65
0x0210909E,0x0112EC47
0x0210CF45,0x01135A66
0x02110DD6,0x0113C8C2
0x02114C52,0x0114375C
0x02118AB8,0x0114A633
0x0211C908,0x01151548
0x02120742,0x0115849B
0x02124565,0x0115F42C
0x02128372,0x011663FB
0x0212C169,0x0116D408
0x0212FF49,0x01174454
0x02133D13,0x0117B4DE
0x02137AC6,0x011825A7
0x0213B862,0x011896AF
0x0213F5E7,0x011907F6
0x02143355,0x0119797C
0x021470AC,0x0119EB41
0x0214ADEC,0x011A5D45
0x0214EB15,0x011ACF88
0x02152826,0x011B420B
0x02156520,0x011BB4CE
0x0215A202,0x011C27D0
0x0215DECC,0x011C9B12
0x02161B7E,0x011D0E94
0x02165818,0x011D8257
0x0216949A,0x011DF65A
0x0216D104,0x011E6A9D
0x02170D56,0x011EDF21
0x02174990,0x011F53E6
0x021785B1,0x011FC8EC
0x0217C1BA,0x01203E32
0x0217FDAA,0x0120B3BA
0x02183981,0x01212983
0x0218753F,0x01219F8D
0x0218B0E4,0x012215D9
0x0218EC70,0x01228C66
0x021927E3,0x01230335
0x0219633D,0x01237A46
0x02199E7D,0x0123F199
0x0219D9A4,0x0124692E
0x021A14B1,0x0124E105
0x021A4FA4,0x0125591F
0x021A8A7D,0x0125D17B
0x021AC53C,0x01264A1A
0x021AFFE1,0x0126C2FC
0x021B3A6C,0x01273C21
0x021B74DD,0x0127B589
0x021BAF33,0x01282F34
0x021BE96F,0x0128A922
0x021C2390,0x01292354
0x021C5D96,0x01299DC9
0x021C9782,0x012A1882
0x021CD153,0x012A937F
0x021D0B09,0x012B0EC0
0x021D44A3,0x012B8A45
0x021D7E22,0x012C060E
0x021DB786,0x012C821C
0x021DF0CE,0x012CFE6E
0x021E29FA,0x012D7B05
0x021E630B,0x012DF7E1
0x021E9C00,0x012E7502
0x021ED4D9,0x012EF268
0x021F0D96,0x012F7013
0x021F4637,0x012FEE03
0x021F7EBB,0x01306C39
0x021FB723,0x0130EAB5
0x021FEF6E,0x01316976
0x0220279D,0x0131E87D
0x02205FAF,0x013267CA
0x022097A4,0x0132E75D
0x0220CF7C,0x01336737
0x02210737,0x0133E757
0x02213ED5,0x013467BE
0x02217655,0x0134E86B
0x0221ADB8,0x0135695F
0x0221E4FD,0x0135EA9A
0x02221C25,0x01366C1C
0x0222532F,0x0136EDE5
0x02228A1B,0x01376FF6
0x0222C0E9,0x0137F24E
0x0222F799,0x013874EE
0x02232E2B,0x0138F7D6
0x0223649E,0x01397B06
0x02239AF3,0x0139FE7E
0x0223D129,0x013A823E
0x02240741,0x013B0646
0x02243D3A,0x013B8A97
0x02247314,0x013C0F30
0x0224A8CF,0x013C9412
0x0224DE6A,0x013D193D
0x022513E6,0x013D9EB1
0x02254943,0x013E246E
0x02257E80,0x013EAA74
0x0225B39E,0x013F30C4
0x0225E89C,0x013FB75D
0x02261D7A,0x01403E40
0x02265238,0x0140C56D
0x022686D6,0x01414CE4
0x0226BB53,0x0141D4A5
0x0226EFB0,0x01425CB0
0x022723ED,0x0142E506
0x02275809,0x01436DA6
0x02278C04,0x0143F691
0x0227BFDE,0x01447FC7
0x0227F397,0x01450948
0x0228272F,0x01459314
0x02285AA6,0x01461D2B
0x02288DFC,0x0146A78D
0x0228C130,0x0147323B
0x0228F443,0x0147BD34
0x02292734,0x01484879
0x02295A03,0x0148D40A
0x02298CB0,0x01495FE7
0x0229BF3B,0x0149EC10
0x0229F1A4,0x014A7886
0x022A23EB,0x014B0548
0x022A560F,0x014B9257
0x022A8811,0x014C1FB2
0x022AB9F0,0x014CAD5A
0x022AEBAC,0x014D3B4F
0x022B1D45,0x014DC991
0x022B4EBB,0x014E5821
0x022B800E,0x014EE6FE
0x022BB13E,0x014F7629
0x022BE24A,0x015005A1
0x022C1333,0x01509567
0x022C43F8,0x0151257B
0x022C7499,0x0151B5DD
0x022CA516,0x0152468E
0x022CD56F,0x0152D78D
0x022D05A4,0x015368DB
0x022D35B5,0x0153FA77
0x022D65A1,0x01548C62
0x022D9569,0x01551E9C
0x022DC50C,0x0155B125
0x022DF48A,0x015643FD
0x022E23E3,0x0156D725
0x022E5317,0x01576A9C
0x022E8226,0x0157FE63
0x022EB110,0x0158927A
0x022EDFD5,0x015926E1
0x022F0E74,0x0159BB98
0x022F3CED,0x015A509F
0x022F6B40,0x015AE5F6
0x022F996E,0x015B7B9E
0x022FC775,0x015C1196
0x022FF556,0x015CA7DF
0x02302311,0x015D3E79
0x023050A6,0x015DD564
0x02307E14,0x015E6CA0
0x0230AB5B,0x015F042D
0x0230D87B,0x015F9C0C
0x02310574,0x0160343C
0x02313246,0x0160CCBE
0x02315EF1,0x01616592
0x02318B75,0x0161FEB8
0x0231B7D1,0x01629830
0x0231E406,0x016331FA
0x02321013,0x0163CC17
0x02323BF8,0x01646686
0x023267B5,0x01650148
0x0232934A,0x01659C5D
0x0232BEB7,0x016637C5
0x0232E9FB,0x0166D380
0x02331517,0x01676F8E
0x0233400A,0x01680BEF
0x02336AD5,0x0168A8A4
0x02339577,0x016945AC
0x0233BFF0,0x0169E308
0x0233EA40,0x016A80B8
0x02341466,0x016B1EBC
0x02343E63,0x016BBD14
0x02346836,0x016C5BC1
0x023491E0,0x016CFAC2
0x0234BB60,0x016D9A18
0x0234E4B6,0x016E39C3
0x02350DE2,0x016ED9C2
0x023536E4,0x016F7A16
0x02355FBB,0x01701AC0
0x02358868,0x0170BBBF
0x0235B0EA,0x01715D13
0x0235D941,0x0171FEBD
0x0236016E,0x0172A0BC
0x02362970,0x01734311
0x02365146,0x0173E5BC
0x023678F1,0x017488BD
0x0236A071,0x01752C15
0x0236C7C5,0x0175CFC3
0x0236EEEE,0x017673C7
0x023715EB,0x01771822
0x02373CBC,0x0177BCD4
0x02376361,0x017861DD
0x023789DA,0x0179073D
0x0237B026,0x0179ACF4
0x0237D646,0x017A5302
0x0237FC39,0x017AF968
0x02382200,0x017BA025
0x0238479A,0x017C473A
0x02386D07,0x017CEEA7
0x02389247,0x017D966C
0x0238B759,0x017E3E89
0x0238DC3E,0x017EE6FE
0x023900F6,0x017F8FCB
0x02392580,0x018038F1
0x023949DC,0x0180E270
0x02396E0A,0x01818C47
0x0239920A,0x01823677
0x0239B5DC,0x0182E100
0x0239D980,0x01838BE2
0x0239FCF5,0x0184371E
0x023A203C,0x0184E2B3
0x023A4354,0x01858EA2
0x023A663D,0x01863AEA
0x023A88F7,0x0186E78C
0x023AAB82,0x01879488
0x023ACDDE,0x018841DE
0x023AF00A,0x0188EF8E
0x023B1207,0x01899D99
0x023B33D4,0x018A4BFE
0x023B5571,0x018AFABE
0x023B76DE,0x018BA9D9
0x023B981B,0x018C594E
0x023BB928,0x018D091E
0x023BDA05,0x018DB949
0x023BFAB1,0x018E69D0
0x023C1B2C,0x018F1AB2
0x023C3B77,0x018FCBF0
0x023C5B91,0x01907D89
0x023C7B7A,0x01912F7E
0x023C9B32,0x0191E1CF
0x023CBAB8,0x0192947C
0x023CDA0D,0x01934785
0x023CF930,0x0193FAEA
0x023D1822,0x0194AEAC
0x023D36E2,0x019562CA
0x023D5570,0x01961745
0x023D73CC,0x0196CC1C
0x023D91F5,0x01978150
0x023DAFEC,0x019836E1
0x023DCDB1,0x0198ECCF
0x023DEB43,0x0199A31B
0x023E08A2,0x019A59C4
0x023E25CE,0x019B10CB
0x023E42C7,0x019BC82F
0x023E5F8D,0x019C7FF1
0x023E7C20,0x019D3811
0x023E987F,0x019DF08F
0x023EB4AB,0x019EA96B
0x023ED0A3,0x019F62A5
0x023EEC67,0x01A01C3E
0x023F07F7,0x01A0D635
0x023F2353,0x01A1908B
0x023F3E7B,0x01A24B3F
0x023F596E,0x01A30652
0x023F742D,0x01A3C1C4
0x023F8EB7,0x01A47D95
0x023FA90C,0x01A539C5
0x023FC32C,0x01A5F655
0x023FDD17,0x01A6B344
0x023FF6CD,0x01A77093
0x0240104D,0x01A82E41
0x02402998,0x01A8EC4F
0x024042AD,0x01A9AABD
0x02405B8C,0x01AA698B
0x02407436,0x01AB28B9
0x02408CAA,0x01ABE848
0x0240A4E7,0x01ACA837
0x0240BCEE,0x01AD6886
0x0240D4BF,0x01AE2936
0x0240EC59,0x01AEEA47
0x024103BC,0x01AFABB9
0x02411AE8,0x01B06D8B
0x024131DD,0x01B12FBE
0x0241489B,0x01B12FBE