0x02000000,0x01000000
0x00004189,0x0100624D
0x80008301,0x0100C4D1
0x8000C468,0x0101278B
0x000105BE,0x01018A7C
0x00014703,0x0101EDA4
0x00018837,0x01025103
0x8001C959,0x0102B499
0x80020A6A,0x01031866
0x00024B6A,0x01037C6B
0x00028C58,0x0103E0A7
0x0002CD35,0x0104451B
0x80030E00,0x0104A9C6
0x80034EB9,0x01050EA9
0x00038F60,0x010573C4
0x0003CFF5,0x0105D917
0x00041078,0x01063EA2
0x800450E9,0x0106A466
0x80049148,0x01070A62
0x0004D195,0x01077097
0x000511CF,0x0107D704
0x800551F7,0x01083DAA
0x8005920C,0x0108A489
0x8005D20E,0x01090BA1
0x000611FE,0x010972F2
0x000651DB,0x0109DA7C
0x800691A5,0x010A4240
0x8006D15C,0x010AAA3D
0x00071100,0x010B1274
0x00075090,0x010B7AE5
0x0007900D,0x010BE38F
0x8007CF77,0x010C4C73
0x80080ECD,0x010CB591
0x00084E10,0x010D1EEA
0x00088D3F,0x010D887D
0x0008CC5A,0x010DF24A
0x80090B61,0x010E5C52
0x80094A54,0x010EC695
0x00098933,0x010F3112
0x0009C7FE,0x010F9BCA
0x000A06B5,0x011006BD
0x800A4557,0x011071EC
0x800A83E5,0x0110DD56
0x000AC25E,0x011148FB
0x000B00C2,0x0111B4DC
0x800B3F12,0x011220F9
0x800B7D4D,0x01128D51
0x800BBB73,0x0112F9E5
0x000BF984,0x011366B5
0x000C3780,0x0113D3C1
0x800C7566,0x0114410A
0x800CB337,0x0114AE8F
0x800CF0F3,0x01151C51
0x000D2E99,0x01158A4F
0x000D6C29,0x0115F88A
0x800DA9A4,0x01166702
0x800DE709,0x0116D5B7
0x000E2458,0x011744A9
0x000E6191,0x0117B3D8
0x000E9EB4,0x01182345
0x800EDBC1,0x011892EF
0x800F18B7,0x011902D7
0x000F5597,0x011972FD
0x000F9260,0x0119E361
0x000FCF13,0x011A5403
0x80100BAF,0x011AC4E3
0x80104834,0x011B3601
0x001084A2,0x011BA75D
0x0010C0F9,0x011C18F8
0x0010FD39,0x011C8AD2
0x80113962,0x011CFCEA
0x80117573,0x011D6F41
0x0011B16D,0x011DE1D7
0x0011ED4F,0x011E54AC
0x8012291A,0x011EC7C1
0x801264CD,0x011F3B15
0x8012A068,0x011FAEA9
0x0012DBEB,0x0120227C
0x00131756,0x0120968F
0x801352A9,0x01210AE2
0x80138DE3,0x01217F75
0x0013C905,0x0121F448
0x0014040F,0x0122695B
0x00143F00,0x0122DEAF
0x801479D8,0x01235443
0x8014B498,0x0123CA18
0x0014EF3F,0x0124402E
0x001529CD,0x0124B685
0x00156442,0x01252D1D
0x80159E9D,0x0125A3F6
0x8015D8DF,0x01261B10
0x00161308,0x0126926C
0x00164D17,0x01270A09
0x0016870C,0x012781E8
0x8016C0E8,0x0127FA09
0x8016FAAA,0x0128726C
0x00173452,0x0128EB11
0x00176DE0,0x012963F8
0x8017A754,0x0129DD21
0x8017E0AD,0x012A568D
0x801819EC,0x012AD03C
0x00185310,0x012B4A2D
0x00188C1A,0x012BC461
0x8018C509,0x012C3ED8
0x8018FDDD,0x012CB992
0x80193696,0x012D3490
0x00196F34,0x012DAFD1
0x0019A7B7,0x012E2B55
0x8019E01F,0x012EA71D
0x801A186B,0x012F2329
0x001A509C,0x012F9F79
0x001A88B1,0x01301C0D
0x001AC0AB,0x013098E5
0x801AF889,0x01311601
0x801B304B,0x01319362
0x001B67F1,0x01321107
0x001B9F7B,0x01328EF1
0x001BD6E9,0x01330D20
0x801C0E3A,0x01338B94
0x801C456F,0x01340A4D
0x001C7C87,0x0134894B
0x001CB382,0x0135088E
0x001CEA61,0x01358817
0x801D2123,0x013607E6
0x801D57C8,0x013687FA
0x001D8E4F,0x01370854
0x001DC4B9,0x013788F4
0x801DFB06,0x013809DA
0x801E3135,0x01388B07
0x801E6747,0x01390C7A
0x001E9D3B,0x01398E34
0x001ED311,0x013A1034
0x801F08C9,0x013A927B
0x801F3E63,0x013B1509
0x801F73DF,0x013B97DE
0x001FA93D,0x013C1AFA
0x001FDE7C,0x013C9E5E
0x8020139D,0x013D2209
0x8020489F,0x013DA5FC
0x00207D82,0x013E2A36
0x0020B247,0x013EAEB8
0x0020E6ED,0x013F3382
0x80211B74,0x013FB894
0x80214FDB,0x01403DEF
0x00218423,0x0140C392
0x0021B84C,0x0141497E
0x0021EC55,0x0141CFB2
0x8022203E,0x0142562F
0x80225408,0x0142DCF5
0x002287B2,0x01436404
0x0022BB3C,0x0143EB5C
0x0022EEA6,0x014472FE
0x802321EF,0x0144FAE9
0x80235518,0x0145831E
0x00238820,0x01460B9C
0x0023BB08,0x01469464
0x0023EDCF,0x01471D76
0x80242075,0x0147A6D3
0x802452FA,0x0148307A
0x0024855E,0x0148BA6B
0x0024B7A1,0x014944A7
0x8024E9C3,0x0149CF2D
0x80251BC3,0x014A59FE
0x00254DA2,0x014AE51A
0x00257F5F,0x014B7081
0x0025B0FA,0x014BFC33
0x8025E273,0x014C8831
0x802613CA,0x014D147A
0x002644FF,0x014DA10F
0x00267612,0x014E2DF0
0x0026A702,0x014EBB1D
0x8026D7D0,0x014F4896
0x8027087B,0x014FD65B
0x00273903,0x0150646C
0x00276969,0x0150F2C9
0x002799AC,0x01518173
0x8027C9CB,0x0152106A
0x8027F9C7,0x01529FAE
0x002829A0,0x01532F3E
0x00285955,0x0153BF1C
0x002888E7,0x01544F47
0x8028B855,0x0154DFBF
0x8028E79F,0x01557085
0x002916C5,0x01560198
0x002945C7,0x015692F9
0x802974A5,0x015724A8
0x8029A35F,0x0157B6A5
0x8029D1F4,0x015848F0
0x002A0064,0x0158DB89
0x002A2EB0,0x01596E71
0x802A5CD7,0x015A01A8
0x802A8AD9,0x015A952D
0x002AB8B6,0x015B2901
0x002AE66E,0x015BBD24
0x002B1400,0x015C5196
0x802B416D,0x015CE657
0x802B6EB4,0x015D7B68
0x002B9BD6,0x015E10C8
0x002BC8D2,0x015EA678
0x002BF5A8,0x015F3C78
0x802C2258,0x015FD2C8
0x802C4EE2,0x01606968
0x002C7B45,0x01610058
0x002CA782,0x01619798
0x002CD398,0x01622F29
0x802CFF87,0x0162C70A
0x802D2B50,0x01635F3C
0x002D56F2,0x0163F7BF
0x002D826D,0x01649093
0x002DADC0,0x016529B8
0x802DD8EC,0x0165C32E
0x802E03F1,0x01665CF5
0x002E2ECE,0x0166F70E
0x002E5983,0x01679179
0x802E8410,0x01682C35
0x802EAE76,0x0168C743
0x002ED8B3,0x016962A3
0x002F02C8,0x0169FE56
0x002F2CB5,0x016A9A5B
0x802F5679,0x016B36B2
0x802F8015,0x016BD35C
0x002FA988,0x016C7059
0x002FD2D2,0x016D0DA8
0x002FFBF3,0x016DAB4A
0x803024EB,0x016E4940
0x80304DBA,0x016EE789
0x0030765F,0x016F8625
0x00309EDB,0x01702515
0x0030C72D,0x0170C458
0x8030EF56,0x017163EF
0x80311755,0x017203DA
0x00313F2A,0x0172A419
0x003166D5,0x017344AC
0x00318E55,0x0173E593
0x8031B5AB,0x017486CF
0x8031DCD6,0x0175285F
0x003203D7,0x0175CA44
0x00322AAD,0x01766C7E
0x80325158,0x01770F0D
0x803277D8,0x0177B1F1
0x80329E2D,0x0178552A
0x0032C456,0x0178F8B9
0x0032EA54,0x01799C9D
0x80331026,0x017A40D7
0x803335CD,0x017AE566
0x00335B48,0x017B8A4B
0x00338097,0x017C2F86
0x0033A5BA,0x017CD517
0x8033CAB1,0x017D7AFF
0x8033EF7B,0x017E213D
0x00341419,0x017EC7D1
0x0034388A,0x017F6EBC
0x00345CCF,0x018015FE
0x803480E7,0x0180BD97
0x8034A4D2,0x01816587
0x0034C890,0x01820DCE
0x0034EC20,0x0182B66C
0x00350F83,0x01835F62
0x803532B8,0x018408AF
0x803555C0,0x0184B254
0x0035789A,0x01855C51
0x00359B46,0x018606A5
0x8035BDC4,0x0186B151
0x8035E014,0x01875C56
0x80360236,0x018807B3
0x00362429,0x0188B368
0x003645EE,0x01895F76
0x80366784,0x018A0BDD
0x803688EB,0x018AB89C
0x8036AA23,0x018B65B4
0x0036CB2C,0x018C1325
0x0036EC06,0x018CC0EF
0x80370CB0,0x018D6F13
0x80372D2B,0x018E1D90
0x00374D76,0x018ECC67
0x00376D91,0x018F7B97
0x00378D7D,0x01902B21
0x8037AD39,0x0190DB05
0x8037CCC4,0x01918B43
0x0037EC1F,0x01923BDB
0x00380B4A,0x0192ECCE
0x00382A44,0x01939E1B
0x8038490E,0x01944FC2
0x803867A7,0x019501C4
0x0038860F,0x0195B421
0x0038A446,0x019666D9
0x0038C24B,0x019719EC
0x8038E01F,0x0197CD5A
0x8038FDC2,0x01988123
0x00391B33,0x01993548
0x00393872,0x0199E9C8
0x8039557F,0x019A9EA4
0x8039725A,0x019B53DB
0x80398F03,0x019C096E
0x0039AB7A,0x019CBF5D
0x0039C7BF,0x019D75A8
0x8039E3D1,0x019E2C4F
0x8039FFB0,0x019EE353
0x003A1B5D,0x019F9AB3
0x003A36D7,0x01A05270
0x003A521E,0x01A10A89
0x803A6D32,0x01A1C2FF
0x803A8812,0x01A27BD2
0x003AA2BF,0x01A33502
0x003ABD38,0x01A3EE8F
0x003AD77D,0x01A4A879
0x803AF18F,0x01A562C1
0x803B0B6D,0x01A61D66
0x003B2516,0x01A6D869
0x003B3E8B,0x01A793CA
0x003B57CC,0x01A84F88
0x803B70D8,0x01A90BA4
0x803B89B0,0x01A9C81E
0x003BA253,0x01AA84F7
0x003BBAC1,0x01AB422E
0x803BD2FA,0x01ABFFC3
0x803BEAFE,0x01ACBDB7
0x803C02CC,0x01AD7C09
0x003C1A65,0x01AE3ABA
0x003C31C8,0x01AEF9CA
0x003C48F6,0x01AFB939
0x803C5FEE,0x01B07907
0x803C76B0,0x01B13934
0x003C8D3C,0x01B1F9C0
0x003CA392,0x01B2BAAC
0x803CB9B1,0x01B37BF7
0x803CCF9A,0x01B43DA2
0x003CE54C,0x01B4FFAC
0x003CFAC7,0x01B5C216
0x003D100B,0x01B684E0
0x803D2518,0x01B7480A
0x803D39EE,0x01B80B94
0x003D4E8D,0x01B8CF7E
0x003D62F5,0x01B993C9
0x003D7725,0x01BA5874
0x803D8B1D,0x01BB1D80
0x803D9EDE,0x01BBE2EC
0x003DB267,0x01BCA8B9
0x003DC5B7,0x01BD6EE7
0x003DD8CF,0x01BE3576
0x803DEBAF,0x01BEFC66
0x803DFE56,0x01BFC3B7
0x003E10C5,0x01C08B69
0x003E22FB,0x01C1537C
0x003E34F8,0x01C21BF1
0x803E46BC,0x01C2E4C7
0x803E5847,0x01C3ADFF
0x003E6999,0x01C47799
0x003E7AB2,0x01C54195
0x803E8B91,0x01C60BF2
0x803E9C36,0x01C6D6B1
0x803EACA2,0x01C7A1D3
0x003EBCD4,0x01C86D57
0x003ECCCC,0x01C9393D
0x803EDC8A,0x01CA0585
0x803EEC0D,0x01CAD230
0x003EFB56,0x01CB9F3D
0x003F0A64,0x01CC6CAD
0x003F1938,0x01CD3A80
0x803F27D1,0x01CE08B6
0x803F362F,0x01CED74F
0x003F4452,0x01CFA64B
0x003F523A,0x01D075AA
0x003F5FE6,0x01D1456C
0x803F6D57,0x01D21591
0x803F7A8C,0x01D2E61A
0x003F8786,0x01D3B706
0x003F9444,0x01D48856
0x003FA0C6,0x01D55A09
0x803FAD0C,0x01D62C20
0x803FB916,0x01D6FE9B
0x003FC4E3,0x01D7D17A
0x003FD074,0x01D8A4BD
0x003FDBC8,0x01D97864
0x803FE6DF,0x01DA4C6F
0x803FF1BA,0x01DB20DE
0x003FFC58,0x01DBF5B2
0x004006B9,0x01DCCAEA
0x804010DC,0x01DDA086
0x80401AC2,0x01DE7687
0x0040246B,0x01DF4CED
0x00402DD6,0x01E023B7
0x00403703,0x01E0FAE6
0x80403FF2,0x01E1D27A
0x804048A3,0x01E2AA73
0x00405116,0x01E382D1
0x0040594B,0x01E45B94
0x00406142,0x01E534BC
0x804068FA,0x01E60E49
0x80407074,0x01E6E83C
0x004077AF,0x01E7C294
0x00407EAB,0x01E89D51
0x00408568,0x01E97874
0x80408BE6,0x01EA53FC
0x80409225,0x01EB2FEA
0x00409824,0x01EC0C3E
0x00409DE4,0x01ECE8F8
0x0040A364,0x01EDC617
0x8040A8A5,0x01EEA39C
0x8040ADA6,0x01EF8187
0x0040B267,0x01F05FD8
0x0040B6E8,0x01F13E90
0x8040BB29,0x01F21DAE
0x8040BF29,0x01F2FD32
0x8040C2E9,0x01F3DD1C
0x0040C668,0x01F4BD6D
0x0040C9A7,0x01F59E24
0x8040CCA5,0x01F67F41
0x8040CF62,0x01F760C5
0x0040D1DE,0x01F842B0
0x0040D419,0x01F92501
0x0040D613,0x01FA07B9
0x8040D7CB,0x01FAEAD8
0x8040D942,0x01FBCE5D
0x0040DA77,0x01FCB249
0x0040DB6A,0x01FD969C
0x0040DC1C,0x01FE7B56
0x8040DC8C,0x01FF6077
0x8040DCBA,0x020045FF
0x0040DCA5,0x02012BEE
0x0040DC4E,0x02021245
0x0040DBB5,0x0202F903
0x8040DAD9,0x0203E028
0x8040D9BA,0x0204C7B4
0x0040D859,0x0205AFA8
0x0040D6B5,0x02069803
0x8040D4CE,0x020780C6
0x8040D2A4,0x020869F0
0x8040D036,0x02095382
0x0040CD85,0x020A3D7B
0x0040CA90,0x020B27DC
0x8040C758,0x020C12A4
0x8040C3DC,0x020CFDD4
0x0040C01C,0x020DE96C
0x0040BC18,0x020ED56C
0x0040B7D0,0x020FC1D3
0x8040B344,0x0210AEA2
0x8040AE74,0x02119BD9
0x0040A960,0x02128978
0x0040A407,0x0213777F
0x00409E6A,0x021465EE
0x80409888,0x021554C5
0x80409261,0x02164404
0x00408BF5,0x021733AB
0x00408544,0x021823BA
0x00407E4E,0x02191431
0x80407713,0x021A0510
0x80406F93,0x021AF657
0x004067CD,0x021BE806
0x00405FC2,0x021CDA1E
0x00405771,0x021DCC9E
0x80404EDA,0x021EBF86
0x804045FD,0x021FB2D6
0x00403CDA,0x0220A68E
0x00403371,0x02219AAF
0x804029C2,0x02228F38
0x80401FCD,0x02238429
0x80401591,0x02247983
0x00400B0F,0x02256F45
0x00400046,0x0226656F
0x803FF537,0x02275C02
0x803FE9E1,0x022852FD
0x003FDE44,0x02294A60
0x003FD260,0x022A422C
0x003FC635,0x022B3A60
0x803FB9C3,0x022C32FD
0x803FAD09,0x022D2C02
0x003FA008,0x022E256F
0x003F92BF,0x022F1F45
0x003F852F,0x02301983
0x803F7757,0x0231142A
0x803F6937,0x02320F39
0x003F5AD0,0x02330AB0
0x003F4C21,0x02340690
0x003F3D29,0x023502D8
0x803F2DE9,0x0235FF89
0x803F1E61,0x0236FCA2
0x003F0E91,0x0237FA23
0x003EFE78,0x0238F80D
0x803EEE17,0x0239F65F
0x803EDD6D,0x023AF519
0x803ECC7A,0x023BF43C
0x003EBB3E,0x023CF3C7
0x003EA9BA,0x023DF3BA
0x803E97ED,0x023EF416
0x803E85D6,0x023FF4DA
0x803E7376,0x0240F606
0x003E60CD,0x0241F79A
0x003E4DDB,0x0242F997
0x803E3A9F,0x0243FBFC
0x803E271A,0x0244FEC9
0x003E134B,0x024601FE
0x003DFF32,0x0247059B
0x003DEACF,0x024809A0
0x803DD623,0x02490E0D
0x803DC12D,0x024A12E2
0x003DABED,0x024B181F
0x003D9662,0x024C1DC4
0x003D808D,0x024D23D1
0x803D6A6E,0x024E2A46
0x803D5404,0x024F3123
0x003D3D50,0x02503868
0x003D2651,0x02514015
0x003D0F08,0x02524829
0x803CF774,0x025350A5
0x803CDF95,0x02545989
0x003CC76B,0x025562D4
0x003CAEF6,0x02566C87
0x803C9636,0x025776A2
0x803C7D2B,0x02588124
0x803C63D5,0x02598C0E
0x003C4A34,0x025A975F
0x003C3047,0x025BA317
0x803C160F,0x025CAF37
0x803BFB8C,0x025DBBBE
0x003BE0BD,0x025EC8AC
0x003BC5A2,0x025FD601
0x003BAA3C,0x0260E3BD
0x803B8E8A,0x0261F1E0
0x803B728C,0x0263006A
0x003B5642,0x02640F5B
0x003B39AC,0x02651EB3
0x003B1CCA,0x02662E72
0x803AFF9C,0x02673E97
0x803AE222,0x02684F23
0x003AC45B,0x02696016
0x003AA648,0x026A716F
0x003A87E9,0x026B832F
0x803A693D,0x026C9555
0x803A4A45,0x026DA7E1
0x003A2B00,0x026EBAD3
0x003A0B6E,0x026FCE2B
0x8039EB90,0x0270E1EA
0x8039CB65,0x0271F60F
0x8039AAED,0x02730A99
0x00398A28,0x02741F89
0x00396916,0x027534DF
0x003947B7,0x02764A9B
0x8039260B,0x027760BC
0x80390412,0x02787743
0x0038E1CC,0x02798E2F
0x0038BF38,0x027AA580
0x80389C57,0x027BBD37
0x80387929,0x027CD553
0x003855AD,0x027DEDD4
0x003831E4,0x027F06BA
0x00380DCD,0x02802004
0x8037E969,0x028139B3
0x8037C4B7,0x028253C7
0x00379FB7,0x02836E3F
0x00377A69,0x0284891C
0x003754CE,0x0285A45D
0x80372EE5,0x0286C002
0x803708AE,0x0287DC0B
0x0036E229,0x0288F878
0x0036BB56,0x028A1549
0x00369435,0x028B327E
0x80366CC6,0x028C5017
0x80364509,0x028D6E13
0x00361CFD,0x028E8C72
0x0035F4A3,0x028FAB35
0x0035CBFB,0x0290CA5B
0x8035A305,0x0291E9E4
0x803579C0,0x029309D0
0x0035502D,0x02942A1F
0x0035264B,0x02954AD0
0x8034FC1B,0x02966BE4
0x8034D19C,0x02978D5A
0x8034A6CF,0x0298AF33
0x00347BB3,0x0299D16E
0x00345049,0x029AF40B
0x80342490,0x029C170A
0x8033F888,0x029D3A6A
0x0033CC32,0x029E5E2C
0x00339F8D,0x029F8250
0x00337299,0x02A0A6D5
0x80334556,0x02A1CBBB
0x803317C4,0x02A2F102
0x0032E9E4,0x02A416AA
0x0032BBB5,0x02A53CB3
0x00328D37,0x02A6631C
0x80325E6A,0x02A789E6
0x80322F4E,0x02A8B110
0x0031FFE3,0x02A9D89A
0x0031D029,0x02AB0084
0x0031A020,0x02AC28CE
0x80316FC7,0x02AD5178
0x80313F1F,0x02AE7A81
0x00310E28,0x02AFA3EA
0x0030DCE2,0x02B0CDB2
0x8030AB4D,0x02B1F7D9
0x80307969,0x02B3225F
0x80304735,0x02B44D43
0x003014B2,0x02B57886
0x002FE1E0,0x02B6A427
0x802FAEBF,0x02B7D026
0x802F7B4E,0x02B8FC83
0x002F478E,0x02BA293E
0x002F137F,0x02BB5657
0x002EDF20,0x02BC83CD
0x802EAA72,0x02BDB1A0
0x802E7575,0x02BEDFD1
0x002E4028,0x02C00E5E
0x002E0A8C,0x02C13D48
0x002DD4A1,0x02C26C8F
0x802D9E66,0x02C39C32
0x802D67DC,0x02C4CC31
0x002D3103,0x02C5FC8C
0x002CF9DA,0x02C72D43
0x002CC262,0x02C85E55
0x802C8A9A,0x02C98FC3
0x802C5283,0x02CAC18C
0x002C1A1D,0x02CBF3B0
0x002BE167,0x02CD262F
0x002BA862,0x02CE5908
0x802B6F0D,0x02CF8C3B
0x802B3569,0x02D0BFC9
0x002AFB76,0x02D1F3B1
0x002AC133,0x02D327F2
0x802A86A1,0x02D45C8D
0x802A4BBF,0x02D59181
0x802A108E,0x02D6C6CE
0x0029D50E,0x02D7FC74
0x0029993E,0x02D93272
0x80295D1F,0x02DA68C9
0x802920B1,0x02DB9F78
0x0028E3F3,0x02DCD67F
0x0028A6E6,0x02DE0DDE
0x0028698A,0x02DF4594
0x80282BDE,0x02E07DA1
0x8027EDE3,0x02E1B605
0x0027AF99,0x02E2EEC0
0x00277100,0x02E427D2
0x00273217,0x02E5613A
0x8026F2DF,0x02E69AF8
0x8026B358,0x02E7D50C
0x00267382,0x02E90F76
0x0026335D,0x02EA4A35
0x0025F2E9,0x02EB8549
0x8025B226,0x02ECC0B2
0x80257114,0x02EDFC6F
0x00252FB3,0x02EF3881
0x0024EE02,0x02F074E7
0x8024AC03,0x02F1B1A1
0x802469B5,0x02F2EEAE
0x80242718,0x02F42C0F
0x0023E42C,0x02F569C3
0x0023A0F1,0x02F6A7C9
0x80235D67,0x02F7E622
0x8023198E,0x02F924CD
0x0022D566,0x02FA63CA
0x002290F0,0x02FBA319
0x00224C2B,0x02FCE2B9
0x80220717,0x02FE22AB
0x8021C1B5,0x02FF62ED
0x00217C04,0x0300A380
0x00213605,0x0301E463
0x0020EFB7,0x03032597
0x8020A91B,0x0304671A
0x80206230,0x0305A8ED
0x00201AF7,0x0306EB0F
0x001FD370,0x03082D80
0x001F8B9A,0x03097040
0x801F4376,0x030AB34E
0x801EFB04,0x030BF6AA
0x001EB244,0x030D3A54
0x001E6936,0x030E7E4B
0x001E1FDA,0x030FC290
0x801DD630,0x03110721
0x801D8C38,0x03124BFF
0x001D41F2,0x03139129
0x001CF75E,0x0314D69F
0x801CAC7C,0x03161C61
0x801C614D,0x0317626E
0x801C15D0,0x0318A8C6
0x001BCA06,0x0319EF69
0x001B7DEE,0x031B3657
0x801B3189,0x031C7D8F
0x801AE4D6,0x031DC510
0x001A97D6,0x031F0CDB
0x001A4A89,0x032054EF
0x0019FCEE,0x03219D4C
0x8019AF06,0x0322E5F1
0x801960D1,0x03242EDF
0x0019124F,0x03257814
0x0018C380,0x0326C191
0x00187464,0x03280B55
0x801824FC,0x03295560
0x8017D547,0x032A9FB2
0x00178545,0x032BEA4A
0x001734F7,0x032D3528
0x0016E45C,0x032E804B
0x80169375,0x032FCBB3
0x80164241,0x03311760
0x0015F0C1,0x03326352
0x00159EF5,0x0333AF88
0x80154CDD,0x0334FC02
0x8014FA79,0x033648BF
0x8014A7C9,0x033795BF
0x001454CD,0x0338E302
0x00140185,0x033A3087
0x8013ADF1,0x033B7E4E
0x80135A12,0x033CCC57
0x801305E7,0x033E1AA2
0x0012B171,0x033F692D
0x00125CB0,0x0340B7F9
0x801207A3,0x03420705
0x8011B24B,0x03435651
0x00115CA8,0x0344A5DD
0x001106BA,0x0345F5A8
0x0010B081,0x034745B2
0x801059FE,0x034895FA
0x80100330,0x0349E680
0x000FAC17,0x034B3744
0x000F54B4,0x034C8845
0x000EFD06,0x034DD983
0x800EA50E,0x034F2AFD
0x800E4CCC,0x03507CB3
0x000DF440,0x0351CEA5
0x000D9B6A,0x035320D3
0x000D424A,0x0354733C
0x800CE8E0,0x0355C5DF
0x800C8F2D,0x035718BC
0x000C3530,0x03586BD3
0x000BDAEA,0x0359BF23
0x800B805A,0x035B12AC
0x800B2581,0x035C666E
0x800ACA5F,0x035DBA68
0x000A6EF4,0x035F0E9A
0x000A1340,0x03606304
0x8009B743,0x0361B7A5
0x80095AFE,0x03630C7C
0x0008FE70,0x03646189
0x0008A19A,0x0365B6CC
0x0008447B,0x03670C44
0x8007E714,0x036861F1
0x80078965,0x0369B7D3
0x00072B6E,0x036B0DE9
0x0006CD30,0x036C6433
0x00066EAA,0x036DBAB0
0x80060FDC,0x036F1160
0x8005B0C7,0x03706842
0x0005516B,0x0371BF56
0x0004F1C7,0x0373169C
0x000491DC,0x03746E13
0x800431AA,0x0375C5BB
0x8003D132,0x03771D93
0x00037073,0x0378759B
0x00030F6D,0x0379CDD3
0x8002AE21,0x037B263A
0x80024C8F,0x037C7ECF
0x8001EAB7,0x037DD793
0x00018899,0x037F3084
0x00012635,0x038089A3
0x0000C38B,0x0381E2EE
0x8000609C,0x03833C66
0x80FFFD67,0x0384960A
0x00FF99ED,0x0385EFD9
0x00FF362E,0x038749D3
0x80FED22A,0x0388A3F8
0x80FE6DE1,0x0389FE47
0x00FE0953,0x038B58C0
0x00FDA481,0x038CB362
0x00FD3F6A,0x038E0E2D
0x80FCDA0F,0x038F6920
0x80FC7470,0x0390C43B
0x00FC0E8D,0x03921F7E
0x00FBA866,0x03937AE8
0x00FB41FC,0x0394D678
0x80FADB4E,0x0396322E
0x80FA745D,0x03978E0A
0x00FA0D29,0x0398EA0B
0x00F9A5B2,0x039A4631
0x00F93DF8,0x039BA27B
0x80F8D5FB,0x039CFEE8
0x80F86DBB,0x039E5B79
0x00F80539,0x039FB82C
0x00F79C75,0x03A11502
0x00F7336F,0x03A271FA
0x80F6CA27,0x03A3CF13
0x80F6609D,0x03A52C4D
0x00F5F6D2,0x03A689A7
0x00F58CC5,0x03A7E721
0x80F52277,0x03A944BB
0x80F4B7E8,0x03AAA274
0x80F44D18,0x03AC004B
0x00F3E207,0x03AD5E40
0x00F376B6,0x03AEBC53
0x80F30B24,0x03B01A83
0x80F29F52,0x03B178CF
0x00F23340,0x03B2D737
0x00F1C6EE,0x03B435BB
0x00F15A5D,0x03B5945A
0x80F0ED8C,0x03B6F313
0x80F0807C,0x03B851E6
0x00F0132D,0x03B9B0D3
0x00EFA59F,0x03BB0FD9
0x00EF37D2,0x03BC6EF7
0x80EEC9C6,0x03BDCE2E
0x80EE5B7C,0x03BF2D7C
0x00EDECF3,0x03C08CE1
0x00ED7E2C,0x03C1EC5D
0x00ED0F28,0x03C34BEF
0x80EC9FE6,0x03C4AB96
0x80EC3066,0x03C60B52
0x00EBC0A9,0x03C76B23
0x00EB50AF,0x03C8CB08
0x80EAE078,0x03CA2B01
0x80EA7004,0x03CB8B0D
0x80E9FF54,0x03CCEB2B
0x00E98E67,0x03CE4B5B
0x00E91D3E,0x03CFAB9C
0x80E8ABD9,0x03D10BEE
0x80E83A38,0x03D26C51
0x00E7C85C,0x03D3CCC4
0x00E75644,0x03D52D46
0x00E6E3F1,0x03D68DD7
0x80E67163,0x03D7EE76
0x80E5FE9A,0x03D94F23
0x00E58B97,0x03DAAFDE
0x00E51859,0x03DC10A5
0x00E4A4E1,0x03DD7179
0x80E4312F,0x03DED258
0x80E3BD43,0x03E03343
0x00E3491E,0x03E19438
0x00E2D4BF,0x03E2F537
0x00E26027,0x03E45640
0x80E1EB56,0x03E5B752
0x80E1764C,0x03E7186D
0x00E1010A,0x03E87990
0x00E08B8F,0x03E9DABA
0x00E015DC,0x03EB3BEB
0x80DF9FF1,0x03EC9D23
0x80DF29CE,0x03EDFE61
0x00DEB374,0x03EF5FA4
0x00DE3CE3,0x03F0C0EC
0x80DDC61A,0x03F22238
0x80DD4F1B,0x03F38388
0x80DCD7E5,0x03F4E4DB
0x00DC6078,0x03F64631
0x00DBE8D5,0x03F7A789
0x80DB70FC,0x03F908E2
0x80DAF8ED,0x03FA6A3C
0x00DA80A9,0x03FBCB97
0x00DA082F,0x03FD2CF2
0x00D98F80,0x03FE8E4C
0x80D9169C,0x03FFEFA5
0x80D89D83,0x040150FD
0x00D82436,0x0402B252
0x00D7AAB5,0x040413A5
0x00D73100,0x040574F4
0x80D6B717,0x0406D63F
0x80D63CFA,0x04083786
0x00D5C2AA,0x040998C8
0x00D54827,0x040AFA04
0x00D4CD71,0x040C5B3A
0x80D45288,0x040DBC6A
0x80D3D76D,0x040F1D93
0x00D35C1F,0x04107EB4
0x00D2E09F,0x0411DFCC
0x80D264ED,0x041340DC
0x80D1E90A,0x0414A1E2
0x80D16CF6,0x041602DE
0x00D0F0B0,0x041763D0
0x00D0743A,0x0418C4B7
0x80CFF793,0x041A2592
0x80CF7ABC,0x041B8661
0x00CEFDB4,0x041CE723
0x00CE807C,0x041E47D8
0x00CE0315,0x041FA87F
0x80CD857E,0x04210918
0x80CD07B8,0x042269A2
0x00CC89C3,0x0423CA1C
0x00CC0B9F,0x04252A86
0x00CB8D4D,0x04268ADF
0x80CB0ECD,0x0427EB27
0x80CA901F,0x04294B5D
0x00CA1143,0x042AAB81
0x00C99239,0x042C0B92
0x00C91302,0x042D6B90
0x80C8939E,0x042ECB7A
0x80C8140D,0x04302B4F
0x00C7944F,0x04318B0F
0x00C71465,0x0432EAB9
0x00C6944F,0x04344A4D
0x80C6140D,0x0435A9CA
0x80C5939F,0x0437092F
0x00C51306,0x0438687C
0x00C49242,0x0439C7B1
0x80C41153,0x043B26CD
0x80C39039,0x043C85CF
0x80C30EF5,0x043DE4B7
0x00C28D87,0x043F4384
0x00C20BEF,0x0440A236
0x80C18A2D,0x044200CC
0x80C10842,0x04435F45
0x00C0862E,0x0444BDA1
0x00C003F1,0x04461BDF
0x00BF818B,0x044779FF
0x80BEFEFD,0x0448D800
0x80BE7C47,0x044A35E2
0x00BDF969,0x044B93A4
0x00BD7663,0x044CF145
0x00BCF336,0x044E4EC5
0x80BC6FE2,0x044FAC24
0x80BBEC67,0x04510961
0x00BB68C5,0x0452667B
0x00BAE4FD,0x0453C371
0x00BA610F,0x04552043
0x80B9DCFB,0x04567CF1
0x80B958C1,0x0457D97A
0x00B8D462,0x045935DD
0x00B84FDE,0x045A921A
0x80B7CB35,0x045BEE30
0x80B74668,0x045D4A1F
0x80B6C176,0x045EA5E6
0x00B63C60,0x04600185
0x00B5B726,0x04615CFB
0x80B531C9,0x0462B847
0x80B4AC49,0x04641369
0x80B426A5,0x04656E60
0x00B3A0DF,0x0466C92C
0x00B31AF6,0x046823CC
0x80B294EB,0x04697E40
0x80B20EBE,0x046AD887
0x00B1886F,0x046C32A0
0x00B101FF,0x046D8C8B
0x00B07B6E,0x046EE647
0x80AFF4BC,0x04703FD4
0x80AF6DE9,0x04719931
0x00AEE6F6,0x0472F25E
0x00AE5FE2,0x04744B5A
0x00ADD8AF,0x0475A424
0x80AD515C,0x0476FCBC
0x80ACC9EA,0x04785521
0x00AC4258,0x0479AD53
0x00ABBAA8,0x047B0551
0x00AB32D9,0x047C5D1B
0x80AAAAEC,0x047DB4B0
0x80AA22E1,0x047F0C10
0x00A99AB8,0x0480633A
0x00A91271,0x0481BA2D
0x80A88A0D,0x048310E9
0x80A8018C,0x0484676D
0x80A778EE,0x0485BDB9
0x00A6F034,0x048713CC
0x00A6675E,0x048869A6
0x80A5DE6C,0x0489BF46
0x80A5555E,0x048B14AB
0x00A4CC35,0x048C69D5
0x00A442F1,0x048DBEC3
0x00A3B992,0x048F1375
0x80A33018,0x049067EA
0x80A2A684,0x0491BC22
0x00A21CD6,0x0493101C
0x00A1930E,0x049463D8
0x00A1092C,0x0495B755
0x80A07F31,0x04970A92
0x809FF51D,0x04985D8F
0x009F6AF0,0x0499B04C
0x009EE0AB,0x049B02C7
0x009E564E,0x049C5501
0x809DCBD9,0x049DA6F8
0x809D414C,0x049EF8AD
0x009CB6A8,0x04A04A1E
0x009C2BED,0x04A19B4B
0x809BA11B,0x04A2EC34
0x809B1632,0x04A43CD8
0x809A8B33,0x04A58D36
0x009A001E,0x04A6DD4E
0x009974F3,0x04A82D1F
0x8098E9B3,0x04A97CA9
0x80985E5D,0x04AACBEB
0x8097D2F2,0x04AC1AE5
0x00974773,0x04AD6996
0x0096BBDF,0x04AEB7FE
0x80963037,0x04B0061C
0x8095A47B,0x04B153F0
0x009518AC,0x04B2A179
0x00948CC9,0x04B3EEB6
0x009400D3,0x04B53BA7
0x809374CA,0x04B6884B
0x8092E8AF,0x04B7D4A2
0x00925C81,0x04B920AC
0x0091D041,0x04BA6C67
0x009143F0,0x04BBB7D4
0x8090B78D,0x04BD02F1
0x80902B19,0x04BE4DBE
0x008F9E94,0x04BF983B
0x008F11FE,0x04C0E267
0x008E8558,0x04C22C42
0x808DF8A2,0x04C375CB
0x808D6BDC,0x04C4BF02
0x008CDF06,0x04C607E6
0x008C5221,0x04C75076
0x008BC52D,0x04C898B2
0x808B382A,0x04C9E099
0x808AAB18,0x04CB282B
0x008A1DF8,0x04CC6F68
0x008990CA,0x04CDB64F
0x8089038E,0x04CEFCDF
0x80887645,0x04D04318
0x8087E8EF,0x04D188F9
0x00875B8C,0x04D2CE82
0x0086CE1C,0x04D413B3
0x8086409F,0x04D5588A
0x8085B316,0x04D69D08
0x00852581,0x04D7E12B
0x008497E1,0x04D924F4
0x00840A35,0x04DA6862
0x80837C7E,0x04DBAB74
0x8082EEBC,0x04DCEE2A
0x008260F0,0x04DE3083
0x0081D31A,0x04DF727F
0x0081453A,0x04E0B41D
0x8080B750,0x04E1F55D
0x8080295C,0x04E3363E
0x007F9B5F,0x04E476C0
0x007F0D59,0x04E5B6E2
0x007E7F4A,0x04E6F6A4
0x807DF133,0x04E83605
0x807D6314,0x04E97505
0x007CD4ED,0x04EAB3A3
0x007C46BE,0x04EBF1DF
0x807BB887,0x04ED2FB8
0x807B2A49,0x04EE6D2E
0x807A9C04,0x04EFAA40
0x007A0DB9,0x04F0E6EE
0x00797F67,0x04F22338
0x8078F10F,0x04F35F1C
0x807862B1,0x04F49A9B
0x0077D44E,0x04F5D5B4
0x007745E5,0x04F71066
0x0076B777,0x04F84AB1
0x80762905,0x04F98495
0x80759A8E,0x04FABE11
0x00750C13,0x04FBF724
0x00747D94,0x04FD2FCE
0x0073EF11,0x04FE680F
0x8073608A,0x04FF9FE6
0x8072D200,0x0500D753
0x00724373,0x05020E55
0x0071B4E3,0x050344EC
0x00712651,0x05047B17
0x807097BC,0x0505B0D6
0x80700925,0x0506E628
0x006F7A8D,0x05081B0D
0x006EEBF3,0x05094F85
0x006E5D58,0x050A838F
0x806DCEBC,0x050BB72A
0x806D401F,0x050CEA56
0x006CB182,0x050E1D13
0x006C22E4,0x050F4F60
0x806B9446,0x0510813D
0x806B05A9,0x0511B2A9
0x806A770C,0x0512E3A4
0x0069E870,0x0514142E
0x006959D5,0x05154446
0x8068CB3B,0x051673EB
0x80683CA3,0x0517A31D
0x0067AE0C,0x0518D1DC
0x00671F77,0x051A0027
0x006690E5,0x051B2DFE
0x80660255,0x051C5B61
0x806573C8,0x051D884F
0x0064E53E,0x051EB4C7
0x006456B7,0x051FE0C9
0x0063C833,0x05210C55
0x806339B3,0x0522376A
0x8062AB37,0x05236208
0x00621CBF,0x05248C2F
0x00618E4C,0x0525B5DE
0x0060FFDD,0x0526DF14
0x80607173,0x052807D1
0x805FE30F,0x05293015
0x005F54B0,0x052A57DF
0x005EC657,0x052B7F2F
0x805E3803,0x052CA605
0x805DA9B6,0x052DCC60
0x805D1B6F,0x052EF240
0x005C8D2F,0x053017A4
0x005BFEF5,0x05313C8C
0x805B70C2,0x053260F8
0x805AE297,0x053384E7
0x005A5473,0x0534A859
0x0059C657,0x0535CB4D
0x00593843,0x0536EDC3
0x8058AA37,0x05380FBB
0x80581C34,0x05393134
0x00578E39,0x053A522E
0x00570047,0x053B72A8
0x0056725F,0x053C92A2
0x8055E480,0x053DB21C
0x805556AB,0x053ED115
0x0054C8DF,0x053FEF8D
0x00543B1E,0x05410D84
0x0053AD67,0x05422AF9
0x80531FBA,0x054347EC
0x80529218,0x0544645C
0x00520481,0x05458049
0x005176F5,0x05469BB3
0x0050E975,0x0547B699
0x80505C01,0x0548D0FB
0x804FCE98,0x0549EAD9
0x004F413C,0x054B0432
0x004EB3EC,0x054C1D06
0x804E26A8,0x054D3555
0x804D9971,0x054E4D1E
0x804D0C47,0x054F6461
0x004C7F2B,0x05507B1D
0x004BF21C,0x05519152
0x804B651B,0x0552A700
0x804AD828,0x0553BC27
0x004A4B43,0x0554D0C6
0x0049BE6C,0x0555E4DD
0x004931A3,0x0556F86B
0x8048A4E9,0x05580B70
0x8048183E,0x05591DEC
0x00478BA2,0x055A2FDF
0x0046FF16,0x055B4148
0x00467299,0x055C5227
0x8045E62C,0x055D627B
0x804559CF,0x055E7244
0x0044CD82,0x055F8182
0x00444146,0x05609035
0x0043B51B,0x05619E5C
0x80432900,0x0562ABF7
0x80429CF7,0x0563B905
0x004210FF,0x0564C587
0x00418518,0x0565D17C
0x8040F943,0x0566DCE3
0x80406D80,0x0567E7BD
0x803FE1CF,0x0568F209
0x003F5630,0x0569FBC7
0x003ECAA4,0x056B04F6
0x803E3F2B,0x056C0D96
0x803DB3C4,0x056D15A7
0x803D2871,0x056E1D29
0x003C9D31,0x056F241B
0x003C1204,0x05702A7D
0x803B86EB,0x0571304F
0x803AFBE6,0x05723590
0x003A70F5,0x05733A41
0x0039E618,0x05743E60
0x00395B50,0x057541EE
0x8038D09D,0x057644EA
0x803845FE,0x05774754
0x0037BB75,0x0578492C
0x00373101,0x05794A72
0x0036A6A2,0x057A4B25
0x80361C59,0x057B4B45
0x80359226,0x057C4AD2
0x00350809,0x057D49CB
0x00347E02,0x057E4830
0x0033F411,0x057F4601
0x80336A37,0x0580433E
0x8032E074,0x05813FE6
0x003256C8,0x05823BFA
0x0031CD33,0x05833779
0x003143B5,0x05843262
0x8030BA4F,0x05852CB6
0x80303100,0x05862674
0x002FA7C9,0x05871F9C
0x002F1EAA,0x0588182E
0x802E95A4,0x05891029
0x802E0CB6,0x058A078D
0x002D83E1,0x058AFE5A
0x002CFB24,0x058BF490
0x002C7280,0x058CEA2F
0x802BE9F6,0x058DDF36
0x802B6185,0x058ED3A5
0x002AD92D,0x058FC77C
0x002A50EF,0x0590BABB
0x0029C8CB,0x0591AD61
0x802940C1,0x05929F6E
0x8028B8D1,0x059390E2
0x002830FB,0x059481BD
0x0027A940,0x059571FF
0x002721A0,0x059661A7
0x80269A1A,0x059750B5
0x802612AF,0x05983F29
0x00258B60,0x05992D03
0x0025042C,0x059A1A43
0x00247D13,0x059B06E8
0x8023F616,0x059BF2F2
0x80236F35,0x059CDE61
0x0022E870,0x059DC935
0x002261C7,0x059EB36E
0x8021DB3B,0x059F9D0B
0x802154CB,0x05A0860C
0x8020CE78,0x05A16E72
0x00204841,0x05A2563B
0x001FC227,0x05A33D68
0x801F3C2B,0x05A423F9
0x801EB64C,0x05A509ED
0x001E308A,0x05A5EF44
0x001DAAE6,0x05A6D3FE
0x001D2560,0x05A7B81B
0x801C9FF7,0x05A89B9B
0x801C1AAC,0x05A97E7D
0x001B9580,0x05AA60C1
0x001B1072,0x05AB4268
0x001A8B82,0x05AC2371
0x801A06B1,0x05AD03DB
0x801981FF,0x05ADE3A7
0x0018FD6C,0x05AEC2D5
0x001878F8,0x05AFA164
0x0017F4A3,0x05B07F54
0x8017706E,0x05B15CA5
0x8016EC58,0x05B23957
0x00166862,0x05B3156A
0x0015E48B,0x05B3F0DE
0x001560D4,0x05B4CBB2
0x8014DD3D,0x05B5A5E7
0x801459C7,0x05B67F7C
0x0013D671,0x05B75871
0x0013533C,0x05B830C6
0x8012D027,0x05B9087B
0x80124D33,0x05B9DF90
0x8011CA60,0x05BAB604
0x001147AE,0x05BB8BD8
0x0010C51D,0x05BC610B
0x801042AD,0x05BD359E
0x800FC05F,0x05BE0990
0x000F3E32,0x05BEDCE1
0x000EBC27,0x05BFAF91
0x000E3A3E,0x05C0819F
0x800DB877,0x05C1530C
0x800D36D2,0x05C223D8
0x000CB54F,0x05C2F402
0x000C33EE,0x05C3C38B
0x000BB2B0,0x05C49272
0x800B3195,0x05C560B7
0x800AB09C,0x05C62E5A
0x000A2FC6,0x05C6FB5B
0x0009AF13,0x05C7C7BA
0x00092E83,0x05C89377
0x8008AE16,0x05C95E91
0x80082DCD,0x05CA2909
0x0007ADA7,0x05CAF2DF
0x00072DA5,0x05CBBC12
0x8006ADC6,0x05CC84A2
0x80062E0B,0x05CD4C90
0x8005AE74,0x05CE13DB
0x00052F01,0x05CEDA83
0x0004AFB2,0x05CFA088
0x80043087,0x05D065EA
0x8003B181,0x05D12AA9
0x0003329F,0x05D1EEC5
0x0002B3E2,0x05D2B23E
0x00023549,0x05D37513
0x8001B6D5,0x05D43745
0x80013886,0x05D4F8D4
0x0000BA5C,0x05D5B9BF
0x00003C57,0x05D67A07
0x00FFBE77,0x05D739AB
0x80FF40BD,0x05D7F8AB
0x80FEC328,0x05D8B708
0x00FE45B9,0x05D974C1
0x00FDC86F,0x05DA31D6
0x00FD4B4B,0x05DAEE47
0x80FCCE4D,0x05DBAA15
0x80FC5175,0x05DC653F
0x00FBD4C3,0x05DD1FC5
0x00FB5837,0x05DDD9A7
0x00FADBD1,0x05DE92E5
0x80FA5F92,0x05DF4B7F
0x80F9E379,0x05E00374
0x00F96787,0x05E0BAC5
0x00F8EBBB,0x05E17172
0x80F87016,0x05E2277B
0x80F7F498,0x05E2DCE0
0x80F77941,0x05E391A1
0x00F6FE11,0x05E445BD
0x00F68308,0x05E4F935
0x80F60826,0x05E5AC09
0x80F58D6B,0x05E65E38
0x00F512D7,0x05E70FC3
0x00F4986B,0x05E7C0AA
0x00F41E26,0x05E870EC
0x80F3A409,0x05E9208A
0x80F32A14,0x05E9CF84
0x00F2B047,0x05EA7DD9
0x00F236A1,0x05EB2B8A
0x00F1BD23,0x05EBD896
0x80F143CD,0x05EC84FE
0x80F0CA9F,0x05ED30C2
0x00F0519A,0x05EDDBE1
0x00EFD8BD,0x05EE865C
0x00EF6008,0x05EF3032
0x80EEE77C,0x05EFD964
0x80EE6F18,0x05F081F2
0x00EDF6DD,0x05F129DB
0x00ED7ECA,0x05F1D120
0x80ED06E0,0x05F277C1
0x80EC8F1F,0x05F31DBD
0x80EC1787,0x05F3C315
0x00EBA018,0x05F467C9
0x00EB28D2,0x05F50BD9
0x80EAB1B5,0x05F5AF44
0x80EA3AC1,0x05F6520B
0x00E9C3F6,0x05F6F42E
0x00E94D54,0x05F795AD
0x00E8D6DC,0x05F83688
0x80E8608D,0x05F8D6BE
0x80E7EA68,0x05F97650
0x00E7746C,0x05FA153E
0x00E6FE9A,0x05FAB388
0x00E688F2,0x05FB512E
0x80E61373,0x05FBEE30
0x80E59E1E,0x05FC8A8F
0x00E528F3,0x05FD264A
0x00E4B3F2,0x05FDC161
0x00E43F1B,0x05FE5BD4
0x80E3CA6E,0x05FEF5A3
0x80E355EB,0x05FF8ECF
0x00E2E192,0x06002757
0x00E26D64,0x0600BF3C
0x00E1F960,0x0601567D
0x80E18586,0x0601ED1B
0x80E111D7,0x06028315
0x00E09E52,0x0603186C
0x00E02AF8,0x0603AD1F
0x80DFB7C8,0x0604412F
0x80DF44C3,0x0604D49C
0x80DED1E9,0x06056766
0x00DE5F39,0x0605F98D
0x00DDECB4,0x06068B11
0x80DD7A5A,0x06071BF2
0x80DD082B,0x0607AC30
0x00DC9627,0x06083BCB
0x00DC244E,0x0608CAC4
0x00DBB2A0,0x0609591A
0x80DB411D,0x0609E6CD
0x80DACFC5,0x060A73DE
0x00DA5E98,0x060B004D
0x00D9ED96,0x060B8C19
0x00D97CBF,0x060C1743
0x80D90C14,0x060CA1CB
0x80D89B94,0x060D2BB1
0x00D82B3F,0x060DB4F5
0x00D7BB16,0x060E3D97
0x00D74B18,0x060EC597
0x80D6DB46,0x060F4CF5
0x80D66B9F,0x060FD3B2
0x00D5FC24,0x061059CD
0x00D58CD5,0x0610DF47
0x80D51DB1,0x0611641F
0x80D4AEB9,0x0611E856
0x80D43FED,0x06126BEC
0x00D3D14C,0x0612EEE1
0x00D362D7,0x06137135
0x80D2F48E,0x0613F2E8
0x80D28671,0x061473FA
0x80D21880,0x0614F46B
0x00D1AABB,0x0615743C
0x00D13D22,0x0615F36C
0x80D0CFB5,0x061671FC
0x80D06274,0x0616EFEC
0x00CFF55F,0x06176D3C
0x00CF8876,0x0617E9EC
0x00CF1BB9,0x061865FC
0x80CEAF28,0x0618E16C
0x80CE42C3,0x06195C3C
0x00CDD68A,0x0619D66D
0x00CD6A7E,0x061A4FFE
0x00CCFE9E,0x061AC8F0
0x80CC92EA,0x061B4143
0x80CC2762,0x061BB8F6
0x00CBBC07,0x061C300A
0x00CB50D8,0x061CA680
0x00CAE5D5,0x061D1C57
0x80CA7AFF,0x061D918F
0x80CA1055,0x061E0629
0x00C9A5D7,0x061E7A24
0x00C93B86,0x061EED81
0x00C8D161,0x061F6040
0x80C86769,0x061FD261
0x80C7FD9D,0x062043E4
0x00C793FE,0x0620B4CA
0x00C72A8B,0x06212512
0x80C6C145,0x062194BD
0x80C6582B,0x062203CA
0x00C5EF3E,0x0622723A
0x00C5867D,0x0622E00D
0x00C51DE9,0x06234D43
0x80C4B582,0x0623B9DD
0x80C44D47,0x062425DA
0x00C3E539,0x0624913B
0x00C37D58,0x0624FBFF
0x00C315A3,0x06256627
0x80C2AE1B,0x0625CFB3
0x80C246C0,0x062638A3
0x00C1DF91,0x0626A0F8
0x00C1788F,0x062708B1
0x00C111BA,0x06276FCF
0x80C0AB11,0x0627D651
0x80C04495,0x06283C38
0x00BFDE46,0x0628A184
0x00BF7823,0x06290636
0x00BF122D,0x06296A4D
0x80BEAC64,0x0629CDC9
0x80BE46C8,0x062A30AB
0x00BDE158,0x062A92F3
0x00BD7C15,0x062AF4A1
0x80BD16FF,0x062B55B5
0x80BCB216,0x062BB62F
0x80BC4D59,0x062C1610
0x00BBE8C9,0x062C7558
0x00BB8466,0x062CD406
0x80BB2030,0x062D321B
0x80BABC26,0x062D8F97
0x00BA5849,0x062DEC7B
0x00B9F499,0x062E48C6
0x00B99116,0x062EA479
0x80B92DBF,0x062EFF94
0x80B8CA95,0x062F5A17
0x00B86798,0x062FB402
0x00B804C8,0x06300D55
0x00B7A224,0x06306611
0x80B73FAD,0x0630BE35
0x80B6DD63,0x063115C2
0x00B67B45,0x06316CB8
0x00B61954,0x0631C318
0x00B5B790,0x063218E1
0x80B555F9,0x06326E14
0x80B4F48E,0x0632C2B0
0x00B49350,0x063316B6
0x00B4323F,0x06336A26
0x00B3D15A,0x0633BD01
0x80B370A2,0x06340F46
0x80B31017,0x063460F6
0x00B2AFB8,0x0634B211
0x00B24F86,0x06350297
0x80B1EF80,0x06355288
0x80B18FA7,0x0635A1E4
0x80B12FFB,0x0635F0AC
0x00B0D07B,0x06363EE0
0x00B07128,0x06368C80
0x80B01201,0x0636D98C
0x80AFB307,0x06372604
0x00AF5439,0x063771E9
0x00AEF598,0x0637BD3B
0x00AE9723,0x063807F9
0x80AE38DB,0x06385225
0x80ADDABF,0x06389BBE
0x00AD7CD0,0x0638E4C4
0x00AD1F0D,0x06392D38
0x00ACC176,0x0639751A
0x80AC640C,0x0639BC6A
0x80AC06CE,0x063A0329
0x00ABA9BD,0x063A4956
0x00AB4CD8,0x063A8EF2
0x00AAF01F,0x063AD3FD
0x80AA9392,0x063B1877
0x80AA3732,0x063B5C60
0x00A9DAFE,0x063B9FB9
0x00A97EF6,0x063BE281
0x80A9231A,0x063C24B9
0x80A8C76B,0x063C6661
0x80A86BE8,0x063CA77A
0x00A81091,0x063CE803
0x00A7B566,0x063D27FD
0x80A75A67,0x063D6768
0x80A6FF94,0x063DA644
0x00A6A4ED,0x063DE492
0x00A64A72,0x063E2251
0x00A5F023,0x063E5F82
0x80A59600,0x063E9C25
0x80A53C09,0x063ED83A
0x00A4E23E,0x063F13C2
0x00A4889F,0x063F4EBC
0x00A42F2C,0x063F8929
0x80A3D5E5,0x063FC309
0x80A37CC9,0x063FFC5C
0x00A323D9,0x06403523
0x00A2CB15,0x06406D5E
0x00A2727D,0x0640A50C
0x80A21A10,0x0640DC2F
0x80A1C1CF,0x064112C6
0x00A169BA,0x064148D1
0x00A111D0,0x06417E51
0x00A0BA12,0x0641B346
0x80A0627F,0x0641E7B0
0x80A00B18,0x06421B90
0x009FB3DC,0x06424EE6
0x009F5CCC,0x064281B1
0x809F05E7,0x0642B3F3
0x809EAF2E,0x0642E5AB
0x809E58A0,0x064316D9
0x009E023D,0x0643477E
0x009DAC06,0x0643779A
0x809D55FA,0x0643A72D
0x809D0019,0x0643D638
0x009CAA63,0x064404BA
0x009C54D8,0x064432B4
0x009BFF78,0x06446026
0x809BAA44,0x06448D11
0x809B553B,0x0644B974
0x009B005D,0x0644E550
0x009AABAA,0x064510A5
0x009A5721,0x06453B73
0x809A02C3,0x064565BB
0x8099AE90,0x06458F7C
0x00995A88,0x0645B8B7
0x009906AB,0x0645E16C
0x0098B2F9,0x0646099C
0x80985F71,0x06463146
0x80980C14,0x0646586B
0x0097B8E2,0x06467F0B
0x009765DA,0x0646A526
0x809712FD,0x0646CABD
0x8096C04A,0x0646EFD0
0x80966DC2,0x0647145F
0x00961B64,0x0647386A
0x0095C931,0x06475BF1
0x80957728,0x06477EF5
0x80952549,0x0647A176
0x0094D394,0x0647C374
0x0094820A,0x0647E4EF
0x009430AA,0x064805E8
0x8093DF74,0x0648265F
0x80938E68,0x06484654
0x00933D86,0x064865C7
0x0092ECCE,0x064884B9
0x00929C40,0x0648A329
0x80924BDC,0x0648C118
0x8091FBA2,0x0648DE87
0x0091AB92,0x0648FB75
0x00915BAC,0x064917E3
0x00910BEF,0x064933D1
0x8090BC5C,0x06494F3F
0x80906CF3,0x06496A2D
0x00901DB3,0x0649849C
0x008FCE9D,0x06499E8C
0x008F7FB1,0x0649B7FD
0x808F30EE,0x0649D0EF
0x808EE254,0x0649E963
0x008E93E4,0x064A0159
0x008E459D,0x064A18D1
0x808DF780,0x064A2FCB
0x808DA98C,0x064A4648
0x808D5BC1,0x064A5C47
0x008D0E1F,0x064A71C9
0x008CC0A6,0x064A86CF
0x808C7356,0x064A9B58
0x808C262F,0x064AAF65
0x008BD931,0x064AC2F6
0x008B8C5C,0x064AD60B
0x008B3FB0,0x064AE8A5
0x808AF32D,0x064AFAC3
0x808AA6D3,0x064B0C66
0x008A5AA1,0x064B1D8E
0x008A0E98,0x064B2E3C
0x0089C2B8,0x064B3E70
0x80897700,0x064B4E29
0x80892B71,0x064B5D69
0x0088E00A,0x064B6C2F
0x008894CC,0x064B7A7C
0x008849B6,0x064B8850
0x8087FEC9,0x064B95AB
0x8087B404,0x064BA28D
0x00876967,0x064BAEF7
0x00871EF2,0x064BBAE8
0x8086D4A5,0x064BC662
0x80868A80,0x064BD164
0x80864084,0x064BDBEE
0x0085F6AF,0x064BE601
0x0085AD02,0x064BEF9D
0x8085637D,0x064BF8C3
0x80851A20,0x064C0172
0x8084D0EB,0x064C09AB
0x008487DE,0x064C116E
0x00843EF8,0x064C18BB
0x8083F63A,0x064C1F93
0x8083ADA3,0x064C25F6
0x00836534,0x064C2BE4
0x00831CEC,0x064C315D
0x0082D4CC,0x064C3661
0x80828CD3,0x064C3AF1
0x80824501,0x064C3F0D
0x0081FD57,0x064C42B5
0x0081B5D4,0x064C45EA
0x00816E78,0x064C48AB
0x80812743,0x064C4AF9
0x8080E035,0x064C4CD5
0x0080994E,0x064C4E3E
0x0080528E,0x064C4F35
0x80800BF5,0x064C4FBA
0x807FC583,0x064C4FCD
0x807F7F37,0x064C4F6E
0x007F3912,0x064C4E9E
0x007EF314,0x064C4D5D
0x007EAD3C,0x064C4BAB
0x807E678B,0x064C4988
0x807E2200,0x064C46F5
0x007DDC9C,0x064C43F2
0x007D975E,0x064C407F
0x807D5246,0x064C3C9C
0x807D0D55,0x064C384A
0x007CC88A,0x064C3389
0x007C83E5,0x064C2E59
0x007C3F66,0x064C28BA
0x807BFB0D,0x064C22AD
0x807BB6DA,0x064C1C32
0x007B72CD,0x064C1549
0x007B2EE6,0x064C0DF2
0x007AEB25,0x064C062E
0x807AA789,0x064BFDFD
0x807A6413,0x064BF55F
0x007A20C3,0x064BEC54
0x0079DD98,0x064BE2DC
0x00799A93,0x064BD8F8
0x807957B3,0x064BCEA8
0x807914F9,0x064BC3ED
0x0078D264,0x064BB8C6
0x00788FF4,0x064BAD34
0x00784DAA,0x064BA137
0x80780B85,0x064B94CF
0x8077C985,0x064B87FD
0x007787AA,0x064B7AC0
0x007745F4,0x064B6D19
0x80770463,0x064B5F09
0x8076C2F7,0x064B508F
0x807681B0,0x064B41AC
0x0076408D,0x064B3260
0x0075FF8F,0x064B22AB
0x8075BEB6,0x064B128D
0x80757E01,0x064B0207
0x00753D71,0x064AF119
0x0074FD05,0x064ADFC3
0x0074BCBE,0x064ACE06
0x80747C9B,0x064ABBE1
0x80743C9C,0x064AA955
0x0073FCC1,0x064A9662
0x0073BD0B,0x064A8309
0x00737D79,0x064A6F49
0x80733E0B,0x064A5B23
0x8072FEC1,0x064A4697
0x0072BF9B,0x064A31A6
0x00728099,0x064A1C4F
0x007241BA,0x064A0693
0x807202FF,0x0649F072
0x8071C468,0x0649D9EC
0x007185F5,0x0649C302
0x007147A5,0x0649ABB4
0x00710979,0x06499402
0x8070CB70,0x06497BEC
0x80708D8B,0x06496373
0x00704FC9,0x06494A96
0x0070122A,0x06493156
0x806FD4AE,0x064917B4
0x806F9756,0x0648FDAF
0x806F5A21,0x0648E348
0x006F1D0F,0x0648C87F
0x006EE020,0x0648AD54
0x806EA354,0x064891C7
0x806E66AA,0x064875D9
0x006E2A23,0x0648598A
0x006DEDBF,0x06483CDA
0x006DB17E,0x06481FC9
0x806D755F,0x06480258
0x806D3963,0x0647E487
0x006CFD89,0x0647C656
0x006CC1D2,0x0647A7C5
0x006C863D,0x064788D5
0x806C4ACA,0x06476986
0x806C0F7A,0x064749D8
0x006BD44C,0x064729CB
0x006B9940,0x06470960
0x006B5E56,0x0646E896
0x806B238E,0x0646C76E
0x806AE8E8,0x0646A5E9
0x006AAE64,0x06468406
0x006A7402,0x064661C6
0x806A39C2,0x06463F29
0x8069FFA3,0x06461C2F
0x8069C5A6,0x0645F8D8
0x00698BCB,0x0645D525
0x00695211,0x0645B116
0x80691879,0x06458CAB
0x8068DF02,0x064567E4
0x0068A5AC,0x064542C2
0x00686C78,0x06451D45
0x00683365,0x0644F76D
0x8067FA73,0x0644D13A
0x8067C1A2,0x0644AAAD
0x006788F2,0x064483C5
0x00675063,0x06445C83
0x006717F5,0x064434E8
0x8066DFA8,0x06440CF3
0x8066A77C,0x0643E4A5
0x00666F70,0x0643BBFE
0x00663785,0x064392FE
0x0065FFBB,0x064369A5
0x8065C811,0x06433FF4
0x80659088,0x064315EB
0x0065591F,0x0642EB8A
0x006521D7,0x0642C0D1
0x0064EAAF,0x064295C1
0x8064B3A7,0x06426A59
0x80647CBF,0x06423E9A
0x006445F8,0x06421285
0x00640F51,0x0641E619
0x8063D8CA,0x0641B957
0x8063A263,0x06418C3F
0x80636C1B,0x06415ED1
0x006335F3,0x0641310D
0x0062FFEB,0x064102F4
0x8062CA03,0x0640D486
0x8062943A,0x0640A5C3
0x00625E91,0x064076AB
0x00622908,0x0640473E
0x0061F39E,0x0640177D
0x8061BE53,0x063FE768
0x80618928,0x063FB6FF
0x0061541C,0x063F8643
0x00611F2F,0x063F5533
0x0060EA61,0x063F23D0
0x8060B5B2,0x063EF21A
0x80608123,0x063EC012
0x00604CB3,0x063E8DB7
0x00601861,0x063E5B0A
0x005FE42E,0x063E280B
0x805FB01A,0x063DF4BA
0x805F7C25,0x063DC118
0x005F484F,0x063D8D24
0x005F1497,0x063D58DF
0x805EE0FE,0x063D2449
0x805EAD83,0x063CEF62
0x805E7A27,0x063CBA2B
0x005E46E9,0x063C84A4
0x005E13C9,0x063C4ECD
0x805DE0C8,0x063C18A6
0x805DADE5,0x063BE22F
0x005D7B20,0x063BAB69
0x005D4879,0x063B7454
0x005D15F0,0x063B3CF0
0x805CE385,0x063B053D
0x805CB138,0x063ACD3C
0x005C7F09,0x063A94ED
0x005C4CF7,0x063A5C50
0x005C1B03,0x063A2365
0x805BE92D,0x0639EA2C
0x805BB774,0x0639B0A6
0x005B85D9,0x063976D3
0x005B545B,0x06393CB3
0x005B22FB,0x06390246
0x805AF1B8,0x0638C78C
0x805AC092,0x06388C86
0x005A8F8A,0x06385134
0x005A5E9F,0x06381596
0x005A2DD1,0x0637D9AD
0x8059FD20,0x06379D78
0x8059CC8C,0x063760F8
0x00599C15,0x0637242D
0x00596BBB,0x0636E717
0x80593B7E,0x0636A9B7
0x80590B5D,0x06366C0C
0x8058DB59,0x06362E17
0x0058AB72,0x0635EFD8
0x00587BA7,0x0635B14F
0x80584BF9,0x0635727D
0x80581C67,0x06353362
0x0057ECF2,0x0634F3FD
0x0057BD99,0x0634B450
0x00578E5C,0x0634745A
0x80575F3C,0x0634341B
0x80573038,0x0633F394
0x00570150,0x0633B2C5
0x0056D284,0x063371AE
0x0056A3D4,0x06333050
0x80567540,0x0632EEAA
0x805646C8,0x0632ACBD
0x0056186C,0x06326A89
0x0055EA2B,0x0632280E
0x0055BC06,0x0631E54D
0x80558DFD,0x0631A245
0x8055600F,0x06315EF7
0x0055323D,0x06311B63
0x00550486,0x0630D789
0x8054D6EB,0x0630936A
0x8054A96B,0x06304F06
0x80547C06,0x06300A5C
0x00544EBD,0x062FC56E
0x0054218F,0x062F803B
0x8053F47C,0x062F3AC3
0x8053C784,0x062EF507
0x80539AA7,0x062EAF07
0x00536DE5,0x062E68C3
0x0053413E,0x062E223B
0x805314B2,0x062DDB70
0x8052E840,0x062D9461
0x0052BBE9,0x062D4D0F
0x00528FAD,0x062D057A
0x0052638B,0x062CBDA3
0x80523784,0x062C7589
0x80520B97,0x062C2D2D
0x0051DFC5,0x062BE48F
0x0051B40D,0x062B9BAF
0x00518870,0x062B528D
0x80515CED,0x062B092A
0x80513184,0x062ABF86
0x00510635,0x062A75A0
0x0050DB00,0x062A2B7A
0x8050AFE5,0x0629E113
0x805084E4,0x0629966B
0x805059FD,0x06294B83
0x00502F30,0x0629005B
0x0050047D,0x0628B4F3
0x004FD9E4,0x0628694B
0x804FAF64,0x06281D64
0x804F84FE,0x0627D13D
0x004F5AB2,0x062784D7
0x004F307F,0x06273832
0x804F0666,0x0626EB4F
0x804EDC66,0x06269E2D
0x004EB27F,0x062650CD
0x004E88B2,0x0626032F
0x004E5EFE,0x0625B553
0x804E3563,0x06256739
0x804E0BE1,0x062518E1
0x004DE278,0x0624CA4C
0x004DB928,0x06247B7A
0x004D8FF1,0x06242C6B
0x804D66D3,0x0623DD1F
0x804D3DCE,0x06238D96
0x004D14E2,0x06233DD1
0x004CEC0F,0x0622EDCF
0x004CC354,0x06229D91
0x804C9AB2,0x06224D18
0x804C7229,0x0621FC63
0x004C49B8,0x0621AB72
0x004C2160,0x06215A46
0x004BF920,0x062108DF
0x804BD0F8,0x0620B73D
0x804BA8E9,0x06206560
0x004B80F2,0x06201349
0x004B5913,0x061FC0F7
0x804B314C,0x061F6E6B
0x804B099D,0x061F1BA5
0x804AE207,0x061EC8A5
0x004ABA89,0x061E756C
0x004A9322,0x061E21F9
0x804A6BD3,0x061DCE4D
0x804A449C,0x061D7A68
0x004A1D7D,0x061D264A
0x0049F676,0x061CD1F3
0x0049CF86,0x061C7D64
0x8049A8AE,0x061C289C
0x804981EE,0x061BD39C
0x00495B45,0x061B7E64
0x004934B3,0x061B28F4
0x00490E39,0x061AD34D
0x8048E7D6,0x061A7D6E
0x8048C18B,0x061A2758
0x00489B57,0x0619D10B
0x0048753A,0x06197A87
0x00484F34,0x061923CC
0x80482945,0x0618CCDB
0x8048036D,0x061875B4
0x0047DDAC,0x06181E56
0x0047B802,0x0617C6C2
0x0047926F,0x06176EF9
0x80476CF3,0x061716FA
0x8047478E,0x0616BEC5
0x0047223F,0x0616665B
0x0046FD07,0x06160DBC
0x8046D7E6,0x0615B4E8
0x8046B2DB,0x06155BDF
0x80468DE7,0x061502A2
0x00466909,0x0614A930
0x00464442,0x06144F8A
0x80461F91,0x0613F5B0
0x8045FAF6,0x06139BA2
0x0045D672,0x06134160
0x0045B204,0x0612E6EB
0x00458DAC,0x06128C42
0x8045696A,0x06123166
0x8045453E,0x0611D657
0x00452128,0x06117B15
0x0044FD28,0x06111FA1
0x0044D93E,0x0610C3FA
0x8044B56A,0x06106821
0x804491AC,0x06100C15
0x00446E03,0x060FAFD7
0x00444A70,0x060F5368
0x004426F3,0x060EF6C7
0x8044038B,0x060E99F4
0x8043E039,0x060E3CF0
0x0043BCFC,0x060DDFBB
0x004399D5,0x060D8255
0x804376C3,0x060D24BE
0x804353C6,0x060CC6F6
0x804330DF,0x060C68FE
0x00430E0D,0x060C0AD6
0x0042EB50,0x060BAC7D
0x8042C8A8,0x060B4DF4
0x8042A615,0x060AEF3B
0x00428398,0x060A9053
0x00426130,0x060A313B
0x00423EDD,0x0609D1F4
0x80421C9E,0x0609727E
0x8041FA74,0x060912D9
0x0041D85F,0x0608B305
0x0041B65F,0x06085302
0x00419474,0x0607F2D1
0x8041729D,0x06079271
0x804150DB,0x060731E3
0x00412F2D,0x0606D127
0x00410D94,0x0606703D
0x0040EC0F,0x06060F25
0x8040CA9F,0x0605ADE0
0x8040A943,0x06054C6D
0x004087FB,0x0604EACD
0x004066C8,0x06048900
0x004045A9,0x06042706
0x8040249E,0x0603C4DF
0x804003A7,0x0603628C
0x003FE2C4,0x0603000C
0x003FC1F5,0x06029D60
0x803FA13A,0x06023A88
0x803F8093,0x0601D784
0x803F6000,0x06017454
0x003F3F81,0x060110F8
0x003F1F16,0x0600AD71
0x803EFEBF,0x060049BE
0x803EDE7B,0x05FFE5E0
0x003EBE4B,0x05FF81D7
0x003E9E2F,0x05FF1DA3
0x003E7E26,0x05FEB944
0x803E5E31,0x05FE54BB
0x803E3E4F,0x05FDF007
0x003E1E81,0x05FD8B29
0x003DFEC6,0x05FD2621
0x003DDF1E,0x05FCC0EF
0x803DBF8A,0x05FC5B93
0x803DA009,0x05FBF60D
0x003D809B,0x05FB905E
0x003D6140,0x05FB2A85
0x003D41F8,0x05FAC483
0x803D22C3,0x05FA5E58
0x803D03A1,0x05F9F804
0x003CE492,0x05F99187
0x003CC596,0x05F92AE2
0x803CA6AD,0x05F8C414
0x803C87D7,0x05F85D1E
0x803C6914,0x05F7F600
0x003C4A64,0x05F78EBA
0x003C2BC6,0x05F7274C
0x803C0D3B,0x05F6BFB6
0x803BEEC3,0x05F657F8
0x003BD05D,0x05F5F013
0x003BB20A,0x05F58807
0x003B93C9,0x05F51FD3
0x803B759B,0x05F4B778
0x803B577F,0x05F44EF7
0x003B3975,0x05F3E64F
0x003B1B7E,0x05F37D80
0x003AFD99,0x05F3148B
0x803ADFC6,0x05F2AB6F
0x803AC205,0x05F2422D
0x003AA456,0x05F1D8C5
0x003A86BA,0x05F16F37
0x003A6930,0x05F10584
0x803A4BB8,0x05F09BAB
0x803A2E52,0x05F031AD
0x003A10FD,0x05EFC789
0x0039F3BA,0x05EF5D40
0x8039D689,0x05EEF2D2
0x8039B96A,0x05EE883F
0x80399C5D,0x05EE1D88
0x00397F61,0x05EDB2AC
0x00396277,0x05ED47AB
0x8039459F,0x05ECDC86
0x803928D8,0x05EC713D
0x80390C23,0x05EC05D0
0x0038EF7F,0x05EB9A3F
0x0038D2ED,0x05EB2E8A
0x8038B66C,0x05EAC2B2
0x803899FC,0x05EA56B6
0x00387D9E,0x05E9EA97
0x00386151,0x05E97E55
0x00384515,0x05E911EF
0x803828EA,0x05E8A566
0x80380CD0,0x05E838BB
0x0037F0C8,0x05E7CBED
0x0037D4D1,0x05E75EFC
0x0037B8EB,0x05E6F1E9
0x80379D16,0x05E684B4
0x80378152,0x05E6175D
0x0037659E,0x05E5A9E4
0x003749FB,0x05E53C49
0x00372E69,0x05E4CE8C
0x803712E8,0x05E460AD
0x8036F778,0x05E3F2AD
0x0036DC18,0x05E3848B
0x0036C0C9,0x05E31648
0x0036A58B,0x05E2A7E4
0x80368A5D,0x05E2395F
0x80366F40,0x05E1CAB9
0x00365433,0x05E15BF3
0x00363937,0x05E0ED0C
0x80361E4B,0x05E07E05
0x8036036F,0x05E00EDD
0x8035E8A4,0x05DF9F95
0x0035CDE9,0x05DF302D
0x0035B33E,0x05DEC0A5
0x803598A4,0x05DE50FD
0x80357E1A,0x05DDE136
0x003563A0,0x05DD714F
0x00354936,0x05DD0149
0x00352EDC,0x05DC9123
0x80351492,0x05DC20DE
0x8034FA58,0x05DBB07A
0x0034E02E,0x05DB3FF7
0x0034C614,0x05DACF56
0x0034AC0A,0x05DA5E96
0x8034920F,0x05D9EDB7
0x80347824,0x05D97CBA
0x00345E49,0x05D90B9F
0x0034447E,0x05D89A66
0x00342AC2,0x05D8290E
0x80341116,0x05D7B799
0x8033F77A,0x05D74606
0x0033DDED,0x05D6D455
0x0033C470,0x05D66287
0x0033AB02,0x05D5F09B
0x803391A4,0x05D57E92
0x80337855,0x05D50C6C
0x00335F15,0x05D49A29
0x003345E5,0x05D427C9
0x80332CC4,0x05D3B54C
0x803313B2,0x05D342B2
0x0032FAAF,0x05D2CFFC
0x0032E1BB,0x05D25D29
0x0032C8D7,0x05D1EA3A
0x8032B002,0x05D1772E
0x8032973C,0x05D10406
0x00327E85,0x05D090C2
0x003265DD,0x05D01D63
0x00324D44,0x05CFA9E8
0x803234BA,0x05CF3651
0x80321C3F,0x05CEC29F
0x003203D2,0x05CE4ED1
0x0031EB74,0x05CDDAE8
0x0031D325,0x05CD66E4
0x8031BAE5,0x05CCF2C5
0x8031A2B3,0x05CC7E8B
0x00318A90,0x05CC0A36
0x0031727C,0x05CB95C6
0x00315A76,0x05CB213C
0x8031427F,0x05CAAC97
0x80312A96,0x05CA37D8
0x003112BC,0x05C9C2FF
0x0030FAF0,0x05C94E0B
0x8030E333,0x05C8D8FD
0x8030CB84,0x05C863D6
0x8030B3E3,0x05C7EE95
0x00309C51,0x05C7793A
0x003084CD,0x05C703C6
0x80306D57,0x05C68E38
0x803055EF,0x05C61891
0x00303E95,0x05C5A2D1
0x00302749,0x05C52CF7
0x0030100C,0x05C4B704
0x802FF8DD,0x05C440F8
0x802FE1BC,0x05C3CAD4
0x002FCAA9,0x05C35497
0x002FB3A4,0x05C2DE41
0x002F9CAC,0x05C267D3
0x802F85C2,0x05C1F14D
0x802F6EE6,0x05C17AAE
0x002F5818,0x05C103F7
0x002F4158,0x05C08D28
0x002F2AA6,0x05C01641
0x802F1401,0x05BF9F42
0x802EFD6A,0x05BF282C
0x002EE6E1,0x05BEB0FE
0x002ED065,0x05BE39B9
0x002EB9F7,0x05BDC25C
0x802EA396,0x05BD4AE8
0x802E8D43,0x05BCD35D
0x002E76FD,0x05BC5BBB
0x002E60C5,0x05BBE402
0x802E4A9A,0x05BB6C32
0x802E347C,0x05BAF44B
0x802E1E6C,0x05BA7C4E
0x002E0869,0x05BA043A
0x002DF273,0x05B98C10
0x802DDC8B,0x05B913CF
0x802DC6B0,0x05B89B78
0x002DB0E2,0x05B8230B
0x002D9B21,0x05B7AA88
0x002D856D,0x05B731EF
0x802D6FC6,0x05B6B940
0x802D5A2C,0x05B6407B
0x002D449F,0x05B5C7A1
0x002D2F1F,0x05B54EB1
0x002D19AC,0x05B4D5AC
0x802D0446,0x05B45C92
0x802CEEED,0x05B3E362
0x002CD9A1,0x05B36A1D
0x002CC462,0x05B2F0C3
0x002CAF2F,0x05B27754
0x802C9A09,0x05B1FDD1
0x802C84F0,0x05B18439
0x002C6FE4,0x05B10A8C
0x002C5AE4,0x05B090CB
0x802C45F1,0x05B016F5
0x802C310A,0x05AF9D0B
0x802C1C30,0x05AF230D
0x002C0763,0x05AEA8FB
0x002BF2A2,0x05AE2ED5
0x802BDDED,0x05ADB49B
0x802BC945,0x05AD3A4D
0x002BB4A9,0x05ACBFEB
0x002BA01A,0x05AC4576
0x002B8B97,0x05ABCAED
0x802B7720,0x05AB5051
0x802B62B6,0x05AAD5A1
0x002B4E58,0x05AA5ADE
0x002B3A06,0x05A9E008
0x002B25C0,0x05A9651F
0x802B1186,0x05A8EA23
0x802AFD59,0x05A86F14
0x002AE938,0x05A7F3F2
0x002AD523,0x05A778BD
0x002AC11A,0x05A6FD76
0x802AAD1D,0x05A6821C
0x802A992C,0x05A606B0
0x002A8547,0x05A58B32
0x002A716E,0x05A50FA1
0x802A5DA1,0x05A493FE
0x802A49DF,0x05A41849
0x802A3629,0x05A39C82
0x002A227F,0x05A320AA
0x002A0EE1,0x05A2A4C0
0x8029FB4F,0x05A228C4
0x8029E7C8,0x05A1ACB7
0x8029D44D,0x05A13098
0x0029C0DE,0x05A0B468
0x0029AD7A,0x05A03826
0x80299A22,0x059FBBD3
0x802986D5,0x059F3F6F
0x00297394,0x059EC2FA
0x0029605E,0x059E4674
0x00294D34,0x059DC9DD
0x80293A15,0x059D4D35
0x80292702,0x059CD07D
0x002913FA,0x059C53B4
0x002900FD,0x059BD6DB
0x0028EE0C,0x059B59F1
0x8028DB26,0x059ADCF7
0x8028C84B,0x059A5FED
0x0028B57C,0x0599E2D3
0x0028A2B8,0x059965A9
0x00288FFF,0x0598E86F
0x80287D51,0x05986B25
0x80286AAE,0x0597EDCB
0x00285816,0x05977061
0x0028458A,0x0596F2E8
0x80283309,0x0596755F
0x80282093,0x0595F7C7
0x80280E28,0x05957A1F
0x0027FBC8,0x0594FC68
0x0027E973,0x05947EA2
0x8027D728,0x059400CD
0x8027C4E8,0x059382E9
0x0027B2B3,0x059304F6
0x0027A089,0x059286F4
0x00278E6A,0x059208E3
0x80277C56,0x05918AC3
0x80276A4C,0x05910C95
0x0027584D,0x05908E58
0x00274659,0x0590100D
0x0027346F,0x058F91B3
0x80272290,0x058F134B
0x802710BC,0x058E94D5
0x0026FEF2,0x058E1651
0x0026ED33,0x058D97BF
0x0026DB7E,0x058D191F
0x8026C9D4,0x058C9A71
0x8026B834,0x058C1BB5
0x0026A69F,0x058B9CEB
0x00269514,0x058B1E14
0x80268394,0x058A9F2F
0x8026721E,0x058A203D
0x802660B2,0x0589A13D
0x00264F51,0x05892230
0x00263DFA,0x0588A316
0x00262CAD,0x058823EE
0x80261B6B,0x0587A4B9
0x80260A33,0x05872577
0x0025F905,0x0586A628
0x0025E7E1,0x058626CD
0x8025D6C7,0x0585A765
0x8025C5B7,0x058527F0
0x0025B4B2,0x0584A86E
0x0025A3B7,0x058428E0
0x002592C6,0x0583A945
0x802581DF,0x0583299E
0x80257102,0x0582A9EB
0x0025602F,0x05822A2C
0x00254F66,0x0581AA60
0x00253EA7,0x05812A88
0x80252DF1,0x0580AAA4
0x80251D45,0x05802AB4
0x00250CA3,0x057FAAB8
0x0024FC0B,0x057F2AB1
0x0024EB7D,0x057EAA9E
0x8024DAF9,0x057E2A7F
0x8024CA7E,0x057DAA55
0x0024BA0D,0x057D2A1F
0x0024A9A6,0x057CA9DE
0x00249948,0x057C2992
0x802488F4,0x057BA93A
0x802478AA,0x057B28D7
0x00246869,0x057AA869
0x00245832,0x057A27F0
0x80244804,0x0579A76C
0x802437E0,0x057926DD
0x802427C6,0x0578A643
0x002417B5,0x0578259F
0x002407AD,0x0577A4F0
0x8023F7AF,0x05772436
0x8023E7BA,0x0576A372
0x0023D7CF,0x057622A3
0x0023C7ED,0x0575A1CA
0x0023B814,0x057520E7
0x8023A845,0x05749FF9
0x8023987F,0x05741F01
0x002388C2,0x05739DFF
0x0023790F,0x05731CF3
0x00236965,0x05729BDD
0x802359C4,0x05721ABD
0x80234A2C,0x05719993
0x00233A9D,0x0571185F
0x00232B17,0x05709722
0x00231B9B,0x057015DB
0x80230C28,0x056F948B
0x8022FCBE,0x056F1331
0x0022ED5D,0x056E91CE
0x0022DE05,0x056E1061
0x0022CEB6,0x056D8EEB
0x8022BF70,0x056D0D6C
0x8022B033,0x056C8BE4
0x0022A0FF,0x056C0A53
0x002291D4,0x056B88B9
0x802282B1,0x056B0716
0x80227397,0x056A856A
0x00226486,0x056A03B5
0x0022557E,0x056981F7
0x0022467F,0x05690031
0x80223788,0x05687E62
0x8022289A,0x0567FC8A
0x002219B5,0x05677AAA
0x00220AD9,0x0566F8C1
0x0021FC05,0x056676D0
0x8021ED3A,0x0565F4D7
0x8021DE78,0x056572D6
0x0021CFBE,0x0564F0CC
0x0021C10D,0x05646EBA
0x0021B264,0x0563ECA0
0x8021A3C4,0x05636A7E
0x8021952D,0x0562E854
0x0021869E,0x05626623
0x00217818,0x0561E3EA
0x0021699A,0x056161A9
0x80215B24,0x0560DF60
0x80214CB7,0x05605D10
0x00213E52,0x055FDAB8
0x00212FF6,0x055F5859
0x802121A2,0x055ED5F2
0x80211356,0x055E5384
0x80210513,0x055DD10F
0x0020F6D8,0x055D4E93
0x0020E8A5,0x055CCC10
0x8020DA7B,0x055C4985
0x8020CC59,0x055BC6F3
0x0020BE3F,0x055B445A
0x0020B02D,0x055AC1BB
0x0020A223,0x055A3F15
0x80209422,0x0559BC68
0x80208629,0x055939B4
0x00207838,0x0558B6FA
0x00206A4F,0x05583439
0x00205C6E,0x0557B171
0x80204E95,0x05572EA3
0x802040C4,0x0556ABCE
0x002032FB,0x055628F3
0x0020253A,0x0555A612
0x00201781,0x0555232B
0x802009D0,0x0554A03D
0x801FFC27,0x05541D49
0x001FEE86,0x05539A4F
0x001FE0ED,0x0553174F
0x001FD35C,0x05529449
0x801FC5D3,0x0552113D
0x801FB851,0x05518E2C
0x001FAAD7,0x05510B15
0x001F9D65,0x055087F8
0x801F8FFB,0x055004D5
0x801F8299,0x054F81AD
0x801F753E,0x054EFE7F
0x001F67EB,0x054E7B4C
0x001F5AA0,0x054DF813
0x801F4D5C,0x054D74D5
0x801F4020,0x054CF192
0x001F32EC,0x054C6E49
0x001F25BF,0x054BEAFB
0x001F189A,0x054B67A8
0x801F0B7D,0x054AE450
0x801EFE67,0x054A60F3
0x001EF159,0x0549DD91
0x001EE452,0x05495A2A
0x001ED753,0x0548D6BE
0x801ECA5B,0x0548534D
0x801EBD6B,0x0547CFD7
0x001EB082,0x05474C5D
0x001EA3A1,0x0546C8DE
0x001E96C7,0x0546455A
0x801E89F4,0x0545C1D2
0x801E7D29,0x05453E45
0x001E7065,0x0544BAB4
0x001E63A8,0x0544371F
0x801E56F3,0x0543B385
0x801E4A45,0x05432FE7
0x801E3D9E,0x0542AC45
0x001E30FF,0x0542289F
0x001E2467,0x0541A4F4
0x801E17D6,0x05412145
0x801E0B4C,0x05409D92
0x001DFECA,0x054019DB
0x001DF24F,0x053F9621
0x001DE5DB,0x053F1263
0x801DD96E,0x053E8EA1
0x801DCD08,0x053E0ADB
0x001DC0A9,0x053D8711
0x001DB451,0x053D0344
0x001DA801,0x053C7F73
0x801D9BB8,0x053BFB9F
0x801D8F76,0x053B77C7
0x001D833B,0x053AF3EC
0x001D7707,0x053A700D
0x001D6ADA,0x0539EC2B
0x801D5EB4,0x05396846
0x801D5295,0x0538E45D
0x001D467C,0x05386071
0x001D3A6A,0x0537DC82
0x801D2E5F,0x05375890
0x801D225B,0x0536D49B
0x801D165E,0x053650A3
0x001D0A68,0x0535CCA8
0x001CFE79,0x053548AA
0x801CF291,0x0534C4A9
0x801CE6AF,0x053440A5
0x801CDAD4,0x0533BC9F
0x001CCF00,0x05333896
0x001CC333,0x0532B48A
0x801CB76C,0x0532307C
0x801CABAC,0x0531AC6B
0x001C9FF3,0x05312858
0x001C9440,0x0530A442
0x001C8894,0x0530202A
0x801C7CEF,0x052F9C0F
0x801C7150,0x052F17F2
0x001C65B8,0x052E93D3
0x001C5A27,0x052E0FB1
0x001C4E9C,0x052D8B8D
0x801C4318,0x052D0767
0x801C379A,0x052C833F
0x001C2C23,0x052BFF15
0x001C20B2,0x052B7AE9
0x001C1548,0x052AF6BB
0x801C09E4,0x052A728B
0x801BFE87,0x0529EE59
0x001BF330,0x05296A26
0x001BE7E0,0x0528E5F1
0x801BDC96,0x052861BA
0x801BD153,0x0527DD81
0x801BC616,0x05275947
0x001BBADF,0x0526D50B
0x001BAFAF,0x052650CE
0x801BA485,0x0525CC8F
0x801B9961,0x0525484F
0x001B8E44,0x0524C40D
0x001B832D,0x05243FCA
0x001B781C,0x0523BB86
0x801B6D12,0x05233740
0x801B620E,0x0522B2F9
0x001B5710,0x05222EB1
0x001B4C18,0x0521AA68
0x001B4126,0x0521261E
0x801B363B,0x0520A1D3
0x801B2B56,0x05201D87
0x001B2077,0x051F993A
0x001B159E,0x051F14EC
0x001B0ACB,0x051E909D
0x801AFFFE,0x051E0C4D
0x801AF537,0x051D87FC
0x001AEA77,0x051D03AB
0x001ADFBD,0x051C7F59
0x801AD509,0x051BFB06
0x801ACA5B,0x051B76B3
0x801ABFB3,0x051AF25F
0x001AB511,0x051A6E0A
0x001AAA75,0x0519E9B5
0x001A9FDF,0x05196560
0x801A954F,0x0518E10A
0x801A8AC5,0x05185CB4
0x001A8041,0x0517D85D
0x001A75C2,0x05175406
0x801A6B49,0x0516CFAF
0x801A60D6,0x05164B58
0x001A5669,0x0515C701
0x001A4C02,0x051542A9
0x001A41A1,0x0514BE51
0x801A3746,0x051439F9
0x801A2CF1,0x0513B5A1
0x001A22A1,0x05133149
0x001A1857,0x0512ACF1
0x001A0E13,0x0512289A
0x801A03D5,0x0511A443
0x8019F99C,0x05111FEC
0x0019EF69,0x05109B95
0x0019E53C,0x0510173E
0x0019DB15,0x050F92E8
0x8019D0F3,0x050F0E92
0x8019C6D7,0x050E8A3C
0x0019BCC1,0x050E05E7
0x0019B2B0,0x050D8192
0x0019A8A5,0x050CFD3E
0x80199EA0,0x050C78EA
0x801994A0,0x050BF497
0x00198AA6,0x050B7045
0x001980B1,0x050AEBF3
0x801976C2,0x050A67A2
0x80196CD8,0x0509E352
0x801962F4,0x05095F03
0x00195915,0x0508DAB4
0x00194F3C,0x05085666
0x80194568,0x0507D219
0x80193B9A,0x05074DCD
0x001931D1,0x0506C982
0x0019280E,0x05064538
0x00191E50,0x0505C0EF
0x80191498,0x05053CA7
0x80190AE5,0x0504B860
0x00190138,0x0504341A
0x0018F790,0x0503AFD6
0x0018EDED,0x05032B93
0x8018E450,0x0502A751
0x8018DAB8,0x05022310
0x0018D125,0x05019ED1
0x0018C798,0x05011A93
0x0018BE10,0x05009657
0x8018B48D,0x0500121C
0x8018AB10,0x04FF8DE2
0x0018A198,0x04FF09AA
0x00189825,0x04FE8574
0x00188EB7,0x04FE013F
0x8018854F,0x04FD7D0C
0x80187BEC,0x04FCF8DA
0x0018728E,0x04FC74AA
0x00186935,0x04FBF07C
0x80185FE2,0x04FB6C50
0x80185694,0x04FAE825
0x00184D4B,0x04FA63FC
0x00184407,0x04F9DFD5
0x00183AC8,0x04F95BB0
0x8018318E,0x04F8D78D
0x80182859,0x04F8536C
0x00181F29,0x04F7CF4D
0x001815FF,0x04F74B30
0x00180CDA,0x04F6C715
0x801803BA,0x04F642FC
0x8017FA9F,0x04F5BEE5
0x0017F189,0x04F53AD0
0x0017E878,0x04F4B6BE
0x0017DF6C,0x04F432AE
0x8017D665,0x04F3AEA0
0x8017CD63,0x04F32A94
0x0017C466,0x04F2A68B
0x0017BB6E,0x04F22284
0x0017B27B,0x04F19E80
0x8017A98D,0x04F11A7E
0x8017A0A4,0x04F0967E
0x001797BF,0x04F01281
0x00178EDF,0x04EF8E86
0x80178604,0x04EF0A8E
0x80177D2E,0x04EE8699
0x8017745D,0x04EE02A6
0x00176B91,0x04ED7EB6
0x001762CA,0x04ECFAC9
0x80175A08,0x04EC76DE
0x8017514A,0x04EBF2F6
0x00174891,0x04EB6F11
0x00173FDD,0x04EAEB2F
0x0017372E,0x04EA6750
0x80172E84,0x04E9E373
0x801725DE,0x04E95F99
0x00171D3D,0x04E8DBC2
0x001714A1,0x04E857EE
0x00170C0A,0x04E7D41D
0x80170377,0x04E7504F
0x8016FAE9,0x04E6CC84
0x0016F260,0x04E648BD
0x0016E9DB,0x04E5C4F9
0x0016E15B,0x04E54138
0x8016D8E0,0x04E4BD7A
0x8016D069,0x04E439BF
0x0016C7F7,0x04E3B608
0x0016BF8A,0x04E33254
0x8016B721,0x04E2AEA3
0x8016AEBD,0x04E22AF5
0x8016A65D,0x04E1A74B
0x00169E02,0x04E123A4
0x001695AC,0x04E0A001
0x80168D5A,0x04E01C61
0x8016850D,0x04DF98C5
0x80167CC4,0x04DF152C
0x00167480,0x04DE9197
0x00166C40,0x04DE0E05
0x80166405,0x04DD8A77
0x80165BCE,0x04DD06ED
0x0016539C,0x04DC8366
0x00164B6E,0x04DBFFE3
0x00164345,0x04DB7C64
0x80163B20,0x04DAF8E8
0x801632FF,0x04DA7570
0x00162AE3,0x04D9F1FC
0x001622CB,0x04D96E8C
0x00161AB8,0x04D8EB20
0x801612A9,0x04D867B8
0x80160A9F,0x04D7E453
0x00160299,0x04D760F2
0x0015FA97,0x04D6DD95
0x0015F29A,0x04D65A3C
0x8015EAA1,0x04D5D6E7
0x8015E2AC,0x04D55396
0x0015DABC,0x04D4D04A
0x0015D2D0,0x04D44D02
0x8015CAE8,0x04D3C9BE
0x8015C305,0x04D3467E
0x8015BB26,0x04D2C342
0x0015B34B,0x04D2400A
0x0015AB74,0x04D1BCD7
0x8015A3A2,0x04D139A8
0x80159BD4,0x04D0B67D
0x0015940A,0x04D03357
0x00158C44,0x04CFB035
0x00158483,0x04CF2D17
0x80157CC6,0x04CEA9FE
0x8015750D,0x04CE26E9
0x00156D58,0x04CDA3D9
0x001565A7,0x04CD20CD
0x00155DFA,0x04CC9DC6
0x80155652,0x04CC1AC3
0x80154EAE,0x04CB97C5
0x0015470E,0x04CB14CB
0x00153F72,0x04CA91D6
0x001537DA,0x04CA0EE6
0x80153046,0x04C98BFA
0x801528B6,0x04C90913
0x0015212A,0x04C88631
0x001519A2,0x04C80353
0x8015121F,0x04C7807A
0x80150AA0,0x04C6FDA6
0x80150325,0x04C67AD7
0x0014FBAE,0x04C5F80D
0x0014F43B,0x04C57547
0x8014ECCC,0x04C4F286
0x8014E561,0x04C46FCA
0x8014DDFA,0x04C3ED13
0x0014D697,0x04C36A61
0x0014CF38,0x04C2E7B4
0x8014C7DD,0x04C2650C
0x8014C086,0x04C1E269
0x0014B933,0x04C15FCB
0x0014B1E3,0x04C0DD32
0x0014AA97,0x04C05A9F
0x8014A34F,0x04BFD811
0x80149C0B,0x04BF5588
0x001494CB,0x04BED304
0x00148D8F,0x04BE5085
0x00148657,0x04BDCE0B
0x80147F23,0x04BD4B97
0x801477F3,0x04BCC928
0x001470C6,0x04BC46BE
0x0014699D,0x04BBC45A
0x00146278,0x04BB41FB
0x80145B57,0x04BABFA1
0x8014543A,0x04BA3D4D
0x00144D21,0x04B9BAFE
0x0014460B,0x04B938B5
0x80143EF9,0x04B8B671
0x801437EB,0x04B83433
0x801430E1,0x04B7B1FA
0x001429DB,0x04B72FC7
0x001422D8,0x04B6AD99
0x80141BD9,0x04B62B71
0x801414DE,0x04B5A94E
0x00140DE7,0x04B52731
0x001406F3,0x04B4A51A
0x00140003,0x04B42308
0x8013F917,0x04B3A0FC
0x8013F22E,0x04B31EF6
0x0013EB49,0x04B29CF5
0x0013E468,0x04B21AFA
0x0013DD8A,0x04B19905
0x8013D6B0,0x04B11716
0x8013CFDA,0x04B0952D
0x0013C907,0x04B01349
0x0013C238,0x04AF916B
0x0013BB6D,0x04AF0F93
0x8013B4A5,0x04AE8DC1
0x8013ADE1,0x04AE0BF5
0x0013A720,0x04AD8A2F
0x0013A063,0x04AD086F
0x801399AA,0x04AC86B5
0x801392F4,0x04AC0501
0x80138C42,0x04AB8353
0x00138593,0x04AB01AB
0x00137EE8,0x04AA8009
0x00137840,0x04A9FE6D
0x8013719C,0x04A97CD7
0x80136AFB,0x04A8FB47
0x0013645E,0x04A879BE
0x00135DC4,0x04A7F83B
0x8013572E,0x04A776BE
0x8013509B,0x04A6F547
0x00134A0C,0x04A673D6
0x00134380,0x04A5F26C
0x00133CF8,0x04A57108
0x80133673,0x04A4EFAA
0x80132FF2,0x04A46E53
0x00132974,0x04A3ED02
0x001322FA,0x04A36BB7
0x00131C83,0x04A2EA73
0x80131610,0x04A26935
0x80130FA0,0x04A1E7FD
0x00130933,0x04A166CC
0x001302CA,0x04A0E5A1
0x0012FC64,0x04A0647D
0x8012F601,0x049FE35F
0x8012EFA2,0x049F6248
0x0012E946,0x049EE137
0x0012E2EE,0x049E602D
0x0012DC99,0x049DDF2A
0x8012D647,0x049D5E2D
0x8012CFF9,0x049CDD37
0x0012C9AE,0x049C5C47
0x0012C366,0x049BDB5E
0x8012BD22,0x049B5A7C
0x8012B6E1,0x049AD9A0
0x8012B0A3,0x049A58CB
0x0012AA68,0x0499D7FD
0x0012A431,0x04995736
0x80129DFD,0x0498D675
0x801297CC,0x049855BB
0x0012919E,0x0497D508
0x00128B74,0x0497545C
0x0012854D,0x0496D3B7
0x80127F29,0x04965318
0x80127908,0x0495D280
0x001272EB,0x049551EF
0x00126CD1,0x0494D165
0x001266BA,0x049450E2
0x801260A6,0x0493D066
0x80125A95,0x04934FF1
0x00125488,0x0492CF83
0x00124E7E,0x04924F1C
0x00124877,0x0491CEBC
0x80124273,0x04914E63
0x80123C72,0x0490CE11
0x00123674,0x04904DC6
0x0012307A,0x048FCD82
0x80122A83,0x048F4D45
0x8012248F,0x048ECD0F
0x80121E9E,0x048E4CE0
0x001218B0,0x048DCCB9
0x001212C5,0x048D4C99
0x80120CDD,0x048CCC80
0x801206F8,0x048C4C6E
0x00120116,0x048BCC63
0x0011FB37,0x048B4C60
0x0011F55B,0x048ACC64
0x8011EF83,0x048A4C6F
0x8011E9AE,0x0489CC81
0x0011E3DC,0x04894C9B
0x0011DE0D,0x0488CCBC
0x0011D841,0x04884CE4
0x8011D278,0x0487CD14
0x8011CCB2,0x04874D4B
0x0011C6EF,0x0486CD8A
0x0011C12F,0x04864DD0
0x0011BB72,0x0485CE1D
0x8011B5B8,0x04854E72
0x8011B001,0x0484CECE
0x0011AA4D,0x04844F32
0x0011A49C,0x0483CF9D
0x00119EEE,0x04835010
0x80119943,0x0482D08A
0x8011939A,0x0482510C
0x00118DF4,0x0481D195
0x00118851,0x04815226
0x801182B1,0x0480D2BE
0x80117D14,0x0480535E
0x8011777A,0x047FD406
0x001171E3,0x047F54B5
0x00116C4F,0x047ED56C
0x801166BE,0x047E562A
0x80116130,0x047DD6F0
0x00115BA5,0x047D57BE
0x0011561C,0x047CD894
0x00115096,0x047C5971
0x80114B13,0x047BDA56
0x80114593,0x047B5B43
0x00114016,0x047ADC37
0x00113A9C,0x047A5D33
0x00113525,0x0479DE37
0x80112FB0,0x04795F43
0x80112A3E,0x0478E057
0x001124CF,0x04786172
0x00111F63,0x0477E295
0x001119FA,0x047763C0
0x80111493,0x0476E4F3
0x80110F2F,0x0476662E
0x001109CE,0x0475E771
0x00110470,0x047568BC
0x8010FF15,0x0474EA0F
0x8010F9BC,0x04746B6A
0x8010F466,0x0473ECCD
0x0010EF13,0x04736E38
0x0010E9C3,0x0472EFAB
0x8010E475,0x04727126
0x8010DF2A,0x0471F2A9
0x8010D9E2,0x04717434
0x0010D49C,0x0470F5C7
0x0010CF59,0x04707762
0x8010CA19,0x046FF905
0x8010C4DC,0x046F7AB0
0x0010BFA1,0x046EFC63
0x0010BA69,0x046E7E1E
0x0010B534,0x046DFFE1
0x8010B001,0x046D81AC
0x8010AAD1,0x046D0380
0x0010A5A4,0x046C855C
0x0010A079,0x046C0740
0x00109B51,0x046B892C
0x8010962C,0x046B0B20
0x80109109,0x046A8D1C
0x00108BE9,0x046A0F21
0x001086CB,0x0469912E
0x001081B0,0x04691343
0x80107C98,0x04689560
0x80107782,0x04681786
0x0010726F,0x046799B4
0x00106D5F,0x04671BEA
0x80106851,0x04669E29
0x80106346,0x04662070
0x80105E3D,0x0465A2BF
0x00105937,0x04652517
0x00105433,0x0464A777
0x80104F32,0x046429E0
0x80104A34,0x0463AC51
0x00104538,0x04632ECA
0x0010403F,0x0462B14C
0x00103B48,0x046233D6
0x80103654,0x0461B669
0x80103162,0x04613904
0x00102C73,0x0460BBA8
0x00102786,0x04603E54
0x0010229C,0x045FC109
0x80101DB4,0x045F43C6
0x801018CF,0x045EC68C
0x001013EC,0x045E495A
0x00100F0C,0x045DCC31
0x00100A2E,0x045D4F10
0x80100553,0x045CD1F8
0x8010007A,0x045C54E8
0x000FFBA4,0x045BD7E1
0x000FF6D0,0x045B5AE3
0x800FF1FF,0x045ADDED
0x800FED30,0x045A6100
0x800FE864,0x0459E41B
0x000FE39A,0x0459673F
0x000FDED2,0x0458EA6C
0x800FDA0D,0x04586DA1
0x800FD54A,0x0457F0DF
0x800FD08A,0x04577426
0x000FCBCC,0x0456F776
0x000FC710,0x04567ACE
0x800FC257,0x0455FE2F
0x800FBDA0,0x04558199
0x000FB8EC,0x0455050C
0x000FB43A,0x04548887
0x000FAF8A,0x04540C0B
0x800FAADD,0x04538F98
0x800FA632,0x0453132E
0x000FA18A,0x045296CC
0x000F9CE4,0x04521A73
0x000F9840,0x04519E23
0x800F939F,0x045121DC
0x800F8F00,0x0450A59E
0x000F8A63,0x04502969
0x000F85C9,0x044FAD3D
0x000F8131,0x044F3119
0x800F7C9B,0x044EB4FE
0x800F7808,0x044E38EC
0x000F7377,0x044DBCE3
0x000F6EE8,0x044D40E3
0x800F6A5B,0x044CC4EC
0x800F65D1,0x044C48FE
0x800F6149,0x044BCD19
0x000F5CC3,0x044B513D
0x000F5840,0x044AD56A
0x800F53BF,0x044A59A0
0x800F4F40,0x0449DDDF
0x000F4AC3,0x04496227
0x000F4649,0x0448E678
0x000F41D1,0x04486AD2
0x800F3D5B,0x0447EF35
0x800F38E7,0x044773A1
0x000F3476,0x0446F816
0x000F3007,0x04467C94
0x000F2B9A,0x0446011B
0x800F272F,0x044585AB
0x800F22C7,0x04450A44
0x000F1E61,0x04448EE6
0x000F19FD,0x04441392
0x000F159B,0x04439847
0x800F113B,0x04431D05
0x800F0CDE,0x0442A1CC
0x000F0883,0x0442269C
0x000F042A,0x0441AB75
0x000EFFD3,0x04413057
0x800EFB7E,0x0440B543
0x800EF72C,0x04403A38
0x000EF2DC,0x043FBF36
0x000EEE8E,0x043F443D
0x000EEA42,0x043EC94D
0x800EE5F8,0x043E4E67
0x800EE1B0,0x043DD38A
0x000EDD6A,0x043D58B6
0x000ED927,0x043CDDEB
0x800ED4E6,0x043C632A
0x800ED0A7,0x043BE872
0x000ECC6A,0x043B6DC3
0x000EC82F,0x043AF31E
0x000EC3F6,0x043A7882
0x800EBFBF,0x0439FDEF
0x800EBB8A,0x04398366
0x000EB758,0x043908E6
0x000EB328,0x04388E6F
0x000EAEFA,0x04381402
0x800EAACE,0x0437999E
0x800EA6A4,0x04371F43
0x000EA27C,0x0436A4F2
0x000E9E56,0x04362AAA
0x000E9A32,0x0435B06B
0x800E9610,0x04353636
0x800E91F0,0x0434BC0A
0x000E8DD2,0x043441E8
0x000E89B6,0x0433C7CF
0x000E859C,0x04334DBF
0x800E8184,0x0432D3B9
0x800E7D6E,0x043259BC
0x000E795B,0x0431DFC9
0x000E754A,0x043165DF
0x800E713B,0x0430EBFF
0x800E6D2E,0x04307228
0x800E6923,0x042FF85B
0x000E651A,0x042F7E97
0x000E6113,0x042F04DD
0x800E5D0E,0x042E8B2C
0x800E590B,0x042E1185
0x000E550A,0x042D97E7
0x000E510B,0x042D1E53
0x000E4D0E,0x042CA4C8
0x800E4913,0x042C2B47
0x800E451A,0x042BB1D0
0x000E4123,0x042B3862
0x000E3D2D,0x042ABEFE
0x000E3939,0x042A45A3
0x800E3547,0x0429CC52
0x800E3157,0x0429530A
0x000E2D69,0x0428D9CC
0x000E297D,0x04286098
0x000E2593,0x0427E76D
0x800E21AB,0x04276E4C
0x800E1DC5,0x0426F535
0x000E19E1,0x04267C27
0x000E15FF,0x04260323
0x800E121F,0x04258A28
0x800E0E41,0x04251137
0x800E0A65,0x04249850
0x000E068B,0x04241F73
0x000E02B2,0x0423A69F
0x800DFEDB,0x04232DD5
0x800DFB06,0x0422B515
0x000DF733,0x04223C5E
0x000DF362,0x0421C3B1
0x000DEF93,0x04214B0E
0x800DEBC6,0x0420D274
0x800DE7FB,0x042059E4
0x000DE432,0x041FE15E
0x000DE06A,0x041F68E2
0x000DDCA4,0x041EF06F
0x800DD8E0,0x041E7806
0x800DD51E,0x041DFFA7
0x000DD15E,0x041D8752
0x000DCDA0,0x041D0F07
0x000DC9E4,0x041C96C5
0x800DC629,0x041C1E8D
0x800DC270,0x041BA65F
0x000DBEB9,0x041B2E3B
0x000DBB04,0x041AB621
0x000DB751,0x041A3E10
0x800DB3A0,0x0419C609
0x800DAFF0,0x04194E0C
0x000DAC42,0x0418D619
0x000DA896,0x04185E30
0x800DA4EC,0x0417E651
0x800DA144,0x04176E7C
0x800D9D9D,0x0416F6B0
0x000D99F8,0x04167EEE
0x000D9655,0x04160736
0x800D92B4,0x04158F88
0x800D8F15,0x041517E4
0x000D8B77,0x0414A04A
0x000D87DB,0x041428BA
0x000D8441,0x0413B134
0x800D80A9,0x041339B8
0x800D7D12,0x0412C246
0x000D797D,0x04124ADD
0x000D75EA,0x0411D37E
0x000D7259,0x04115C29
0x800D6EC9,0x0410E4DE
0x800D6B3B,0x04106D9D
0x000D67AF,0x040FF666
0x000D6425,0x040F7F39
0x000D609C,0x040F0816
0x800D5D15,0x040E90FD
0x800D5990,0x040E19EE
0x000D560D,0x040DA2E9
0x000D528B,0x040D2BEE
0x800D4F0B,0x040CB4FD
0x800D4B8D,0x040C3E16
0x800D4810,0x040BC739
0x000D4495,0x040B5066
0x000D411C,0x040AD99D
0x800D3DA4,0x040A62DE
0x800D3A2E,0x0409EC29
0x800D36BA,0x0409757E
0x000D3348,0x0408FEDD
0x000D2FD7,0x04088846
0x800D2C68,0x040811BA
0x800D28FB,0x04079B38
0x000D258F,0x040724C0
0x000D2225,0x0406AE52
0x000D1EBD,0x040637EE
0x800D1B56,0x0405C194
0x800D17F1,0x04054B44
0x000D148E,0x0404D4FE
0x000D112C,0x04045EC2
0x000D0DCC,0x0403E890
0x800D0A6D,0x04037268
0x800D0710,0x0402FC4B
0x000D03B5,0x04028638
0x000D005B,0x0402102F
0x000CFD03,0x04019A30
0x800CF9AD,0x0401243B
0x800CF658,0x0400AE50
0x000CF305,0x0400386F
0x000CEFB4,0x03FFC299
0x800CEC64,0x03FF4CCD
0x800CE916,0x03FED70B
0x800CE5C9,0x03FE6153
0x000CE27E,0x03FDEBA5
0x000CDF35,0x03FD7601
0x800CDBED,0x03FD0068
0x800CD8A7,0x03FC8AD9
0x000CD562,0x03FC1554
0x000CD21F,0x03FB9FD9
0x000CCEDD,0x03FB2A68
0x800CCB9D,0x03FAB502
0x800CC85F,0x03FA3FA6
0x000CC522,0x03F9CA54
0x000CC1E7,0x03F9550C
0x000CBEAD,0x03F8DFCE
0x800CBB75,0x03F86A9B
0x800CB83E,0x03F7F572
0x000CB509,0x03F78053
0x000CB1D6,0x03F70B3E
0x000CAEA4,0x03F69634
0x800CAB74,0x03F62134
0x800CA845,0x03F5AC3E
0x000CA518,0x03F53752
0x000CA1EC,0x03F4C271
0x800C9EC2,0x03F44D9A
0x800C9B99,0x03F3D8CD
0x800C9872,0x03F3640B
0x000C954C,0x03F2EF53
0x000C9228,0x03F27AA5
0x000C8F05,0x03F20601
0x800C8BE4,0x03F19168
0x800C88C4,0x03F11CD9
0x000C85A6,0x03F0A854
0x000C8289,0x03F033DA
0x800C7F6E,0x03EFBF6A
0x800C7C54,0x03EF4B04
0x000C793C,0x03EED6A9
0x000C7625,0x03EE6258
0x000C7310,0x03EDEE11
0x800C6FFC,0x03ED79D5
0x800C6CEA,0x03ED05A3
0x000C69D9,0x03EC917B
0x000C66CA,0x03EC1D5E
0x000C63BC,0x03EBA94B
0x800C60B0,0x03EB3542
0x800C5DA5,0x03EAC144
0x000C5A9C,0x03EA4D50
0x000C5794,0x03E9D966
0x000C548E,0x03E96587
0x800C5189,0x03E8F1B2
0x800C4E86,0x03E87DE7
0x000C4B84,0x03E80A27
0x000C4883,0x03E79671
0x000C4584,0x03E722C6
0x800C4286,0x03E6AF25
0x800C3F8A,0x03E63B8E
0x000C3C8F,0x03E5C802
0x000C3996,0x03E55480
0x800C369E,0x03E4E109
0x800C33A7,0x03E46D9C
0x000C30B2,0x03E3FA39
0x000C2DBE,0x03E386E1
0x000C2ACC,0x03E31393
0x800C27DB,0x03E2A050
0x800C24EC,0x03E22D17
0x000C21FE,0x03E1B9E9
0x000C1F11,0x03E146C5
0x000C1C26,0x03E0D3AB
0x800C193C,0x03E0609C
0x800C1654,0x03DFED97
0x000C136D,0x03DF7A9D
0x000C1087,0x03DF07AD
0x000C0DA3,0x03DE94C8
0x800C0AC0,0x03DE21ED
0x800C07DF,0x03DDAF1D
0x000C04FF,0x03DD3C57
0x000C0220,0x03DCC99B
0x000BFF43,0x03DC56EA
0x800BFC67,0x03DBE443
0x800BF98C,0x03DB71A7
0x000BF6B3,0x03DAFF15
0x000BF3DB,0x03DA8C8E
0x800BF104,0x03DA1A11
0x800BEE2F,0x03D9A79F
0x800BEB5B,0x03D93537
0x000BE889,0x03D8C2DA
0x000BE5B8,0x03D85087
0x800BE2E8,0x03D7DE3F
0x800BE01A,0x03D76C01
0x000BDD4D,0x03D6F9CE
0x000BDA81,0x03D687A5
0x000BD7B7,0x03D61587
0x800BD4EE,0x03D5A373
0x800BD226,0x03D5316A
0x000BCF60,0x03D4BF6B
0x000BCC9B,0x03D44D77
0x000BC9D7,0x03D3DB8D
0x800BC715,0x03D369AE
0x800BC454,0x03D2F7D9
0x000BC194,0x03D2860F
0x000BBED5,0x03D21450
0x000BBC18,0x03D1A29B
0x800BB95C,0x03D130F1
0x800BB6A1,0x03D0BF51
0x000BB3E8,0x03D04DBC
0x000BB130,0x03CFDC31
0x000BAE79,0x03CF6AB1
0x800BABC4,0x03CEF93B
0x800BA910,0x03CE87D0
0x000BA65D,0x03CE166F
0x000BA3AB,0x03CDA519
0x800BA0FB,0x03CD33CE
0x800B9E4C,0x03CCC28D
0x800B9B9E,0x03CC5157
0x000B98F2,0x03CBE02B
0x000B9647,0x03CB6F0A
0x800B939D,0x03CAFDF3
0x800B90F4,0x03CA8CE7
0x000B8E4D,0x03CA1BE6
0x000B8BA7,0x03C9AAEF
0x000B8902,0x03C93A03
0x800B865E,0x03C8C921
0x800B83BC,0x03C8584A
0x000B811B,0x03C7E77E
0x000B7E7B,0x03C776BC
0x000B7BDC,0x03C70605
0x800B793F,0x03C69558
0x800B76A3,0x03C624B6
0x000B7408,0x03C5B41F
0x000B716E,0x03C54392
0x000B6ED6,0x03C4D310
0x800B6C3F,0x03C46298
0x800B69A9,0x03C3F22B
0x000B6714,0x03C381C9
0x000B6481,0x03C31171
0x800B61EF,0x03C2A124
0x800B5F5E,0x03C230E1
0x800B5CCE,0x03C1C0A9
0x000B5A3F,0x03C1507C
0x000B57B2,0x03C0E059
0x800B5526,0x03C07041
0x800B529B,0x03C00034
0x000B5011,0x03BF9031
0x000B4D88,0x03BF2039
0x000B4B01,0x03BEB04B
0x800B487B,0x03BE4068
0x800B45F6,0x03BDD090
0x000B4372,0x03BD60C2
0x000B40EF,0x03BCF0FF
0x000B3E6E,0x03BC8147
0x800B3BEE,0x03BC1199
0x800B396F,0x03BBA1F6
0x000B36F1,0x03BB325E
0x000B3474,0x03BAC2D0
0x000B31F8,0x03BA534D
0x800B2F7E,0x03B9E3D5
0x800B2D05,0x03B97467
0x000B2A8D,0x03B90504
0x000B2816,0x03B895AC
0x000B25A0,0x03B8265E
0x800B232B,0x03B7B71B
0x800B20B8,0x03B747E3
0x000B1E46,0x03B6D8B5
0x000B1BD5,0x03B66992
0x800B1965,0x03B5FA7A
0x800B16F6,0x03B58B6C
0x800B1488,0x03B51C69
0x000B121C,0x03B4AD71
0x000B0FB1,0x03B43E83
0x800B0D47,0x03B3CFA0
0x800B0ADE,0x03B360C8
0x000B0876,0x03B2F1FA
0x000B060F,0x03B28337
0x000B03A9,0x03B2147F
0x800B0145,0x03B1A5D1
0x800AFEE2,0x03B1372E
0x000AFC80,0x03B0C896
0x000AFA1F,0x03B05A08
0x000AF7BF,0x03AFEB85
0x800AF560,0x03AF7D0D
0x800AF302,0x03AF0E9F
0x000AF0A5,0x03AEA03C
0x000AEE49,0x03AE31E4
0x000AEBEF,0x03ADC397
0x800AE996,0x03AD5554
0x800AE73E,0x03ACE71C
0x000AE4E7,0x03AC78EF
0x000AE291,0x03AC0ACC
0x800AE03C,0x03AB9CB4
0x800ADDE8,0x03AB2EA7
0x800ADB95,0x03AAC0A4
0x000AD943,0x03AA52AC
0x000AD6F3,0x03A9E4BF
0x800AD4A4,0x03A976DD
0x800AD256,0x03A90905
0x800AD009,0x03A89B38
0x000ACDBD,0x03A82D76
0x000ACB72,0x03A7BFBE
0x800AC928,0x03A75211
0x800AC6DF,0x03A6E46F
0x000AC497,0x03A676D8
0x000AC250,0x03A6094B
0x000AC00A,0x03A59BC9
0x800ABDC5,0x03A52E52
0x800ABB81,0x03A4C0E5
0x000AB93E,0x03A45383
0x000AB6FD,0x03A3E62C
0x000AB4BD,0x03A378E0
0x800AB27E,0x03A30B9E
0x800AB040,0x03A29E67
0x000AAE03,0x03A2313B
0x000AABC7,0x03A1C419
0x000AA98C,0x03A15702
0x800AA752,0x03A0E9F6
0x800AA519,0x03A07CF5
0x000AA2E1,0x03A00FFE
0x000AA0AA,0x039FA312
0x800A9E74,0x039F3631
0x800A9C3F,0x039EC95B
0x800A9A0B,0x039E5C8F
0x000A97D8,0x039DEFCE
0x000A95A6,0x039D8318
0x800A9375,0x039D166C
0x800A9145,0x039CA9CB
0x000A8F16,0x039C3D35
0x000A8CE8,0x039BD0AA
0x000A8ABB,0x039B6429
0x800A888F,0x039AF7B3
0x800A8664,0x039A8B48
0x000A843A,0x039A1EE8
0x000A8211,0x0399B292
0x000A7FE9,0x03994647
0x800A7DC2,0x0398DA07
0x800A7B9C,0x03986DD2
0x000A7977,0x039801A7
0x000A7753,0x03979587
0x000A7530,0x03972972
0x800A730E,0x0396BD68
0x800A70ED,0x03965168
0x000A6ECD,0x0395E573
0x000A6CAE,0x03957989
0x800A6A90,0x03950DA9
0x800A6873,0x0394A1D4
0x800A6657,0x0394360A
0x000A643C,0x0393CA4B
0x000A6222,0x03935E96
0x800A6009,0x0392F2EC
0x800A5DF1,0x0392874D
0x800A5BDA,0x03921BB9
0x000A59C4,0x0391B02F
0x000A57AF,0x039144B0
0x800A559B,0x0390D93C
0x800A5388,0x03906DD3
0x000A5176,0x03900274
0x000A4F65,0x038F9720
0x000A4D55,0x038F2BD7
0x800A4B46,0x038EC099
0x800A4938,0x038E5565
0x000A472B,0x038DEA3C
0x000A451F,0x038D7F1E
0x000A4314,0x038D140B
0x800A410A,0x038CA902
0x800A3F01,0x038C3E04
0x000A3CF9,0x038BD311
0x000A3AF2,0x038B6829
0x000A38EC,0x038AFD4B
0x800A36E7,0x038A9278
0x800A34E3,0x038A27B0
0x000A32E0,0x0389BCF3
0x000A30DE,0x03895240
0x000A2EDC,0x0388E798
0x800A2CDB,0x03887CFB
0x800A2ADB,0x03881269
0x000A28DC,0x0387A7E1
0x000A26DE,0x03873D64
0x800A24E1,0x0386D2F2
0x800A22E5,0x0386688B
0x000A20EA,0x0385FE2E
0x000A1EF0,0x038593DC
0x000A1CF7,0x03852995
0x800A1AFF,0x0384BF59
0x800A1908,0x03845527
0x000A1712,0x0383EB00
0x000A151C,0x038380E4
0x000A1327,0x038316D3
0x800A1133,0x0382ACCC
0x800A0F40,0x038242D0
0x000A0D4E,0x0381D8DF
0x000A0B5D,0x03816EF9
0x000A096D,0x0381051D
0x800A077E,0x03809B4C
0x800A0590,0x03803186
0x000A03A3,0x037FC7CB
0x000A01B7,0x037F5E1A
0x0009FFCB,0x037EF474
0x8009FDE0,0x037E8AD9
0x8009FBF6,0x037E2149
0x0009FA0D,0x037DB7C3
0x0009F825,0x037D4E48
0x8009F63E,0x037CE4D8
0x8009F458,0x037C7B73
0x8009F273,0x037C1218
0x0009F08F,0x037BA8C8
0x0009EEAB,0x037B3F83
0x8009ECC8,0x037AD649
0x8009EAE6,0x037A6D19
0x0009E905,0x037A03F4
0x0009E725,0x03799ADA
0x0009E546,0x037931CB
0x8009E368,0x0378C8C6
0x8009E18B,0x03785FCC
0x0009DFAE,0x0377F6DD
0x0009DDD2,0x03778DF9
0x0009DBF7,0x0377251F
0x8009DA1D,0x0376BC50
0x8009D844,0x0376538C
0x0009D66C,0x0375EAD2
0x0009D495,0x03758223
0x0009D2BF,0x0375197F
0x8009D0E9,0x0374B0E6
0x8009CF14,0x03744857
0x0009CD40,0x0373DFD3
0x0009CB6D,0x0373775A
0x0009C99B,0x03730EEC
0x8009C7CA,0x0372A688
0x8009C5F9,0x03723E2F
0x0009C429,0x0371D5E1
0x0009C25A,0x03716D9E
0x8009C08C,0x03710565
0x8009BEBF,0x03709D37
0x8009BCF3,0x03703514
0x0009BB28,0x036FCCFC
0x0009B95D,0x036F64EE
0x8009B793,0x036EFCEB
0x8009B5CA,0x036E94F3
0x0009B402,0x036E2D05
0x0009B23B,0x036DC522
0x0009B075,0x036D5D4A
0x8009AEAF,0x036CF57D
0x8009ACEA,0x036C8DBA
0x0009AB26,0x036C2602
0x0009A963,0x036BBE55
0x0009A7A1,0x036B56B3
0x8009A5DF,0x036AEF1B
0x8009A41E,0x036A878E
0x0009A25E,0x036A200C
0x0009A09F,0x0369B894
0x00099EE1,0x03695127
0x80099D24,0x0368E9C5
0x80099B67,0x0368826E
0x000999AB,0x03681B21
0x000997F0,0x0367B3DF
0x80099636,0x03674CA8
0x8009947D,0x0366E57B
0x800992C4,0x03667E59
0x0009910C,0x03661742
0x00098F55,0x0365B036
0x80098D9F,0x03654934
0x80098BEA,0x0364E23D
0x00098A35,0x03647B51
0x00098881,0x0364146F
0x000986CE,0x0363AD98
0x8009851C,0x036346CC
0x8009836B,0x0362E00B
0x000981BA,0x03627954
0x0009800A,0x036212A8
0x00097E5B,0x0361AC07
0x80097CAD,0x03614570
0x80097B00,0x0360DEE4
0x00097953,0x03607863
0x000977A7,0x036011EC
0x000975FC,0x035FAB80
0x80097452,0x035F451F
0x800972A8,0x035EDEC9
0x000970FF,0x035E787D
0x00096F57,0x035E123C
0x00096DB0,0x035DAC06
0x80096C0A,0x035D45DA
0x80096A64,0x035CDFB9
0x000968BF,0x035C79A3
0x0009671B,0x035C1397
0x80096578,0x035BAD96
0x800963D5,0x035B47A0
0x80096233,0x035AE1B5
0x00096092,0x035A7BD4
0x00095EF2,0x035A15FE
0x80095D52,0x0359B033
0x80095BB3,0x03594A72
0x00095A15,0x0358E4BC
0x00095878,0x03587F11
0x000956DB,0x03581970
0x8009553F,0x0357B3DA
0x800953A4,0x03574E4F
0x0009520A,0x0356E8CE
0x00095070,0x03568358
0x00094ED7,0x03561DED
0x80094D3F,0x0355B88C
0x80094BA8,0x03555336
0x00094A11,0x0354EDEB
0x0009487B,0x035488AA
0x000946E6,0x03542374
0x80094552,0x0353BE49
0x800943BE,0x03535928
0x0009422B,0x0352F412
0x00094099,0x03528F07
0x80093F08,0x03522A06
0x80093D77,0x0351C510
0x80093BE7,0x03516025
0x00093A58,0x0350FB44
0x000938C9,0x0350966E
0x8009373B,0x035031A3
0x800935AE,0x034FCCE2
0x80093422,0x034F682C
0x00093296,0x034F0381
0x0009310B,0x034E9EE0
0x80092F81,0x034E3A4A
0x80092DF8,0x034DD5BF
0x00092C6F,0x034D713E
0x00092AE7,0x034D0CC8
0x00092960,0x034CA85C
0x800927D9,0x034C43FB
0x80092653,0x034BDFA5
0x000924CE,0x034B7B59
0x0009234A,0x034B1718
0x000921C6,0x034AB2E2
0x80092043,0x034A4EB6
0x80091EC1,0x0349EA95
0x00091D3F,0x0349867F
0x00091BBE,0x03492273
0x00091A3E,0x0348BE72
0x800918BE,0x03485A7B
0x8009173F,0x0347F68F
0x000915C1,0x034792AE
0x00091444,0x03472ED7
0x800912C7,0x0346CB0B
0x8009114B,0x0346674A
0x80090FD0,0x03460393
0x00090E55,0x03459FE7
0x00090CDB,0x03453C45
0x80090B62,0x0344D8AE
0x800909E9,0x03447522
0x00090871,0x034411A0
0x000906FA,0x0343AE29
0x00090583,0x03434ABC
0x8009040D,0x0342E75A
0x80090298,0x03428403
0x00090124,0x034220B6
0x0008FFB0,0x0341BD74
0x0008FE3D,0x03415A3D
0x8008FCCB,0x0340F710
0x8008FB59,0x034093EE
0x0008F9E8,0x034030D6
0x0008F878,0x033FCDC9
0x0008F708,0x033F6AC6
0x8008F599,0x033F07CE
0x8008F42B,0x033EA4E1
0x0008F2BD,0x033E41FE
0x0008F150,0x033DDF26
0x8008EFE4,0x033D7C58
0x8008EE78,0x033D1995
0x8008ED0D,0x033CB6DD
0x0008EBA3,0x033C542F
0x0008EA39,0x033BF18C
0x8008E8D0,0x033B8EF3
0x8008E768,0x033B2C65
0x8008E600,0x033AC9E1
0x0008E499,0x033A6768
0x0008E333,0x033A04FA
0x8008E1CD,0x0339A296
0x8008E068,0x0339403D
0x0008DF04,0x0338DDEE
0x0008DDA0,0x03387BAA
0x0008DC3D,0x03381970
0x8008DADB,0x0337B741
0x8008D979,0x0337551D
0x0008D818,0x0336F303
0x0008D6B7,0x033690F4
0x0008D557,0x03362EEF
0x8008D3F8,0x0335CCF5
0x8008D299,0x03356B05
0x0008D13B,0x03350920
0x0008CFDE,0x0334A745
0x0008CE81,0x03344575
0x8008CD25,0x0333E3AF
0x8008CBCA,0x033381F4
0x0008CA6F,0x03332044
0x0008C915,0x0332BE9E
0x0008C7BC,0x03325D03
0x8008C663,0x0331FB72
0x8008C50B,0x033199EC
0x0008C3B3,0x03313870
0x0008C25C,0x0330D6FF
0x8008C106,0x03307598
0x8008BFB0,0x0330143C
0x0008BE5B,0x032FB2EA
0x0008BD07,0x032F51A3
0x0008BBB3,0x032EF066
0x8008BA60,0x032E8F34
0x8008B90D,0x032E2E0C
0x0008B7BB,0x032DCCEF
0x0008B66A,0x032D6BDC
0x0008B519,0x032D0AD4
0x8008B3C9,0x032CA9D6
0x8008B27A,0x032C48E3
0x0008B12B,0x032BE7FA
0x0008AFDD,0x032B871C
0x0008AE8F,0x032B2648
0x8008AD42,0x032AC57F
0x8008ABF6,0x032A64C0
0x0008AAAA,0x032A040C
0x0008A95F,0x0329A362
0x0008A815,0x032942C3
0x8008A6CB,0x0328E22E
0x8008A582,0x032881A4
0x0008A439,0x03282124
0x0008A2F1,0x0327C0AF
0x8008A1AA,0x03276044
0x8008A063,0x0326FFE4
0x80089F1D,0x03269F8E
0x00089DD7,0x03263F43
0x00089C92,0x0325DF02
0x80089B4E,0x03257ECC
0x80089A0A,0x03251EA0
0x000898C7,0x0324BE7F
0x00089784,0x03245E68
0x00089642,0x0323FE5B
0x80089501,0x03239E59
0x800893C0,0x03233E61
0x00089280,0x0322DE74
0x00089140,0x03227E91
0x00089001,0x03221EB9
0x80088EC3,0x0321BEEB
0x80088D85,0x03215F28
0x00088C48,0x0320FF6F
0x00088B0B,0x03209FC1
0x000889CF,0x0320401D
0x80088893,0x031FE083
0x80088758,0x031F80F4
0x0008861E,0x031F216F
0x000884E4,0x031EC1F5
0x000883AB,0x031E6285
0x80088272,0x031E0320
0x8008813A,0x031DA3C5
0x00088003,0x031D4474
0x00087ECC,0x031CE52E
0x80087D96,0x031C85F2
0x80087C60,0x031C26C1
0x80087B2B,0x031BC79A
0x000879F6,0x031B687D
0x000878C2,0x031B096B
0x8008778F,0x031AAA63
0x8008765C,0x031A4B66
0x0008752A,0x0319EC73
0x000873F8,0x03198D8A
0x000872C7,0x03192EAC
0x80087196,0x0318CFD8
0x80087066,0x0318710F
0x00086F37,0x03181250
0x00086E08,0x0317B39B
0x00086CDA,0x031754F1
0x80086BAC,0x0316F651
0x80086A7F,0x031697BC
0x00086952,0x03163931
0x00086826,0x0315DAB0
0x000866FB,0x03157C3A
0x800865D0,0x03151DCE
0x800864A6,0x0314BF6C
0x0008637C,0x03146115
0x00086253,0x031402C8
0x8008612A,0x0313A486
0x80086002,0x0313464E
0x80085EDA,0x0312E820
0x00085DB3,0x031289FD
0x00085C8D,0x03122BE4
0x80085B67,0x0311CDD5
0x80085A42,0x03116FD1
0x0008591D,0x031111D7
0x000857F9,0x0310B3E7
0x000856D5,0x03105602
0x800855B2,0x030FF827
0x8008548F,0x030F9A56
0x0008536D,0x030F3C90
0x0008524B,0x030EDED4
0x0008512A,0x030E8122
0x8008500A,0x030E237B
0x80084EEA,0x030DC5DE
0x00084DCB,0x030D684B
0x00084CAC,0x030D0AC3
0x00084B8E,0x030CAD45
0x80084A70,0x030C4FD1
0x80084953,0x030BF268
0x00084836,0x030B9509
0x0008471A,0x030B37B4
0x000845FE,0x030ADA6A
0x800844E3,0x030A7D2A
0x800843C8,0x030A1FF4
0x000842AE,0x0309C2C9
0x00084195,0x030965A8
0x8008407C,0x03090891
0x80083F64,0x0308AB84
0x80083E4C,0x03084E82
0x00083D35,0x0307F18A
0x00083C1E,0x0307949C
0x80083B08,0x030737B9
0x800839F2,0x0306DAE0
0x000838DD,0x03067E11
0x000837C8,0x0306214C
0x000836B4,0x0305C492
0x800835A0,0x030567E2
0x8008348D,0x03050B3C
0x0008337A,0x0304AEA1
0x00083268,0x03045210
0x00083156,0x0303F589
0x80083045,0x0303990C
0x80082F34,0x03033C9A
0x00082E24,0x0302E032
0x00082D14,0x030283D4
0x00082C05,0x03022780
0x80082AF6,0x0301CB37
0x800829E8,0x03016EF8
0x000828DA,0x030112C3
0x000827CD,0x0300B698
0x800826C1,0x03005A78
0x800825B5,0x02FFFE62
0x800824AA,0x02FFA256
0x0008239F,0x02FF4654
0x00082295,0x02FEEA5C
0x8008218B,0x02FE8E6F
0x80082082,0x02FE328C
0x80081F79,0x02FDD6B3
0x00081E71,0x02FD7AE4
0x00081D69,0x02FD1F20
0x80081C62,0x02FCC366
0x80081B5B,0x02FC67B6
0x00081A55,0x02FC0C10
0x0008194F,0x02FBB074
0x0008184A,0x02FB54E3
0x80081745,0x02FAF95C
0x80081641,0x02FA9DDF
0x0008153D,0x02FA426C
0x0008143A,0x02F9E703
0x00081337,0x02F98BA5
0x80081235,0x02F93051
0x80081133,0x02F8D507
0x00081032,0x02F879C7
0x00080F31,0x02F81E91
0x00080E31,0x02F7C365
0x80080D31,0x02F76844
0x80080C32,0x02F70D2D
0x00080B33,0x02F6B220
0x00080A35,0x02F6571D
0x80080937,0x02F5FC24
0x80080839,0x02F5A135
0x8008073C,0x02F54651
0x0008063F,0x02F4EB77
0x00080543,0x02F490A7
0x80080447,0x02F435E1
0x8008034C,0x02F3DB25
0x00080251,0x02F38073
0x00080157,0x02F325CC
0x0008005D,0x02F2CB2F
0x8007FF64,0x02F2709C
0x8007FE6B,0x02F21613
0x0007FD73,0x02F1BB94
0x0007FC7B,0x02F1611F
0x0007FB84,0x02F106B4
0x8007FA8D,0x02F0AC53
0x8007F997,0x02F051FD
0x0007F8A1,0x02EFF7B1
0x0007F7AC,0x02EF9D6F
0x0007F6B7,0x02EF4337
0x8007F5C3,0x02EEE909
0x8007F4CF,0x02EE8EE5
0x0007F3DC,0x02EE34CB
0x0007F2E9,0x02EDDABB
0x8007F1F6,0x02ED80B5
0x8007F104,0x02ED26BA
0x8007F012,0x02ECCCC9
0x0007EF21,0x02EC72E2
0x0007EE30,0x02EC1905
0x8007ED40,0x02EBBF32
0x8007EC50,0x02EB6569
0x8007EB61,0x02EB0BAA
0x0007EA72,0x02EAB1F5
0x0007E984,0x02EA584A
0x8007E896,0x02E9FEA9
0x8007E7A9,0x02E9A512
0x0007E6BC,0x02E94B85
0x0007E5D0,0x02E8F203
0x0007E4E4,0x02E8988B
0x8007E3F8,0x02E83F1D
0x8007E30D,0x02E7E5B9
0x0007E222,0x02E78C5F
0x0007E138,0x02E7330F
0x0007E04E,0x02E6D9C9
0x8007DF65,0x02E6808D
0x8007DE7C,0x02E6275B
0x0007DD94,0x02E5CE33
0x0007DCAC,0x02E57515
0x0007DBC5,0x02E51C01
0x8007DADE,0x02E4C2F7
0x8007D9F7,0x02E469F7
0x0007D911,0x02E41101
0x0007D82B,0x02E3B815
0x0007D746,0x02E35F33
0x8007D661,0x02E3065B
0x8007D57D,0x02E2AD8D
0x0007D499,0x02E254C9
0x0007D3B6,0x02E1FC0F
0x8007D2D3,0x02E1A35F
0x8007D1F1,0x02E14AB9
0x0007D10F,0x02E0F21D
0x0007D02D,0x02E0998B
0x0007CF4C,0x02E04103
0x8007CE6B,0x02DFE885
0x8007CD8B,0x02DF9011
0x0007CCAB,0x02DF37A7
0x0007CBCC,0x02DEDF47
0x0007CAED,0x02DE86F1
0x8007CA0F,0x02DE2EA5
0x8007C931,0x02DDD663
0x0007C853,0x02DD7E2B
0x0007C776,0x02DD25FD
0x0007C699,0x02DCCDD9
0x8007C5BD,0x02DC75BF
0x8007C4E1,0x02DC1DAF
0x0007C406,0x02DBC5A9
0x0007C32B,0x02DB6DAD
0x0007C250,0x02DB15BB
0x8007C176,0x02DABDD3
0x8007C09C,0x02DA65F5
0x0007BFC3,0x02DA0E21
0x0007BEEA,0x02D9B657
0x8007BE12,0x02D95E97
0x8007BD3A,0x02D906E0
0x8007BC63,0x02D8AF33
0x0007BB8C,0x02D85790
0x0007BAB5,0x02D7FFF7
0x8007B9DF,0x02D7A868
0x8007B909,0x02D750E3
0x0007B834,0x02D6F968
0x0007B75F,0x02D6A1F7
0x0007B68B,0x02D64A90
0x8007B5B7,0x02D5F333
0x8007B4E3,0x02D59BE0
0x0007B410,0x02D54497
0x0007B33D,0x02D4ED57
0x0007B26B,0x02D49621
0x8007B199,0x02D43EF5
0x8007B0C7,0x02D3E7D3
0x0007AFF6,0x02D390BB
0x0007AF25,0x02D339AD
0x0007AE55,0x02D2E2A9
0x8007AD85,0x02D28BAF
0x8007ACB6,0x02D234BF
0x0007ABE7,0x02D1DDD8
0x0007AB18,0x02D186FB
0x0007AA4A,0x02D13028
0x8007A97C,0x02D0D95F
0x8007A8AF,0x02D082A0
0x0007A7E2,0x02D02BEB
0x0007A716,0x02CFD540
0x8007A64A,0x02CF7E9F
0x8007A57E,0x02CF2807
0x8007A4B3,0x02CED179
0x0007A3E8,0x02CE7AF5
0x0007A31E,0x02CE247B
0x8007A254,0x02CDCE0B
0x8007A18A,0x02CD77A5
0x0007A0C1,0x02CD2148
0x00079FF8,0x02CCCAF5
0x00079F30,0x02CC74AC
0x80079E68,0x02CC1E6D
0x80079DA0,0x02CBC838
0x00079CD9,0x02CB720D
0x00079C12,0x02CB1BEB
0x00079B4C,0x02CAC5D3
0x80079A86,0x02CA6FC5
0x800799C0,0x02CA19C1
0x000798FB,0x02C9C3C7
0x00079836,0x02C96DD6
0x00079772,0x02C917EF
0x800796AE,0x02C8C212
0x800795EA,0x02C86C3F
0x00079527,0x02C81676
0x00079464,0x02C7C0B6
0x800793A2,0x02C76B00
0x800792E0,0x02C71554
0x8007921F,0x02C6BFB2
0x0007915E,0x02C66A19
0x0007909D,0x02C6148A
0x80078FDD,0x02C5BF05
0x80078F1D,0x02C5698A
0x00078E5D,0x02C51419
0x00078D9E,0x02C4BEB1
0x00078CDF,0x02C46953
0x80078C21,0x02C413FF
0x80078B63,0x02C3BEB5
0x00078AA5,0x02C36974
0x000789E8,0x02C3143D
0x0007892B,0x02C2BF10
0x8007886F,0x02C269ED
0x800787B3,0x02C214D3
0x000786F7,0x02C1BFC3
0x0007863C,0x02C16ABD
0x00078581,0x02C115C0
0x800784C7,0x02C0C0CD
0x8007840D,0x02C06BE4
0x00078353,0x02C01705
0x0007829A,0x02BFC22F
0x000781E1,0x02BF6D63
0x80078129,0x02BF18A1
0x80078071,0x02BEC3E8
0x00077FB9,0x02BE6F39
0x00077F02,0x02BE1A94
0x80077E4B,0x02BDC5F9
0x80077D94,0x02BD7167
0x80077CDE,0x02BD1CDF
0x00077C28,0x02BCC861
0x00077B73,0x02BC73EC
0x80077ABE,0x02BC1F81
0x80077A09,0x02BBCB20
0x00077955,0x02BB76C8
0x000778A1,0x02BB227A
0x000777EE,0x02BACE36
0x8007773B,0x02BA79FB
0x80077688,0x02BA25CA
0x000775D6,0x02B9D1A3
0x00077524,0x02B97D85
0x00077472,0x02B92971
0x800773C1,0x02B8D567
0x80077310,0x02B88166
0x00077260,0x02B82D6F
0x000771B0,0x02B7D982
0x00077100,0x02B7859E
0x80077051,0x02B731C4
0x80076FA2,0x02B6DDF4
0x00076EF3,0x02B68A2D
0x00076E45,0x02B63670
0x80076D97,0x02B5E2BC
0x80076CEA,0x02B58F12
0x80076C3D,0x02B53B72
0x00076B90,0x02B4E7DB
0x00076AE4,0x02B4944E
0x80076A38,0x02B440CA
0x8007698C,0x02B3ED50
0x800768E1,0x02B399E0
0x00076836,0x02B34679
0x0007678C,0x02B2F31C
0x800766E2,0x02B29FC8
0x80076638,0x02B24C7E
0x0007658F,0x02B1F93E
0x000764E6,0x02B1A607
0x0007643D,0x02B152DA
0x80076395,0x02B0FFB6
0x800762ED,0x02B0AC9C
0x00076245,0x02B0598C
0x0007619E,0x02B00685
0x000760F7,0x02AFB388
0x80076051,0x02AF6094
0x80075FAB,0x02AF0DAA
0x00075F05,0x02AEBAC9
0x00075E60,0x02AE67F2
0x00075DBB,0x02AE1524
0x80075D16,0x02ADC260
0x80075C72,0x02AD6FA6
0x00075BCE,0x02AD1CF5
0x00075B2A,0x02ACCA4E
0x00075A87,0x02AC77B0
0x800759E4,0x02AC251C
0x80075942,0x02ABD291
0x000758A0,0x02AB8010
0x000757FE,0x02AB2D98
0x8007575D,0x02AADB2A
0x800756BC,0x02AA88C5
0x0007561B,0x02AA366A
0x0007557B,0x02A9E418
0x000754DB,0x02A991D0
0x8007543B,0x02A93F91
0x8007539C,0x02A8ED5C
0x000752FD,0x02A89B30
0x0007525E,0x02A8490E
0x000751C0,0x02A7F6F5
0x80075122,0x02A7A4E6
0x80075084,0x02A752E0
0x00074FE7,0x02A700E4
0x00074F4A,0x02A6AEF1
0x00074EAE,0x02A65D08
0x80074E12,0x02A60B28
0x80074D76,0x02A5B952
0x00074CDB,0x02A56785
0x00074C40,0x02A515C2
0x00074BA5,0x02A4C408
0x80074B0B,0x02A47257
0x80074A71,0x02A420B0
0x000749D7,0x02A3CF12
0x0007493E,0x02A37D7E
0x800748A5,0x02A32BF3
0x8007480C,0x02A2DA72
0x80074774,0x02A288FA
0x000746DC,0x02A2378C
0x00074644,0x02A1E627
0x800745AD,0x02A194CB
0x80074516,0x02A14379
0x0007447F,0x02A0F230
0x000743E9,0x02A0A0F1
0x00074353,0x02A04FBB
0x800742BD,0x029FFE8F
0x80074228,0x029FAD6C
0x00074193,0x029F5C52
0x000740FE,0x029F0B42
0x0007406A,0x029EBA3B
0x80073FD6,0x029E693E
0x80073F43,0x029E184A
0x00073EB0,0x029DC75F
0x00073E1D,0x029D767E
0x00073D8B,0x029D25A6
0x80073CF9,0x029CD4D7
0x80073C67,0x029C8412
0x00073BD6,0x029C3356
0x00073B45,0x029BE2A4
0x00073AB4,0x029B91FB
0x80073A24,0x029B415B
0x80073994,0x029AF0C5
0x00073904,0x029AA038
0x00073875,0x029A4FB4
0x800737E6,0x0299FF3A
0x80073757,0x0299AEC9
0x000736C9,0x02995E61
0x0007363B,0x02990E03
0x000735AD,0x0298BDAE
0x80073520,0x02986D62
0x80073493,0x02981D20
0x00073406,0x0297CCE7
0x0007337A,0x02977CB7
0x000732EE,0x02972C91
0x80073262,0x0296DC74
0x800731D7,0x02968C60
0x0007314C,0x02963C56
0x000730C1,0x0295EC55
0x00073037,0x02959C5D
0x80072FAD,0x02954C6F
0x80072F23,0x0294FC8A
0x00072E99,0x0294ACAE
0x00072E10,0x02945CDB
0x00072D87,0x02940D12
0x80072CFE,0x0293BD52
0x80072C76,0x02936D9B
0x00072BEE,0x02931DEE
0x00072B66,0x0292CE4A
0x80072ADF,0x02927EAF
0x80072A58,0x02922F1D
0x800729D1,0x0291DF95
0x0007294B,0x02919016
0x000728C5,0x029140A0
0x8007283F,0x0290F134
0x800727BA,0x0290A1D1
0x00072735,0x02905277
0x000726B0,0x02900326
0x0007262C,0x028FB3DF
0x800725A8,0x028F64A1
0x80072524,0x028F156C
0x000724A1,0x028EC640
0x0007241E,0x028E771D
0x0007239B,0x028E2804
0x80072319,0x028DD8F4
0x80072297,0x028D89ED
0x00072215,0x028D3AEF
0x00072194,0x028CEBFB
0x00072113,0x028C9D10
0x80072092,0x028C4E2E
0x80072012,0x028BFF55
0x00071F92,0x028BB085
0x00071F12,0x028B61BF
0x00071E92,0x028B1302
0x80071E13,0x028AC44E
0x80071D94,0x028A75A3
0x00071D15,0x028A2701
0x00071C97,0x0289D869
0x80071C19,0x028989DA
0x80071B9B,0x02893B54
0x80071B1E,0x0288ECD7
0x00071AA1,0x02889E63
0x00071A24,0x02884FF8
0x800719A8,0x02880197
0x8007192C,0x0287B33F
0x000718B0,0x028764F0
0x00071835,0x028716AA
0x000717BA,0x0286C86D
0x8007173F,0x02867A39
0x800716C4,0x02862C0F
0x0007164A,0x0285DDEE
0x000715D0,0x02858FD6
0x00071556,0x028541C7
0x800714DD,0x0284F3C1
0x80071464,0x0284A5C4
0x000713EB,0x028457D0
0x00071373,0x028409E5
0x000712FB,0x0283BC04
0x80071283,0x02836E2C
0x8007120C,0x0283205D
0x00071195,0x0282D297
0x0007111E,0x028284DA
0x800710A7,0x02823726
0x80071031,0x0281E97B
0x80070FBB,0x02819BD9
0x00070F45,0x02814E40
0x00070ED0,0x028100B0
0x80070E5B,0x0280B32A
0x80070DE6,0x028065AD
0x00070D72,0x02801839
0x00070CFE,0x027FCACE
0x00070C8A,0x027F7D6C
0x80070C16,0x027F3013
0x80070BA3,0x027EE2C3
0x00070B30,0x027E957C
0x00070ABD,0x027E483E
0x00070A4B,0x027DFB09
0x800709D9,0x027DADDD
0x80070967,0x027D60BA
0x000708F6,0x027D13A0
0x00070885,0x027CC68F
0x00070814,0x027C7987
0x800707A3,0x027C2C88
0x80070733,0x027BDF92
0x000706C3,0x027B92A6
0x00070653,0x027B45C3
0x000705E4,0x027AF8E9
0x80070575,0x027AAC18
0x80070506,0x027A5F50
0x00070498,0x027A1291
0x0007042A,0x0279C5DB
0x800703BC,0x0279792E
0x8007034E,0x02792C8A
0x800702E1,0x0278DFEF
0x00070274,0x0278935D
0x00070207,0x027846D4
0x8007019B,0x0277FA54
0x8007012F,0x0277ADDD
0x000700C3,0x0277616F
0x00070057,0x0277150A
0x0006FFEC,0x0276C8AE
0x8006FF81,0x02767C5B
0x8006FF16,0x02763011
0x0006FEAC,0x0275E3CF
0x0006FE42,0x02759796
0x0006FDD8,0x02754B66
0x8006FD6F,0x0274FF3F
0x8006FD06,0x0274B321
0x0006FC9D,0x0274670C
0x0006FC34,0x02741B00
0x0006FBCC,0x0273CEFD
0x8006FB64,0x02738303
0x8006FAFC,0x02733712
0x0006FA95,0x0272EB2A
0x0006FA2E,0x02729F4B
0x8006F9C7,0x02725375
0x8006F960,0x027207A8
0x8006F8FA,0x0271BBE4
0x0006F894,0x02717029
0x0006F82E,0x02712477
0x8006F7C9,0x0270D8CD
0x8006F764,0x02708D2C
0x8006F6FF,0x02704194
0x0006F69A,0x026FF605
0x0006F636,0x026FAA7F
0x8006F5D2,0x026F5F02
0x8006F56E,0x026F138E
0x0006F50B,0x026EC823
0x0006F4A8,0x026E7CC1
0x0006F445,0x026E3168
0x8006F3E2,0x026DE617
0x8006F380,0x026D9ACF
0x0006F31E,0x026D4F90
0x0006F2BC,0x026D045A
0x0006F25B,0x026CB92D
0x8006F1FA,0x026C6E09
0x8006F199,0x026C22EE
0x0006F138,0x026BD7DB
0x0006F0D8,0x026B8CD1
0x8006F078,0x026B41D0
0x8006F018,0x026AF6D8
0x8006EFB9,0x026AABE9
0x0006EF5A,0x026A6103
0x0006EEFB,0x026A1626
0x0006EE9C,0x0269CB51
0x8006EE3E,0x02698085
0x8006EDE0,0x026935C2
0x0006ED82,0x0268EB08
0x0006ED24,0x0268A057
0x8006ECC7,0x026855AF
0x8006EC6A,0x02680B0F
0x0006EC0D,0x0267C078
0x0006EBB1,0x026775EA
0x0006EB55,0x02672B65
0x8006EAF9,0x0266E0E9
0x8006EA9D,0x02669675
0x0006EA42,0x02664C0A
0x0006E9E7,0x026601A8
0x0006E98C,0x0265B74F
0x8006E932,0x02656CFE
0x8006E8D8,0x026522B6
0x0006E87E,0x0264D877
0x0006E824,0x02648E41
0x0006E7CB,0x02644414
0x8006E772,0x0263F9EF
0x8006E719,0x0263AFD3
0x0006E6C0,0x026365C0
0x0006E668,0x02631BB6
0x0006E610,0x0262D1B4
0x8006E5B8,0x026287BB
0x8006E561,0x02623DCB
0x0006E50A,0x0261F3E4
0x0006E4B3,0x0261AA05
0x8006E45C,0x0261602F
0x8006E406,0x02611662
0x8006E3B0,0x0260CC9E
0x0006E35A,0x026082E2
0x0006E304,0x0260392F
0x8006E2AF,0x025FEF85
0x8006E25A,0x025FA5E4
0x0006E205,0x025F5C4B
0x0006E1B0,0x025F12BB
0x0006E15C,0x025EC934
0x8006E108,0x025E7FB5
0x8006E0B4,0x025E363F
0x0006E061,0x025DECD2
0x0006E00E,0x025DA36D
0x0006DFBB,0x025D5A11
0x8006DF68,0x025D10BE
0x8006DF16,0x025CC774
0x0006DEC4,0x025C7E32
0x0006DE72,0x025C34F9
0x0006DE20,0x025BEBC9
0x8006DDCF,0x025BA2A1
0x8006DD7E,0x025B5982
0x0006DD2D,0x025B106C
0x0006DCDC,0x025AC75E
0x0006DC8C,0x025A7E59
0x8006DC3C,0x025A355D
0x8006DBEC,0x0259EC69
0x0006DB9D,0x0259A37E
0x0006DB4E,0x02595A9B
0x8006DAFF,0x025911C1
0x8006DAB0,0x0258C8F0
0x0006DA62,0x02588027
0x0006DA14,0x02583767
0x0006D9C6,0x0257EEB0
0x8006D978,0x0257A601
0x8006D92B,0x02575D5B
0x0006D8DE,0x025714BE
0x0006D891,0x0256CC29
0x0006D844,0x0256839D
0x8006D7F8,0x02563B19
0x8006D7AC,0x0255F29E
0x0006D760,0x0255AA2C
0x0006D714,0x025561C2
0x0006D6C9,0x02551961
0x8006D67E,0x0254D108
0x8006D633,0x025488B8
0x0006D5E9,0x02544071
0x0006D59F,0x0253F832
0x0006D555,0x0253AFFC
0x8006D50B,0x025367CE
0x8006D4C2,0x02531FA9
0x0006D479,0x0252D78C
0x0006D430,0x02528F78
0x8006D3E7,0x0252476D
0x8006D39F,0x0251FF6A
0x8006D357,0x0251B770
0x0006D30F,0x02516F7E
0x0006D2C7,0x02512795
0x8006D280,0x0250DFB4
0x8006D239,0x025097DC
0x0006D1F2,0x0250500C
0x0006D1AB,0x02500845
0x0006D165,0x024FC087
0x8006D11F,0x024F78D1
0x8006D0D9,0x024F3124
0x0006D093,0x024EE97F
0x0006D04E,0x024EA1E3
0x0006D009,0x024E5A4F
0x8006CFC4,0x024E12C4
0x8006CF7F,0x024DCB41
0x0006CF3B,0x024D83C7
0x0006CEF7,0x024D3C55
0x0006CEB3,0x024CF4EC
0x8006CE6F,0x024CAD8B
0x8006CE2C,0x024C6633
0x0006CDE9,0x024C1EE3
0x0006CDA6,0x024BD79C
0x0006CD63,0x024B905D
0x8006CD21,0x024B4927
0x8006CCDF,0x024B01F9
0x0006CC9D,0x024ABAD4
0x0006CC5B,0x024A73B7
0x8006CC1A,0x024A2CA3
0x8006CBD9,0x0249E597
0x8006CB98,0x02499E93
0x0006CB57,0x02495798
0x0006CB17,0x024910A5
0x8006CAD7,0x0248C9BB
0x8006CA97,0x024882D9
0x0006CA57,0x02483C00
0x0006CA18,0x0247F52F
0x0006C9D9,0x0247AE67
0x8006C99A,0x024767A7
0x8006C95B,0x024720EF
0x0006C91D,0x0246DA40
0x0006C8DF,0x02469399
0x0006C8A1,0x02464CFB
0x8006C863,0x02460665
0x8006C826,0x0245BFD8
0x0006C7E9,0x02457953
0x0006C7AC,0x024532D6
0x0006C76F,0x0244EC62
0x8006C733,0x0244A5F6
0x8006C6F7,0x02445F93
0x0006C6BB,0x02441938
0x0006C67F,0x0243D2E5
0x8006C644,0x02438C9B
0x8006C609,0x02434659
0x8006C5CE,0x02430020
0x0006C593,0x0242B9EF
0x0006C559,0x024273C6
0x8006C51F,0x02422DA6
0x8006C4E5,0x0241E78E
0x0006C4AB,0x0241A17E
0x0006C472,0x02415B77
0x0006C439,0x02411578
0x8006C400,0x0240CF81
0x8006C3C7,0x02408993
0x0006C38F,0x024043AD
0x0006C357,0x023FFDD0
0x0006C31F,0x023FB7FB
0x8006C2E7,0x023F722E
0x8006C2B0,0x023F2C6A
0x0006C279,0x023EE6AE
0x0006C242,0x023EA0FA
0x0006C20B,0x023E5B4F
0x8006C1D5,0x023E15AC
0x8006C19F,0x023DD011
0x0006C169,0x023D8A7F
0x0006C133,0x023D44F5
0x8006C0FE,0x023CFF73
0x8006C0C9,0x023CB9F9
0x8006C094,0x023C7488
0x0006C05F,0x023C2F1F
0x0006C02A,0x023BE9BE
0x8006BFF6,0x023BA466
0x8006BFC2,0x023B5F16
0x8006BF8E,0x023B19CE
0x0006BF5A,0x023AD48F
0x0006BF27,0x023A8F58
0x8006BEF4,0x023A4A29
0x8006BEC1,0x023A0502
0x0006BE8E,0x0239BFE4
0x0006BE5C,0x02397ACE
0x0006BE2A,0x023935C0
0x8006BDF8,0x0238F0BA
0x8006BDC6,0x0238ABBD
0x0006BD95,0x023866C8
0x0006BD64,0x023821DB
0x0006BD33,0x0237DCF6
0x8006BD02,0x0237981A
0x8006BCD2,0x02375346
0x0006BCA2,0x02370E7A
0x0006BC72,0x0236C9B6
0x0006BC42,0x023684FB
0x8006BC12,0x02364048
0x8006BBE3,0x0235FB9D
0x0006BBB4,0x0235B6FA
0x0006BB85,0x02357260
0x8006BB56,0x02352DCE
0x8006BB28,0x0234E944
0x8006BAFA,0x0234A4C2
0x0006BACC,0x02346048
0x0006BA9E,0x02341BD7
0x8006BA71,0x0233D76E
0x8006BA44,0x0233930D
0x8006BA17,0x02334EB4
0x0006B9EA,0x02330A63
0x0006B9BE,0x0232C61B
0x8006B992,0x023281DB
0x8006B966,0x02323DA3
0x0006B93A,0x0231F973
0x0006B90E,0x0231B54B
0x0006B8E3,0x0231712B
0x8006B8B8,0x02312D14
0x8006B88D,0x0230E905
0x0006B862,0x0230A4FE
0x0006B838,0x023060FF
0x0006B80E,0x02301D08
0x8006B7E4,0x022FD919
0x8006B7BA,0x022F9533
0x0006B791,0x022F5155
0x0006B768,0x022F0D7F
0x8006B73F,0x022EC9B1
0x8006B716,0x022E85EB
0x8006B6EE,0x022E422D
0x0006B6C6,0x022DFE77
0x0006B69E,0x022DBAC9
0x0006B676,0x022D7724
0x8006B64E,0x022D3387
0x8006B627,0x022CEFF2
0x0006B600,0x022CAC65
0x0006B5D9,0x022C68E0
0x8006B5B2,0x022C2563
0x8006B58C,0x022BE1EE
0x0006B566,0x022B9E81
0x0006B540,0x022B5B1C
0x0006B51A,0x022B17C0
0x8006B4F5,0x022AD46C
0x8006B4D0,0x022A9120
0x0006B4AB,0x022A4DDC
0x0006B486,0x022A0AA0
0x0006B461,0x0229C76C
0x8006B43D,0x02298440
0x8006B419,0x0229411C
0x0006B3F5,0x0228FE00
0x0006B3D1,0x0228BAEC
0x0006B3AE,0x022877E0
0x8006B38B,0x022834DC
0x8006B368,0x0227F1E0
0x0006B345,0x0227AEEC
0x0006B322,0x02276C00
0x0006B300,0x0227291C
0x8006B2DE,0x0226E641
0x8006B2BC,0x0226A36E
0x0006B29A,0x022660A3
0x0006B279,0x02261DE0
0x8006B258,0x0225DB25
0x8006B237,0x02259872
0x8006B216,0x022555C7
0x0006B1F6,0x02251324
0x0006B1D6,0x0224D089
0x8006B1B6,0x02248DF6
0x8006B196,0x02244B6B
0x0006B176,0x022408E8
0x0006B157,0x0223C66D
0x0006B138,0x022383FA
0x8006B119,0x0223418F
0x8006B0FA,0x0222FF2C
0x0006B0DC,0x0222BCD1
0x0006B0BE,0x02227A7E
0x0006B0A0,0x02223833
0x8006B082,0x0221F5F0
0x8006B064,0x0221B3B5
0x0006B047,0x02217182
0x0006B02A,0x02212F57
0x0006B00D,0x0220ED34
0x8006AFF0,0x0220AB19
0x8006AFD4,0x02206905
0x0006AFB8,0x022026F9
0x0006AF9C,0x021FE4F5
0x0006AF80,0x021FA2F9
0x8006AF64,0x021F6105
0x8006AF49,0x021F1F19
0x0006AF2E,0x021EDD35
0x0006AF13,0x021E9B59
0x8006AEF8,0x021E5985
0x8006AEDE,0x021E17B9
0x0006AEC4,0x021DD5F5
0x0006AEAA,0x021D9439
0x0006AE90,0x021D5285
0x8006AE76,0x021D10D9
0x8006AE5D,0x021CCF35
0x0006AE44,0x021C8D98
0x0006AE2B,0x021C4C03
0x0006AE12,0x021C0A76
0x8006ADFA,0x021BC8F1
0x8006ADE2,0x021B8774
0x0006ADCA,0x021B45FF
0x0006ADB2,0x021B0492
0x0006AD9A,0x021AC32D
0x8006AD83,0x021A81D0
0x8006AD6C,0x021A407A
0x0006AD55,0x0219FF2C
0x0006AD3E,0x0219BDE6
0x0006AD28,0x02197CA8
0x8006AD12,0x02193B72
0x8006ACFC,0x0218FA44
0x0006ACE6,0x0218B91E
0x0006ACD0,0x02187800
0x8006ACBB,0x021836E9
0x8006ACA6,0x0217F5DA
0x8006AC91,0x0217B4D3
0x0006AC7C,0x021773D4
0x0006AC67,0x021732DD
0x8006AC53,0x0216F1EE
0x8006AC3F,0x0216B106
0x0006AC2B,0x02167026
0x0006AC17,0x02162F4E
0x0006AC04,0x0215EE7E
0x8006ABF1,0x0215ADB6
0x8006ABDE,0x02156CF6
0x0006ABCB,0x02152C3D
0x0006ABB8,0x0214EB8C
0x0006ABA6,0x0214AAE3
0x8006AB94,0x02146A42
0x8006AB82,0x021429A9
0x0006AB70,0x0213E917
0x0006AB5F,0x0213A88D
0x0006AB4E,0x0213680B
0x8006AB3D,0x02132791
0x8006AB2C,0x0212E71F
0x0006AB1B,0x0212A6B4
0x0006AB0B,0x02126651
0x0006AAFB,0x021225F6
0x8006AAEB,0x0211E5A3
0x8006AADB,0x0211A558
0x0006AACB,0x02116514
0x0006AABC,0x021124D8
0x8006AAAD,0x0210E4A4
0x8006AA9E,0x0210A478
0x8006AA8F,0x02106453
0x0006AA81,0x02102436
0x0006AA73,0x020FE421
0x8006AA65,0x020FA414
0x8006AA57,0x020F640E
0x0006AA49,0x020F2410
0x0006AA3C,0x020EE41A
0x0006AA2F,0x020EA42C
0x8006AA22,0x020E6445
0x8006AA15,0x020E2466
0x0006AA08,0x020DE48F
0x0006A9FC,0x020DA4BF
0x0006A9F0,0x020D64F7
0x8006A9E4,0x020D2537
0x8006A9D8,0x020CE57F
0x0006A9CD,0x020CA5CE
0x0006A9C2,0x020C6625
0x0006A9B7,0x020C2684
0x8006A9AC,0x020BE6EA
0x8006A9A1,0x020BA758
0x0006A997,0x020B67CE
0x0006A98D,0x020B284B
0x8006A983,0x020AE8D0
0x8006A979,0x020AA95D
0x8006A96F,0x020A69F2
0x0006A966,0x020A2A8E
0x0006A95D,0x0209EB32
0x8006A954,0x0209ABDE
0x8006A94B,0x02096C91
0x0006A942,0x02092D4C
0x0006A93A,0x0208EE0F
0x0006A932,0x0208AED9
0x8006A92A,0x02086FAB
0x8006A922,0x02083084
0x0006A91B,0x0207F165
0x0006A914,0x0207B24E
0x0006A90D,0x0207733E
0x8006A906,0x02073436
0x8006A8FF,0x0206F536
0x0006A8F9,0x0206B63D
0x0006A8F3,0x0206774C
0x0006A8ED,0x02063863
0x8006A8E7,0x0205F981
0x8006A8E1,0x0205BAA7
0x0006A8DC,0x02057BD4
0x0006A8D7,0x02053D09
0x8006A8D2,0x0204FE46
0x8006A8CD,0x0204BF8A
0x8006A8C8,0x020480D6
0x0006A8C4,0x02044229
0x0006A8C0,0x02040384
0x8006A8BC,0x0203C4E7
0x8006A8B8,0x02038651
0x8006A8B4,0x020347C3
0x0006A8B1,0x0203093C
0x0006A8AE,0x0202CABD
0x8006A8AB,0x02028C46
0x8006A8A8,0x02024DD6
0x0006A8A6,0x02020F6E
0x0006A8A4,0x0201D10D
0x0006A8A2,0x020192B4
0x8006A8A0,0x02015462
0x8006A89E,0x02011618
0x0006A89D,0x0200D7D6
0x0006A89C,0x0200999B
0x0006A89B,0x02005B68
0x8006A89A,0x02001D3C
0x8006A899,0x01FFDF18
0x0006A899,0x01FFA0FB
0x0006A899,0x01FF62E6
0x0006A899,0x01FF24D8
0x8006A899,0x01FEE6D2
0x8006A899,0x01FEA8D3
0x0006A89A,0x01FE6ADC
0x0006A89B,0x01FE2CEC
0x8006A89C,0x01FDEF04
0x8006A89D,0x01FDB123
0x8006A89E,0x01FD734A
0x0006A8A0,0x01FD3578
0x0006A8A2,0x01FCF7AE
0x8006A8A4,0x01FCB9EB
0x8006A8A6,0x01FC7C30
0x8006A8A8,0x01FC3E7C
0x0006A8AB,0x01FC00D0
0x0006A8AE,0x01FBC32B
0x8006A8B1,0x01FB858E
0x8006A8B4,0x01FB47F8
0x0006A8B8,0x01FB0A6A
0x0006A8BC,0x01FACCE3
0x0006A8C0,0x01FA8F64
0x8006A8C4,0x01FA51EC
0x8006A8C8,0x01FA147C
0x0006A8CD,0x01F9D713
0x0006A8D2,0x01F999B2
0x0006A8D7,0x01F95C58
0x8006A8DC,0x01F91F06
0x8006A8E1,0x01F8E1BB
0x0006A8E7,0x01F8A477
0x0006A8ED,0x01F8673B
0x8006A8F3,0x01F82A06
0x8006A8F9,0x01F7ECD9
0x8006A8FF,0x01F7AFB3
0x0006A906,0x01F77295
0x0006A90D,0x01F7357E
0x0006A914,0x01F6F86F
0x8006A91B,0x01F6BB67
0x8006A922,0x01F67E66
0x0006A92A,0x01F6416D
0x0006A932,0x01F6047B
0x8006A93A,0x01F5C791
0x8006A942,0x01F58AAE
0x0006A94A,0x01F54DD2
0x0006A953,0x01F510FE
0x0006A95C,0x01F4D431
0x8006A965,0x01F4976C
0x8006A96E,0x01F45AAE
0x0006A977,0x01F41DF7
0x0006A981,0x01F3E148
0x0006A98B,0x01F3A4A0
0x8006A995,0x01F36800
0x8006A99F,0x01F32B67
0x0006A9A9,0x01F2EED5
0x0006A9B4,0x01F2B24B
0x0006A9BF,0x01F275C8
0x8006A9CA,0x01F2394C
0x8006A9D5,0x01F1FCD8
0x0006A9E0,0x01F1C06B
0x0006A9EC,0x01F18405
0x0006A9F8,0x01F147A7
0x8006AA04,0x01F10B50
0x8006AA10,0x01F0CF01
0x0006AA1C,0x01F092B9
0x0006AA29,0x01F05678
0x8006AA36,0x01F01A3F
0x8006AA43,0x01EFDE0D
0x8006AA50,0x01EFA1E2
0x0006AA5D,0x01EF65BF
0x0006AA6B,0x01EF29A3
0x8006AA79,0x01EEED8E
0x8006AA87,0x01EEB180
0x0006AA95,0x01EE757A
0x0006AAA3,0x01EE397B
0x0006AAB2,0x01EDFD83
0x8006AAC1,0x01EDC193
0x8006AAD0,0x01ED85AA
0x0006AADF,0x01ED49C8
0x0006AAEE,0x01ED0DEE
0x0006AAFE,0x01ECD21B
0x8006AB0E,0x01EC964F
0x8006AB1E,0x01EC5A8A
0x0006AB2E,0x01EC1ECD
0x0006AB3E,0x01EBE317
0x0006AB4F,0x01EBA768
0x8006AB60,0x01EB6BC1
0x8006AB71,0x01EB3021
0x0006AB82,0x01EAF488
0x0006AB93,0x01EAB8F6
0x0006ABA5,0x01EA7D6C
0x8006ABB7,0x01EA41E9
0x8006ABC9,0x01EA066D
0x0006ABDB,0x01E9CAF8
0x0006ABED,0x01E98F8B
0x8006AC00,0x01E95425
0x8006AC13,0x01E918C6
0x0006AC26,0x01E8DD6E
0x0006AC39,0x01E8A21E
0x0006AC4C,0x01E866D5
0x8006AC60,0x01E82B93
0x8006AC74,0x01E7F058
0x0006AC88,0x01E7B525
0x0006AC9C,0x01E779F9
0x0006ACB0,0x01E73ED4
0x8006ACC5,0x01E703B6
0x8006ACDA,0x01E6C89F
0x0006ACEF,0x01E68D90
0x0006AD04,0x01E65288
0x0006AD19,0x01E61787
0x8006AD2F,0x01E5DC8D
0x8006AD45,0x01E5A19A
0x0006AD5B,0x01E566AF
0x0006AD71,0x01E52BCB
0x0006AD87,0x01E4F0EE
0x8006AD9E,0x01E4B618
0x8006ADB5,0x01E47B49
0x0006ADCC,0x01E44082
0x0006ADE3,0x01E405C2
0x8006ADFA,0x01E3CB09
0x8006AE12,0x01E39057
0x8006AE2A,0x01E355AC
0x0006AE42,0x01E31B08
0x0006AE5A,0x01E2E06C
0x8006AE72,0x01E2A5D7
0x8006AE8B,0x01E26B49
0x0006AEA4,0x01E230C2
0x0006AEBD,0x01E1F642
0x0006AED6,0x01E1BBC9
0x8006AEEF,0x01E18157
0x8006AF09,0x01E146ED
0x0006AF23,0x01E10C8A
0x0006AF3D,0x01E0D22E
0x0006AF57,0x01E097D9
0x8006AF71,0x01E05D8B
0x8006AF8C,0x01E02344
0x0006AFA7,0x01DFE904
0x0006AFC2,0x01DFAECB
0x0006AFDD,0x01DF749A
0x8006AFF8,0x01DF3A70
0x8006B014,0x01DF004D
0x0006B030,0x01DEC631
0x0006B04C,0x01DE8C1C
0x8006B068,0x01DE520E
0x8006B084,0x01DE1807
0x8006B0A1,0x01DDDE07
0x0006B0BE,0x01DDA40E
0x0006B0DB,0x01DD6A1C
0x8006B0F8,0x01DD3032
0x8006B115,0x01DCF64F
0x8006B133,0x01DCBC73
0x0006B151,0x01DC829E
0x0006B16F,0x01DC48D0
0x8006B18D,0x01DC0F09
0x8006B1AB,0x01DBD549
0x0006B1C9,0x01DB9B90
0x0006B1E8,0x01DB61DE
0x0006B207,0x01DB2833
0x8006B226,0x01DAEE8F
0x8006B245,0x01DAB4F2
0x0006B264,0x01DA7B5C
0x0006B284,0x01DA41CD
0x0006B2A4,0x01DA0845
0x8006B2C4,0x01D9CEC4
0x8006B2E4,0x01D9954A
0x0006B304,0x01D95BD7
0x0006B325,0x01D9226B
0x0006B346,0x01D8E907
0x8006B367,0x01D8AFAA
0x8006B388,0x01D87654
0x0006B3A9,0x01D83D05
0x0006B3CB,0x01D803BD
0x8006B3ED,0x01D7CA7C
0x8006B40F,0x01D79142
0x8006B431,0x01D7580F
0x0006B453,0x01D71EE3
0x0006B476,0x01D6E5BE
0x8006B499,0x01D6ACA0
0x8006B4BC,0x01D67389
0x0006B4DF,0x01D63A79
0x0006B502,0x01D60170
0x0006B526,0x01D5C86E
0x8006B54A,0x01D58F73
0x8006B56E,0x01D5567F
0x0006B592,0x01D51D91
0x0006B5B6,0x01D4E4AA
0x0006B5DB,0x01D4ABCA
0x8006B600,0x01D472F1
0x8006B625,0x01D43A1F
0x0006B64A,0x01D40154
0x0006B66F,0x01D3C890
0x0006B694,0x01D38FD3
0x8006B6BA,0x01D3571D
0x8006B6E0,0x01D31E6E
0x0006B706,0x01D2E5C6
0x0006B72C,0x01D2AD25
0x8006B752,0x01D2748B
0x8006B779,0x01D23BF8
0x8006B7A0,0x01D2036C
0x0006B7C7,0x01D1CAE7
0x0006B7EE,0x01D19269
0x8006B815,0x01D159F2
0x8006B83D,0x01D12181
0x8006B865,0x01D0E917
0x0006B88D,0x01D0B0B4
0x0006B8B5,0x01D07858
0x8006B8DD,0x01D04003
0x8006B906,0x01D007B5
0x0006B92F,0x01CFCF6E
0x0006B958,0x01CF972E
0x0006B981,0x01CF5EF5
0x8006B9AA,0x01CF26C3
0x8006B9D4,0x01CEEE98
0x0006B9FE,0x01CEB673
0x0006BA28,0x01CE7E55
0x0006BA52,0x01CE463E
0x8006BA7C,0x01CE0E2E
0x8006BAA7,0x01CDD625
0x0006BAD2,0x01CD9E23
0x0006BAFD,0x01CD6628
0x0006BB28,0x01CD2E34
0x8006BB53,0x01CCF646
0x8006BB7E,0x01CCBE5F
0x0006BBAA,0x01CC867F
0x0006BBD6,0x01CC4EA6
0x0006BC02,0x01CC16D4
0x8006BC2E,0x01CBDF09
0x8006BC5A,0x01CBA745
0x0006BC87,0x01CB6F87
0x0006BCB4,0x01CB37D0
0x8006BCE1,0x01CB0020
0x8006BD0E,0x01CAC877
0x8006BD3B,0x01CA90D5
0x0006BD69,0x01CA593A
0x0006BD97,0x01CA21A5
0x8006BDC5,0x01C9EA17
0x8006BDF3,0x01C9B290
0x0006BE21,0x01C97B10
0x0006BE50,0x01C94397
0x0006BE7F,0x01C90C24
0x8006BEAE,0x01C8D4B8
0x8006BEDD,0x01C89D53
0x0006BF0C,0x01C865F5
0x0006BF3C,0x01C82E9E
0x0006BF6C,0x01C7F74D
0x8006BF9C,0x01C7C003
0x8006BFCC,0x01C788C0
0x0006BFFC,0x01C75184
0x0006C02C,0x01C71A4F
0x0006C05D,0x01C6E320
0x8006C08E,0x01C6ABF8
0x8006C0BF,0x01C674D7
0x0006C0F0,0x01C63DBD
0x0006C121,0x01C606A9
0x0006C153,0x01C5CF9C
0x8006C185,0x01C59896
0x8006C1B7,0x01C56197
0x0006C1E9,0x01C52A9F
0x0006C21B,0x01C4F3AD
0x8006C24E,0x01C4BCC2
0x8006C281,0x01C485DE
0x0006C2B4,0x01C44F01
0x0006C2E7,0x01C4182A
0x0006C31A,0x01C3E15A
0x8006C34E,0x01C3AA91
0x8006C382,0x01C373CE
0x0006C3B6,0x01C33D12
0x0006C3EA,0x01C3065D
0x0006C41E,0x01C2CFAF
0x8006C452,0x01C29907
0x8006C487,0x01C26266
0x0006C4BC,0x01C22BCC
0x0006C4F1,0x01C1F538
0x0006C526,0x01C1BEAB
0x8006C55B,0x01C18825
0x8006C591,0x01C151A6
0x0006C5C7,0x01C11B2D
0x0006C5FD,0x01C0E4BB
0x0006C633,0x01C0AE50
0x8006C669,0x01C077EB
0x8006C6A0,0x01C0418D
0x0006C6D7,0x01C00B36
0x0006C70E,0x01BFD4E5
0x8006C745,0x01BF9E9B
0x8006C77C,0x01BF6858
0x8006C7B4,0x01BF321B
0x0006C7EC,0x01BEFBE5
0x0006C824,0x01BEC5B6
0x8006C85C,0x01BE8F8E
0x8006C894,0x01BE596C
0x0006C8CD,0x01BE2351
0x0006C906,0x01BDED3C
0x0006C93F,0x01BDB72E
0x8006C978,0x01BD8127
0x8006C9B1,0x01BD4B26
0x0006C9EA,0x01BD152C
0x0006CA24,0x01BCDF39
0x0006CA5E,0x01BCA94C
0x8006CA98,0x01BC7366
0x8006CAD2,0x01BC3D87
0x0006CB0C,0x01BC07AE
0x0006CB47,0x01BBD1DC
0x0006CB82,0x01BB9C11
0x8006CBBD,0x01BB664C
0x8006CBF8,0x01BB308E
0x0006CC33,0x01BAFAD6
0x0006CC6F,0x01BAC525
0x8006CCAB,0x01BA8F7B
0x8006CCE7,0x01BA59D7
0x8006CD23,0x01BA243A
0x0006CD5F,0x01B9EEA3
0x0006CD9C,0x01B9B913
0x8006CDD9,0x01B9838A
0x8006CE16,0x01B94E07
0x0006CE53,0x01B9188B
0x0006CE90,0x01B8E315
0x0006CECD,0x01B8ADA6
0x8006CF0B,0x01B8783E
0x8006CF49,0x01B842DC
0x0006CF87,0x01B80D81
0x0006CFC5,0x01B7D82C
0x0006D003,0x01B7A2DE
0x8006D042,0x01B76D96
0x8006D081,0x01B73855
0x0006D0C0,0x01B7031B
0x0006D0FF,0x01B6CDE7
0x0006D13E,0x01B698BA
0x8006D17E,0x01B66393
0x8006D1BE,0x01B62E73
0x0006D1FE,0x01B5F959
0x0006D23E,0x01B5C446
0x0006D27E,0x01B58F39
0x8006D2BF,0x01B55A33
0x8006D300,0x01B52533
0x0006D341,0x01B4F03A
0x0006D382,0x01B4BB48
0x8006D3C3,0x01B4865C
0x8006D404,0x01B45177
0x8006D446,0x01B41C98
0x0006D488,0x01B3E7C0
0x0006D4CA,0x01B3B2EE
0x8006D50C,0x01B37E23
0x8006D54E,0x01B3495E
0x0006D591,0x01B314A0
0x0006D5D4,0x01B2DFE8
0x0006D617,0x01B2AB37
0x8006D65A,0x01B2768C
0x8006D69D,0x01B241E8
0x0006D6E1,0x01B20D4A
0x0006D725,0x01B1D8B3
0x0006D769,0x01B1A422
0x8006D7AD,0x01B16F98
0x8006D7F1,0x01B13B14
0x0006D835,0x01B10697
0x0006D87A,0x01B0D220
0x0006D8BF,0x01B09DB0
0x8006D904,0x01B06946
0x8006D949,0x01B034E2
0x0006D98E,0x01B00085
0x0006D9D4,0x01AFCC2E
0x8006DA1A,0x01AF97DE
0x8006DA60,0x01AF6394
0x8006DAA6,0x01AF2F51
0x0006DAEC,0x01AEFB14
0x0006DB33,0x01AEC6DE
0x8006DB7A,0x01AE92AE
0x8006DBC1,0x01AE5E85
0x8006DC08,0x01AE2A62
0x0006DC4F,0x01ADF645
0x0006DC97,0x01ADC22F
0x8006DCDF,0x01AD8E1F
0x8006DD27,0x01AD5A16
0x0006DD6F,0x01AD2613
0x0006DDB7,0x01ACF217
0x0006DDFF,0x01ACBE21
0x8006DE48,0x01AC8A31
0x8006DE91,0x01AC5648
0x0006DEDA,0x01AC2265
0x0006DF23,0x01ABEE89
0x0006DF6C,0x01ABBAB3
0x8006DFB6,0x01AB86E3
0x8006E000,0x01AB531A
0x0006E04A,0x01AB1F57
0x0006E094,0x01AAEB9B
0x0006E0DE,0x01AAB7E5
0x8006E129,0x01AA8435
0x8006E174,0x01AA508C
0x0006E1BF,0x01AA1CE9
0x0006E20A,0x01A9E94D
0x8006E255,0x01A9B5B7
0x8006E2A1,0x01A98227
0x8006E2ED,0x01A94E9E
0x0006E339,0x01A91B1B
0x0006E385,0x01A8E79E
0x8006E3D1,0x01A8B428
0x8006E41D,0x01A880B8
0x0006E46A,0x01A84D4E
0x0006E4B7,0x01A819EB
0x0006E504,0x01A7E68E
0x8006E551,0x01A7B337
0x8006E59E,0x01A77FE7
0x0006E5EC,0x01A74C9D
0x0006E63A,0x01A7195A
0x0006E688,0x01A6E61D
0x8006E6D6,0x01A6B2E6
0x8006E724,0x01A67FB6
0x0006E773,0x01A64C8C
0x0006E7C2,0x01A61968
0x0006E811,0x01A5E64A
0x8006E860,0x01A5B333
0x8006E8AF,0x01A58022
0x0006E8FF,0x01A54D17
0x0006E94F,0x01A51A13
0x8006E99F,0x01A4E715
0x8006E9EF,0x01A4B41D
0x8006EA3F,0x01A4812C
0x0006EA8F,0x01A44E41
0x0006EAE0,0x01A41B5C
0x0006EB31,0x01A3E87E
0x8006EB82,0x01A3B5A6
0x8006EBD3,0x01A382D4
0x0006EC24,0x01A35008
0x0006EC76,0x01A31D43
0x8006ECC8,0x01A2EA84
0x8006ED1A,0x01A2B7CB
0x0006ED6C,0x01A28519
0x0006EDBE,0x01A2526D
0x0006EE11,0x01A21FC7
0x8006EE64,0x01A1ED27
0x8006EEB7,0x01A1BA8E
0x0006EF0A,0x01A187FB
0x0006EF5D,0x01A1556E
0x0006EFB1,0x01A122E7
0x8006F005,0x01A0F067
0x8006F059,0x01A0BDED
0x0006F0AD,0x01A08B79
0x0006F101,0x01A0590B
0x0006F155,0x01A026A4
0x8006F1AA,0x019FF443
0x8006F1FF,0x019FC1E8
0x0006F254,0x019F8F93
0x0006F2A9,0x019F5D45
0x0006F2FE,0x019F2AFD
0x8006F354,0x019EF8BB
0x8006F3AA,0x019EC67F
0x0006F400,0x019E9449
0x0006F456,0x019E621A
0x8006F4AC,0x019E2FF1
0x8006F503,0x019DFDCE
0x8006F55A,0x019DCBB1
0x0006F5B1,0x019D999B
0x0006F608,0x019D678B
0x8006F65F,0x019D3581
0x8006F6B7,0x019D037D
0x0006F70F,0x019CD17F
0x0006F767,0x019C9F88
0x0006F7BF,0x019C6D97
0x8006F817,0x019C3BAC
0x8006F86F,0x019C09C7
0x0006F8C8,0x019BD7E8
0x0006F921,0x019BA60F
0x0006F97A,0x019B743D
0x8006F9D3,0x019B4271
0x8006FA2C,0x019B10AB
0x0006FA86,0x019ADEEB
0x0006FAE0,0x019AAD31
0x0006FB3A,0x019A7B7D
0x8006FB94,0x019A49D0
0x8006FBEE,0x019A1829
0x0006FC49,0x0199E688
0x0006FCA4,0x0199B4ED
0x0006FCFF,0x01998358
0x8006FD5A,0x019951C9
0x8006FDB5,0x01992040
0x0006FE11,0x0198EEBE
0x0006FE6D,0x0198BD42
0x8006FEC9,0x01988BCC
0x8006FF25,0x01985A5C
0x0006FF81,0x019828F2
0x0006FFDE,0x0197F78E
0x0007003B,0x0197C630
0x80070098,0x019794D9
0x800700F5,0x01976388
0x00070152,0x0197323D
0x000701AF,0x019700F8
0x0007020D,0x0196CFB9
0x8007026B,0x01969E80
0x800702C9,0x01966D4D
0x00070327,0x01963C20
0x00070385,0x01960AF9
0x000703E4,0x0195D9D9
0x80070443,0x0195A8BF
0x800704A2,0x019577AB
0x00070501,0x0195469D
0x00070560,0x01951595
0x000705C0,0x0194E493
0x80070620,0x0194B397
0x80070680,0x019482A1
0x000706E0,0x019451B1
0x00070740,0x019420C7
0x800707A1,0x0193EFE3
0x80070802,0x0193BF05
0x80070863,0x01938E2D
0x000708C4,0x01935D5C
0x00070925,0x01932C91
0x80070987,0x0192FBCC
0x800709E9,0x0192CB0D
0x00070A4B,0x01929A54
0x00070AAD,0x019269A1
0x00070B0F,0x019238F4
0x80070B71,0x0192084D
0x80070BD4,0x0191D7AC
0x00070C37,0x0191A711
0x00070C9A,0x0191767C
0x00070CFD,0x019145ED
0x80070D60,0x01911564
0x80070DC4,0x0190E4E1
0x00070E28,0x0190B464
0x00070E8C,0x019083ED
0x00070EF0,0x0190537C
0x80070F54,0x01902311
0x80070FB9,0x018FF2AC
0x0007101E,0x018FC24D
0x00071083,0x018F91F4
0x800710E8,0x018F61A1
0x8007114D,0x018F3154
0x800711B3,0x018F010D
0x00071219,0x018ED0CC
0x0007127F,0x018EA091
0x800712E5,0x018E705C
0x8007134B,0x018E402D
0x000713B2,0x018E1004
0x00071419,0x018DDFE1
0x00071480,0x018DAFC4
0x800714E7,0x018D7FAD
0x8007154E,0x018D4F9C
0x000715B5,0x018D1F91
0x0007161D,0x018CEF8C
0x00071685,0x018CBF8D
0x800716ED,0x018C8F94
0x80071755,0x018C5FA1
0x000717BD,0x018C2FB4
0x00071826,0x018BFFCD
0x0007188F,0x018BCFEC
0x800718F8,0x018BA011
0x80071961,0x018B703C
0x000719CA,0x018B406D
0x00071A34,0x018B10A4
0x00071A9E,0x018AE0E0
0x80071B08,0x018AB122
0x80071B72,0x018A816A
0x00071BDC,0x018A51B8
0x00071C47,0x018A220C
0x80071CB2,0x0189F266
0x80071D1D,0x0189C2C6
0x80071D88,0x0189932C
0x00071DF3,0x01896398
0x00071E5F,0x0189340A
0x80071ECB,0x01890482
0x80071F37,0x0188D500
0x00071FA3,0x0188A584
0x0007200F,0x0188760D
0x0007207C,0x0188469C
0x800720E9,0x01881731
0x80072156,0x0187E7CC
0x000721C3,0x0187B86D
0x00072230,0x01878914
0x0007229D,0x018759C1
0x8007230B,0x01872A74
0x80072379,0x0186FB2D
0x000723E7,0x0186CBEB
0x00072455,0x01869CAF
0x000724C3,0x01866D79
0x80072532,0x01863E49
0x800725A1,0x01860F1F
0x00072610,0x0185DFFB
0x0007267F,0x0185B0DD
0x800726EE,0x018581C5
0x8007275E,0x018552B2
0x800727CE,0x018523A5
0x0007283E,0x0184F49E
0x000728AE,0x0184C59D
0x8007291E,0x018496A2
0x8007298F,0x018467AD
0x80072A00,0x018438BE
0x00072A71,0x018409D4
0x00072AE2,0x0183DAF0
0x80072B53,0x0183AC12
0x80072BC5,0x01837D3A
0x00072C37,0x01834E68
0x00072CA9,0x01831F9C
0x00072D1B,0x0182F0D5
0x80072D8D,0x0182C214
0x80072E00,0x01829359
0x00072E73,0x018264A4
0x00072EE6,0x018235F5
0x00072F59,0x0182074C
0x80072FCC,0x0181D8A8
0x80073040,0x0181AA0A
0x000730B4,0x01817B72
0x00073128,0x01814CE0
0x0007319C,0x01811E54
0x80073210,0x0180EFCD
0x80073285,0x0180C14C
0x000732FA,0x018092D1
0x0007336F,0x0180645C
0x800733E4,0x018035EC
0x80073459,0x01800782
0x800734CF,0x017FD91E
0x00073545,0x017FAAC0
0x000735BB,0x017F7C68
0x80073631,0x017F4E15
0x800736A7,0x017F1FC8
0x0007371D,0x017EF181
0x00073794,0x017EC340
0x0007380B,0x017E9504
0x80073882,0x017E66CE
0x800738F9,0x017E389E
0x00073970,0x017E0A74
0x000739E8,0x017DDC4F
0x00073A60,0x017DAE30
0x80073AD8,0x017D8017
0x80073B50,0x017D5204
0x00073BC8,0x017D23F6
0x00073C41,0x017CF5EE
0x00073CBA,0x017CC7EC
0x80073D33,0x017C99F0
0x80073DAC,0x017C6BF9
0x00073E25,0x017C3E08
0x00073E9F,0x017C101D
0x80073F19,0x017BE238
0x80073F93,0x017BB458
0x8007400D,0x017B867E
0x00074087,0x017B58AA
0x00074102,0x017B2ADB
0x0007417D,0x017AFD12
0x800741F8,0x017ACF4F
0x80074273,0x017AA192
0x000742EE,0x017A73DA
0x0007436A,0x017A4628
0x800743E6,0x017A187C
0x80074462,0x0179EAD5
0x000744DE,0x0179BD34
0x0007455A,0x01798F99
0x000745D7,0x01796204
0x80074654,0x01793474
0x800746D1,0x017906EA
0x0007474E,0x0178D966
0x000747CB,0x0178ABE7
0x00074849,0x01787E6E
0x800748C7,0x017850FB
0x80074945,0x0178238D
0x000749C3,0x0177F625
0x00074A41,0x0177C8C3
0x00074AC0,0x01779B66
0x80074B3F,0x01776E0F
0x80074BBE,0x017740BE
0x00074C3D,0x01771372
0x00074CBC,0x0176E62C
0x00074D3C,0x0176B8EC
0x80074DBC,0x01768BB1
0x80074E3C,0x01765E7C
0x00074EBC,0x0176314C
0x00074F3C,0x01760422
0x80074FBD,0x0175D6FE
0x8007503E,0x0175A9DF
0x800750BF,0x01757CC6
0x00075140,0x01754FB3
0x000751C1,0x017522A5
0x80075243,0x0174F59D
0x800752C5,0x0174C89B
0x00075347,0x01749B9E
0x000753C9,0x01746EA7
0x0007544B,0x017441B5
0x800754CE,0x017414C9
0x80075551,0x0173E7E3
0x000755D4,0x0173BB02
0x00075657,0x01738E27
0x000756DA,0x01736151
0x8007575E,0x01733481
0x800757E2,0x017307B7
0x00075866,0x0172DAF2
0x000758EA,0x0172AE33
0x0007596E,0x01728179
0x800759F3,0x017254C5
0x80075A78,0x01722817
0x00075AFD,0x0171FB6E
0x00075B82,0x0171CECB
0x80075C07,0x0171A22D
0x80075C8D,0x01717595
0x80075D13,0x01714902
0x00075D99,0x01711C75
0x00075E1F,0x0170EFEE
0x80075EA5,0x0170C36C
0x80075F2C,0x017096F0
0x00075FB3,0x01706A79
0x0007603A,0x01703E08
0x000760C1,0x0170119C
0x80076148,0x016FE536
0x800761D0,0x016FB8D6
0x00076258,0x016F8C7B
0x000762E0,0x016F6026
0x00076368,0x016F33D6
0x800763F0,0x016F078C
0x80076479,0x016EDB47
0x00076502,0x016EAF08
0x0007658B,0x016E82CE
0x00076614,0x016E569A
0x8007669D,0x016E2A6B
0x80076727,0x016DFE42
0x000767B1,0x016DD21E
0x0007683B,0x016DA600
0x000768C5,0x016D79E7
0x8007694F,0x016D4DD4
0x800769DA,0x016D21C6
0x00076A65,0x016CF5BE
0x00076AF0,0x016CC9BB
0x80076B7B,0x016C9DBE
0x80076C06,0x016C71C6
0x80076C92,0x016C45D4
0x00076D1E,0x016C19E7
0x00076DAA,0x016BEE00
0x80076E36,0x016BC21E
0x80076EC2,0x016B9642
0x00076F4F,0x016B6A6B
0x00076FDC,0x016B3E9A
0x00077069,0x016B12CE
0x800770F6,0x016AE708
0x80077184,0x016ABB47
0x00077212,0x016A8F8C
0x000772A0,0x016A63D6
0x0007732E,0x016A3826
0x800773BC,0x016A0C7B
0x8007744B,0x0169E0D6
0x000774DA,0x0169B536
0x00077569,0x0169899C
0x000775F8,0x01695E07
0x80077687,0x01693278
0x80077717,0x016906EE
0x000777A7,0x0168DB69
0x00077837,0x0168AFEA
0x800778C7,0x01688470
0x80077957,0x016858FC
0x800779E8,0x01682D8D
0x00077A79,0x01680224
0x00077B0A,0x0167D6C0
0x80077B9B,0x0167AB62
0x80077C2C,0x01678009
0x00077CBE,0x016754B5
0x00077D50,0x01672967
0x00077DE2,0x0166FE1E
0x80077E74,0x0166D2DB
0x80077F06,0x0166A79D
0x00077F99,0x01667C65
0x0007802C,0x01665132
0x000780BF,0x01662604
0x80078152,0x0165FADC
0x800781E5,0x0165CFB9
0x00078279,0x0165A49C
0x0007830D,0x01657984
0x000783A1,0x01654E71
0x80078435,0x01652364
0x800784C9,0x0164F85C
0x0007855E,0x0164CD5A
0x000785F3,0x0164A25D
0x00078688,0x01647765
0x8007871D,0x01644C73
0x800787B3,0x01642186
0x00078849,0x0163F69E
0x000788DF,0x0163CBBC
0x80078975,0x0163A0DF
0x80078A0B,0x01637608
0x80078AA2,0x01634B36
0x00078B39,0x01632069
0x00078BD0,0x0162F5A2
0x80078C67,0x0162CAE0
0x80078CFE,0x0162A023
0x00078D96,0x0162756C
0x00078E2E,0x01624ABA
0x00078EC6,0x0162200D
0x80078F5E,0x0161F566
0x80078FF6,0x0161CAC4
0x0007908F,0x0161A028
0x00079128,0x01617591
0x000791C1,0x01614AFF
0x8007925A,0x01612073
0x800792F3,0x0160F5EC
0x0007938D,0x0160CB6A
0x00079427,0x0160A0EE
0x000794C1,0x01607677
0x8007955B,0x01604C05
0x800795F6,0x01602199
0x00079691,0x015FF732
0x0007972C,0x015FCCD0
0x800797C7,0x015FA273
0x80079862,0x015F781C
0x800798FE,0x015F4DCA
0x0007999A,0x015F237D
0x00079A36,0x015EF936
0x80079AD2,0x015ECEF4
0x80079B6E,0x015EA4B7
0x80079C0B,0x015E7A80
0x00079CA8,0x015E504E
0x00079D45,0x015E2621
0x80079DE2,0x015DFBF9
0x80079E7F,0x015DD1D7
0x00079F1D,0x015DA7BA
0x00079FBB,0x015D7DA2
0x0007A059,0x015D5390
0x8007A0F7,0x015D2983
0x8007A196,0x015CFF7B
0x0007A235,0x015CD578
0x0007A2D4,0x015CAB7B
0x0007A373,0x015C8183
0x8007A412,0x015C5790
0x8007A4B2,0x015C2DA3
0x0007A552,0x015C03BB
0x0007A5F2,0x015BD9D8
0x0007A692,0x015BAFFA
0x8007A732,0x015B8622
0x8007A7D3,0x015B5C4F
0x0007A874,0x015B3281
0x0007A915,0x015B08B8
0x8007A9B6,0x015ADEF5
0x8007AA57,0x015AB537
0x8007AAF9,0x015A8B7E
0x0007AB9B,0x015A61CA
0x0007AC3D,0x015A381C
0x8007ACDF,0x015A0E73
0x8007AD82,0x0159E4CF
0x0007AE25,0x0159BB30
0x0007AEC8,0x01599196
0x0007AF6B,0x01596802
0x8007B00E,0x01593E73
0x8007B0B2,0x015914E9
0x0007B156,0x0158EB64
0x0007B1FA,0x0158C1E5
0x0007B29E,0x0158986B
0x8007B342,0x01586EF6
0x8007B3E7,0x01584586
0x0007B48C,0x01581C1B
0x0007B531,0x0157F2B6
0x0007B5D6,0x0157C956
0x8007B67C,0x01579FFB
0x8007B722,0x015776A5
0x0007B7C8,0x01574D54
0x0007B86E,0x01572409
0x8007B914,0x0156FAC3
0x8007B9BB,0x0156D182
0x8007BA62,0x0156A846
0x0007BB09,0x01567F0F
0x0007BBB0,0x015655DE
0x8007BC57,0x01562CB2
0x8007BCFF,0x0156038B
0x8007BDA7,0x0155DA69
0x0007BE4F,0x0155B14C
0x0007BEF7,0x01558834
0x8007BFA0,0x01555F22
0x8007C049,0x01553615
0x0007C0F2,0x01550D0D
0x0007C19B,0x0154E40A
0x0007C244,0x0154BB0C
0x8007C2EE,0x01549213
0x8007C398,0x01546920
0x0007C442,0x01544032
0x0007C4EC,0x01541749
0x0007C596,0x0153EE65
0x8007C641,0x0153C586
0x8007C6EC,0x01539CAC
0x0007C797,0x015373D7
0x0007C842,0x01534B08
0x0007C8EE,0x0153223E
0x8007C99A,0x0152F979
0x8007CA46,0x0152D0B9
0x0007CAF2,0x0152A7FE
0x0007CB9E,0x01527F48
0x0007CC4B,0x01525697
0x8007CCF8,0x01522DEB
0x8007CDA5,0x01520545
0x0007CE52,0x0151DCA4
0x0007CEFF,0x0151B408
0x8007CFAD,0x01518B71
0x8007D05B,0x015162DF
0x8007D109,0x01513A52
0x0007D1B7,0x015111CA
0x0007D266,0x0150E947
0x8007D315,0x0150C0C9
0x8007D3C4,0x01509850
0x0007D473,0x01506FDD
0x0007D522,0x0150476F
0x0007D5D2,0x01501F06
0x8007D682,0x014FF6A2
0x8007D732,0x014FCE43
0x0007D7E2,0x014FA5E9
0x0007D893,0x014F7D94
0x0007D944,0x014F5544
0x8007D9F5,0x014F2CF9
0x8007DAA6,0x014F04B3
0x0007DB57,0x014EDC72
0x0007DC09,0x014EB436
0x0007DCBB,0x014E8BFF
0x8007DD6D,0x014E63CE
0x8007DE1F,0x014E3BA2
0x0007DED2,0x014E137B
0x0007DF85,0x014DEB59
0x8007E038,0x014DC33C
0x8007E0EB,0x014D9B24
0x8007E19E,0x014D7311
0x0007E252,0x014D4B03
0x0007E306,0x014D22FA
0x8007E3BA,0x014CFAF6
0x8007E46E,0x014CD2F7
0x0007E523,0x014CAAFD
0x0007E5D8,0x014C8308
0x0007E68D,0x014C5B18
0x8007E742,0x014C332D
0x8007E7F7,0x014C0B47
0x0007E8AD,0x014BE366
0x0007E963,0x014BBB8A
0x0007EA19,0x014B93B3
0x8007EACF,0x014B6BE1
0x8007EB85,0x014B4414
0x0007EC3C,0x014B1C4C
0x0007ECF3,0x014AF489
0x0007EDAA,0x014ACCCB
0x8007EE61,0x014AA512
0x8007EF19,0x014A7D5E
0x0007EFD1,0x014A55AF
0x0007F089,0x014A2E05
0x0007F141,0x014A0660
0x8007F1F9,0x0149DEC0
0x8007F2B2,0x0149B725
0x0007F36B,0x01498F8F
0x0007F424,0x014967FE
0x8007F4DD,0x01494072
0x8007F597,0x014918EB
0x8007F651,0x0148F169
0x0007F70B,0x0148C9EC
0x0007F7C5,0x0148A274
0x8007F880,0x01487B01
0x8007F93B,0x01485393
0x0007F9F6,0x01482C2A
0x0007FAB1,0x014804C6
0x0007FB6C,0x0147DD67
0x8007FC28,0x0147B60D
0x8007FCE4,0x01478EB8
0x0007FDA0,0x01476768
0x0007FE5C,0x0147401D
0x0007FF19,0x014718D7
0x8007FFD6,0x0146F196
0x80080093,0x0146CA5A
0x00080150,0x0146A323
0x0008020D,0x01467BF1
0x000802CB,0x014654C4
0x80080389,0x01462D9C
0x80080447,0x01460679
0x00080505,0x0145DF5B
0x000805C4,0x0145B841
0x80080683,0x0145912C
0x80080742,0x01456A1C
0x80080801,0x01454311
0x000808C0,0x01451C0B
0x00080980,0x0144F50A
0x80080A40,0x0144CE0E
0x80080B00,0x0144A717
0x00080BC0,0x01448025
0x00080C81,0x01445938
0x00080D42,0x01443250
0x80080E03,0x01440B6D
0x80080EC4,0x0143E48F
0x00080F86,0x0143BDB5
0x00081048,0x014396E0
0x0008110A,0x01437010
0x800811CC,0x01434945
0x8008128E,0x0143227F
0x00081351,0x0142FBBE
0x00081414,0x0142D502
0x000814D7,0x0142AE4B
0x8008159A,0x01428799
0x8008165E,0x014260EB
0x00081722,0x01423A42
0x000817E6,0x0142139E
0x000818AA,0x0141ECFF
0x8008196E,0x0141C665
0x80081A33,0x01419FD0
0x00081AF8,0x01417940
0x00081BBD,0x014152B5
0x80081C82,0x01412C2E
0x80081D48,0x014105AC
0x80081E0E,0x0140DF2F
0x00081ED4,0x0140B8B7
0x00081F9A,0x01409244
0x80082061,0x01406BD6
0x80082128,0x0140456D
0x000821EF,0x01401F09
0x000822B6,0x013FF8A9
0x0008237D,0x013FD24E
0x80082445,0x013FABF8
0x8008250D,0x013F85A7
0x000825D5,0x013F5F5B
0x0008269D,0x013F3914
0x00082766,0x013F12D1
0x8008282F,0x013EEC93
0x800828F8,0x013EC65A
0x000829C1,0x013EA026
0x00082A8B,0x013E79F7
0x00082B55,0x013E53CD
0x80082C1F,0x013E2DA7
0x80082CE9,0x013E0786
0x00082DB3,0x013DE16A
0x00082E7E,0x013DBB53
0x80082F49,0x013D9541
0x80083014,0x013D6F33
0x800830DF,0x013D492A
0x000831AB,0x013D2326
0x00083277,0x013CFD27
0x80083343,0x013CD72D
0x8008340F,0x013CB138
0x800834DC,0x013C8B47
0x000835A9,0x013C655B
0x00083676,0x013C3F74
0x80083743,0x013C1992
0x80083811,0x013BF3B5
0x000838DF,0x013BCDDC
0x000839AD,0x013BA808
0x00083A7B,0x013B8239
0x80083B49,0x013B5C6F
0x80083C18,0x013B36A9
0x00083CE7,0x013B10E8
0x00083DB6,0x013AEB2C
0x00083E85,0x013AC575
0x80083F55,0x013A9FC3
0x80084025,0x013A7A15
0x000840F5,0x013A546C
0x000841C5,0x013A2EC8
0x00084296,0x013A0929
0x80084367,0x0139E38E
0x80084438,0x0139BDF8
0x00084509,0x01399867
0x000845DB,0x013972DB
0x800846AD,0x01394D53
0x8008477F,0x013927D0
0x80084851,0x01390252
0x00084923,0x0138DCD9
0x000849F6,0x0138B764
0x80084AC9,0x013891F4
0x80084B9C,0x01386C89
0x00084C6F,0x01384723
0x00084D43,0x013821C1
0x00084E17,0x0137FC64
0x80084EEB,0x0137D70C
0x80084FBF,0x0137B1B9
0x00085094,0x01378C6A
0x00085169,0x01376720
0x0008523E,0x013741DB
0x80085313,0x01371C9A
0x800853E9,0x0136F75E
0x000854BF,0x0136D227
0x00085595,0x0136ACF5
0x0008566B,0x013687C7
0x80085742,0x0136629E
0x80085819,0x01363D7A
0x000858F0,0x0136185A
0x000859C7,0x0135F33F
0x00085A9E,0x0135CE29
0x80085B76,0x0135A917
0x80085C4E,0x0135840A
0x00085D26,0x01355F02
0x00085DFE,0x013539FF
0x80085ED7,0x01351500
0x80085FB0,0x0134F006
0x80086089,0x0134CB11
0x00086162,0x0134A620
0x0008623C,0x01348134
0x80086316,0x01345C4D
0x800863F0,0x0134376A
0x000864CA,0x0134128C
0x000865A5,0x0133EDB3
0x00086680,0x0133C8DE
0x8008675B,0x0133A40E
0x80086836,0x01337F43
0x00086912,0x01335A7C
0x000869EE,0x013335BA
0x00086ACA,0x013310FD
0x80086BA6,0x0132EC44
0x80086C83,0x0132C790
0x00086D60,0x0132A2E1
0x00086E3D,0x01327E36
0x00086F1A,0x01325990
0x80086FF8,0x013234EF
0x800870D6,0x01321052
0x000871B4,0x0131EBBA
0x00087292,0x0131C727
0x00087370,0x0131A298
0x8008744F,0x01317E0E
0x8008752E,0x01315988
0x0008760D,0x01313507
0x000876EC,0x0131108B
0x800877CC,0x0130EC13
0x800878AC,0x0130C7A0
0x8008798C,0x0130A332
0x00087A6C,0x01307EC8
0x00087B4D,0x01305A63
0x80087C2E,0x01303602
0x80087D0F,0x013011A6
0x00087DF0,0x012FED4F
0x00087ED2,0x012FC8FC
0x00087FB4,0x012FA4AE
0x80088096,0x012F8064
0x80088178,0x012F5C1F
0x0008825B,0x012F37DF
0x0008833E,0x012F13A3
0x00088421,0x012EEF6C
0x80088504,0x012ECB39
0x800885E8,0x012EA70B
0x000886CC,0x012E82E2
0x000887B0,0x012E5EBD
0x00088894,0x012E3A9D
0x80088979,0x012E1681
0x80088A5E,0x012DF26A
0x00088B43,0x012DCE58
0x00088C28,0x012DAA4A
0x80088D0E,0x012D8641
0x80088DF4,0x012D623C
0x80088EDA,0x012D3E3C
0x00088FC0,0x012D1A40
0x000890A7,0x012CF649
0x8008918E,0x012CD257
0x80089275,0x012CAE69
0x0008935C,0x012C8A80
0x00089444,0x012C669B
0x0008952C,0x012C42BB
0x80089614,0x012C1EDF
0x800896FC,0x012BFB08
0x000897E5,0x012BD736
0x000898CE,0x012BB368
0x000899B7,0x012B8F9F
0x80089AA0,0x012B6BDA
0x80089B8A,0x012B481A
0x00089C74,0x012B245E
0x00089D5E,0x012B00A7
0x00089E48,0x012ADCF4
0x80089F33,0x012AB946
0x8008A01E,0x012A959C
0x0008A109,0x012A71F7
0x0008A1F4,0x012A4E56
0x0008A2E0,0x012A2ABA
0x8008A3CC,0x012A0722
0x8008A4B8,0x0129E38F
0x0008A5A4,0x0129C001
0x0008A691,0x01299C77
0x8008A77E,0x012978F2
0x8008A86B,0x01295571
0x8008A958,0x012931F5
0x0008AA46,0x01290E7D
0x0008AB34,0x0128EB0A
0x8008AC22,0x0128C79B
0x8008AD10,0x0128A431
0x0008ADFF,0x012880CB
0x0008AEEE,0x01285D6A
0x0008AFDD,0x01283A0D
0x8008B0CC,0x012816B5
0x8008B1BC,0x0127F361
0x0008B2AC,0x0127D012
0x0008B39C,0x0127ACC7
0x0008B48C,0x01278981
0x8008B57D,0x0127663F
0x8008B66E,0x01274302
0x0008B75F,0x01271FC9
0x0008B850,0x0126FC95
0x0008B942,0x0126D965
0x8008BA34,0x0126B639
0x8008BB26,0x01269312
0x0008BC18,0x01266FEF
0x0008BD0B,0x01264CD1
0x8008BDFE,0x012629B7
0x8008BEF1,0x012606A2
0x8008BFE5,0x0125E391
0x0008C0D9,0x0125C085
0x0008C1CD,0x01259D7D
0x8008C2C1,0x01257A7A
0x8008C3B6,0x0125577B
0x0008C4AB,0x01253481
0x0008C5A0,0x0125118B
0x0008C695,0x0124EE99
0x8008C78B,0x0124CBAC
0x8008C881,0x0124A8C3
0x0008C977,0x012485DF
0x0008CA6D,0x012462FF
0x0008CB64,0x01244024
0x8008CC5B,0x01241D4D
0x8008CD52,0x0123FA7B
0x0008CE49,0x0123D7AD
0x0008CF41,0x0123B4E3
0x0008D039,0x0123921E
0x8008D131,0x01236F5D
0x8008D229,0x01234CA1
0x0008D322,0x012329E9
0x0008D41B,0x01230736
0x0008D514,0x0122E487
0x8008D60D,0x0122C1DC
0x8008D707,0x01229F36
0x0008D801,0x01227C94
0x0008D8FB,0x012259F7
0x8008D9F6,0x0122375E
0x8008DAF1,0x012214C9
0x8008DBEC,0x0121F239
0x0008DCE7,0x0121CFAD
0x0008DDE3,0x0121AD26
0x8008DEDF,0x01218AA3
0x8008DFDB,0x01216824
0x0008E0D7,0x012145AA
0x0008E1D4,0x01212334
0x0008E2D1,0x012100C3
0x8008E3CE,0x0120DE56
0x8008E4CB,0x0120BBED
0x0008E5C9,0x01209989
0x0008E6C7,0x01207729
0x0008E7C5,0x012054CE
0x8008E8C3,0x01203277
0x8008E9C2,0x01201024
0x0008EAC1,0x011FEDD6
0x0008EBC0,0x011FCB8C
0x0008ECC0,0x011FA946
0x8008EDC0,0x011F8705
0x8008EEC0,0x011F64C8
0x0008EFC0,0x011F428F
0x0008F0C1,0x011F205B
0x8008F1C2,0x011EFE2B
0x8008F2C3,0x011EDC00
0x8008F3C4,0x011EB9D9
0x0008F4C6,0x011E97B6
0x0008F5C8,0x011E7598
0x8008F6CA,0x011E537E
0x8008F7CC,0x011E3168
0x8008F8CF,0x011E0F57
0x0008F9D2,0x011DED4A
0x0008FAD5,0x011DCB41
0x8008FBD9,0x011DA93D
0x8008FCDD,0x011D873D
0x0008FDE1,0x011D6541
0x0008FEE5,0x011D434A
0x0008FFEA,0x011D2157
0x800900EF,0x011CFF68
0x800901F4,0x011CDD7E
0x000902F9,0x011CBB98
0x000903FF,0x011C99B6
0x00090505,0x011C77D9
0x8009060B,0x011C5600
0x80090711,0x011C342B
0x00090818,0x011C125B
0x0009091F,0x011BF08F
0x00090A26,0x011BCEC7
0x80090B2E,0x011BAD04
0x80090C36,0x011B8B45
0x00090D3E,0x011B698A
0x00090E46,0x011B47D3
0x00090F4F,0x011B2621
0x80091058,0x011B0473
0x80091161,0x011AE2C9
0x0009126A,0x011AC124
0x00091374,0x011A9F83
0x8009147E,0x011A7DE6
0x80091588,0x011A5C4E
0x00091693,0x011A3ABA
0x0009179E,0x011A192A
0x000918A9,0x0119F79E
0x800919B4,0x0119D617
0x80091AC0,0x0119B494
0x00091BCC,0x01199315
0x00091CD8,0x0119719B
0x00091DE4,0x01195025
0x80091EF1,0x01192EB3
0x80091FFE,0x01190D45
0x0009210B,0x0118EBDC
0x00092219,0x0118CA77
0x00092327,0x0118A916
0x80092435,0x011887B9
0x80092543,0x01186661
0x00092652,0x0118450D
0x00092761,0x011823BD
0x00092870,0x01180271
0x8009297F,0x0117E12A
0x80092A8F,0x0117BFE7
0x00092B9F,0x01179EA8
0x00092CAF,0x01177D6D
0x80092DC0,0x01175C37
0x80092ED1,0x01173B05
0x80092FE2,0x011719D7
0x000930F3,0x0116F8AD
0x00093205,0x0116D788
0x80093317,0x0116B667
0x80093429,0x0116954A
0x0009353B,0x01167431
0x0009364E,0x0116531D
0x00093761,0x0116320D
0x80093874,0x01161101
0x80093988,0x0115EFF9
0x00093A9C,0x0115CEF6
0x00093BB0,0x0115ADF7
0x00093CC4,0x01158CFC
0x80093DD9,0x01156C05
0x80093EEE,0x01154B12
0x00094003,0x01152A24
0x00094119,0x0115093A
0x0009422F,0x0114E854
0x80094345,0x0114C772
0x8009445B,0x0114A694
0x00094572,0x011485BB
0x00094689,0x011464E6
0x000947A0,0x01144415
0x800948B8,0x01142348
0x800949D0,0x0114027F
0x00094AE8,0x0113E1BB
0x00094C00,0x0113C0FB
0x80094D19,0x0113A03F
0x80094E32,0x01137F87
0x80094F4B,0x01135ED3
0x00095064,0x01133E24
0x0009517E,0x01131D79
0x80095298,0x0112FCD2
0x800953B2,0x0112DC2F
0x000954CD,0x0112BB90
0x000955E8,0x01129AF5
0x00095703,0x01127A5F
0x8009581E,0x011259CD
0x8009593A,0x0112393F
0x00095A56,0x011218B5
0x00095B72,0x0111F82F
0x00095C8F,0x0111D7AD
0x80095DAC,0x0111B730
0x80095EC9,0x011196B7
0x00095FE6,0x01117642
0x00096104,0x011155D1
0x00096222,0x01113564
0x80096340,0x011114FB
0x8009645F,0x0110F497
0x0009657E,0x0110D437
0x0009669D,0x0110B3DB
0x800967BC,0x01109383
0x800968DC,0x0110732F
0x800969FC,0x011052DF
0x00096B1C,0x01103293
0x00096C3D,0x0110124C
0x80096D5E,0x010FF209
0x80096E7F,0x010FD1CA
0x00096FA0,0x010FB18F
0x000970C2,0x010F9158
0x000971E4,0x010F7125
0x80097306,0x010F50F6
0x80097429,0x010F30CB
0x0009754C,0x010F10A5
0x0009766F,0x010EF083
0x00097792,0x010ED065
0x800978B6,0x010EB04B
0x800979DA,0x010E9035
0x00097AFE,0x010E7023
0x00097C23,0x010E5015
0x00097D48,0x010E300B
0x80097E6D,0x010E1005
0x80097F93,0x010DF004
0x000980B9,0x010DD007
0x000981DF,0x010DB00E
0x00098305,0x010D9019
0x8009842C,0x010D7028
0x80098553,0x010D503B
0x0009867A,0x010D3052
0x000987A2,0x010D106D
0x800988CA,0x010CF08C
0x800989F2,0x010CD0AF
0x80098B1A,0x010CB0D7
0x00098C43,0x010C9103
0x00098D6C,0x010C7133
0x80098E95,0x010C5167
0x80098FBF,0x010C319F
0x000990E9,0x010C11DB
0x00099213,0x010BF21B
0x0009933D,0x010BD25F
0x80099468,0x010BB2A7
0x80099593,0x010B92F3
0x000996BE,0x010B7343
0x000997EA,0x010B5397
0x00099916,0x010B33EF
0x80099A42,0x010B144B
0x80099B6F,0x010AF4AC
0x00099C9C,0x010AD511
0x00099DC9,0x010AB57A
0x00099EF6,0x010A95E7
0x8009A024,0x010A7658
0x8009A152,0x010A56CD
0x0009A280,0x010A3746
0x0009A3AF,0x010A17C3
0x8009A4DE,0x0109F844
0x8009A60D,0x0109D8C9
0x8009A73D,0x0109B952
0x0009A86D,0x010999DF
0x0009A99D,0x01097A70
0x8009AACD,0x01095B05
0x8009ABFE,0x01093B9E
0x0009AD2F,0x01091C3B
0x0009AE60,0x0108FCDC
0x0009AF92,0x0108DD81
0x8009B0C4,0x0108BE2A
0x8009B1F6,0x01089ED7
0x0009B328,0x01087F88
0x0009B45B,0x0108603D
0x0009B58E,0x010840F6
0x8009B6C1,0x010821B3
0x8009B7F5,0x01080274
0x0009B929,0x0107E339
0x0009BA5D,0x0107C402
0x0009BB92,0x0107A4CF
0x8009BCC7,0x010785A0
0x8009BDFC,0x01076675
0x0009BF31,0x0107474E
0x0009C067,0x0107282B
0x0009C19D,0x0107090C
0x8009C2D3,0x0106E9F1
0x8009C40A,0x0106CADA
0x0009C541,0x0106ABC7
0x0009C678,0x01068CB8
0x8009C7B0,0x01066DAD
0x8009C8E8,0x01064EA6
0x8009CA20,0x01062FA3
0x0009CB59,0x010610A4
0x0009CC92,0x0105F1A9
0x8009CDCB,0x0105D2B2
0x8009CF04,0x0105B3BF
0x0009D03E,0x010594D0
0x0009D178,0x010575E5
0x0009D2B2,0x010556FE
0x8009D3ED,0x0105381B
0x8009D528,0x0105193C
0x0009D663,0x0104FA61
0x0009D79F,0x0104DB8A
0x0009D8DB,0x0104BCB7
0x8009DA17,0x01049DE8
0x8009DB54,0x01047F1D
0x0009DC91,0x01046056
0x0009DDCE,0x01044193
0x0009DF0B,0x010422D4
0x8009E049,0x01040419
0x8009E187,0x0103E562
0x0009E2C5,0x0103C6AF
0x0009E404,0x0103A800
0x8009E543,0x01038955
0x8009E682,0x01036AAE
0x8009E7C2,0x01034C0B
0x0009E902,0x01032D6B
0x0009EA42,0x01030ECF
0x8009EB83,0x0102F037
0x8009ECC4,0x0102D1A3
0x8009EE05,0x0102B313
0x0009EF46,0x01029487
0x0009F088,0x010275FF
0x8009F1CA,0x0102577B
0x8009F30C,0x010238FB
0x0009F44F,0x01021A7F
0x0009F592,0x0101FC07
0x0009F6D5,0x0101DD93
0x8009F819,0x0101BF23
0x8009F95D,0x0101A0B7
0x0009FAA1,0x0101824E
0x0009FBE6,0x010163E9
0x0009FD2B,0x01014588
0x8009FE70,0x0101272B
0x8009FFB6,0x010108D2
0x000A00FC,0x0100EA7D
0x000A0242,0x0100CC2C
0x000A0388,0x0100ADDF
0x800A04CF,0x01008F96
0x800A0616,0x01007151
0x000A075D,0x01005310
0x000A08A5,0x010034D2
0x000A09ED,0x01001698
0x800A0B35,0x00FFF862
0x800A0C7E,0x00FFDA30
0x000A0DC7,0x00FFBC02
0x000A0F10,0x00FF9DD8
0x800A105A,0x00FF7FB2
0x800A11A4,0x00FF6190
0x000A12EE,0x00FF4372
0x000A1439,0x00FF2557
0x000A1584,0x00FF0740
0x800A16CF,0x00FEE92D
0x800A181B,0x00FECB1E
0x000A1967,0x00FEAD13
0x000A1AB3,0x00FE8F0C
0x000A1BFF,0x00FE7109
0x800A1D4C,0x00FE530A
0x800A1E99,0x00FE350E
0x000A1FE6,0x00FE1716
0x000A2134,0x00FDF922
0x000A2282,0x00FDDB32
0x800A23D0,0x00FDBD46
0x800A251F,0x00FD9F5E
0x000A266E,0x00FD817A
0x000A27BD,0x00FD6399
0x000A290D,0x00FD45BC
0x800A2A5D,0x00FD27E3
0x800A2BAD,0x00FD0A0E
0x000A2CFE,0x00FCEC3D
0x000A2E4F,0x00FCCE70
0x800A2FA0,0x00FCB0A7
0x800A30F2,0x00FC92E1
0x800A3244,0x00FC751F
0x000A3396,0x00FC5761
0x000A34E9,0x00FC39A7
0x800A363C,0x00FC1BF1
0x800A378F,0x00FBFE3F
0x000A38E3,0x00FBE090
0x000A3A37,0x00FBC2E5
0x000A3B8B,0x00FBA53E
0x800A3CE0,0x00FB879B
0x800A3E35,0x00FB69FC
0x000A3F8A,0x00FB4C61
0x000A40DF,0x00FB2EC9
0x000A4235,0x00FB1135
0x800A438B,0x00FAF3A5
0x800A44E1,0x00FAD619
0x000A4638,0x00FAB891
0x000A478F,0x00FA9B0C
0x000A48E6,0x00FA7D8B
0x800A4A3E,0x00FA600E
0x800A4B96,0x00FA4295
0x000A4CEE,0x00FA2520
0x000A4E47,0x00FA07AE
0x000A4FA0,0x00F9EA40
0x800A50F9,0x00F9CCD6
0x800A5253,0x00F9AF70
0x000A53AD,0x00F9920E
0x000A5507,0x00F974AF
0x800A5662,0x00F95754
0x800A57BD,0x00F939FD
0x800A5918,0x00F91CAA
0x000A5A74,0x00F8FF5B
0x000A5BD0,0x00F8E20F
0x800A5D2C,0x00F8C4C7
0x800A5E89,0x00F8A783
0x000A5FE6,0x00F88A43
0x000A6143,0x00F86D07
0x000A62A1,0x00F84FCE
0x800A63FF,0x00F83299
0x800A655D,0x00F81568
0x000A66BC,0x00F7F83B
0x000A681B,0x00F7DB11
0x000A697A,0x00F7BDEB
0x800A6ADA,0x00F7A0C9
0x800A6C3A,0x00F783AB
0x000A6D9A,0x00F76690
0x000A6EFB,0x00F74979
0x000A705C,0x00F72C66
0x800A71BD,0x00F70F57
0x800A731F,0x00F6F24C
0x000A7481,0x00F6D544
0x000A75E3,0x00F6B840
0x800A7746,0x00F69B40
0x800A78A9,0x00F67E44
0x800A7A0C,0x00F6614B
0x000A7B70,0x00F64456
0x000A7CD4,0x00F62765
0x800A7E38,0x00F60A78
0x800A7F9D,0x00F5ED8E
0x000A8102,0x00F5D0A8
0x000A8267,0x00F5B3C6
0x000A83CD,0x00F596E7
0x800A8533,0x00F57A0C
0x800A8699,0x00F55D35
0x000A8800,0x00F54062
0x000A8967,0x00F52392
0x000A8ACE,0x00F506C6
0x800A8C36,0x00F4E9FE
0x800A8D9E,0x00F4CD3A
0x000A8F06,0x00F4B079
0x000A906F,0x00F493BC
0x000A91D8,0x00F47703
0x800A9341,0x00F45A4D
0x800A94AB,0x00F43D9B
0x000A9615,0x00F420ED
0x000A977F,0x00F40443
0x000A98EA,0x00F3E79C
0x800A9A55,0x00F3CAF9
0x800A9BC0,0x00F3AE5A
0x000A9D2C,0x00F391BE
0x000A9E98,0x00F37526
0x800AA005,0x00F35892
0x800AA172,0x00F33C02
0x800AA2DF,0x00F31F75
0x000AA44D,0x00F302EC
0x000AA5BB,0x00F2E667
0x800AA729,0x00F2C9E5
0x800AA898,0x00F2AD67
0x000AAA07,0x00F290ED
0x000AAB76,0x00F27476
0x000AACE6,0x00F25803
0x800AAE56,0x00F23B94
0x800AAFC6,0x00F21F28
0x000AB137,0x00F202C0
0x000AB2A8,0x00F1E65C
0x000AB419,0x00F1C9FB
0x800AB58B,0x00F1AD9E
0x800AB6FD,0x00F19145
0x000AB86F,0x00F174F0
0x000AB9E2,0x00F1589E
0x000ABB55,0x00F13C50
0x800ABCC8,0x00F12006
0x800ABE3C,0x00F103BF
0x000ABFB0,0x00F0E77C
0x000AC124,0x00F0CB3D
0x800AC299,0x00F0AF01
0x800AC40E,0x00F092C9
0x800AC584,0x00F07695
0x000AC6FA,0x00F05A64
0x000AC870,0x00F03E37
0x800AC9E7,0x00F0220D
0x800ACB5E,0x00F005E7
0x000ACCD5,0x00EFE9C5
0x000ACE4D,0x00EFCDA6
0x000ACFC5,0x00EFB18B
0x800AD13D,0x00EF9574
0x800AD2B6,0x00EF7960
0x000AD42F,0x00EF5D50
0x000AD5A8,0x00EF4144
0x000AD722,0x00EF253B
0x800AD89C,0x00EF0936
0x800ADA16,0x00EEED35
0x000ADB91,0x00EED137
0x000ADD0C,0x00EEB53D
0x000ADE88,0x00EE9946
0x800AE004,0x00EE7D53
0x800AE180,0x00EE6164
0x000AE2FD,0x00EE4578
0x000AE47A,0x00EE2990
0x000AE5F7,0x00EE0DAC
0x800AE775,0x00EDF1CB
0x800AE8F3,0x00EDD5EE
0x000AEA71,0x00EDBA14
0x000AEBF0,0x00ED9E3E
0x800AED6F,0x00ED826C
0x800AEEEE,0x00ED669D
0x800AF06E,0x00ED4AD2
0x000AF1EE,0x00ED2F0B
0x000AF36F,0x00ED1347
0x800AF4F0,0x00ECF787
0x800AF671,0x00ECDBCA
0x000AF7F3,0x00ECC011
0x000AF975,0x00ECA45C
0x000AFAF7,0x00EC88AA
0x800AFC7A,0x00EC6CFC
0x800AFDFD,0x00EC5151
0x000AFF80,0x00EC35AA
0x000B0104,0x00EC1A07
0x000B0288,0x00EBFE67
0x800B040C,0x00EBE2CB
0x800B0591,0x00EBC732
0x000B0716,0x00EBAB9D
0x000B089C,0x00EB900B
0x000B0A22,0x00EB747D
0x800B0BA8,0x00EB58F3
0x800B0D2F,0x00EB3D6C
0x000B0EB6,0x00EB21E9
0x000B103D,0x00EB0669
0x800B11C5,0x00EAEAED
0x800B134D,0x00EACF75
0x800B14D5,0x00EAB400
0x000B165E,0x00EA988F
0x000B17E7,0x00EA7D21
0x800B1971,0x00EA61B7
0x800B1AFB,0x00EA4650
0x800B1C85,0x00EA2AED
0x000B1E10,0x00EA0F8D
0x000B1F9B,0x00E9F431
0x800B2126,0x00E9D8D9
0x800B22B2,0x00E9BD84
0x000B243E,0x00E9A233
0x000B25CA,0x00E986E5
0x000B2757,0x00E96B9B
0x800B28E4,0x00E95054
0x800B2A72,0x00E93511
0x000B2C00,0x00E919D1
0x000B2D8E,0x00E8FE95
0x000B2F1D,0x00E8E35D
0x800B30AC,0x00E8C828
0x800B323B,0x00E8ACF7
0x000B33CB,0x00E891C9
0x000B355B,0x00E8769F
0x800B36EC,0x00E85B78
0x800B387D,0x00E84055
0x800B3A0E,0x00E82535
0x000B3BA0,0x00E80A19
0x000B3D32,0x00E7EF00
0x000B3EC4,0x00E7D3EB
0x800B4057,0x00E7B8D9
0x800B41EA,0x00E79DCB
0x000B437E,0x00E782C0
0x000B4512,0x00E767B9
0x800B46A6,0x00E74CB6
0x800B483B,0x00E731B6
0x000B49D0,0x00E716BA
0x000B4B65,0x00E6FBC1
0x000B4CFB,0x00E6E0CC
0x800B4E91,0x00E6C5DA
0x800B5028,0x00E6AAEC
0x000B51BF,0x00E69001
0x000B5356,0x00E6751A
0x000B54EE,0x00E65A36
0x800B5686,0x00E63F56
0x800B581E,0x00E62479
0x000B59B7,0x00E609A0
0x000B5B50,0x00E5EECA
0x000B5CEA,0x00E5D3F8
0x800B5E84,0x00E5B929
0x800B601E,0x00E59E5E
0x000B61B9,0x00E58396
0x000B6354,0x00E568D2
0x000B64EF,0x00E54E11
0x800B668B,0x00E53354
0x800B6827,0x00E5189A
0x000B69C4,0x00E4FDE4
0x000B6B61,0x00E4E331
0x800B6CFE,0x00E4C882
0x800B6E9C,0x00E4ADD6
0x800B703A,0x00E4932D
0x000B71D8,0x00E47888
0x000B7377,0x00E45DE6
0x800B7516,0x00E44348
0x800B76B6,0x00E428AD
0x000B7856,0x00E40E16
0x000B79F6,0x00E3F382
0x000B7B97,0x00E3D8F2
0x800B7D38,0x00E3BE65
0x800B7EDA,0x00E3A3DC
0x000B807C,0x00E38956
0x000B821E,0x00E36ED4
0x000B83C1,0x00E35455
0x800B8564,0x00E339DA
0x800B8707,0x00E31F62
0x000B88AB,0x00E304ED
0x000B8A4F,0x00E2EA7C
0x000B8BF4,0x00E2D00E
0x800B8D99,0x00E2B5A4
0x800B8F3E,0x00E29B3D
0x000B90E4,0x00E280DA
0x000B928A,0x00E2667A
0x000B9431,0x00E24C1E
0x800B95D8,0x00E231C5
0x800B977F,0x00E21770
0x000B9927,0x00E1FD1E
0x000B9ACF,0x00E1E2CF
0x800B9C77,0x00E1C884
0x800B9E20,0x00E1AE3C
0x800B9FC9,0x00E193F8
0x000BA173,0x00E179B7
0x000BA31D,0x00E15F7A
0x800BA4C7,0x00E14540
0x800BA672,0x00E12B09
0x000BA81D,0x00E110D6
0x000BA9C9,0x00E0F6A6
0x000BAB75,0x00E0DC7A
0x800BAD21,0x00E0C251
0x800BAECE,0x00E0A82C
0x000BB07B,0x00E08E0A
0x000BB229,0x00E073EB
0x000BB3D7,0x00E059D0
0x800BB585,0x00E03FB8
0x800BB734,0x00E025A4
0x000BB8E3,0x00E00B93
0x000BBA93,0x00DFF185
0x000BBC43,0x00DFD77B
0x800BBDF3,0x00DFBD74
0x800BBFA4,0x00DFA371
0x000BC155,0x00DF8971
0x000BC307,0x00DF6F74
0x800BC4B9,0x00DF557B
0x800BC66B,0x00DF3B85
0x800BC81E,0x00DF2193
0x000BC9D1,0x00DF07A4
0x000BCB85,0x00DEEDB8
0x800BCD39,0x00DED3D0
0x800BCEED,0x00DEB9EB
0x000BD0A2,0x00DEA00A
0x000BD257,0x00DE862C
0x000BD40D,0x00DE6C51
0x800BD5C3,0x00DE527A
0x800BD779,0x00DE38A6
0x000BD930,0x00DE1ED5
0x000BDAE7,0x00DE0508
0x000BDC9F,0x00DDEB3E
0x800BDE57,0x00DDD178
0x800BE00F,0x00DDB7B5
0x000BE1C8,0x00DD9DF5
0x000BE381,0x00DD8439
0x000BE53B,0x00DD6A80
0x800BE6F5,0x00DD50CA
0x800BE8AF,0x00DD3718
0x000BEA6A,0x00DD1D69
0x000BEC25,0x00DD03BE
0x000BEDE1,0x00DCEA16
0x800BEF9D,0x00DCD071
0x800BF159,0x00DCB6D0
0x000BF316,0x00DC9D32
0x000BF4D3,0x00DC8397
0x800BF691,0x00DC6A00
0x800BF84F,0x00DC506C
0x800BFA0D,0x00DC36DB
0x000BFBCC,0x00DC1D4E
0x000BFD8B,0x00DC03C4
0x800BFF4B,0x00DBEA3D
0x800C010B,0x00DBD0BA
0x000C02CB,0x00DBB73A
0x000C048C,0x00DB9DBE
0x000C064D,0x00DB8445
0x800C080F,0x00DB6ACF
0x800C09D1,0x00DB515D
0x000C0B93,0x00DB37EE
0x000C0D56,0x00DB1E82
0x000C0F19,0x00DB051A
0x800C10DD,0x00DAEBB5
0x800C12A1,0x00DAD253
0x000C1466,0x00DAB8F5
0x000C162B,0x00DA9F9A
0x000C17F0,0x00DA8642
0x800C19B6,0x00DA6CEE
0x800C1B7C,0x00DA539D
0x000C1D43,0x00DA3A4F
0x000C1F0A,0x00DA2104
0x800C20D1,0x00DA07BD
0x800C2299,0x00D9EE79
0x800C2461,0x00D9D538
0x000C262A,0x00D9BBFB
0x000C27F3,0x00D9A2C1
0x800C29BD,0x00D9898A
0x800C2B87,0x00D97057
0x000C2D51,0x00D95727
0x000C2F1C,0x00D93DFA
0x000C30E7,0x00D924D1
0x800C32B3,0x00D90BAB
0x800C347F,0x00D8F288
0x000C364B,0x00D8D969
0x000C3818,0x00D8C04D
0x000C39E5,0x00D8A734
0x800C3BB3,0x00D88E1E
0x800C3D81,0x00D8750C
0x000C3F50,0x00D85BFD
0x000C411F,0x00D842F1
0x000C42EE,0x00D829E9
0x800C44BE,0x00D810E4
0x800C468E,0x00D7F7E2
0x000C485F,0x00D7DEE3
0x000C4A30,0x00D7C5E8
0x800C4C01,0x00D7ACF0
0x800C4DD3,0x00D793FB
0x800C4FA5,0x00D77B0A
0x000C5178,0x00D7621C
0x000C534B,0x00D74931
0x800C551F,0x00D73049
0x800C56F3,0x00D71765
0x800C58C7,0x00D6FE84
0x000C5A9C,0x00D6E5A6
0x000C5C71,0x00D6CCCB
0x800C5E47,0x00D6B3F4
0x800C601D,0x00D69B20
0x000C61F4,0x00D6824F
0x000C63CB,0x00D66982
0x000C65A2,0x00D650B8
0x800C677A,0x00D637F1
0x800C6952,0x00D61F2D
0x000C6B2B,0x00D6066D
0x000C6D04,0x00D5EDB0
0x000C6EDE,0x00D5D4F6
0x800C70B8,0x00D5BC3F
0x800C7292,0x00D5A38C
0x000C746D,0x00D58ADC
0x000C7648,0x00D5722F
0x000C7824,0x00D55985
0x800C7A00,0x00D540DF
0x800C7BDD,0x00D5283C
0x000C7DBA,0x00D50F9C
0x000C7F97,0x00D4F6FF
0x800C8175,0x00D4DE66
0x800C8353,0x00D4C5D0
0x800C8532,0x00D4AD3D
0x000C8711,0x00D494AD
0x000C88F1,0x00D47C20
0x800C8AD1,0x00D46397
0x800C8CB1,0x00D44B11
0x800C8E92,0x00D4328E
0x000C9073,0x00D41A0E
0x000C9255,0x00D40192
0x800C9437,0x00D3E919
0x800C961A,0x00D3D0A3
0x000C97FD,0x00D3B830
0x000C99E1,0x00D39FC1
0x000C9BC5,0x00D38755
0x800C9DA9,0x00D36EEC
0x800C9F8E,0x00D35686
0x000CA173,0x00D33E23
0x000CA359,0x00D325C4
0x000CA53F,0x00D30D68
0x800CA726,0x00D2F50F
0x800CA90D,0x00D2DCB9
0x000CAAF4,0x00D2C466
0x000CACDC,0x00D2AC17
0x000CAEC4,0x00D293CB
0x800CB0AD,0x00D27B82
0x800CB296,0x00D2633C
0x000CB480,0x00D24AF9
0x000CB66A,0x00D232BA
0x000CB855,0x00D21A7E
0x800CBA40,0x00D20245
0x800CBC2B,0x00D1EA0F
0x000CBE17,0x00D1D1DC
0x000CC003,0x00D1B9AD
0x800CC1F0,0x00D1A181
0x800CC3DD,0x00D18958
0x000CC5CB,0x00D17132
0x000CC7B9,0x00D1590F
0x000CC9A8,0x00D140F0
0x800CCB97,0x00D128D4
0x800CCD86,0x00D110BB
0x000CCF76,0x00D0F8A5
0x000CD166,0x00D0E092
0x000CD357,0x00D0C882
0x800CD548,0x00D0B076
0x800CD73A,0x00D0986D
0x000CD92C,0x00D08067
0x000CDB1F,0x00D06864
0x000CDD12,0x00D05064
0x800CDF06,0x00D03868
0x800CE0FA,0x00D0206F
0x000CE2EE,0x00D00879
0x000CE4E3,0x00CFF086
0x000CE6D8,0x00CFD896
0x800CE8CE,0x00CFC0A9
0x800CEAC4,0x00CFA8C0
0x000CECBB,0x00CF90DA
0x000CEEB2,0x00CF78F7
0x800CF0AA,0x00CF6117
0x800CF2A2,0x00CF493A
0x800CF49B,0x00CF3160
0x000CF694,0x00CF1989
0x000CF88D,0x00CF01B6
0x800CFA87,0x00CEE9E6
0x800CFC81,0x00CED219
0x000CFE7C,0x00CEBA4F
0x000D0077,0x00CEA288
0x000D0273,0x00CE8AC4
0x800D046F,0x00CE7303
0x800D066C,0x00CE5B46
0x000D0869,0x00CE438C
0x000D0A67,0x00CE2BD5
0x000D0C65,0x00CE1421
0x800D0E63,0x00CDFC70
0x800D1062,0x00CDE4C2
0x000D1261,0x00CDCD17
0x000D1461,0x00CDB570
0x000D1661,0x00CD9DCC
0x800D1862,0x00CD862B
0x800D1A63,0x00CD6E8D
0x000D1C65,0x00CD56F2
0x000D1E67,0x00CD3F5A
0x000D206A,0x00CD27C5
0x800D226D,0x00CD1033
0x800D2471,0x00CCF8A5
0x000D2675,0x00CCE11A
0x000D2879,0x00CCC992
0x800D2A7E,0x00CCB20D
0x800D2C83,0x00CC9A8B
0x800D2E89,0x00CC830C
0x000D308F,0x00CC6B90
0x000D3296,0x00CC5417
0x800D349D,0x00CC3CA1
0x800D36A5,0x00CC252F
0x000D38AD,0x00CC0DC0
0x000D3AB6,0x00CBF654
0x000D3CBF,0x00CBDEEB
0x800D3EC9,0x00CBC785
0x800D40D3,0x00CBB022
0x000D42DE,0x00CB98C2
0x000D44E9,0x00CB8165
0x000D46F4,0x00CB6A0B
0x800D4900,0x00CB52B4
0x800D4B0C,0x00CB3B61
0x000D4D19,0x00CB2411
0x000D4F26,0x00CB0CC4
0x000D5134,0x00CAF57A
0x800D5342,0x00CADE33
0x800D5551,0x00CAC6EF
0x000D5760,0x00CAAFAE
0x000D5970,0x00CA9870
0x800D5B80,0x00CA8135
0x800D5D91,0x00CA69FD
0x800D5FA2,0x00CA52C8
0x000D61B4,0x00CA3B97
0x000D63C6,0x00CA2469
0x800D65D9,0x00CA0D3E
0x800D67EC,0x00C9F616
0x000D6A00,0x00C9DEF1
0x000D6C14,0x00C9C7CF
0x000D6E28,0x00C9B0B0
0x800D703D,0x00C99994
0x800D7252,0x00C9827B
0x000D7468,0x00C96B65
0x000D767E,0x00C95452
0x000D7895,0x00C93D42
0x800D7AAC,0x00C92635
0x800D7CC4,0x00C90F2B
0x000D7EDC,0x00C8F824
0x000D80F5,0x00C8E121
0x000D830E,0x00C8CA21
0x800D8528,0x00C8B324
0x800D8742,0x00C89C2A
0x000D895D,0x00C88533
0x000D8B78,0x00C86E3F
0x000D8D94,0x00C8574E
0x800D8FB0,0x00C84060
0x800D91CD,0x00C82975
0x000D93EA,0x00C8128D
0x000D9608,0x00C7FBA8
0x800D9826,0x00C7E4C6
0x800D9A45,0x00C7CDE7
0x800D9C64,0x00C7B70B
0x000D9E84,0x00C7A032
0x000DA0A4,0x00C7895C
0x800DA2C5,0x00C77289
0x800DA4E6,0x00C75BB9
0x000DA708,0x00C744EC
0x000DA92A,0x00C72E22
0x000DAB4C,0x00C7175B
0x800DAD6F,0x00C70097
0x800DAF92,0x00C6E9D6
0x000DB1B6,0x00C6D318
0x000DB3DA,0x00C6BC5E
0x000DB5FF,0x00C6A5A7
0x800DB824,0x00C68EF3
0x800DBA4A,0x00C67842
0x000DBC70,0x00C66194
0x000DBE97,0x00C64AE9
0x000DC0BE,0x00C63441
0x800DC2E6,0x00C61D9C
0x800DC50E,0x00C606FA
0x000DC737,0x00C5F05B
0x000DC960,0x00C5D9BF
0x800DCB8A,0x00C5C326
0x800DCDB4,0x00C5AC90
0x800DCFDF,0x00C595FD
0x000DD20A,0x00C57F6D
0x000DD436,0x00C568E0
0x800DD662,0x00C55256
0x800DD88F,0x00C53BCF
0x000DDABC,0x00C5254B
0x000DDCEA,0x00C50ECA
0x000DDF18,0x00C4F84C
0x800DE147,0x00C4E1D1
0x800DE376,0x00C4CB59
0x000DE5A6,0x00C4B4E4
0x000DE7D6,0x00C49E72
0x000DEA07,0x00C48803
0x800DEC38,0x00C47197
0x800DEE6A,0x00C45B2E
0x000DF09C,0x00C444C8
0x000DF2CF,0x00C42E65
0x000DF502,0x00C41805
0x800DF736,0x00C401A8
0x800DF96A,0x00C3EB4E
0x000DFB9F,0x00C3D4F7
0x000DFDD4,0x00C3BEA3
0x800E000A,0x00C3A852
0x800E0240,0x00C39204
0x800E0477,0x00C37BB8
0x000E06AE,0x00C3656F
0x000E08E6,0x00C34F29
0x000E0B1E,0x00C338E6
0x800E0D57,0x00C322A6
0x800E0F90,0x00C30C69
0x000E11CA,0x00C2F62F
0x000E1404,0x00C2DFF8
0x800E163F,0x00C2C9C4
0x800E187A,0x00C2B393
0x000E1AB6,0x00C29D65
0x000E1CF2,0x00C2873A
0x000E1F2F,0x00C27112
0x800E216D,0x00C25AED
0x800E23AB,0x00C244CB
0x000E25EA,0x00C22EAC
0x000E2829,0x00C21890
0x000E2A69,0x00C20277
0x800E2CA9,0x00C1EC61
0x800E2EEA,0x00C1D64E
0x000E312B,0x00C1C03E
0x000E336D,0x00C1AA31
0x000E35AF,0x00C19427
0x800E37F2,0x00C17E20
0x800E3A35,0x00C1681C
0x000E3C79,0x00C1521A
0x000E3EBD,0x00C13C1B
0x000E4102,0x00C1261F
0x800E4347,0x00C11026
0x800E458D,0x00C0FA30
0x000E47D3,0x00C0E43D
0x000E4A1A,0x00C0CE4D
0x800E4C61,0x00C0B860
0x800E4EA9,0x00C0A276
0x800E50F1,0x00C08C8F
0x000E533A,0x00C076AB
0x000E5583,0x00C060CA
0x800E57CD,0x00C04AEC
0x800E5A17,0x00C03511
0x000E5C62,0x00C01F39
0x000E5EAD,0x00C00963
0x000E60F9,0x00BFF390
0x800E6346,0x00BFDDC0
0x800E6593,0x00BFC7F3
0x000E67E1,0x00BFB229
0x000E6A2F,0x00BF9C62
0x000E6C7E,0x00BF869E
0x800E6ECD,0x00BF70DD
0x800E711D,0x00BF5B1F
0x000E736D,0x00BF4564
0x000E75BE,0x00BF2FAC
0x000E780F,0x00BF19F7
0x800E7A61,0x00BF0444
0x800E7CB3,0x00BEEE94
0x000E7F06,0x00BED8E7
0x000E8159,0x00BEC33D
0x000E83AD,0x00BEAD96
0x800E8601,0x00BE97F2
0x800E8856,0x00BE8251
0x000E8AAC,0x00BE6CB3
0x000E8D02,0x00BE5718
0x800E8F59,0x00BE4180
0x800E91B0,0x00BE2BEA
0x000E9408,0x00BE1657
0x000E9660,0x00BE00C7
0x000E98B9,0x00BDEB3A
0x800E9B12,0x00BDD5B0
0x800E9D6C,0x00BDC029
0x000E9FC6,0x00BDAAA5
0x000EA221,0x00BD9524
0x000EA47C,0x00BD7FA6
0x800EA6D8,0x00BD6A2A
0x800EA934,0x00BD54B1
0x000EAB91,0x00BD3F3B
0x000EADEF,0x00BD29C8
0x000EB04D,0x00BD1458
0x800EB2AC,0x00BCFEEB
0x800EB50B,0x00BCE981
0x000EB76B,0x00BCD41A
0x000EB9CB,0x00BCBEB5
0x000EBC2C,0x00BCA953
0x800EBE8D,0x00BC93F4
0x800EC0EF,0x00BC7E98
0x000EC351,0x00BC693F
0x000EC5B4,0x00BC53E9
0x800EC818,0x00BC3E96
0x800ECA7C,0x00BC2946
0x800ECCE1,0x00BC13F8
0x000ECF46,0x00BBFEAD
0x000ED1AC,0x00BBE965
0x800ED412,0x00BBD420
0x800ED679,0x00BBBEDE
0x000ED8E0,0x00BBA99F
0x000EDB48,0x00BB9463
0x000EDDB0,0x00BB7F29
0x800EE019,0x00BB69F2
0x800EE283,0x00BB54BE
0x000EE4ED,0x00BB3F8D
0x000EE758,0x00BB2A5F
0x000EE9C3,0x00BB1534
0x800EEC2F,0x00BB000B
0x800EEE9B,0x00BAEAE5
0x000EF108,0x00BAD5C2
0x000EF375,0x00BAC0A2
0x000EF5E3,0x00BAAB85
0x800EF851,0x00BA966B
0x800EFAC0,0x00BA8154
0x000EFD30,0x00BA6C3F
0x000EFFA0,0x00BA572D
0x000F0211,0x00BA421E
0x800F0482,0x00BA2D12
0x800F06F4,0x00BA1809
0x000F0966,0x00BA0303
0x000F0BD9,0x00B9EDFF
0x800F0E4C,0x00B9D8FE
0x800F10C0,0x00B9C400
0x800F1335,0x00B9AF05
0x000F15AA,0x00B99A0D
0x000F1820,0x00B98518
0x800F1A96,0x00B97025
0x800F1D0D,0x00B95B35
0x000F1F84,0x00B94648
0x000F21FC,0x00B9315E
0x000F2475,0x00B91C77
0x800F26EE,0x00B90792
0x800F2968,0x00B8F2B0
0x000F2BE2,0x00B8DDD1
0x000F2E5D,0x00B8C8F5
0x000F30D8,0x00B8B41C
0x800F3354,0x00B89F45
0x800F35D0,0x00B88A71
0x000F384D,0x00B875A0
0x000F3ACB,0x00B860D2
0x000F3D49,0x00B84C07
0x800F3FC8,0x00B8373F
0x800F4247,0x00B82279
0x000F44C7,0x00B80DB6
0x000F4747,0x00B7F8F6
0x800F49C8,0x00B7E439
0x800F4C4A,0x00B7CF7F
0x800F4ECC,0x00B7BAC7
0x000F514F,0x00B7A612
0x000F53D2,0x00B79160
0x800F5656,0x00B77CB1
0x800F58DA,0x00B76804
0x000F5B5F,0x00B7535A
0x000F5DE5,0x00B73EB3
0x000F606B,0x00B72A0F
0x800F62F2,0x00B7156E
0x800F6579,0x00B700CF
0x000F6801,0x00B6EC33
0x000F6A89,0x00B6D79A
0x000F6D12,0x00B6C304
0x800F6F9C,0x00B6AE71
0x800F7226,0x00B699E0
0x000F74B1,0x00B68552
0x000F773C,0x00B670C7
0x000F79C8,0x00B65C3F
0x800F7C54,0x00B647B9
0x800F7EE1,0x00B63336
0x000F816F,0x00B61EB6
0x000F83FD,0x00B60A39
0x800F868C,0x00B5F5BF
0x800F891B,0x00B5E147
0x800F8BAB,0x00B5CCD2
0x000F8E3C,0x00B5B860
0x000F90CD,0x00B5A3F1
0x800F935F,0x00B58F84
0x800F95F1,0x00B57B1A
0x800F9884,0x00B566B3
0x000F9B17,0x00B5524F
0x000F9DAB,0x00B53DED
0x800FA040,0x00B5298E
0x800FA2D5,0x00B51532
0x000FA56B,0x00B500D9
0x000FA801,0x00B4EC82
0x000FAA98,0x00B4D82E
0x800FAD30,0x00B4C3DD
0x800FAFC8,0x00B4AF8F
0x000FB261,0x00B49B43
0x000FB4FA,0x00B486FA
0x000FB794,0x00B472B4
0x800FBA2F,0x00B45E71
0x800FBCCA,0x00B44A30
0x000FBF66,0x00B435F2
0x000FC202,0x00B421B7
0x000FC49F,0x00B40D7F
0x800FC73C,0x00B3F949
0x800FC9DA,0x00B3E516
0x000FCC79,0x00B3D0E6
0x000FCF18,0x00B3BCB9
0x800FD1B8,0x00B3A88E
0x800FD458,0x00B39466
0x800FD6F9,0x00B38041
0x000FD99B,0x00B36C1F
0x000FDC3D,0x00B357FF
0x800FDEE0,0x00B343E2
0x800FE183,0x00B32FC8
0x000FE427,0x00B31BB0
0x000FE6CC,0x00B3079B
0x000FE971,0x00B2F389
0x800FEC17,0x00B2DF7A
0x800FEEBD,0x00B2CB6D
0x000FF164,0x00B2B763
0x000FF40C,0x00B2A35C
0x000FF6B4,0x00B28F58
0x800FF95D,0x00B27B56
0x800FFC06,0x00B26757
0x000FFEB0,0x00B2535B
0x0010015B,0x00B23F61
0x00100406,0x00B22B6A
0x801006B2,0x00B21776
0x8010095E,0x00B20385
0x00100C0B,0x00B1EF96
0x00100EB9,0x00B1DBAA
0x80101167,0x00B1C7C1
0x80101416,0x00B1B3DA
0x801016C5,0x00B19FF6
0x00101975,0x00B18C15
0x00101C26,0x00B17836
0x00101ED7,0x00B1645A
0x80102189,0x00B15081
0x8010243C,0x00B13CAB
0x001026EF,0x00B128D7
0x001029A3,0x00B11506
0x80102C57,0x00B10138
0x80102F0C,0x00B0ED6C
0x001031C2,0x00B0D9A3
0x00103478,0x00B0C5DD
0x0010372F,0x00B0B219
0x801039E6,0x00B09E58
0x80103C9E,0x00B08A9A
0x00103F57,0x00B076DE
0x00104210,0x00B06325
0x001044CA,0x00B04F6F
0x80104785,0x00B03BBC
0x80104A40,0x00B0280B
0x00104CFC,0x00B0145D
0x00104FB8,0x00B000B2
0x00105275,0x00AFED09
0x80105533,0x00AFD963
0x801057F1,0x00AFC5C0
0x00105AB0,0x00AFB21F
0x00105D6F,0x00AF9E81
0x0010602F,0x00AF8AE6
0x801062F0,0x00AF774D
0x801065B1,0x00AF63B7
0x00106873,0x00AF5024
0x00106B36,0x00AF3C93
0x80106DF9,0x00AF2905
0x801070BD,0x00AF157A
0x80107381,0x00AF01F1
0x00107646,0x00AEEE6B
0x0010790C,0x00AEDAE8
0x80107BD2,0x00AEC767
0x80107E99,0x00AEB3E9
0x00108161,0x00AEA06E
0x00108429,0x00AE8CF5
0x001086F2,0x00AE797F
0x801089BC,0x00AE660C
0x80108C86,0x00AE529B
0x00108F51,0x00AE3F2D
0x0010921C,0x00AE2BC2
0x001094E8,0x00AE1859
0x801097B5,0x00AE04F3
0x80109A82,0x00ADF18F
0x00109D50,0x00ADDE2E
0x0010A01F,0x00ADCAD0
0x0010A2EE,0x00ADB774
0x8010A5BE,0x00ADA41B
0x8010A88E,0x00AD90C5
0x0010AB5F,0x00AD7D71
0x0010AE31,0x00AD6A20
0x0010B103,0x00AD56D2
0x8010B3D6,0x00AD4386
0x8010B6AA,0x00AD303D
0x0010B97E,0x00AD1CF7
0x0010BC53,0x00AD09B3
0x8010BF29,0x00ACF672
0x8010C1FF,0x00ACE333
0x0010C4D6,0x00ACCFF7
0x0010C7AE,0x00ACBCBE
0x0010CA86,0x00ACA987
0x8010CD5F,0x00AC9653
0x8010D038,0x00AC8322
0x0010D312,0x00AC6FF3
0x0010D5ED,0x00AC5CC7
0x0010D8C8,0x00AC499D
0x8010DBA4,0x00AC3676
0x8010DE81,0x00AC2352
0x0010E15E,0x00AC1030
0x0010E43C,0x00ABFD11
0x0010E71B,0x00ABE9F5
0x8010E9FA,0x00ABD6DB
0x8010ECDA,0x00ABC3C4
0x0010EFBB,0x00ABB0AF
0x0010F29C,0x00AB9D9D
0x0010F57E,0x00AB8A8E
0x8010F861,0x00AB7781
0x8010FB44,0x00AB6477
0x0010FE28,0x00AB516F
0x0011010D,0x00AB3E6A
0x801103F2,0x00AB2B68
0x801106D8,0x00AB1868
0x801109BE,0x00AB056B
0x00110CA5,0x00AAF270
0x00110F8D,0x00AADF78
0x80111275,0x00AACC83
0x8011155E,0x00AAB990
0x00111848,0x00AAA6A0
0x00111B32,0x00AA93B2
0x00111E1D,0x00AA80C7
0x80112109,0x00AA6DDF
0x801123F5,0x00AA5AF9
0x001126E2,0x00AA4816
0x001129D0,0x00AA3535
0x00112CBE,0x00AA2257
0x80112FAD,0x00AA0F7C
0x8011329D,0x00A9FCA3
0x0011358D,0x00A9E9CD
0x0011387E,0x00A9D6F9
0x00113B70,0x00A9C428
0x80113E62,0x00A9B15A
0x80114155,0x00A99E8E
0x00114449,0x00A98BC5
0x0011473D,0x00A978FE
0x80114A32,0x00A9663A
0x80114D28,0x00A95378
0x8011501E,0x00A940B9
0x00115315,0x00A92DFD
0x0011560D,0x00A91B43
0x80115905,0x00A9088C
0x80115BFE,0x00A8F5D7
0x80115EF8,0x00A8E325
0x001161F2,0x00A8D075
0x001164ED,0x00A8BDC8
0x801167E9,0x00A8AB1E
0x80116AE5,0x00A89876
0x00116DE2,0x00A885D1
0x001170E0,0x00A8732E
0x001173DE,0x00A8608E
0x801176DD,0x00A84DF0
0x801179DD,0x00A83B55
0x00117CDD,0x00A828BD
0x00117FDE,0x00A81627
0x001182E0,0x00A80394
0x801185E3,0x00A7F103
0x801188E6,0x00A7DE75
0x00118BEA,0x00A7CBE9
0x00118EEF,0x00A7B960
0x001191F4,0x00A7A6D9
0x801194FA,0x00A79455
0x80119801,0x00A781D4
0x00119B08,0x00A76F55
0x00119E10,0x00A75CD9
0x8011A119,0x00A74A5F
0x8011A422,0x00A737E8
0x8011A72C,0x00A72573
0x0011AA37,0x00A71301
0x0011AD42,0x00A70091
0x8011B04E,0x00A6EE24
0x8011B35B,0x00A6DBBA
0x0011B668,0x00A6C952
0x0011B976,0x00A6B6ED
0x0011BC85,0x00A6A48A
0x8011BF95,0x00A6922A
0x8011C2A5,0x00A67FCC
0x0011C5B6,0x00A66D71
0x0011C8C8,0x00A65B18
0x0011CBDA,0x00A648C2
0x8011CEED,0x00A6366E
0x8011D201,0x00A6241D
0x0011D515,0x00A611CE
0x0011D82A,0x00A5FF82
0x0011DB40,0x00A5ED38
0x8011DE56,0x00A5DAF1
0x8011E16D,0x00A5C8AC
0x0011E485,0x00A5B66A
0x0011E79E,0x00A5A42B
0x8011EAB7,0x00A591EE
0x8011EDD1,0x00A57FB4
0x8011F0EC,0x00A56D7C
0x0011F407,0x00A55B47
0x0011F723,0x00A54914
0x8011FA40,0x00A536E4
0x8011FD5D,0x00A524B6
0x8012007B,0x00A5128B
0x0012039A,0x00A50062
0x001206BA,0x00A4EE3C
0x801209DA,0x00A4DC18
0x80120CFB,0x00A4C9F7
0x0012101D,0x00A4B7D8
0x0012133F,0x00A4A5BC
0x00121662,0x00A493A2
0x80121986,0x00A4818B
0x80121CAB,0x00A46F76
0x00121FD0,0x00A45D64
0x001222F6,0x00A44B54
0x0012261D,0x00A43947
0x80122944,0x00A4273C
0x80122C6C,0x00A41534
0x00122F95,0x00A4032E
0x001232BF,0x00A3F12B
0x001235E9,0x00A3DF2A
0x80123914,0x00A3CD2C
0x80123C40,0x00A3BB30
0x00123F6C,0x00A3A937
0x00124299,0x00A39740
0x801245C7,0x00A3854C
0x801248F6,0x00A3735A
0x80124C25,0x00A3616B
0x00124F55,0x00A34F7E
0x00125286,0x00A33D94
0x801255B7,0x00A32BAC
0x801258E9,0x00A319C7
0x00125C1C,0x00A307E4
0x00125F50,0x00A2F604
0x00126284,0x00A2E426
0x801265B9,0x00A2D24B
0x801268EF,0x00A2C072
0x00126C25,0x00A2AE9C
0x00126F5C,0x00A29CC8
0x00127294,0x00A28AF7
0x801275CD,0x00A27928
0x80127906,0x00A2675B
0x00127C40,0x00A25591
0x00127F7B,0x00A243C9
0x001282B7,0x00A23204
0x801285F3,0x00A22041
0x80128930,0x00A20E81
0x00128C6E,0x00A1FCC3
0x00128FAC,0x00A1EB08
0x801292EB,0x00A1D94F
0x8012962B,0x00A1C799
0x8012996C,0x00A1B5E5
0x00129CAD,0x00A1A434
0x00129FEF,0x00A19285
0x0012A332,0x00A180D9
0x8012A676,0x00A16F2F
0x8012A9BA,0x00A15D87
0x0012ACFF,0x00A14BE2
0x0012B045,0x00A13A3F
0x8012B38C,0x00A1289F
0x8012B6D3,0x00A11701
0x0012BA1B,0x00A10566
0x0012BD64,0x00A0F3CD
0x0012C0AE,0x00A0E237
0x8012C3F8,0x00A0D0A3
0x8012C743,0x00A0BF12
0x0012CA8F,0x00A0AD83
0x0012CDDC,0x00A09BF6
0x0012D129,0x00A08A6C
0x8012D477,0x00A078E4
0x8012D7C6,0x00A0675F
0x0012DB16,0x00A055DC
0x0012DE66,0x00A0445C
0x0012E1B7,0x00A032DE
0x8012E509,0x00A02163
0x8012E85B,0x00A00FEA
0x0012EBAE,0x009FFE73
0x0012EF02,0x009FECFF
0x0012F257,0x009FDB8D
0x8012F5AC,0x009FCA1E
0x8012F902,0x009FB8B1
0x0012FC59,0x009FA747
0x0012FFB1,0x009F95DF
0x8013030A,0x009F8479
0x80130663,0x009F7316
0x801309BD,0x009F61B5
0x00130D18,0x009F5057
0x00131074,0x009F3EFB
0x801313D0,0x009F2DA2
0x8013172D,0x009F1C4B
0x00131A8B,0x009F0AF6
0x00131DEA,0x009EF9A4
0x00132149,0x009EE854
0x801324A9,0x009ED707
0x8013280A,0x009EC5BC
0x00132B6C,0x009EB474
0x00132ECE,0x009EA32E
0x00133231,0x009E91EA
0x80133595,0x009E80A9
0x801338FA,0x009E6F6A
0x00133C5F,0x009E5E2E
0x00133FC5,0x009E4CF4
0x0013432C,0x009E3BBC
0x80134694,0x009E2A87
0x801349FC,0x009E1954
0x00134D65,0x009E0824
0x001350CF,0x009DF6F6
0x0013543A,0x009DE5CA
0x801357A6,0x009DD4A1
0x80135B12,0x009DC37A
0x00135E7F,0x009DB256
0x001361ED,0x009DA134
0x8013655C,0x009D9014
0x801368CB,0x009D7EF7
0x00136C3B,0x009D6DDC
0x00136FAC,0x009D5CC4
0x0013731E,0x009D4BAE
0x80137691,0x009D3A9A
0x80137A04,0x009D2989
0x00137D78,0x009D187A
0x001380ED,0x009D076E
0x00138463,0x009CF664
0x801387D9,0x009CE55C
0x80138B50,0x009CD457
0x00138EC8,0x009CC354
0x00139241,0x009CB254
0x001395BB,0x009CA156
0x80139935,0x009C905A
0x80139CB0,0x009C7F61
0x0013A02C,0x009C6E6A
0x0013A3A9,0x009C5D76
0x0013A726,0x009C4C84
0x8013AAA4,0x009C3B94
0x8013AE23,0x009C2AA7
0x0013B1A3,0x009C19BC
0x0013B524,0x009C08D3
0x8013B8A5,0x009BF7ED
0x8013BC27,0x009BE709
0x8013BFAA,0x009BD628
0x0013C32E,0x009BC549
0x0013C6B3,0x009BB46C
0x8013CA38,0x009BA392
0x8013CDBE,0x009B92BA
0x0013D145,0x009B81E4
0x0013D4CD,0x009B7111
0x0013D856,0x009B6040
0x8013DBDF,0x009B4F72
0x8013DF69,0x009B3EA6
0x0013E2F4,0x009B2DDC
0x0013E680,0x009B1D15
0x0013EA0D,0x009B0C50
0x8013ED9A,0x009AFB8D
0x8013F128,0x009AEACD
0x0013F4B7,0x009ADA0F
0x0013F847,0x009AC953
0x0013FBD8,0x009AB89A
0x8013FF69,0x009AA7E3
0x801402FB,0x009A972F
0x0014068E,0x009A867D
0x00140A22,0x009A75CD
0x80140DB7,0x009A6520
0x8014114C,0x009A5475
0x801414E2,0x009A43CC
0x00141879,0x009A3326
0x00141C11,0x009A2282
0x80141FAA,0x009A11E0
0x80142343,0x009A0141
0x801426DD,0x0099F0A4
0x00142A78,0x0099E009
0x00142E14,0x0099CF71
0x801431B1,0x0099BEDB
0x8014354F,0x0099AE47
0x001438ED,0x00999DB6
0x00143C8C,0x00998D27
0x0014402C,0x00997C9A
0x801443CD,0x00996C10
0x8014476F,0x00995B88
0x00144B11,0x00994B02
0x00144EB4,0x00993A7F
0x00145258,0x009929FE
0x801455FD,0x0099197F
0x801459A3,0x00990903
0x00145D4A,0x0098F889
0x001460F1,0x0098E811
0x00146499,0x0098D79C
0x80146842,0x0098C729
0x80146BEC,0x0098B6B8
0x00146F97,0x0098A64A
0x00147342,0x009895DE
0x801476EE,0x00988574
0x80147A9B,0x0098750D
0x80147E49,0x009864A8
0x001481F8,0x00985445
0x001485A8,0x009843E5
0x80148958,0x00983387
0x80148D09,0x0098232B
0x001490BB,0x009812D2
0x0014946E,0x0098027B
0x00149822,0x0097F226
0x80149BD7,0x0097E1D4
0x80149F8C,0x0097D184
0x0014A342,0x0097C136
0x0014A6F9,0x0097B0EB
0x0014AAB1,0x0097A0A2
0x8014AE6A,0x0097905B
0x8014B224,0x00978017
0x0014B5DE,0x00976FD5
0x0014B999,0x00975F95
0x0014BD55,0x00974F57
0x8014C112,0x00973F1C
0x8014C4D0,0x00972EE3
0x0014C88F,0x00971EAC
0x0014CC4F,0x00970E78
0x8014D00F,0x0096FE46
0x8014D3D0,0x0096EE16
0x8014D792,0x0096DDE9
0x0014DB55,0x0096CDBE
0x0014DF19,0x0096BD95
0x8014E2DE,0x0096AD6F
0x8014E6A3,0x00969D4B
0x8014EA69,0x00968D29
0x0014EE30,0x00967D09
0x0014F1F8,0x00966CEC
0x8014F5C1,0x00965CD1
0x8014F98B,0x00964CB8
0x0014FD56,0x00963CA2
0x00150121,0x00962C8E
0x001504ED,0x00961C7C
0x801508BA,0x00960C6C
0x80150C88,0x0095FC5F
0x00151057,0x0095EC54
0x00151427,0x0095DC4B
0x001517F8,0x0095CC45
0x80151BC9,0x0095BC41
0x80151F9B,0x0095AC3F
0x0015236E,0x00959C3F
0x00152742,0x00958C42
0x00152B17,0x00957C47
0x80152EED,0x00956C4E
0x801532C4,0x00955C58
0x0015369B,0x00954C64
0x00153A73,0x00953C72
0x80153E4C,0x00952C82
0x80154226,0x00951C95
0x80154601,0x00950CAA
0x001549DD,0x0094FCC1
0x00154DBA,0x0094ECDA
0x80155198,0x0094DCF6
0x80155576,0x0094CD14
0x00155955,0x0094BD34
0x00155D35,0x0094AD57
0x00156116,0x00949D7C
0x801564F8,0x00948DA3
0x801568DB,0x00947DCC
0x00156CBF,0x00946DF8
0x001570A4,0x00945E26
0x00157489,0x00944E56
0x8015786F,0x00943E88
0x80157C56,0x00942EBD
0x0015803E,0x00941EF4
0x00158427,0x00940F2D
0x00158811,0x0093FF68
0x80158BFC,0x0093EFA6
0x80158FE8,0x0093DFE6
0x001593D4,0x0093D028
0x001597C1,0x0093C06D
0x80159BAF,0x0093B0B4
0x80159F9E,0x0093A0FD
0x8015A38E,0x00939148
0x0015A77F,0x00938196
0x0015AB71,0x009371E6
0x0015AF64,0x00936238
0x8015B358,0x0093528C
0x8015B74C,0x009342E3
0x0015BB41,0x0093333C
0x0015BF37,0x00932397
0x8015C32E,0x009313F4
0x8015C726,0x00930453
0x0015CB1F,0x0092F4B5
0x0015CF19,0x0092E519
0x0015D314,0x0092D57F
0x8015D710,0x0092C5E7
0x8015DB0C,0x0092B652
0x0015DF09,0x0092A6BF
0x0015E307,0x0092972E
0x0015E706,0x0092879F
0x8015EB06,0x00927813
0x8015EF07,0x00926889
0x0015F309,0x00925901
0x0015F70C,0x0092497B
0x0015FB10,0x009239F8
0x8015FF15,0x00922A77
0x8016031B,0x00921AF8
0x00160721,0x00920B7B
0x00160B28,0x0091FC01
0x00160F30,0x0091EC89
0x80161339,0x0091DD13
0x80161743,0x0091CD9F
0x00161B4E,0x0091BE2D
0x00161F5A,0x0091AEBE
0x80162367,0x00919F51
0x80162775,0x00918FE6
0x80162B84,0x0091807D
0x00162F94,0x00917117
0x001633A4,0x009161B3
0x801637B5,0x00915251
0x80163BC7,0x009142F1
0x00163FDA,0x00913393
0x001643EE,0x00912438
0x00164803,0x009114DF
0x80164C19,0x00910588
0x80165030,0x0090F633
0x00165448,0x0090E6E0
0x00165861,0x0090D790
0x00165C7B,0x0090C842
0x80166096,0x0090B8F6
0x801664B1,0x0090A9AC
0x001668CD,0x00909A65
0x00166CEA,0x00908B20
0x00167108,0x00907BDD
0x80167527,0x00906C9C
0x80167947,0x00905D5D
0x00167D68,0x00904E21
0x0016818A,0x00903EE7
0x801685AD,0x00902FAF
0x801689D1,0x00902079
0x80168DF6,0x00901145
0x0016921C,0x00900214
0x00169643,0x008FF2E5
0x80169A6B,0x008FE3B8
0x80169E94,0x008FD48D
0x0016A2BD,0x008FC564
0x0016A6E7,0x008FB63E
0x0016AB12,0x008FA71A
0x8016AF3E,0x008F97F8
0x8016B36B,0x008F88D8
0x0016B799,0x008F79BA
0x0016BBC8,0x008F6A9F
0x0016BFF8,0x008F5B86
0x8016C429,0x008F4C6F
0x8016C85B,0x008F3D5A
0x0016CC8E,0x008F2E47
0x0016D0C2,0x008F1F36
0x0016D4F7,0x008F1028
0x8016D92D,0x008F011C
0x8016DD64,0x008EF212
0x0016E19C,0x008EE30A
0x0016E5D5,0x008ED404
0x0016EA0E,0x008EC501
0x8016EE48,0x008EB600
0x8016F283,0x008EA701
0x0016F6BF,0x008E9804
0x0016FAFC,0x008E8909
0x8016FF3A,0x008E7A10
0x80170379,0x008E6B1A
0x801707B9,0x008E5C26
0x00170BFA,0x008E4D34
0x0017103C,0x008E3E44
0x8017147F,0x008E2F56
0x801718C3,0x008E206B
0x00171D08,0x008E1182
0x0017214E,0x008E029B
0x00172595,0x008DF3B6
0x801729DD,0x008DE4D3
0x80172E26,0x008DD5F2
0x00173270,0x008DC714
0x001736BB,0x008DB838
0x00173B07,0x008DA95E
0x80173F54,0x008D9A86
0x801743A2,0x008D8BB0
0x001747F1,0x008D7CDC
0x00174C41,0x008D6E0B
0x00175092,0x008D5F3C
0x801754E4,0x008D506F
0x80175937,0x008D41A4
0x00175D8A,0x008D32DB
0x001761DE,0x008D2414
0x80176633,0x008D154F
0x80176A89,0x008D068D
0x80176EE0,0x008CF7CD
0x00177338,0x008CE90F
0x00177791,0x008CDA53
0x80177BEB,0x008CCB99
0x80178046,0x008CBCE1
0x801784A2,0x008CAE2C
0x001788FF,0x008C9F79
0x00178D5D,0x008C90C8
0x801791BC,0x008C8219
0x8017961C,0x008C736C
0x00179A7D,0x008C64C1
0x00179EDF,0x008C5618
0x0017A342,0x008C4772
0x8017A7A6,0x008C38CE
0x8017AC0B,0x008C2A2C
0x0017B071,0x008C1B8C
0x0017B4D8,0x008C0CEE
0x0017B940,0x008BFE52
0x8017BDA9,0x008BEFB8
0x8017C213,0x008BE121
0x0017C67E,0x008BD28C
0x0017CAEA,0x008BC3F9
0x0017CF57,0x008BB568
0x8017D3C5,0x008BA6D9
0x8017D834,0x008B984C
0x0017DCA4,0x008B89C1
0x0017E115,0x008B7B39
0x8017E587,0x008B6CB3
0x8017E9FA,0x008B5E2F
0x8017EE6E,0x008B4FAD
0x0017F2E3,0x008B412D
0x0017F759,0x008B32AF
0x8017FBD0,0x008B2433
0x80180048,0x008B15B9
0x001804C1,0x008B0742
0x0018093B,0x008AF8CD
0x00180DB6,0x008AEA5A
0x80181232,0x008ADBE9
0x801816AF,0x008ACD7A
0x00181B2D,0x008ABF0D
0x00181FAC,0x008AB0A2
0x0018242C,0x008AA239
0x801828AD,0x008A93D3
0x80182D2F,0x008A856F
0x001831B2,0x008A770D
0x00183636,0x008A68AD
0x00183ABB,0x008A5A4F
0x80183F41,0x008A4BF3
0x801843C8,0x008A3D99
0x00184850,0x008A2F41
0x00184CD9,0x008A20EC
0x80185163,0x008A1299
0x801855EE,0x008A0448
0x80185A7A,0x0089F5F9
0x00185F07,0x0089E7AC
0x00186395,0x0089D961
0x80186825,0x0089CB18
0x80186CB6,0x0089BCD1
0x80187148,0x0089AE8C
0x001875DB,0x0089A04A
0x00187A6F,0x0089920A
0x80187F04,0x008983CC
0x8018839A,0x00897590
0x00188831,0x00896756
0x00188CC9,0x0089591E
0x00189162,0x00894AE8
0x801895FC,0x00893CB4
0x80189A97,0x00892E82
0x00189F33,0x00892052
0x0018A3D0,0x00891225
0x0018A86E,0x008903FA
0x8018AD0D,0x0088F5D1
0x8018B1AD,0x0088E7AA
0x0018B64E,0x0088D985
0x0018BAF0,0x0088CB62
0x0018BF93,0x0088BD41
0x8018C437,0x0088AF22
0x8018C8DC,0x0088A105
0x0018CD82,0x008892EA
0x0018D229,0x008884D1
0x0018D6D1,0x008876BB
0x8018DB7A,0x008868A7
0x8018E025,0x00885A95
0x0018E4D1,0x00884C85
0x0018E97E,0x00883E77
0x8018EE2C,0x0088306B
0x8018F2DB,0x00882261
0x0018F78B,0x00881459
0x0018FC3C,0x00880653
0x001900EE,0x0087F84F
0x801905A1,0x0087EA4D
0x80190A55,0x0087DC4D
0x00190F0A,0x0087CE50
0x001913C0,0x0087C055
0x00191877,0x0087B25C
0x80191D2F,0x0087A465
0x801921E8,0x00879670
0x001926A2,0x0087887D
0x00192B5D,0x00877A8C
0x0019301A,0x00876C9D
0x801934D8,0x00875EB0
0x80193997,0x008750C5
0x00193E57,0x008742DC
0x00194318,0x008734F5
0x001947DA,0x00872710
0x80194C9D,0x0087192E
0x80195161,0x00870B4E
0x00195626,0x0086FD70
0x00195AEC,0x0086EF94
0x80195FB3,0x0086E1BA
0x8019647B,0x0086D3E2
0x80196944,0x0086C60C
0x00196E0E,0x0086B838
0x001972DA,0x0086AA66
0x801977A7,0x00869C96
0x80197C75,0x00868EC8
0x00198144,0x008680FC
0x00198614,0x00867332
0x00198AE5,0x0086656A
0x80198FB7,0x008657A4
0x8019948A,0x008649E1
0x0019995E,0x00863C20
0x00199E33,0x00862E61
0x0019A309,0x008620A4
0x8019A7E0,0x008612E9
0x8019ACB9,0x00860530
0x0019B193,0x0085F779
0x0019B66E,0x0085E9C4
0x0019BB4A,0x0085DC11
0x8019C027,0x0085CE60
0x8019C505,0x0085C0B1
0x0019C9E4,0x0085B304
0x0019CEC4,0x0085A559
0x0019D3A5,0x008597B0
0x8019D887,0x00858A09
0x8019DD6B,0x00857C64
0x0019E250,0x00856EC1
0x0019E736,0x00856120
0x8019EC1D,0x00855381
0x8019F105,0x008545E4
0x8019F5EE,0x0085384A
0x0019FAD8,0x00852AB2
0x0019FFC3,0x00851D1C
0x801A04AF,0x00850F88
0x801A099C,0x008501F6
0x001A0E8B,0x0084F466
0x001A137B,0x0084E6D8
0x001A186C,0x0084D94C
0x801A1D5E,0x0084CBC2
0x801A2251,0x0084BE3A
0x001A2745,0x0084B0B4
0x001A2C3A,0x0084A330
0x001A3130,0x008495AE
0x801A3628,0x0084882E
0x801A3B21,0x00847AB0
0x001A401B,0x00846D34
0x001A4516,0x00845FBA
0x001A4A12,0x00845242
0x801A4F0F,0x008444CC
0x801A540D,0x00843758
0x001A590C,0x008429E6
0x001A5E0C,0x00841C76
0x801A630E,0x00840F08
0x801A6811,0x0084019C
0x801A6D15,0x0083F432
0x001A721A,0x0083E6CA
0x001A7720,0x0083D964
0x801A7C27,0x0083CC00
0x801A812F,0x0083BE9E
0x001A8639,0x0083B13E
0x001A8B44,0x0083A3E0
0x001A9050,0x00839684
0x801A955D,0x0083892B
0x801A9A6B,0x00837BD4
0x001A9F7A,0x00836E7F
0x001AA48A,0x0083612C
0x001AA99C,0x008353DB
0x801AAEAF,0x0083468C
0x801AB3C3,0x0083393F
0x001AB8D8,0x00832BF4
0x001ABDEE,0x00831EAB
0x001AC305,0x00831164
0x801AC81D,0x0083041F
0x801ACD37,0x0082F6DC
0x001AD252,0x0082E99B
0x001AD76E,0x0082DC5C
0x001ADC8B,0x0082CF1F
0x801AE1A9,0x0082C1E4
0x801AE6C8,0x0082B4AB
0x001AEBE8,0x0082A774
0x001AF10A,0x00829A3F
0x801AF62D,0x00828D0C
0x801AFB51,0x00827FDB
0x801B0076,0x008272AC
0x001B059C,0x0082657F
0x001B0AC3,0x00825854
0x801B0FEC,0x00824B2B
0x801B1516,0x00823E04
0x001B1A41,0x008230DF
0x001B1F6D,0x008223BC
0x001B249A,0x0082169B
0x801B29C8,0x0082097C
0x801B2EF8,0x0081FC5F
0x001B3429,0x0081EF44
0x001B395B,0x0081E22B
0x001B3E8E,0x0081D514
0x801B43C2,0x0081C7FF
0x801B48F7,0x0081BAEC
0x001B4E2E,0x0081ADDB
0x001B5366,0x0081A0CC
0x001B589F,0x008193BF
0x801B5DD9,0x008186B4
0x801B6314,0x008179AB
0x001B6850,0x00816CA4
0x001B6D8E,0x00815F9F
0x801B72CD,0x0081529C
0x801B780D,0x0081459B
0x801B7D4E,0x0081389C
0x001B8290,0x00812B9F
0x001B87D4,0x00811EA4
0x801B8D19,0x008111AB
0x801B925F,0x008104B4
0x801B97A6,0x0080F7BF
0x001B9CEE,0x0080EACC
0x001BA237,0x0080DDDA
0x801BA782,0x0080D0EA
0x801BACCE,0x0080C3FC
0x001BB21B,0x0080B710
0x001BB769,0x0080AA26
0x001BBCB8,0x00809D3E
0x801BC209,0x00809058
0x801BC75B,0x00808374
0x001BCCAE,0x00807692
0x001BD202,0x008069B2
0x001BD757,0x00805CD4
0x801BDCAE,0x00804FF8
0x801BE206,0x0080431E
0x001BE75F,0x00803646
0x001BECB9,0x00802970
0x001BF214,0x00801C9C
0x801BF771,0x00800FCA
0x801BFCCF,0x008002FA
0x001C022E,0x007FF62C
0x001C078E,0x007FE960
0x801C0CF0,0x007FDC96
0x801C1253,0x007FCFCE
0x801C17B7,0x007FC308
0x001C1D1C,0x007FB644
0x001C2282,0x007FA982
0x801C27EA,0x007F9CC2
0x801C2D53,0x007F9004
0x001C32BD,0x007F8348
0x001C3828,0x007F768E
0x001C3D94,0x007F69D6
0x801C4302,0x007F5D20
0x801C4871,0x007F506C
0x001C4DE1,0x007F43BA
0x001C5352,0x007F3709
0x001C58C5,0x007F2A5A
0x801C5E39,0x007F1DAD
0x801C63AE,0x007F1102
0x001C6924,0x007F0459
0x001C6E9B,0x007EF7B2
0x001C7414,0x007EEB0D
0x801C798E,0x007EDE6A
0x801C7F09,0x007ED1C9
0x001C8485,0x007EC52A
0x001C8A03,0x007EB88D
0x801C8F82,0x007EABF2
0x801C9502,0x007E9F59
0x801C9A83,0x007E92C2
0x001CA006,0x007E862D
0x001CA58A,0x007E799A
0x001CAB0F,0x007E6D09
0x801CB095,0x007E607A
0x801CB61D,0x007E53ED
0x001CBBA6,0x007E4762
0x001CC130,0x007E3AD8
0x801CC6BB,0x007E2E50
0x801CCC48,0x007E21CA
0x001CD1D6,0x007E1546
0x001CD765,0x007E08C4
0x001CDCF5,0x007DFC44
0x801CE287,0x007DEFC6
0x801CE81A,0x007DE34A
0x001CEDAE,0x007DD6D0
0x001CF343,0x007DCA58
0x001CF8DA,0x007DBDE2
0x801CFE72,0x007DB16E
0x801D040B,0x007DA4FC
0x001D09A5,0x007D988C
0x001D0F41,0x007D8C1E
0x001D14DE,0x007D7FB2
0x801D1A7C,0x007D7348
0x801D201B,0x007D66DF
0x001D25BC,0x007D5A78
0x001D2B5E,0x007D4E13
0x001D3101,0x007D41B0
0x801D36A6,0x007D354F
0x801D3C4C,0x007D28F0
0x001D41F3,0x007D1C93
0x001D479B,0x007D1038
0x801D4D45,0x007D03DF
0x801D52F0,0x007CF788
0x001D589C,0x007CEB33
0x001D5E49,0x007CDEE0
0x001D63F8,0x007CD28F
0x801D69A8,0x007CC640
0x801D6F59,0x007CB9F2
0x001D750C,0x007CADA6
0x001D7AC0,0x007CA15C
0x001D8075,0x007C9514
0x801D862B,0x007C88CE
0x801D8BE3,0x007C7C8A
0x001D919C,0x007C7048
0x001D9756,0x007C6408
0x001D9D12,0x007C57CA
0x801DA2CF,0x007C4B8E
0x801DA88D,0x007C3F54
0x001DAE4C,0x007C331C
0x001DB40D,0x007C26E5
0x001DB9CF,0x007C1AB0
0x801DBF92,0x007C0E7D
0x801DC557,0x007C024C
0x001DCB1D,0x007BF61D
0x001DD0E4,0x007BE9F0
0x801DD6AD,0x007BDDC5
0x801DDC77,0x007BD19C
0x801DE242,0x007BC575
0x001DE80F,0x007BB950
0x001DEDDD,0x007BAD2D
0x801DF3AC,0x007BA10C
0x801DF97C,0x007B94EC
0x001DFF4E,0x007B88CE
0x001E0521,0x007B7CB2
0x001E0AF5,0x007B7098
0x801E10CB,0x007B6480
0x801E16A2,0x007B586A
0x001E1C7A,0x007B4C56
0x001E2254,0x007B4044
0x001E282F,0x007B3434
0x801E2E0B,0x007B2826
0x801E33E9,0x007B1C19
0x001E39C8,0x007B100E
0x001E3FA8,0x007B0405
0x001E458A,0x007AF7FE
0x801E4B6D,0x007AEBF9
0x801E5151,0x007ADFF6
0x001E5737,0x007AD3F5
0x001E5D1E,0x007AC7F6
0x001E6306,0x007ABBF9
0x801E68F0,0x007AAFFE
0x801E6EDB,0x007AA404
0x001E74C7,0x007A980C
0x001E7AB5,0x007A8C16
0x801E80A4,0x007A8022
0x801E8694,0x007A7430
0x801E8C86,0x007A6840
0x001E9279,0x007A5C52
0x001E986D,0x007A5066
0x801E9E63,0x007A447C
0x801EA45A,0x007A3893
0x001EAA52,0x007A2CAC
0x001EB04C,0x007A20C7
0x001EB647,0x007A14E4
0x801EBC43,0x007A0903
0x801EC241,0x0079FD24
0x001EC840,0x0079F147
0x001ECE40,0x0079E56C
0x001ED442,0x0079D993
0x801EDA45,0x0079CDBB
0x801EE049,0x0079C1E5
0x001EE64F,0x0079B611
0x001EEC56,0x0079AA3F
0x001EF25E,0x00799E6F
0x801EF868,0x007992A1
0x801EFE73,0x007986D5
0x001F0480,0x00797B0B
0x001F0A8E,0x00796F42
0x801F109D,0x0079637B
0x801F16AE,0x007957B6
0x801F1CC0,0x00794BF3
0x001F22D3,0x00794032
0x001F28E8,0x00793473
0x801F2EFE,0x007928B6
0x801F3516,0x00791CFB
0x001F3B2F,0x00791141
0x001F4149,0x00790589
0x001F4765,0x0078F9D3
0x801F4D82,0x0078EE1F
0x801F53A0,0x0078E26D
0x001F59C0,0x0078D6BD
0x001F5FE1,0x0078CB0F
0x001F6604,0x0078BF63
0x801F6C28,0x0078B3B8
0x801F724D,0x0078A80F
0x001F7874,0x00789C68
0x001F7E9C,0x007890C3
0x001F84C5,0x00788520
0x801F8AF0,0x0078797F
0x801F911C,0x00786DE0
0x001F974A,0x00786243
0x001F9D79,0x007856A7
0x001FA3A9,0x00784B0D
0x801FA9DB,0x00783F75
0x801FB00E,0x007833DF
0x001FB643,0x0078284B
0x001FBC79,0x00781CB9
0x801FC2B0,0x00781129
0x801FC8E9,0x0078059A
0x801FCF23,0x0077FA0D
0x001FD55F,0x0077EE82
0x001FDB9C,0x0077E2F9
0x801FE1DA,0x0077D772
0x801FE81A,0x0077CBED
0x001FEE5B,0x0077C06A
0x001FF49E,0x0077B4E8
0x001FFAE2,0x0077A968
0x80200127,0x00779DEA
0x8020076E,0x0077926E
0x00200DB6,0x007786F4
0x00201400,0x00777B7C
0x00201A4B,0x00777006
0x80202098,0x00776491
0x802026E6,0x0077591E
0x00202D35,0x00774DAD
0x00203386,0x0077423E
0x002039D8,0x007736D1
0x8020402C,0x00772B66
0x80204681,0x00771FFC
0x00204CD8,0x00771494
0x00205330,0x0077092E
0x80205989,0x0076FDCA
0x80205FE4,0x0076F268
0x80206640,0x0076E708
0x00206C9E,0x0076DBAA
0x002072FD,0x0076D04D
0x8020795E,0x0076C4F2
0x80207FC0,0x0076B999
0x80208623,0x0076AE42
0x00208C88,0x0076A2ED
0x002092EE,0x0076979A
0x80209956,0x00768C48
0x80209FBF,0x007680F8
0x0020A62A,0x007675AA
0x0020AC96,0x00766A5E
0x0020B304,0x00765F14
0x8020B973,0x007653CC
0x8020BFE3,0x00764885
0x0020C655,0x00763D40
0x0020CCC8,0x007631FD
0x0020D33D,0x007626BC
0x8020D9B3,0x00761B7D
0x8020E02B,0x00761040
0x0020E6A4,0x00760504
0x0020ED1F,0x0075F9CA
0x0020F39B,0x0075EE92
0x8020FA19,0x0075E35C
0x80210098,0x0075D828
0x00210719,0x0075CCF6
0x00210D9B,0x0075C1C5
0x8021141E,0x0075B696
0x80211AA3,0x0075AB69
0x80212129,0x0075A03E
0x002127B1,0x00759515
0x00212E3A,0x007589EE
0x802134C5,0x00757EC8
0x80213B51,0x007573A4
0x002141DF,0x00756882
0x0021486E,0x00755D62
0x00214EFF,0x00755244
0x80215591,0x00754728
0x80215C25,0x00753C0D
0x002162BA,0x007530F4
0x00216951,0x007525DD
0x00216FE9,0x00751AC8
0x80217683,0x00750FB5
0x80217D1E,0x007504A3
0x002183BB,0x0074F993
0x00218A59,0x0074EE85
0x002190F9,0x0074E379
0x8021979A,0x0074D86F
0x80219E3D,0x0074CD67
0x0021A4E1,0x0074C260
0x0021AB87,0x0074B75B
0x8021B22E,0x0074AC58
0x8021B8D7,0x0074A157
0x8021BF81,0x00749658
0x0021C62D,0x00748B5A
0x0021CCDA,0x0074805E
0x8021D389,0x00747564
0x8021DA39,0x00746A6C
0x8021E0EB,0x00745F76
0x0021E79E,0x00745482
0x0021EE53,0x0074498F
0x8021F509,0x00743E9E
0x8021FBC1,0x007433AF
0x0022027A,0x007428C2
0x00220935,0x00741DD7
0x00220FF1,0x007412ED
0x802216AF,0x00740805
0x80221D6E,0x0073FD1F
0x0022242F,0x0073F23B
0x00222AF1,0x0073E759
0x002231B5,0x0073DC78
0x8022387A,0x0073D199
0x80223F41,0x0073C6BC
0x00224609,0x0073BBE1
0x00224CD3,0x0073B108
0x0022539E,0x0073A630
0x80225A6B,0x00739B5A
0x8022613A,0x00739086
0x0022680A,0x007385B4
0x00226EDC,0x00737AE4
0x002275AF,0x00737015
0x80227C84,0x00736548
0x8022835A,0x00735A7D
0x00228A32,0x00734FB4
0x0022910B,0x007344ED
0x802297E6,0x00733A27
0x80229EC2,0x00732F63
0x0022A5A0,0x007324A1
0x0022AC7F,0x007319E1
0x0022B360,0x00730F23
0x8022BA43,0x00730466
0x8022C127,0x0072F9AB
0x0022C80D,0x0072EEF2
0x0022CEF4,0x0072E43B
0x0022D5DD,0x0072D986
0x8022DCC7,0x0072CED2
0x8022E3B3,0x0072C420
0x0022EAA0,0x0072B970
0x0022F18F,0x0072AEC2
0x0022F880,0x0072A416
0x8022FF72,0x0072996B
0x80230666,0x00728EC2
0x00230D5B,0x0072841B
0x00231452,0x00727976
0x00231B4A,0x00726ED2
0x80232244,0x00726430
0x80232940,0x00725990
0x0023303D,0x00724EF2
0x0023373C,0x00724456
0x80233E3C,0x007239BB
0x8023453E,0x00722F22
0x80234C41,0x0072248B
0x00235346,0x007219F6
0x00235A4D,0x00720F63
0x80236155,0x007204D1
0x8023685F,0x0071FA41
0x00236F6A,0x0071EFB3
0x00237677,0x0071E527
0x00237D86,0x0071DA9C
0x80238496,0x0071D013
0x80238BA8,0x0071C58C
0x002392BB,0x0071BB07
0x002399D0,0x0071B084
0x0023A0E7,0x0071A602
0x8023A7FF,0x00719B82
0x8023AF19,0x00719104
0x0023B634,0x00718688
0x0023BD51,0x00717C0D
0x0023C470,0x00717194
0x8023CB90,0x0071671D
0x8023D2B2,0x00715CA8
0x0023D9D5,0x00715234
0x0023E0FA,0x007147C2
0x0023E821,0x00713D52
0x8023EF49,0x007132E4
0x8023F673,0x00712878
0x0023FD9E,0x00711E0D
0x002404CB,0x007113A4
0x80240BFA,0x0071093D
0x8024132A,0x0070FED8
0x80241A5C,0x0070F474
0x00242190,0x0070EA12
0x002428C5,0x0070DFB2
0x80242FFC,0x0070D554
0x80243734,0x0070CAF7
0x00243E6E,0x0070C09C
0x002445AA,0x0070B643
0x00244CE7,0x0070ABEC
0x80245426,0x0070A197
0x80245B67,0x00709743
0x002462A9,0x00708CF1
0x002469ED,0x007082A1
0x00247132,0x00707853
0x80247879,0x00706E06
0x80247FC2,0x007063BB
0x0024870C,0x00705972
0x00248E58,0x00704F2B
0x002495A6,0x007044E5
0x80249CF5,0x00703AA1
0x8024A446,0x0070305F
0x0024AB99,0x0070261F
0x0024B2ED,0x00701BE0
0x8024BA43,0x007011A3
0x8024C19B,0x00700768
0x8024C8F4,0x006FFD2F
0x0024D04F,0x006FF2F7
0x0024D7AC,0x006FE8C1
0x8024DF0A,0x006FDE8D
0x8024E66A,0x006FD45B
0x0024EDCC,0x006FCA2A
0x0024F52F,0x006FBFFB
0x0024FC94,0x006FB5CE
0x802503FB,0x006FABA3
0x80250B63,0x006FA17A
0x002512CD,0x006F9752
0x00251A39,0x006F8D2C
0x002521A6,0x006F8308
0x80252915,0x006F78E6
0x80253086,0x006F6EC5
0x002537F8,0x006F64A6
0x00253F6C,0x006F5A89
0x002546E2,0x006F506E
0x80254E59,0x006F4654
0x802555D2,0x006F3C3C
0x00255D4D,0x006F3226
0x002564C9,0x006F2811
0x00256C47,0x006F1DFE
0x802573C7,0x006F13ED
0x80257B48,0x006F09DE
0x002582CB,0x006EFFD0
0x00258A50,0x006EF5C4
0x802591D7,0x006EEBBA
0x8025995F,0x006EE1B2
0x8025A0E9,0x006ED7AB
0x0025A875,0x006ECDA6
0x0025B002,0x006EC3A3
0x8025B791,0x006EB9A2
0x8025BF22,0x006EAFA2
0x0025C6B4,0x006EA5A4
0x0025CE48,0x006E9BA8
0x0025D5DE,0x006E91AE
0x8025DD76,0x006E87B5
0x8025E50F,0x006E7DBE
0x0025ECAA,0x006E73C9
0x0025F447,0x006E69D6
0x0025FBE5,0x006E5FE4
0x80260385,0x006E55F4
0x80260B27,0x006E4C06
0x002612CB,0x006E421A
0x00261A70,0x006E382F
0x00262217,0x006E2E46
0x802629C0,0x006E245F
0x8026316B,0x006E1A79
0x00263917,0x006E1095
0x002640C5,0x006E06B3
0x80264875,0x006DFCD3
0x80265026,0x006DF2F4
0x802657D9,0x006DE917
0x00265F8E,0x006DDF3C
0x00266745,0x006DD563
0x80266EFD,0x006DCB8B
0x802676B7,0x006DC1B5
0x80267E73,0x006DB7E1
0x00268631,0x006DAE0E
0x00268DF0,0x006DA43D
0x802695B1,0x006D9A6E
0x80269D74,0x006D90A1
0x0026A539,0x006D86D5
0x0026ACFF,0x006D7D0B
0x0026B4C7,0x006D7343
0x8026BC91,0x006D697D
0x8026C45D,0x006D5FB8
0x0026CC2A,0x006D55F5
0x0026D3F9,0x006D4C34
0x0026DBCA,0x006D4274
0x8026E39D,0x006D38B6
0x8026EB71,0x006D2EFA
0x0026F347,0x006D2540
0x0026FB1F,0x006D1B87
0x002702F9,0x006D11D0
0x80270AD5,0x006D081B
0x802712B2,0x006CFE68
0x00271A91,0x006CF4B6
0x00272272,0x006CEB06
0x80272A55,0x006CE158
0x80273239,0x006CD7AB
0x80273A1F,0x006CCE00
0x00274207,0x006CC457
0x002749F1,0x006CBAB0
0x802751DD,0x006CB10A
0x802759CA,0x006CA766
0x002761B9,0x006C9DC4
0x002769AA,0x006C9423
0x0027719D,0x006C8A84
0x80277991,0x006C80E7
0x80278187,0x006C774C
0x0027897F,0x006C6DB2
0x00279179,0x006C641A
0x00279975,0x006C5A84
0x8027A172,0x006C50EF
0x8027A971,0x006C475C
0x0027B172,0x006C3DCB
0x0027B975,0x006C343C
0x0027C17A,0x006C2AAE
0x8027C980,0x006C2122
0x8027D188,0x006C1798
0x0027D992,0x006C0E0F
0x0027E19E,0x006C0488
0x8027E9AC,0x006BFB03
0x8027F1BC,0x006BF180
0x8027F9CD,0x006BE7FE
0x002801E0,0x006BDE7E
0x002809F5,0x006BD500
0x8028120C,0x006BCB83
0x80281A25,0x006BC208
0x8028223F,0x006BB88F
0x00282A5B,0x006BAF17
0x00283279,0x006BA5A1
0x80283A99,0x006B9C2D
0x802842BB,0x006B92BB
0x00284ADF,0x006B894A
0x00285304,0x006B7FDB
0x00285B2B,0x006B766E
0x80286354,0x006B6D02
0x80286B7F,0x006B6398
0x002873AC,0x006B5A30
0x00287BDB,0x006B50CA
0x0028840C,0x006B4765
0x80288C3E,0x006B3E02
0x80289472,0x006B34A1
0x00289CA8,0x006B2B41
0x0028A4E0,0x006B21E3
0x0028AD1A,0x006B1887
0x8028B556,0x006B0F2C
0x8028BD93,0x006B05D3
0x0028C5D2,0x006AFC7C
0x0028CE13,0x006AF327
0x0028D656,0x006AE9D3
0x8028DE9B,0x006AE081
0x8028E6E2,0x006AD731
0x0028EF2B,0x006ACDE2
0x0028F776,0x006AC495
0x8028FFC2,0x006ABB4A
0x80290810,0x006AB200
0x00291060,0x006AA8B8
0x002918B2,0x006A9F72
0x00292106,0x006A962D
0x8029295C,0x006A8CEA
0x802931B4,0x006A83A9
0x00293A0E,0x006A7A6A
0x00294269,0x006A712C
0x00294AC6,0x006A67F0
0x80295325,0x006A5EB6
0x80295B86,0x006A557D
0x002963E9,0x006A4C46
0x00296C4E,0x006A4311
0x002974B5,0x006A39DD
0x80297D1E,0x006A30AB
0x80298589,0x006A277B
0x00298DF5,0x006A1E4C
0x00299663,0x006A151F
0x00299ED3,0x006A0BF4
0x8029A745,0x006A02CB
0x8029AFB9,0x0069F9A3
0x0029B82F,0x0069F07D
0x0029C0A7,0x0069E759
0x8029C921,0x0069DE36
0x8029D19D,0x0069D515
0x8029DA1B,0x0069CBF6
0x0029E29B,0x0069C2D8
0x0029EB1C,0x0069B9BC
0x8029F39F,0x0069B0A2
0x8029FC24,0x0069A789
0x002A04AB,0x00699E72
0x002A0D34,0x0069955D
0x002A15BF,0x00698C49
0x802A1E4C,0x00698337
0x802A26DB,0x00697A27
0x002A2F6C,0x00697118
0x002A37FF,0x0069680B
0x002A4094,0x00695F00
0x802A492B,0x006955F6
0x802A51C4,0x00694CEE
0x002A5A5F,0x006943E8
0x002A62FB,0x00693AE4
0x002A6B99,0x006931E1
0x802A7439,0x006928E0
0x802A7CDB,0x00691FE1
0x002A857F,0x006916E3
0x002A8E25,0x00690DE7
0x002A96CD,0x006904ED
0x802A9F77,0x0068FBF4
0x802AA823,0x0068F2FD
0x002AB0D1,0x0068EA08
0x002AB981,0x0068E114
0x802AC233,0x0068D822
0x802ACAE7,0x0068CF32
0x802AD39D,0x0068C643
0x002ADC55,0x0068BD56
0x002AE50F,0x0068B46B
0x802AEDCB,0x0068AB81
0x802AF689,0x0068A299
0x002AFF49,0x006899B3
0x002B080B,0x006890CE
0x002B10CF,0x006887EB
0x802B1995,0x00687F0A
0x802B225D,0x0068762A
0x002B2B27,0x00686D4C
0x002B33F3,0x00686470
0x002B3CC1,0x00685B95
0x802B4591,0x006852BC
0x802B4E63,0x006849E5
0x002B5736,0x0068410F
0x002B600B,0x0068383B
0x002B68E2,0x00682F69
0x802B71BB,0x00682698
0x802B7A96,0x00681DC9
0x002B8373,0x006814FC
0x002B8C52,0x00680C30
0x802B9533,0x00680366
0x802B9E16,0x0067FA9E
0x802BA6FB,0x0067F1D7
0x002BAFE2,0x0067E912
0x002BB8CB,0x0067E04F
0x802BC1B6,0x0067D78D
0x802BCAA4,0x0067CECD
0x002BD394,0x0067C60F
0x002BDC86,0x0067BD52
0x002BE57A,0x0067B497
0x802BEE70,0x0067ABDE
0x802BF768,0x0067A326
0x002C0062,0x00679A70
0x002C095E,0x006791BC
0x002C125C,0x00678909
0x802C1B5C,0x00678058
0x802C245E,0x006777A9
0x002C2D62,0x00676EFB
0x002C3668,0x0067664F
0x002C3F70,0x00675DA5
0x802C487A,0x006754FC
0x802C5186,0x00674C55
0x002C5A94,0x006743B0
0x002C63A4,0x00673B0C
0x002C6CB6,0x0067326A
0x802C75CA,0x006729CA
0x802C7EE0,0x0067212B
0x002C87F8,0x0067188E
0x002C9112,0x00670FF3
0x802C9A2E,0x00670759
0x802CA34C,0x0066FEC1
0x802CAC6C,0x0066F62B
0x002CB58E,0x0066ED96
0x002CBEB2,0x0066E503
0x802CC7D9,0x0066DC72
0x802CD102,0x0066D3E2
0x002CDA2D,0x0066CB54
0x002CE35A,0x0066C2C7
0x002CEC89,0x0066BA3C
0x802CF5BA,0x0066B1B3
0x802CFEED,0x0066A92B
0x002D0822,0x0066A0A5
0x002D1159,0x00669821
0x002D1A92,0x00668F9E
0x802D23CD,0x0066871D
0x802D2D0A,0x00667E9E
0x002D3649,0x00667620
0x002D3F8B,0x00666DA4
0x002D48CF,0x0066652A
0x802D5215,0x00665CB1
0x802D5B5D,0x0066543A
0x002D64A7,0x00664BC5
0x002D6DF3,0x00664351
0x802D7741,0x00663ADF
0x802D8091,0x0066326F
0x802D89E3,0x00662A00
0x002D9337,0x00662193
0x002D9C8D,0x00661927
0x802DA5E6,0x006610BD
0x802DAF41,0x00660855
0x802DB89E,0x0065FFEE
0x002DC1FD,0x0065F789
0x002DCB5E,0x0065EF26
0x802DD4C1,0x0065E6C4
0x802DDE26,0x0065DE64
0x002DE78D,0x0065D606
0x002DF0F7,0x0065CDA9
0x002DFA63,0x0065C54E
0x802E03D1,0x0065BCF5
0x802E0D41,0x0065B49D
0x002E16B3,0x0065AC47
0x002E2027,0x0065A3F3
0x002E299D,0x00659BA0
0x802E3315,0x0065934F
0x802E3C90,0x00658AFF
0x002E460D,0x006582B1
0x002E4F8C,0x00657A65
0x002E590D,0x0065721A
0x802E6290,0x006569D1
0x802E6C15,0x0065618A
0x002E759C,0x00655944
0x002E7F26,0x00655100
0x802E88B2,0x006548BE
0x802E9240,0x0065407D
0x802E9BD0,0x0065383E
0x002EA562,0x00653000
0x002EAEF6,0x006527C4
0x802EB88C,0x00651F8A
0x802EC225,0x00651751
0x002ECBC0,0x00650F1A
0x002ED55D,0x006506E5
0x002EDEFC,0x0064FEB1
0x802EE89D,0x0064F67F
0x802EF240,0x0064EE4F
0x002EFBE6,0x0064E620
0x002F058E,0x0064DDF3
0x002F0F38,0x0064D5C8
0x802F18E4,0x0064CD9E
0x802F2292,0x0064C576
0x002F2C43,0x0064BD4F
0x002F35F6,0x0064B52A
0x002F3FAB,0x0064AD07
0x802F4962,0x0064A4E5
0x802F531B,0x00649CC5
0x002F5CD6,0x006494A7
0x002F6694,0x00648C8A
0x802F7054,0x0064846F
0x802F7A16,0x00647C55
0x802F83DA,0x0064743D
0x002F8DA0,0x00646C27
0x002F9769,0x00646412
0x802FA134,0x00645BFF
0x802FAB01,0x006453EE
0x802FB4D0,0x00644BDE
0x002FBEA1,0x006443D0
0x002FC875,0x00643BC4
0x802FD24B,0x006433B9
0x802FDC23,0x00642BB0
0x002FE5FD,0x006423A8
0x002FEFDA,0x00641BA2
0x002FF9B9,0x0064139E
0x8030039A,0x00640B9B
0x80300D7D,0x0064039A
0x00301762,0x0063FB9B
0x0030214A,0x0063F39D
0x00302B34,0x0063EBA1
0x80303520,0x0063E3A6
0x80303F0E,0x0063DBAD
0x003048FF,0x0063D3B6
0x003052F2,0x0063CBC0
0x00305CE7,0x0063C3CC
0x803066DE,0x0063BBDA
0x803070D8,0x0063B3E9
0x00307AD4,0x0063ABFA
0x003084D2,0x0063A40C
0x00308ED2,0x00639C20
0x803098D5,0x00639436
0x8030A2DA,0x00638C4D
0x0030ACE1,0x00638466
0x0030B6EA,0x00637C81
0x8030C0F6,0x0063749D
0x8030CB04,0x00636CBB
0x0030D514,0x006364DA
0x0030DF26,0x00635CFB
0x0030E93B,0x0063551E
0x8030F352,0x00634D42
0x8030FD6B,0x00634568
0x00310787,0x00633D90
0x003111A5,0x006335B9
0x00311BC5,0x00632DE4
0x803125E7,0x00632610
0x8031300C,0x00631E3E
0x00313A33,0x0063166E
0x0031445C,0x00630E9F
0x00314E88,0x006306D2
0x803158B6,0x0062FF07
0x803162E6,0x0062F73D
0x00316D18,0x0062EF75
0x0031774D,0x0062E7AE
0x00318184,0x0062DFE9
0x80318BBD,0x0062D826
0x803195F9,0x0062D064
0x0031A037,0x0062C8A4
0x0031AA77,0x0062C0E6
0x8031B4BA,0x0062B929
0x8031BEFF,0x0062B16E
0x8031C946,0x0062A9B4
0x0031D390,0x0062A1FC
0x0031DDDC,0x00629A46
0x8031E82A,0x00629291
0x8031F27A,0x00628ADE
0x0031FCCD,0x0062832C
0x00320722,0x00627B7C
0x00321179,0x006273CE
0x80321BD3,0x00626C21
0x8032262F,0x00626476
0x0032308D,0x00625CCD
0x00323AEE,0x00625525
0x00324551,0x00624D7F
0x80324FB6,0x006245DA
0x80325A1E,0x00623E37
0x00326488,0x00623696
0x00326EF5,0x00622EF6
0x00327964,0x00622758
0x803283D5,0x00621FBC
0x80328E49,0x00621821
0x003298BF,0x00621088
0x0032A337,0x006208F0
0x0032ADB2,0x0062015A
0x8032B82F,0x0061F9C6
0x8032C2AE,0x0061F233
0x0032CD30,0x0061EAA2
0x0032D7B4,0x0061E312
0x8032E23A,0x0061DB84
0x8032ECC3,0x0061D3F8
0x8032F74E,0x0061CC6D
0x003301DC,0x0061C4E4
0x00330C6C,0x0061BD5C
0x803316FE,0x0061B5D6
0x80332193,0x0061AE52
0x00332C2A,0x0061A6CF
0x003336C3,0x00619F4E
0x0033415F,0x006197CF
0x80334BFD,0x00619051
0x8033569E,0x006188D5
0x00336141,0x0061815A
0x00336BE6,0x006179E1
0x0033768E,0x0061726A
0x80338138,0x00616AF4
0x80338BE5,0x00616380
0x00339694,0x00615C0D
0x0033A145,0x0061549C
0x0033ABF9,0x00614D2D
0x8033B6AF,0x006145BF
0x8033C168,0x00613E53
0x0033CC23,0x006136E8
0x0033D6E1,0x00612F7F
0x8033E1A1,0x00612818
0x8033EC63,0x006120B2
0x8033F728,0x0061194E
0x003401EF,0x006111EC
0x00340CB9,0x00610A8B
0x80341785,0x0061032C
0x80342254,0x0060FBCE
0x00342D25,0x0060F472
0x003437F8,0x0060ED18
0x003442CE,0x0060E5BF
0x80344DA6,0x0060DE68
0x80345881,0x0060D712
0x0034635E,0x0060CFBE
0x00346E3E,0x0060C86C
0x00347920,0x0060C11B
0x80348404,0x0060B9CC
0x80348EEB,0x0060B27E
0x003499D4,0x0060AB32
0x0034A4C0,0x0060A3E8
0x0034AFAE,0x00609C9F
0x8034BA9F,0x00609558
0x8034C592,0x00608E12
0x0034D088,0x006086CE
0x0034DB80,0x00607F8C
0x0034E67B,0x0060784B
0x8034F178,0x0060710C
0x8034FC78,0x006069CE
0x0035077A,0x00606292
0x0035127F,0x00605B58
0x80351D86,0x0060541F
0x80352890,0x00604CE8
0x8035339C,0x006045B2
0x00353EAA,0x00603E7E
0x003549BB,0x0060374C
0x803554CE,0x0060301B
0x80355FE4,0x006028EC
0x00356AFC,0x006021BE
0x00357617,0x00601A92
0x00358134,0x00601368
0x80358C54,0x00600C3F
0x80359776,0x00600518
0x0035A29B,0x005FFDF2
0x0035ADC2,0x005FF6CE
0x0035B8EC,0x005FEFAC
0x8035C419,0x005FE88B
0x8035CF48,0x005FE16C
0x0035DA7A,0x005FDA4E
0x0035E5AE,0x005FD332
0x0035F0E5,0x005FCC18
0x8035FC1E,0x005FC4FF
0x8036075A,0x005FBDE8
0x00361298,0x005FB6D2
0x00361DD9,0x005FAFBE
0x8036291C,0x005FA8AC
0x80363462,0x005FA19B
0x80363FAA,0x005F9A8C
0x00364AF5,0x005F937E
0x00365642,0x005F8C72
0x80366192,0x005F8568
0x80366CE4,0x005F7E5F
0x80367839,0x005F7758
0x00368391,0x005F7052
0x00368EEB,0x005F694E
0x80369A48,0x005F624C
0x8036A5A7,0x005F5B4B
0x0036B109,0x005F544C
0x0036BC6D,0x005F4D4E
0x0036C7D4,0x005F4652
0x8036D33E,0x005F3F58
0x8036DEAA,0x005F385F
0x0036EA19,0x005F3168
0x0036F58A,0x005F2A72
0x003700FE,0x005F237E
0x80370C74,0x005F1C8C
0x803717ED,0x005F159B
0x00372369,0x005F0EAC
0x00372EE7,0x005F07BE
0x00373A68,0x005F00D2
0x803745EB,0x005EF9E8
0x80375171,0x005EF2FF
0x00375CF9,0x005EEC18
0x00376884,0x005EE532
0x00377412,0x005EDE4E
0x80377FA2,0x005ED76C
0x80378B35,0x005ED08B
0x003796CA,0x005EC9AC
0x0037A262,0x005EC2CE
0x8037ADFD,0x005EBBF2
0x8037B99A,0x005EB518
0x0037C53A,0x005EAE3F
0x0037D0DD,0x005EA768
0x0037DC82,0x005EA092
0x8037E82A,0x005E99BE
0x8037F3D4,0x005E92EC
0x0037FF81,0x005E8C1B
0x00380B31,0x005E854C
0x003816E3,0x005E7E7E
0x80382298,0x005E77B2
0x80382E50,0x005E70E8
0x00383A0A,0x005E6A1F
0x003845C7,0x005E6358
0x00385186,0x005E5C92
0x80385D48,0x005E55CE
0x8038690D,0x005E4F0C
0x003874D4,0x005E484B
0x0038809E,0x005E418C
0x00388C6B,0x005E3ACE
0x8038983A,0x005E3412
0x8038A40C,0x005E2D58
0x0038AFE1,0x005E269F
0x0038BBB8,0x005E1FE8
0x8038C792,0x005E1932
0x8038D36F,0x005E127E
0x8038DF4E,0x005E0BCB
0x0038EB30,0x005E051A
0x0038F715,0x005DFE6B
0x803902FC,0x005DF7BD
0x80390EE6,0x005DF111
0x00391AD3,0x005DEA66
0x003926C2,0x005DE3BD
0x003932B4,0x005DDD16
0x80393EA9,0x005DD670
0x80394AA0,0x005DCFCC
0x0039569A,0x005DC929
0x00396297,0x005DC288
0x00396E97,0x005DBBE9
0x80397A99,0x005DB54B
0x8039869E,0x005DAEAF
0x003992A6,0x005DA814
0x00399EB0,0x005DA17B
0x0039AABD,0x005D9AE4
0x8039B6CD,0x005D944E
0x8039C2E0,0x005D8DBA
0x0039CEF5,0x005D8727
0x0039DB0D,0x005D8096
0x0039E728,0x005D7A07
0x8039F345,0x005D7379
0x8039FF65,0x005D6CED
0x003A0B88,0x005D6662
0x003A17AE,0x005D5FD9
0x803A23D6,0x005D5951
0x803A3001,0x005D52CB
0x003A3C2F,0x005D4C47
0x003A4860,0x005D45C4
0x003A5493,0x005D3F43
0x803A60C9,0x005D38C3
0x803A6D02,0x005D3245
0x003A793D,0x005D2BC9
0x003A857B,0x005D254E
0x003A91BC,0x005D1ED5
0x803A9E00,0x005D185D
0x803AAA47,0x005D11E7
0x003AB690,0x005D0B73
0x003AC2DC,0x005D0500
0x003ACF2B,0x005CFE8F
0x803ADB7D,0x005CF81F
0x803AE7D1,0x005CF1B1
0x003AF428,0x005CEB45
0x003B0082,0x005CE4DA
0x003B0CDF,0x005CDE71
0x803B193E,0x005CD809
0x803B25A0,0x005CD1A3
0x003B3205,0x005CCB3E
0x003B3E6D,0x005CC4DB
0x803B4AD8,0x005CBE7A
0x803B5745,0x005CB81A
0x803B63B5,0x005CB1BC
0x003B7028,0x005CAB5F
0x003B7C9E,0x005CA504
0x803B8917,0x005C9EAB
0x803B9592,0x005C9853
0x003BA210,0x005C91FD
0x003BAE91,0x005C8BA8
0x003BBB15,0x005C8555
0x803BC79C,0x005C7F04
0x803BD425,0x005C78B4
0x003BE0B1,0x005C7266
0x003BED40,0x005C6C19
0x003BF9D2,0x005C65CE
0x803C0667,0x005C5F84
0x803C12FF,0x005C593C
0x003C1F99,0x005C52F6
0x003C2C36,0x005C4CB1
0x003C38D6,0x005C466E
0x803C4579,0x005C402C
0x803C521F,0x005C39EC
0x003C5EC8,0x005C33AE
0x003C6B73,0x005C2D71
0x003C7821,0x005C2736
0x803C84D2,0x005C20FC
0x803C9186,0x005C1AC4
0x003C9E3D,0x005C148E
0x003CAAF7,0x005C0E59
0x803CB7B4,0x005C0826
0x803CC473,0x005C01F4
0x803CD135,0x005BFBC4
0x003CDDFA,0x005BF596
0x003CEAC2,0x005BEF69
0x803CF78D,0x005BE93E
0x803D045B,0x005BE314
0x003D112C,0x005BDCEC
0x003D1DFF,0x005BD6C5
0x003D2AD5,0x005BD0A0
0x803D37AE,0x005BCA7D
0x803D448A,0x005BC45B
0x003D5169,0x005BBE3B
0x003D5E4B,0x005BB81C
0x003D6B30,0x005BB1FF
0x803D7818,0x005BABE4
0x803D8503,0x005BA5CA
0x003D91F1,0x005B9FB2
0x003D9EE1,0x005B999B
0x003DABD4,0x005B9386
0x803DB8CA,0x005B8D73
0x803DC5C3,0x005B8761
0x003DD2BF,0x005B8151
0x003DDFBE,0x005B7B42
0x803DECC0,0x005B7535
0x803DF9C5,0x005B6F29
0x803E06CD,0x005B691F
0x003E13D8,0x005B6317
0x003E20E6,0x005B5D10
0x803E2DF7,0x005B570B
0x803E3B0A,0x005B5107
0x003E4820,0x005B4B05
0x003E5539,0x005B4505
0x003E6255,0x005B3F06
0x803E6F74,0x005B3909
0x803E7C96,0x005B330D
0x003E89BB,0x005B2D13
0x003E96E3,0x005B271B
0x003EA40E,0x005B2124
0x803EB13C,0x005B1B2F
0x803EBE6D,0x005B153B
0x003ECBA1,0x005B0F49
0x003ED8D8,0x005B0959
0x003EE612,0x005B036A
0x803EF34F,0x005AFD7D
0x803F008F,0x005AF791
0x003F0DD2,0x005AF1A7
0x003F1B18,0x005AEBBE
0x003F2861,0x005AE5D7
0x803F35AD,0x005ADFF2
0x803F42FC,0x005ADA0E
0x003F504E,0x005AD42C
0x003F5DA3,0x005ACE4B
0x803F6AFB,0x005AC86C
0x803F7856,0x005AC28F
0x803F85B4,0x005ABCB3
0x003F9315,0x005AB6D9
0x003FA079,0x005AB100
0x803FADE0,0x005AAB29
0x803FBB4A,0x005AA554
0x003FC8B7,0x005A9F80
0x003FD627,0x005A99AE
0x003FE39A,0x005A93DD
0x803FF110,0x005A8E0E
0x803FFE89,0x005A8841
0x00400C05,0x005A8275
0x00401984,0x005A7CAB
0x00402706,0x005A76E2
0x8040348B,0x005A711B
0x80404213,0x005A6B55
0x00404F9E,0x005A6591
0x00405D2C,0x005A5FCF
0x00406ABD,0x005A5A0E
0x80407851,0x005A544F
0x804085E8,0x005A4E91
0x00409382,0x005A48D5
0x0040A11F,0x005A431B
0x8040AEBF,0x005A3D62
0x8040BC62,0x005A37AB
0x8040CA08,0x005A31F5
0x0040D7B1,0x005A2C41
0x0040E55E,0x005A268F
0x8040F30E,0x005A20DE
0x804100C1,0x005A1B2F
0x80410E77,0x005A1581
0x00411C30,0x005A0FD5
0x004129EC,0x005A0A2B
0x804137AB,0x005A0482
0x8041456D,0x0059FEDB
0x00415332,0x0059F935
0x004160FA,0x0059F391
0x00416EC5,0x0059EDEF
0x80417C93,0x0059E84E
0x80418A65,0x0059E2AF
0x0041983A,0x0059DD11
0x0041A612,0x0059D775
0x0041B3ED,0x0059D1DA
0x8041C1CB,0x0059CC41
0x8041CFAC,0x0059C6AA
0x0041DD90,0x0059C114
0x0041EB77,0x0059BB80
0x8041F961,0x0059B5ED
0x8042074F,0x0059B05C
0x80421540,0x0059AACD
0x00422334,0x0059A53F
0x0042312B,0x00599FB3
0x00423F25,0x00599A28
0x80424D22,0x0059949F
0x80425B22,0x00598F18
0x00426925,0x00598992
0x0042772C,0x0059840E
0x80428536,0x00597E8B
0x80429343,0x0059790A
0x0042A153,0x0059738B
0x0042AF66,0x00596E0D
0x0042BD7C,0x00596891
0x8042CB96,0x00596316
0x8042D9B3,0x00595D9D
0x0042E7D3,0x00595826
0x0042F5F6,0x005952B0
0x0043041C,0x00594D3C
0x80431245,0x005947C9
0x80432072,0x00594258
0x00432EA2,0x00593CE9
0x00433CD5,0x0059377B
0x00434B0B,0x0059320F
0x80435944,0x00592CA4
0x80436780,0x0059273B
0x004375C0,0x005921D4
0x00438403,0x00591C6E
0x00439249,0x0059170A
0x8043A092,0x005911A7
0x8043AEDE,0x00590C46
0x0043BD2E,0x005906E7
0x0043CB81,0x00590189
0x8043D9D7,0x0058FC2D
0x8043E830,0x0058F6D2
0x8043F68D,0x0058F179
0x004404ED,0x0058EC22
0x00441350,0x0058E6CC
0x804421B6,0x0058E178
0x8044301F,0x0058DC25
0x00443E8C,0x0058D6D4
0x00444CFC,0x0058D185
0x00445B6F,0x0058CC37
0x804469E5,0x0058C6EB
0x8044785F,0x0058C1A0
0x004486DC,0x0058BC57
0x0044955C,0x0058B710
0x0044A3DF,0x0058B1CA
0x8044B266,0x0058AC86
0x8044C0F0,0x0058A743
0x0044CF7D,0x0058A202
0x0044DE0D,0x00589CC3
0x0044ECA1,0x00589785
0x8044FB38,0x00589249
0x804509D2,0x00588D0E
0x0045186F,0x005887D5
0x00452710,0x0058829E
0x004535B4,0x00587D68
0x8045445B,0x00587834
0x80455306,0x00587301
0x004561B4,0x00586DD0
0x00457065,0x005868A1
0x80457F19,0x00586373
0x80458DD1,0x00585E47
0x00459C8C,0x0058591C
0x0045AB4A,0x005853F3
0x0045BA0C,0x00584ECC
0x8045C8D1,0x005849A6
0x8045D799,0x00584482
0x0045E665,0x00583F5F
0x0045F534,0x00583A3E
0x00460406,0x0058351F
0x804612DB,0x00583001
0x804621B4,0x00582AE5
0x00463090,0x005825CA
0x00463F6F,0x005820B1
0x00464E52,0x00581B9A
0x80465D38,0x00581684
0x80466C21,0x00581170
0x00467B0E,0x00580C5D
0x004689FE,0x0058074C
0x004698F1,0x0058023D
0x8046A7E8,0x0057FD2F
0x8046B6E2,0x0057F823
0x0046C5E0,0x0057F318
0x0046D4E1,0x0057EE0F
0x8046E3E5,0x0057E908
0x8046F2ED,0x0057E402
0x804701F8,0x0057DEFE
0x00471106,0x0057D9FB
0x00472018,0x0057D4FA
0x80472F2D,0x0057CFFB
0x80473E45,0x0057CAFD
0x00474D61,0x0057C601
0x00475C80,0x0057C107
0x00476BA3,0x0057BC0E
0x80477AC9,0x0057B717
0x804789F2,0x0057B221
0x0047991F,0x0057AD2D
0x0047A84F,0x0057A83B
0x0047B783,0x0057A34A
0x8047C6BA,0x00579E5B
0x8047D5F4,0x0057996D
0x0047E532,0x00579481
0x0047F473,0x00578F97
0x004803B8,0x00578AAE
0x80481300,0x005785C7
0x8048224B,0x005780E1
0x0048319A,0x00577BFD
0x004840EC,0x0057771B
0x00485042,0x0057723A
0x80485F9B,0x00576D5B
0x80486EF8,0x0057687E
0x00487E58,0x005763A2
0x00488DBB,0x00575EC8
0x80489D22,0x005759EF
0x8048AC8C,0x00575518
0x8048BBFA,0x00575043
0x0048CB6B,0x00574B6F
0x0048DAE0,0x0057469D
0x8048EA58,0x005741CC
0x8048F9D4,0x00573CFD
0x00490953,0x00573830
0x004918D6,0x00573364
0x0049285C,0x00572E9A
0x804937E6,0x005729D2
0x80494773,0x0057250B
0x00495703,0x00572046
0x00496697,0x00571B82
0x0049762E,0x005716C0
0x804985C9,0x00571200
0x80499567,0x00570D41
0x0049A509,0x00570884
0x0049B4AE,0x005703C8
0x0049C457,0x0056FF0E
0x8049D403,0x0056FA56
0x8049E3B3,0x0056F59F
0x0049F366,0x0056F0EA
0x004A031D,0x0056EC37
0x804A12D7,0x0056E785
0x804A2295,0x0056E2D5
0x804A3256,0x0056DE26
0x004A421B,0x0056D979
0x004A51E4,0x0056D4CE
0x804A61B0,0x0056D024
0x804A7180,0x0056CB7C
0x004A8153,0x0056C6D6
0x004A912A,0x0056C231
0x004AA104,0x0056BD8E
0x804AB0E2,0x0056B8EC
0x804AC0C3,0x0056B44C
0x004AD0A8,0x0056AFAE
0x004AE090,0x0056AB11
0x004AF07C,0x0056A676
0x804B006C,0x0056A1DD
0x804B105F,0x00569D45
0x004B2056,0x005698AF
0x004B3050,0x0056941A
0x004B404E,0x00568F87
0x804B504F,0x00568AF6
0x804B6054,0x00568666
0x004B705D,0x005681D8
0x004B8069,0x00567D4C
0x804B9079,0x005678C1
0x804BA08C,0x00567438
0x804BB0A3,0x00566FB0
0x004BC0BD,0x00566B2A
0x004BD0DB,0x005666A6
0x804BE0FD,0x00566223
0x804BF122,0x00565DA2
0x804C014B,0x00565923
0x004C1177,0x005654A5
0x004C21A7,0x00565029
0x804C31DB,0x00564BAE
0x804C4212,0x00564735
0x004C524D,0x005642BE
0x004C628C,0x00563E48
0x004C72CE,0x005639D4
0x804C8314,0x00563562
0x804C935D,0x005630F1
0x004CA3AA,0x00562C82
0x004CB3FB,0x00562814
0x004CC44F,0x005623A8
0x804CD4A7,0x00561F3E
0x804CE503,0x00561AD5
0x004CF562,0x0056166E
0x004D05C5,0x00561209
0x004D162C,0x00560DA5
0x804D2696,0x00560943
0x804D3704,0x005604E3
0x004D4776,0x00560084
0x004D57EB,0x0055FC27
0x804D6864,0x0055F7CB
0x804D78E1,0x0055F371
0x804D8961,0x0055EF19
0x004D99E5,0x0055EAC2
0x004DAA6D,0x0055E66D
0x804DBAF8,0x0055E21A
0x804DCB87,0x0055DDC8
0x804DDC1A,0x0055D978
0x004DECB0,0x0055D52A
0x004DFD4A,0x0055D0DD
0x804E0DE8,0x0055CC92
0x804E1E8A,0x0055C848
0x004E2F2F,0x0055C400
0x004E3FD8,0x0055BFBA
0x004E5085,0x0055BB75
0x804E6135,0x0055B732
0x804E71E9,0x0055B2F1
0x004E82A1,0x0055AEB1
0x004E935D,0x0055AA73
0x004EA41C,0x0055A637
0x804EB4DF,0x0055A1FC
0x804EC5A6,0x00559DC3
0x004ED671,0x0055998C
0x004EE73F,0x00559556
0x804EF811,0x00559122
0x804F08E7,0x00558CEF
0x804F19C1,0x005588BE
0x004F2A9E,0x0055848F
0x004F3B7F,0x00558061
0x004F4C64,0x00557C35
0x804F5D4D,0x0055780B
0x804F6E39,0x005573E2
0x004F7F29,0x00556FBB
0x004F901D,0x00556B96
0x804FA115,0x00556772
0x804FB211,0x00556350
0x004FC310,0x00555F30
0x004FD413,0x00555B11
0x004FE51A,0x005556F4
0x804FF625,0x005552D9
0x80500734,0x00554EBF
0x00501846,0x00554AA7
0x0050295C,0x00554691
0x00503A76,0x0055427C
0x80504B94,0x00553E69
0x80505CB6,0x00553A57
0x00506DDB,0x00553647
0x00507F04,0x00553239
0x00509031,0x00552E2C
0x8050A162,0x00552A21
0x8050B297,0x00552618
0x0050C3D0,0x00552210
0x0050D50C,0x00551E0A
0x0050E64C,0x00551A06
0x8050F790,0x00551603
0x805108D8,0x00551202
0x00511A24,0x00550E03
0x00512B74,0x00550A05
0x80513CC7,0x00550609
0x80514E1E,0x0055020F
0x80515F79,0x0054FE16
0x005170D8,0x0054FA1F
0x0051823B,0x0054F62A
0x805193A2,0x0054F236
0x8051A50D,0x0054EE44
0x0051B67C,0x0054EA54
0x0051C7EE,0x0054E665
0x0051D964,0x0054E278
0x8051EADE,0x0054DE8D
0x8051FC5C,0x0054DAA3
0x00520DDE,0x0054D6BB
0x00521F64,0x0054D2D5
0x005230EE,0x0054CEF0
0x8052427C,0x0054CB0D
0x8052540E,0x0054C72C
0x005265A4,0x0054C34C
0x0052773D,0x0054BF6E
0x005288DA,0x0054BB92
0x80529A7B,0x0054B7B7
0x8052AC20,0x0054B3DE
0x0052BDC9,0x0054B007
0x0052CF76,0x0054AC31
0x0052E127,0x0054A85D
0x8052F2DC,0x0054A48B
0x80530495,0x0054A0BA
0x00531652,0x00549CEB
0x00532813,0x0054991E
0x805339D8,0x00549552
0x80534BA1,0x00549188
0x00535D6E,0x00548DC0
0x00536F3F,0x005489F9
0x00538114,0x00548634
0x805392ED,0x00548271
0x8053A4CA,0x00547EAF
0x0053B6AA,0x00547AEF
0x0053C88E,0x00547731
0x0053DA76,0x00547374
0x8053EC62,0x00546FB9
0x8053FE52,0x00546C00
0x00541046,0x00546848
0x0054223E,0x00546492
0x0054343A,0x005460DE
0x8054463A,0x00545D2B
0x8054583E,0x0054597A
0x00546A46,0x005455CB
0x00547C52,0x0054521E
0x00548E62,0x00544E72
0x8054A076,0x00544AC8
0x8054B28E,0x00544720
0x0054C4AA,0x00544379
0x0054D6CB,0x00543FD4
0x8054E8F0,0x00543C31
0x8054FB19,0x0054388F
0x80550D46,0x005434EF
0x00551F77,0x00543151
0x005531AC,0x00542DB4
0x805543E5,0x00542A19
0x80555622,0x00542680
0x00556863,0x005422E8
0x00557AA8,0x00541F52
0x00558CF1,0x00541BBE
0x80559F3E,0x0054182C
0x8055B18F,0x0054149B
0x0055C3E4,0x0054110C
0x0055D63D,0x00540D7F
0x0055E89A,0x005409F3
0x8055FAFB,0x00540669
0x80560D61,0x005402E1
0x00561FCB,0x0053FF5A
0x00563239,0x0053FBD5
0x005644AB,0x0053F852
0x80565721,0x0053F4D0
0x8056699B,0x0053F150
0x00567C19,0x0053EDD2
0x00568E9B,0x0053EA56
0x0056A121,0x0053E6DB
0x8056B3AB,0x0053E362
0x8056C63A,0x0053DFEB
0x0056D8CD,0x0053DC75
0x0056EB64,0x0053D901
0x8056FDFF,0x0053D58F
0x8057109E,0x0053D21E
0x80572341,0x0053CEAF
0x005735E8,0x0053CB42
0x00574893,0x0053C7D7
0x80575B43,0x0053C46D
0x80576DF7,0x0053C105
0x005780AF,0x0053BD9F
0x0057936B,0x0053BA3A
0x0057A62B,0x0053B6D7
0x8057B8EF,0x0053B376
0x8057CBB8,0x0053B016
0x0057DE85,0x0053ACB8
0x0057F156,0x0053A95C
0x0058042B,0x0053A602
0x80581704,0x0053A2A9
0x805829E1,0x00539F52
0x00583CC3,0x00539BFD
0x00584FA9,0x005398A9
0x00586293,0x00539557
0x80587581,0x00539207
0x80588873,0x00538EB9
0x00589B6A,0x00538B6C
0x0058AE65,0x00538821
0x8058C164,0x005384D8
0x8058D467,0x00538190
0x8058E76E,0x00537E4A
0x0058FA7A,0x00537B06
0x00590D8A,0x005377C4
0x8059209E,0x00537483
0x805933B6,0x00537144
0x005946D3,0x00536E07
0x005959F4,0x00536ACB
0x00596D19,0x00536791
0x80598042,0x00536459
0x80599370,0x00536123
0x0059A6A2,0x00535DEE
0x0059B9D8,0x00535ABB
0x0059CD12,0x0053578A
0x8059E051,0x0053545B
0x8059F394,0x0053512D
0x005A06DB,0x00534E01
0x005A1A26,0x00534AD7
0x005A2D76,0x005347AE
0x805A40CA,0x00534487
0x805A5422,0x00534162
0x005A677F,0x00533E3F
0x005A7AE0,0x00533B1D
0x805A8E45,0x005337FD
0x805AA1AE,0x005334DF
0x805AB51C,0x005331C3
0x005AC88E,0x00532EA8
0x005ADC04,0x00532B8F
0x805AEF7F,0x00532878
0x805B02FE,0x00532562
0x805B1681,0x0053224E
0x005B2A09,0x00531F3C
0x005B3D95,0x00531C2C
0x805B5125,0x0053191D
0x805B64BA,0x00531610
0x005B7853,0x00531305
0x005B8BF0,0x00530FFC
0x005B9F92,0x00530CF4
0x805BB338,0x005309EE
0x805BC6E2,0x005306EA
0x005BDA91,0x005303E8
0x005BEE44,0x005300E7
0x005C01FB,0x0052FDE8
0x805C15B7,0x0052FAEB
0x805C2977,0x0052F7F0
0x005C3D3C,0x0052F4F6
0x005C5105,0x0052F1FE
0x005C64D2,0x0052EF08
0x805C78A4,0x0052EC14
0x805C8C7A,0x0052E921
0x005CA055,0x0052E630
0x005CB434,0x0052E341
0x805CC817,0x0052E054
0x805CDBFF,0x0052DD68
0x805CEFEB,0x0052DA7E
0x005D03DC,0x0052D796
0x005D17D1,0x0052D4B0
0x805D2BCA,0x0052D1CB
0x805D3FC8,0x0052CEE8
0x805D53CA,0x0052CC07
0x005D67D1,0x0052C928
0x005D7BDC,0x0052C64A
0x805D8FEC,0x0052C36E
0x805DA400,0x0052C094
0x005DB818,0x0052BDBC
0x005DCC35,0x0052BAE5
0x005DE056,0x0052B810
0x805DF47C,0x0052B53D
0x805E08A6,0x0052B26C
0x005E1CD5,0x0052AF9C
0x005E3108,0x0052ACCE
0x005E4540,0x0052AA02
0x805E597C,0x0052A738
0x805E6DBD,0x0052A46F
0x005E8202,0x0052A1A8
0x005E964C,0x00529EE3
0x805EAA9A,0x00529C20
0x805EBEEC,0x0052995F
0x805ED343,0x0052969F
0x005EE79E,0x005293E1
0x005EFBFE,0x00529125
0x005F1062,0x00528E6B
0x805F24CB,0x00528BB2
0x805F3938,0x005288FB
0x005F4DAA,0x00528646
0x005F6221,0x00528393
0x805F769C,0x005280E2
0x805F8B1C,0x00527E32
0x005F9FA0,0x00527B84
0x005FB429,0x005278D8
0x005FC8B6,0x0052762E
0x805FDD48,0x00527385
0x805FF1DE,0x005270DE
0x00600679,0x00526E39
0x00601B18,0x00526B96
0x00602FBC,0x005268F5
0x80604464,0x00526655
0x80605911,0x005263B7
0x00606DC3,0x0052611B
0x00608279,0x00525E81
0x00609734,0x00525BE8
0x8060ABF3,0x00525951
0x8060C0B7,0x005256BC
0x0060D580,0x00525429
0x0060EA4D,0x00525198
0x0060FF1F,0x00524F08
0x806113F5,0x00524C7A
0x806128D0,0x005249EE
0x00613DAF,0x00524764
0x00615293,0x005244DC
0x8061677C,0x00524255
0x80617C69,0x00523FD0
0x8061915B,0x00523D4D
0x0061A652,0x00523ACC
0x0061BB4D,0x0052384D
0x8061D04D,0x005235CF
0x8061E551,0x00523353
0x0061FA5A,0x005230D9
0x00620F68,0x00522E61
0x0062247A,0x00522BEB
0x80623991,0x00522976
0x80624EAD,0x00522703
0x006263CD,0x00522492
0x006278F2,0x00522223
0x00628E1C,0x00521FB6
0x8062A34A,0x00521D4A
0x8062B87D,0x00521AE0
0x0062CDB5,0x00521878
0x0062E2F1,0x00521612
0x0062F832,0x005213AE
0x80630D78,0x0052114C
0x806322C2,0x00520EEB
0x00633811,0x00520C8C
0x00634D65,0x00520A2F
0x006362BE,0x005207D4
0x8063781B,0x0052057B
0x80638D7D,0x00520323
0x0063A2E4,0x005200CD
0x0063B84F,0x0051FE79
0x8063CDBF,0x0051FC27
0x8063E334,0x0051F9D7
0x0063F8AE,0x0051F789
0x00640E2C,0x0051F53C
0x006423AF,0x0051F2F1
0x80643937,0x0051F0A8
0x80644EC3,0x0051EE61
0x00646454,0x0051EC1C
0x006479EA,0x0051E9D9
0x00648F85,0x0051E797
0x8064A525,0x0051E557
0x8064BAC9,0x0051E319
0x0064D072,0x0051E0DD
0x0064E620,0x0051DEA3
0x0064FBD3,0x0051DC6B
0x8065118A,0x0051DA34
0x80652746,0x0051D7FF
0x00653D07,0x0051D5CC
0x006552CD,0x0051D39B
0x00656898,0x0051D16C
0x80657E67,0x0051CF3F
0x8065943B,0x0051CD13
0x0065AA14,0x0051CAE9
0x0065BFF2,0x0051C8C1
0x8065D5D5,0x0051C69B
0x8065EBBC,0x0051C477
0x806601A8,0x0051C255
0x00661799,0x0051C034
0x00662D8F,0x0051BE15
0x8066438A,0x0051BBF8
0x8066598A,0x0051B9DD
0x00666F8E,0x0051B7C4
0x00668597,0x0051B5AD
0x00669BA5,0x0051B398
0x8066B1B8,0x0051B184
0x8066C7D0,0x0051AF72
0x0066DDED,0x0051AD62
0x0066F40E,0x0051AB54
0x00670A34,0x0051A948
0x8067205F,0x0051A73E
0x8067368F,0x0051A536
0x00674CC4,0x0051A32F
0x006762FE,0x0051A12A
0x0067793D,0x00519F27
0x80678F81,0x00519D26
0x8067A5CA,0x00519B27
0x0067BC17,0x0051992A
0x0067D269,0x0051972F
0x8067E8C0,0x00519535
0x8067FF1C,0x0051933D
0x8068157D,0x00519147
0x00682BE3,0x00518F53
0x0068424E,0x00518D61
0x806858BE,0x00518B71
0x80686F33,0x00518983
0x806885AD,0x00518797
0x00689C2C,0x005185AC
0x0068B2B0,0x005183C3
0x8068C939,0x005181DC
0x8068DFC6,0x00517FF7
0x0068F658,0x00517E14
0x00690CEF,0x00517C33
0x0069238B,0x00517A54
0x80693A2C,0x00517877
0x806950D2,0x0051769C
0x0069677D,0x005174C2
0x00697E2D,0x005172EA
0x006994E2,0x00517114
0x8069AB9C,0x00516F40
0x8069C25B,0x00516D6E
0x0069D91F,0x00516B9E
0x0069EFE8,0x005169D0
0x006A06B6,0x00516804
0x806A1D89,0x0051663A
0x806A3461,0x00516471
0x006A4B3E,0x005162AA
0x006A6220,0x005160E5
0x806A7907,0x00515F22
0x806A8FF3,0x00515D61
0x806AA6E4,0x00515BA2
0x006ABDDA,0x005159E5
0x006AD4D5,0x0051582A
0x806AEBD5,0x00515671
0x806B02DA,0x005154BA
0x006B19E4,0x00515305
0x006B30F4,0x00515151
0x006B4809,0x00514F9F
0x806B5F23,0x00514DEF
0x806B7642,0x00514C41
0x006B8D66,0x00514A95
0x006BA48F,0x005148EB
0x006BBBBD,0x00514743
0x806BD2F0,0x0051459D
0x806BEA28,0x005143F9
0x006C0165,0x00514257
0x006C18A7,0x005140B7
0x006C2FEE,0x00513F18
0x806C473A,0x00513D7B
0x806C5E8C,0x00513BE0
0x006C75E3,0x00513A47
0x006C8D3F,0x005138B0
0x806CA4A0,0x0051371B
0x806CBC06,0x00513588
0x806CD371,0x005133F7
0x006CEAE1,0x00513268
0x006D0256,0x005130DB
0x806D19D1,0x00512F50
0x806D3151,0x00512DC7
0x806D48D6,0x00512C40
0x006D6060,0x00512ABB
0x006D77EF,0x00512938
0x806D8F83,0x005127B6
0x806DA71C,0x00512636
0x006DBEBB,0x005124B8
0x006DD65F,0x0051233C
0x006DEE08,0x005121C2
0x806E05B6,0x0051204A
0x806E1D69,0x00511ED4
0x006E3522,0x00511D60
0x006E4CE0,0x00511BEE
0x006E64A3,0x00511A7E
0x806E7C6B,0x00511910
0x806E9438,0x005117A4
0x006EAC0B,0x0051163A
0x006EC3E3,0x005114D2
0x006EDBC0,0x0051136C
0x806EF3A2,0x00511208
0x806F0B89,0x005110A6
0x006F2376,0x00510F46
0x006F3B68,0x00510DE8
0x006F535F,0x00510C8C
0x806F6B5B,0x00510B32
0x806F835D,0x005109DA
0x006F9B64,0x00510883
0x006FB370,0x0051072E
0x806FCB81,0x005105DB
0x806FE398,0x0051048A
0x806FFBB4,0x0051033B
0x007013D5,0x005101EE
0x00702BFB,0x005100A3
0x80704427,0x0050FF5A
0x80705C58,0x0050FE13
0x0070748E,0x0050FCCE
0x00708CCA,0x0050FB8B
0x0070A50B,0x0050FA4A
0x8070BD51,0x0050F90B
0x8070D59C,0x0050F7CE
0x0070EDED,0x0050F693
0x00710643,0x0050F55A
0x00711E9E,0x0050F423
0x807136FF,0x0050F2EE
0x80714F65,0x0050F1BB
0x007167D0,0x0050F08A
0x00718041,0x0050EF5B
0x007198B7,0x0050EE2E
0x8071B132,0x0050ED03
0x8071C9B3,0x0050EBDA
0x0071E239,0x0050EAB3
0x0071FAC4,0x0050E98E
0x00721355,0x0050E86B
0x80722BEB,0x0050E74A
0x80724486,0x0050E62B
0x00725D27,0x0050E50E
0x007275CD,0x0050E3F3
0x80728E79,0x0050E2DA
0x8072A72A,0x0050E1C3
0x0072BFE0,0x0050E0AE
0x0072D89C,0x0050DF9B
0x0072F15D,0x0050DE8A
0x80730A24,0x0050DD7B
0x807322F0,0x0050DC6E
0x00733BC1,0x0050DB63
0x00735498,0x0050DA5A
0x00736D74,0x0050D953
0x80738656,0x0050D84E
0x80739F3D,0x0050D74B
0x0073B829,0x0050D64A
0x0073D11B,0x0050D54B
0x0073EA12,0x0050D44E
0x8074030F,0x0050D353
0x80741C11,0x0050D25A
0x00743519,0x0050D163
0x00744E26,0x0050D06F
0x00746739,0x0050CF7D
0x80748051,0x0050CE8D
0x8074996E,0x0050CD9F
0x0074B291,0x0050CCB3
0x0074CBB9,0x0050CBC9
0x8074E4E7,0x0050CAE1
0x8074FE1A,0x0050C9FB
0x80751753,0x0050C917
0x00753091,0x0050C835
0x007549D5,0x0050C755
0x8075631E,0x0050C677
0x80757C6D,0x0050C59B
0x007595C1,0x0050C4C1
0x0075AF1B,0x0050C3E9
0x0075C87A,0x0050C313
0x8075E1DF,0x0050C23F
0x8075FB49,0x0050C16D
0x007614B9,0x0050C09D
0x00762E2E,0x0050BFCF
0x007647A9,0x0050BF04
0x8076612A,0x0050BE3B
0x80767AB0,0x0050BD74
0x0076943C,0x0050BCAF
0x0076ADCD,0x0050BBEC
0x0076C764,0x0050BB2B
0x8076E100,0x0050BA6C
0x8076FAA2,0x0050B9AF
0x00771449,0x0050B8F4
0x00772DF6,0x0050B83B
0x807747A9,0x0050B784
0x80776161,0x0050B6CF
0x80777B1F,0x0050B61C
0x007794E2,0x0050B56B
0x0077AEAB,0x0050B4BD
0x8077C87A,0x0050B411
0x8077E24E,0x0050B367
0x0077FC28,0x0050B2BF
0x00781607,0x0050B219
0x00782FEC,0x0050B175
0x807849D7,0x0050B0D3
0x807863C7,0x0050B033
0x00787DBD,0x0050AF95
0x007897B9,0x0050AEF9
0x0078B1BA,0x0050AE60
0x8078CBC1,0x0050ADC9
0x8078E5CD,0x0050AD34
0x0078FFDF,0x0050ACA1
0x007919F7,0x0050AC10
0x00793414,0x0050AB81
0x80794E37,0x0050AAF4
0x80796860,0x0050AA69
0x0079828E,0x0050A9E0
0x00799CC2,0x0050A959
0x0079B6FC,0x0050A8D5
0x8079D13B,0x0050A853
0x8079EB80,0x0050A7D3
0x007A05CB,0x0050A755
0x007A201C,0x0050A6D9
0x807A3A72,0x0050A65F
0x807A54CE,0x0050A5E7
0x807A6F30,0x0050A571
0x007A8997,0x0050A4FE
0x007AA404,0x0050A48D
0x807ABE77,0x0050A41E
0x807AD8F0,0x0050A3B1
0x007AF36E,0x0050A346
0x007B0DF2,0x0050A2DD
0x007B287C,0x0050A276
0x807B430C,0x0050A212
0x807B5DA1,0x0050A1B0
0x007B783C,0x0050A150
0x007B92DD,0x0050A0F2
0x007BAD84,0x0050A096
0x807BC830,0x0050A03C
0x807BE2E2,0x00509FE4
0x007BFD9A,0x00509F8F
0x007C1858,0x00509F3C
0x007C331B,0x00509EEB
0x807C4DE4,0x00509E9C
0x807C68B3,0x00509E4F
0x007C8388,0x00509E04
0x007C9E63,0x00509DBC
0x807CB943,0x00509D76
0x807CD429,0x00509D32
0x807CEF15,0x00509CF0
0x007D0A07,0x00509CB0
0x007D24FF,0x00509C72
0x807D3FFD,0x00509C37
0x807D5B00,0x00509BFE
0x807D7609,0x00509BC7
0x007D9118,0x00509B92
0x007DAC2D,0x00509B5F
0x807DC748,0x00509B2E
0x807DE269,0x00509B00
0x007DFD90,0x00509AD4
0x007E18BC,0x00509AAA
0x007E33EE,0x00509A82
0x807E4F26,0x00509A5C
0x807E6A64,0x00509A39
0x007E85A8,0x00509A18
0x007EA0F2,0x005099F9
0x007EBC42,0x005099DC
0x807ED798,0x005099C1
0x807EF2F4,0x005099A9
0x007F0E55,0x00509993
0x007F29BC,0x0050997F
0x007F4529,0x0050996D
0x807F609C,0x0050995D
0x807F7C15,0x00509950
0x007F9794,0x00509945
0x007FB319,0x0050993C
0x807FCEA4,0x00509935
0x807FEA35,0x00509931
0x808005CC,0x0050992F
0x00802169,0x0050992F
0x00803D0C,0x00509931
0x808058B5,0x00509935
0x80807464,0x0050993C
0x00809019,0x00509945
0x0080ABD4,0x00509950
0x0080C795,0x0050995D
0x8080E35C,0x0050996D
0x8080FF29,0x0050997F
0x00811AFC,0x00509993
0x008136D5,0x005099A9
0x008152B4,0x005099C2
0x80816E99,0x005099DD
0x80818A84,0x005099FA
0x0081A675,0x00509A19
0x0081C26C,0x00509A3B
0x0081DE69,0x00509A5F
0x8081FA6C,0x00509A85
0x80821675,0x00509AAD
0x00823284,0x00509AD8
0x00824E99,0x00509B05
0x80826AB4,0x00509B34
0x808286D5,0x00509B65
0x8082A2FC,0x00509B99
0x0082BF29,0x00509BCF
0x0082DB5C,0x00509C07
0x0082F795,0x00509C41
0x808313D4,0x00509C7E
0x80833019,0x00509CBD
0x00834C64,0x00509CFE
0x008368B5,0x00509D42
0x8083850C,0x00509D88
0x8083A16A,0x00509DD0
0x0083BDCE,0x00509E1A
0x0083DA38,0x00509E67
0x0083F6A8,0x00509EB6
0x8084131E,0x00509F07
0x80842F9A,0x00509F5B
0x00844C1C,0x00509FB1
0x008468A4,0x0050A009
0x00848532,0x0050A063
0x8084A1C7,0x0050A0C0
0x8084BE62,0x0050A11F
0x0084DB03,0x0050A180
0x0084F7AA,0x0050A1E4
0x00851457,0x0050A24A
0x8085310A,0x0050A2B2
0x80854DC4,0x0050A31D
0x00856A84,0x0050A38A
0x0085874A,0x0050A3F9
0x0085A416,0x0050A46B
0x8085C0E8,0x0050A4DF
0x8085DDC0,0x0050A555
0x0085FA9F,0x0050A5CE
0x00861784,0x0050A649
0x8086346F,0x0050A6C6
0x80865160,0x0050A746
0x80866E57,0x0050A7C8
0x00868B55,0x0050A84C
0x0086A859,0x0050A8D3
0x8086C563,0x0050A95C
0x8086E273,0x0050A9E7
0x0086FF8A,0x0050AA75
0x00871CA7,0x0050AB05
0x008739CA,0x0050AB97
0x808756F3,0x0050AC2C
0x80877422,0x0050ACC3
0x00879158,0x0050AD5C
0x0087AE94,0x0050ADF8
0x0087CBD6,0x0050AE96
0x8087E91F,0x0050AF37
0x8088066E,0x0050AFDA
0x008823C3,0x0050B07F
0x0088411E,0x0050B127
0x00885E80,0x0050B1D1
0x80887BE8,0x0050B27D
0x80889956,0x0050B32C
0x0088B6CB,0x0050B3DD
0x0088D446,0x0050B491
0x0088F1C7,0x0050B547
0x80890F4E,0x0050B5FF
0x80892CDC,0x0050B6BA
0x00894A70,0x0050B777
0x0089680A,0x0050B836
0x808985AB,0x0050B8F8
0x8089A352,0x0050B9BC
0x0089C0FF,0x0050BA83
0x0089DEB3,0x0050BB4C
0x0089FC6D,0x0050BC17
0x808A1A2E,0x0050BCE5
0x808A37F5,0x0050BDB5
0x008A55C2,0x0050BE88
0x008A7396,0x0050BF5D
0x008A9170,0x0050C035
0x808AAF50,0x0050C10F
0x808ACD37,0x0050C1EB
0x008AEB24,0x0050C2CA
0x008B0918,0x0050C3AB
0x008B2712,0x0050C48F
0x808B4512,0x0050C575
0x808B6319,0x0050C65E
0x008B8126,0x0050C749
0x008B9F3A,0x0050C836
0x008BBD54,0x0050C926
0x808BDB74,0x0050CA18
0x808BF99B,0x0050CB0D
0x008C17C8,0x0050CC04
0x008C35FC,0x0050CCFE
0x808C5436,0x0050CDFA
0x808C7277,0x0050CEF9
0x808C90BE,0x0050CFFA
0x008CAF0B,0x0050D0FD
0x008CCD5F,0x0050D203
0x808CEBB9,0x0050D30B
0x808D0A1A,0x0050D416
0x008D2881,0x0050D523
0x008D46EF,0x0050D633
0x008D6563,0x0050D745
0x808D83DE,0x0050D85A
0x808DA25F,0x0050D971
0x008DC0E7,0x0050DA8B
0x008DDF75,0x0050DBA7
0x008DFE0A,0x0050DCC6
0x808E1CA5,0x0050DDE7
0x808E3B47,0x0050DF0B
0x008E59EF,0x0050E031
0x008E789E,0x0050E15A
0x008E9753,0x0050E285
0x808EB60F,0x0050E3B3
0x808ED4D2,0x0050E4E3
0x008EF39B,0x0050E616
0x008F126B,0x0050E74B
0x808F3141,0x0050E883
0x808F501E,0x0050E9BD
0x808F6F01,0x0050EAFA
0x008F8DEB,0x0050EC39
0x008FACDB,0x0050ED7B
0x808FCBD2,0x0050EEBF
0x808FEAD0,0x0050F006
0x009009D4,0x0050F14F
0x009028DF,0x0050F29B
0x009047F0,0x0050F3E9
0x80906708,0x0050F53A
0x80908627,0x0050F68D
0x0090A54C,0x0050F7E3
0x0090C478,0x0050F93C
0x0090E3AA,0x0050FA97
0x809102E3,0x0050FBF5
0x80912223,0x0050FD55
0x00914169,0x0050FEB8
0x009160B6,0x0051001D
0x0091800A,0x00510185
0x80919F64,0x005102EF
0x8091BEC5,0x0051045C
0x0091DE2D,0x005105CC
0x0091FD9B,0x0051073E
0x00921D10,0x005108B3
0x80923C8C,0x00510A2A
0x80925C0E,0x00510BA4
0x00927B97,0x00510D20
0x00929B27,0x00510E9F
0x8092BABD,0x00511021
0x8092DA5A,0x005111A5
0x8092F9FE,0x0051132C
0x009319A8,0x005114B5
0x00933959,0x00511641
0x80935911,0x005117D0
0x809378D0,0x00511961
0x00939895,0x00511AF5
0x0093B861,0x00511C8B
0x0093D834,0x00511E24
0x8093F80D,0x00511FC0
0x809417ED,0x0051215E
0x009437D4,0x005122FF
0x009457C2,0x005124A2
0x009477B6,0x00512648
0x809497B1,0x005127F1
0x8094B7B3,0x0051299C
0x0094D7BC,0x00512B4A
0x0094F7CC,0x00512CFB
0x009517E2,0x00512EAE
0x809537FF,0x00513064
0x80955823,0x0051321D
0x0095784E,0x005133D8
0x0095987F,0x00513596
0x8095B8B7,0x00513756
0x8095D8F6,0x00513919
0x8095F93C,0x00513ADF
0x00961989,0x00513CA7
0x009639DD,0x00513E72
0x80965A37,0x00514040
0x80967A98,0x00514210
0x80969B00,0x005143E3
0x0096BB6F,0x005145B9
0x0096DBE5,0x00514791
0x8096FC62,0x0051496C
0x80971CE5,0x00514B4A
0x00973D6F,0x00514D2B
0x00975E00,0x00514F0E
0x00977E98,0x005150F4
0x80979F37,0x005152DD
0x8097BFDD,0x005154C8
0x0097E08A,0x005156B6
0x0098013E,0x005158A7
0x009821F8,0x00515A9A
0x809842B9,0x00515C90
0x80986381,0x00515E89
0x00988450,0x00516085
0x0098A526,0x00516283
0x0098C603,0x00516484
0x8098E6E7,0x00516688
0x809907D2,0x0051688E
0x009928C4,0x00516A97
0x009949BD,0x00516CA3
0x80996ABD,0x00516EB2
0x80998BC4,0x005170C3
0x8099ACD2,0x005172D7
0x0099CDE7,0x005174EE
0x0099EF02,0x00517708
0x809A1024,0x00517924
0x809A314D,0x00517B43
0x009A527D,0x00517D65
0x009A73B4,0x00517F8A
0x009A94F2,0x005181B1
0x809AB637,0x005183DB
0x809AD783,0x00518608
0x009AF8D6,0x00518838
0x009B1A30,0x00518A6A
0x009B3B91,0x00518C9F
0x809B5CF9,0x00518ED7
0x809B7E68,0x00519112
0x009B9FDE,0x00519350
0x009BC15B,0x00519590
0x009BE2DF,0x005197D3
0x809C046A,0x00519A19
0x809C25FD,0x00519C62
0x009C4797,0x00519EAE
0x009C6938,0x0051A0FC
0x809C8AE0,0x0051A34D
0x809CAC8F,0x0051A5A1
0x809CCE45,0x0051A7F8
0x009CF002,0x0051AA52
0x009D11C6,0x0051ACAE
0x009D3391,0x0051AF0D
0x809D5563,0x0051B16F
0x809D773C,0x0051B3D4
0x009D991C,0x0051B63C
0x009DBB03,0x0051B8A7
0x809DDCF2,0x0051BB14
0x809DFEE8,0x0051BD84
0x009E20E5,0x0051BFF7
0x009E42E9,0x0051C26D
0x009E64F4,0x0051C4E6
0x809E8706,0x0051C762
0x809EA91F,0x0051C9E1
0x009ECB3F,0x0051CC62
0x009EED67,0x0051CEE6
0x009F0F96,0x0051D16D
0x809F31CC,0x0051D3F7
0x809F5409,0x0051D684
0x009F764D,0x0051D914
0x009F9898,0x0051DBA7
0x009FBAEA,0x0051DE3D
0x809FDD44,0x0051E0D5
0x809FFFA5,0x0051E370
0x00A0220D,0x0051E60E
0x00A0447C,0x0051E8AF
0x00A066F2,0x0051EB53
0x80A08970,0x0051EDFA
0x80A0ABF5,0x0051F0A4
0x00A0CE81,0x0051F351
0x00A0F114,0x0051F601
0x80A113AE,0x0051F8B4
0x80A13650,0x0051FB6A
0x80A158F9,0x0051FE23
0x00A17BA9,0x005200DE
0x00A19E60,0x0052039C
0x80A1C11F,0x0052065D
0x80A1E3E5,0x00520921
0x00A206B2,0x00520BE8
0x00A22986,0x00520EB2
0x00A24C62,0x0052117F
0x80A26F45,0x0052144F
0x80A2922F,0x00521722
0x00A2B520,0x005219F8
0x00A2D819,0x00521CD1
0x00A2FB19,0x00521FAD
0x80A31E20,0x0052228C
0x80A3412F,0x0052256E
0x00A36445,0x00522853
0x00A38762,0x00522B3B
0x00A3AA86,0x00522E26
0x80A3CDB2,0x00523114
0x80A3F0E5,0x00523405
0x00A4141F,0x005236F9
0x00A43761,0x005239F0
0x80A45AAA,0x00523CEA
0x80A47DFA,0x00523FE7
0x80A4A152,0x005242E7
0x00A4C4B1,0x005245EA
0x00A4E817,0x005248F0
0x80A50B85,0x00524BF9
0x80A52EFA,0x00524F05
0x00A55277,0x00525214
0x00A575FB,0x00525526
0x00A59986,0x0052583B
0x80A5BD19,0x00525B53
0x80A5E0B3,0x00525E6E
0x00A60454,0x0052618C
0x00A627FD,0x005264AD
0x00A64BAD,0x005267D1
0x80A66F65,0x00526AF8
0x80A69324,0x00526E22
0x00A6B6EA,0x0052714F
0x00A6DAB8,0x00527480
0x00A6FE8D,0x005277B4
0x80A7226A,0x00527AEB
0x80A7464E,0x00527E25
0x00A76A3A,0x00528162
0x00A78E2D,0x005284A2
0x00A7B228,0x005287E5
0x80A7D62A,0x00528B2B
0x80A7FA33,0x00528E74
0x00A81E44,0x005291C0
0x00A8425C,0x0052950F
0x80A8667C,0x00529862
0x80A88AA3,0x00529BB8
0x80A8AED2,0x00529F11
0x00A8D308,0x0052A26D
0x00A8F746,0x0052A5CC
0x80A91B8B,0x0052A92E
0x80A93FD8,0x0052AC93
0x00A9642C,0x0052AFFC
0x00A98888,0x0052B368
0x00A9ACEB,0x0052B6D7
0x80A9D156,0x0052BA49
0x80A9F5C8,0x0052BDBE
0x00AA1A42,0x0052C136
0x00AA3EC3,0x0052C4B1
0x00AA634C,0x0052C830
0x80AA87DC,0x0052CBB2
0x80AAAC74,0x0052CF37
0x00AAD114,0x0052D2BF
0x00AAF5BB,0x0052D64A
0x00AB1A6A,0x0052D9D9
0x80AB3F20,0x0052DD6B
0x80AB63DE,0x0052E100
0x00AB88A3,0x0052E498
0x00ABAD70,0x0052E833
0x80ABD245,0x0052EBD2
0x80ABF721,0x0052EF74
0x80AC1C05,0x0052F319
0x00AC40F0,0x0052F6C1
0x00AC65E3,0x0052FA6C
0x80AC8ADE,0x0052FE1B
0x80ACAFE0,0x005301CD
0x00ACD4EA,0x00530582
0x00ACF9FB,0x0053093A
0x00AD1F14,0x00530CF6
0x80AD4435,0x005310B5
0x80AD695D,0x00531477
0x00AD8E8D,0x0053183C
0x00ADB3C5,0x00531C05
0x00ADD904,0x00531FD1
0x80ADFE4B,0x005323A0
0x80AE239A,0x00532772
0x00AE48F0,0x00532B48
0x00AE6E4E,0x00532F21
0x00AE93B4,0x005332FD
0x80AEB921,0x005336DD
0x80AEDE96,0x00533AC0
0x00AF0413,0x00533EA6
0x00AF2997,0x0053428F
0x00AF4F23,0x0053467C
0x80AF74B7,0x00534A6C
0x80AF9A52,0x00534E5F
0x00AFBFF5,0x00535256
0x00AFE5A0,0x00535650
0x80B00B53,0x00535A4D
0x80B0310D,0x00535E4E
0x80B056CF,0x00536252
0x00B07C99,0x00536659
0x00B0A26B,0x00536A64
0x80B0C844,0x00536E72
0x80B0EE25,0x00537283
0x00B1140E,0x00537698
0x00B139FF,0x00537AB0
0x00B15FF7,0x00537ECB
0x80B185F7,0x005382EA
0x80B1ABFF,0x0053870C
0x00B1D20F,0x00538B32
0x00B1F826,0x00538F5B
0x00B21E45,0x00539387
0x80B2446C,0x005397B7
0x80B26A9B,0x00539BEA
0x00B290D2,0x0053A021
0x00B2B710,0x0053A45B
0x00B2DD56,0x0053A898
0x80B303A4,0x0053ACD9
0x80B329FA,0x0053B11D
0x00B35058,0x0053B565
0x00B376BE,0x0053B9B0
0x80B39D2B,0x0053BDFF
0x80B3C3A0,0x0053C251
0x80B3EA1D,0x0053C6A6
0x00B410A2,0x0053CAFF
0x00B4372F,0x0053CF5B
0x80B45DC4,0x0053D3BB
0x80B48461,0x0053D81E
0x80B4AB05,0x0053DC85
0x00B4D1B1,0x0053E0EF
0x00B4F865,0x0053E55D
0x80B51F21,0x0053E9CE
0x80B545E5,0x0053EE43
0x00B56CB1,0x0053F2BB
0x00B59385,0x0053F737
0x00B5BA61,0x0053FBB6
0x80B5E145,0x00540039
0x80B60830,0x005404BF
0x00B62F23,0x00540949
0x00B6561E,0x00540DD6
0x00B67D21,0x00541267
0x80B6A42C,0x005416FB
0x80B6CB3F,0x00541B93
0x00B6F25A,0x0054202E
0x00B7197D,0x005424CD
0x00B740A8,0x0054296F
0x80B767DB,0x00542E15
0x80B78F16,0x005432BE
0x00B7B659,0x0054376B
0x00B7DDA4,0x00543C1C
0x80B804F7,0x005440D0
0x80B82C52,0x00544588
0x80B853B5,0x00544A43
0x00B87B20,0x00544F02
0x00B8A293,0x005453C5
0x80B8CA0E,0x0054588B
0x80B8F191,0x00545D55
0x00B9191C,0x00546222
0x00B940AF,0x005466F3
0x00B9684A,0x00546BC8
0x80B98FED,0x005470A0
0x80B9B798,0x0054757C
0x00B9DF4B,0x00547A5B
0x00BA0706,0x00547F3E
0x00BA2EC9,0x00548425
0x80BA5694,0x0054890F
0x80BA7E67,0x00548DFD
0x00BAA642,0x005492EF
0x00BACE25,0x005497E4
0x00BAF610,0x00549CDD
0x80BB1E03,0x0054A1DA
0x80BB45FE,0x0054A6DA
0x00BB6E01,0x0054ABDE
0x00BB960C,0x0054B0E6
0x80BBBE1F,0x0054B5F1
0x80BBE63B,0x0054BB00
0x80BC0E5F,0x0054C013
0x00BC368B,0x0054C529
0x00BC5EBF,0x0054CA43
0x80BC86FB,0x0054CF61
0x80BCAF3F,0x0054D483
0x80BCD78B,0x0054D9A8
0x00BCFFDF,0x0054DED1
0x00BD283B,0x0054E3FE
0x80BD50A0,0x0054E92F
0x80BD790D,0x0054EE63
0x00BDA182,0x0054F39B
0x00BDC9FF,0x0054F8D7
0x00BDF284,0x0054FE17
0x80BE1B11,0x0055035A
0x80BE43A6,0x005508A1
0x00BE6C44,0x00550DEC
0x00BE94EA,0x0055133B
0x00BEBD98,0x0055188D
0x80BEE64E,0x00551DE3
0x80BF0F0C,0x0055233D
0x00BF37D3,0x0055289B
0x00BF60A2,0x00552DFD
0x00BF8979,0x00553362
0x80BFB258,0x005538CB
0x80BFDB3F,0x00553E38
0x00C0042F,0x005543A9
0x00C02D27,0x0055491E
0x00C05627,0x00554E97
0x80C07F2F,0x00555414
0x80C0A83F,0x00555994
0x00C0D158,0x00555F18
0x00C0FA79,0x005564A0
0x80C123A2,0x00556A2C
0x80C14CD3,0x00556FBC
0x80C1760D,0x00557550
0x00C19F4F,0x00557AE8
0x00C1C899,0x00558083
0x80C1F1EB,0x00558622
0x80C21B46,0x00558BC5
0x00C244A9,0x0055916C
0x00C26E14,0x00559717
0x00C29787,0x00559CC6
0x80C2C103,0x0055A279
0x80C2EA87,0x0055A830
0x00C31413,0x0055ADEB
0x00C33DA8,0x0055B3AA
0x00C36745,0x0055B96D
0x80C390EA,0x0055BF34
0x80C3BA98,0x0055C4FF
0x00C3E44E,0x0055CACE
0x00C40E0C,0x0055D0A1
0x00C437D2,0x0055D678
0x80C461A1,0x0055DC53
0x80C48B78,0x0055E232
0x00C4B557,0x0055E815
0x00C4DF3F,0x0055EDFC
0x80C5092F,0x0055F3E7
0x80C53328,0x0055F9D6
0x80C55D29,0x0055FFC9
0x00C58732,0x005605C0
0x00C5B144,0x00560BBB
0x80C5DB5E,0x005611BA
0x80C60580,0x005617BD
0x00C62FAB,0x00561DC4
0x00C659DE,0x005623CF
0x00C68419,0x005629DE
0x80C6AE5D,0x00562FF1
0x80C6D8A9,0x00563608
0x00C702FE,0x00563C23
0x00C72D5B,0x00564242
0x00C757C0,0x00564865
0x80C7822E,0x00564E8C
0x80C7ACA4,0x005654B7
0x00C7D723,0x00565AE7
0x00C801AA,0x0056611B
0x00C82C3A,0x00566753
0x80C856D2,0x00566D8F
0x80C88172,0x005673CF
0x00C8AC1B,0x00567A13
0x00C8D6CC,0x0056805B
0x00C90186,0x005686A7
0x80C92C48,0x00568CF8
0x80C95713,0x0056934D
0x00C981E6,0x005699A6
0x00C9ACC2,0x0056A003
0x80C9D7A6,0x0056A664
0x80CA0293,0x0056ACC9
0x80CA2D88,0x0056B333
0x00CA5886,0x0056B9A1
0x00CA838C,0x0056C013
0x80CAAE9B,0x0056C689
0x80CAD9B2,0x0056CD04
0x00CB04D2,0x0056D383
0x00CB2FFA,0x0056DA06
0x00CB5B2B,0x0056E08D
0x80CB8664,0x0056E718
0x80CBB1A6,0x0056EDA8
0x00CBDCF0,0x0056F43C
0x00CC0843,0x0056FAD4
0x00CC339E,0x00570170
0x80CC5F02,0x00570811
0x80CC8A6E,0x00570EB6
0x00CCB5E3,0x0057155F
0x00CCE160,0x00571C0D
0x00CD0CE6,0x005722BF
0x80CD3875,0x00572975
0x80CD640C,0x00573030
0x00CD8FAC,0x005736EF
0x00CDBB54,0x00573DB2
0x80CDE705,0x0057447A
0x80CE12BE,0x00574B46
0x80CE3E80,0x00575216
0x00CE6A4B,0x005758EB
0x00CE961E,0x00575FC4
0x80CEC1FA,0x005766A1
0x80CEEDDE,0x00576D83
0x00CF19CB,0x00577469
0x00CF45C1,0x00577B53
0x00CF71BF,0x00578242
0x80CF9DC6,0x00578935
0x80CFC9D5,0x0057902D
0x00CFF5ED,0x00579729
0x00D0220E,0x00579E29
0x00D04E37,0x0057A52E
0x80D07A69,0x0057AC37
0x80D0A6A4,0x0057B345
0x00D0D2E7,0x0057BA57
0x00D0FF33,0x0057C16E
0x00D12B88,0x0057C889
0x80D157E5,0x0057CFA9
0x80D1844B,0x0057D6CD
0x00D1B0BA,0x0057DDF6
0x00D1DD31,0x0057E523
0x00D209B1,0x0057EC55
0x80D2363A,0x0057F38B
0x80D262CB,0x0057FAC6
0x00D28F65,0x00580205
0x00D2BC08,0x00580949
0x80D2E8B3,0x00581091
0x80D31567,0x005817DE
0x80D34224,0x00581F2F
0x00D36EE9,0x00582685
0x00D39BB7,0x00582DDF
0x80D3C88E,0x0058353E
0x80D3F56E,0x00583CA1
0x00D42256,0x00584409
0x00D44F47,0x00584B76
0x00D47C41,0x005852E7
0x80D4A944,0x00585A5D
0x80D4D64F,0x005861D7
0x00D50363,0x00586956
0x00D53080,0x005870DA
0x00D55DA6,0x00587862
0x80D58AD4,0x00587FEF
0x80D5B80B,0x00588781
0x00D5E54B,0x00588F17
0x00D61294,0x005896B2
0x00D63FE5,0x00589E51
0x80D66D3F,0x0058A5F5
0x80D69AA2,0x0058AD9E
0x00D6C80E,0x0058B54C
0x00D6F583,0x0058BCFE
0x80D72300,0x0058C4B5
0x80D75086,0x0058CC71
0x80D77E15,0x0058D431
0x00D7ABAD,0x0058DBF6
0x00D7D94E,0x0058E3C0
0x80D806F7,0x0058EB8F
0x80D834A9,0x0058F362
0x80D86264,0x0058FB3A
0x00D89028,0x00590317
0x00D8BDF5,0x00590AF9
0x80D8EBCA,0x005912DF
0x80D919A8,0x00591ACA
0x00D9478F,0x005922BA
0x00D9757F,0x00592AAF
0x00D9A378,0x005932A9
0x80D9D17A,0x00593AA7
0x80D9FF85,0x005942AA
0x00DA2D98,0x00594AB2
0x00DA5BB4,0x005952BF
0x00DA89D9,0x00595AD1
0x80DAB807,0x005962E8
0x80DAE63E,0x00596B03
0x00DB147E,0x00597323
0x00DB42C7,0x00597B48
0x00DB7118,0x00598372
0x80DB9F72,0x00598BA1
0x80DBCDD5,0x005993D5
0x00DBFC41,0x00599C0E
0x00DC2AB6,0x0059A44C
0x80DC5934,0x0059AC8F
0x80DC87BB,0x0059B4D6
0x80DCB64B,0x0059BD22
0x00DCE4E4,0x0059C573
0x00DD1386,0x0059CDC9
0x80DD4231,0x0059D624
0x80DD70E4,0x0059DE84
0x00DD9FA0,0x0059E6E9
0x00DDCE65,0x0059EF53
0x00DDFD33,0x0059F7C2
0x80DE2C0A,0x005A0036
0x80DE5AEA,0x005A08AF
0x00DE89D3,0x005A112D
0x00DEB8C5,0x005A19B0
0x00DEE7C0,0x005A2238
0x80DF16C4,0x005A2AC5
0x80DF45D1,0x005A3357
0x00DF74E7,0x005A3BEE
0x00DFA406,0x005A448B
0x00DFD32E,0x005A4D2D
0x80E0025F,0x005A55D4
0x80E03199,0x005A5E80
0x00E060DC,0x005A6731
0x00E09028,0x005A6FE7
0x00E0BF7D,0x005A78A2
0x80E0EEDB,0x005A8162
0x80E11E42,0x005A8A27
0x00E14DB2,0x005A92F1
0x00E17D2B,0x005A9BC1
0x80E1ACAD,0x005AA496
0x80E1DC38,0x005AAD70
0x80E20BCC,0x005AB64F
0x00E23B69,0x005ABF33
0x00E26B0F,0x005AC81D
0x80E29ABE,0x005AD10C
0x80E2CA76,0x005ADA00
0x00E2FA37,0x005AE2F9
0x00E32A01,0x005AEBF7
0x00E359D4,0x005AF4FB
0x80E389B0,0x005AFE04
0x80E3B995,0x005B0712
0x00E3E983,0x005B1025
0x00E4197A,0x005B193E
0x00E4497A,0x005B225C
0x80E47983,0x005B2B7F
0x80E4A995,0x005B34A7
0x00E4D9B0,0x005B3DD5
0x00E509D5,0x005B4708
0x00E53A03,0x005B5040
0x80E56A3A,0x005B597E
0x80E59A7A,0x005B62C1
0x00E5CAC3,0x005B6C09
0x00E5FB15,0x005B7557
0x00E62B70,0x005B7EAA
0x80E65BD4,0x005B8803
0x80E68C41,0x005B9161
0x00E6BCB7,0x005B9AC4
0x00E6ED36,0x005BA42D
0x80E71DBF,0x005BAD9B
0x80E74E51,0x005BB70F
0x80E77EEC,0x005BC088
0x00E7AF90,0x005BCA06
0x00E7E03D,0x005BD38A
0x80E810F3,0x005BDD13
0x80E841B2,0x005BE6A2
0x00E8727A,0x005BF036
0x00E8A34C,0x005BF9D0
0x00E8D427,0x005C036F
0x80E9050B,0x005C0D14
0x80E935F8,0x005C16BE
0x00E966EE,0x005C206E
0x00E997ED,0x005C2A23
0x00E9C8F5,0x005C33DE
0x80E9FA07,0x005C3D9E
0x80EA2B22,0x005C4764
0x00EA5C46,0x005C5130
0x00EA8D73,0x005C5B01
0x00EABEA9,0x005C64D8
0x80EAEFE8,0x005C6EB4
0x80EB2131,0x005C7896
0x00EB5283,0x005C827E
0x00EB83DE,0x005C8C6B
0x80EBB542,0x005C965E
0x80EBE6AF,0x005CA056
0x80EC1825,0x005CAA54
0x00EC49A5,0x005CB458
0x00EC7B2E,0x005CBE61
0x80ECACC0,0x005CC870
0x80ECDE5B,0x005CD285
0x00ED0FFF,0x005CDC9F
0x00ED41AD,0x005CE6BF
0x00ED7364,0x005CF0E5
0x80EDA524,0x005CFB11
0x80EDD6ED,0x005D0542
0x00EE08C0,0x005D0F79
0x00EE3A9C,0x005D19B6
0x00EE6C81,0x005D23F9
0x80EE9E6F,0x005D2E41
0x80EED066,0x005D388F
0x00EF0267,0x005D42E3
0x00EF3471,0x005D4D3D
0x00EF6684,0x005D579D
0x80EF98A0,0x005D6202
0x80EFCAC6,0x005D6C6D
0x00EFFCF5,0x005D76DE
0x00F02F2D,0x005D8155
0x00F0616E,0x005D8BD2
0x80F093B9,0x005D9655
0x80F0C60D,0x005DA0DE
0x00F0F86A,0x005DAB6D
0x00F12AD0,0x005DB601
0x80F15D40,0x005DC09B
0x80F18FB9,0x005DCB3B
0x80F1C23B,0x005DD5E1
0x00F1F4C6,0x005DE08D
0x00F2275B,0x005DEB3F
0x80F259F9,0x005DF5F7
0x80F28CA0,0x005E00B5
0x00F2BF51,0x005E0B79
0x00F2F20B,0x005E1643
0x00F324CE,0x005E2113
0x80F3579A,0x005E2BE9
0x80F38A70,0x005E36C5
0x00F3BD4F,0x005E41A7
0x00F3F037,0x005E4C8F
0x00F42329,0x005E577D
0x80F45624,0x005E6271
0x80F48928,0x005E6D6B
0x00F4BC36,0x005E786C
0x00F4EF4D,0x005E8373
0x00F5226D,0x005E8E80
0x80F55597,0x005E9993
0x80F588CA,0x005EA4AC
0x00F5BC06,0x005EAFCB
0x00F5EF4C,0x005EBAF0
0x80F6229B,0x005EC61B
0x80F655F3,0x005ED14D
0x80F68954,0x005EDC85
0x00F6BCBF,0x005EE7C3
0x00F6F033,0x005EF307
0x80F723B1,0x005EFE51
0x80F75738,0x005F09A2
0x00F78AC8,0x005F14F9
0x00F7BE62,0x005F2056
0x00F7F205,0x005F2BBA
0x80F825B1,0x005F3724
0x80F85967,0x005F4294
0x00F88D26,0x005F4E0A
0x00F8C0EE,0x005F5987
0x00F8F4C0,0x005F650A
0x80F9289B,0x005F7093
0x80F95C7F,0x005F7C23
0x00F9906D,0x005F87B9
0x00F9C464,0x005F9355
0x00F9F865,0x005F9EF8
0x80FA2C6F,0x005FAAA1
0x80FA6082,0x005FB651
0x00FA949F,0x005FC207
0x00FAC8C5,0x005FCDC3
0x00FAFCF4,0x005FD986
0x80FB312D,0x005FE54F
0x80FB656F,0x005FF11F
0x00FB99BB,0x005FFCF5
0x00FBCE10,0x006008D2
0x80FC026E,0x006014B5
0x80FC36D6,0x0060209F
0x80FC6B47,0x00602C8F
0x00FC9FC2,0x00603886
0x00FCD446,0x00604483
0x80FD08D3,0x00605087
0x80FD3D6A,0x00605C91
0x00FD720A,0x006068A2
0x00FDA6B4,0x006074BA
0x00FDDB67,0x006080D8
0x80FE1023,0x00608CFD
0x80FE44E9,0x00609928
0x00FE79B8,0x0060A55A
0x00FEAE91,0x0060B193
0x00FEE373,0x0060BDD2
0x80FF185E,0x0060CA18
0x80FF4D53,0x0060D665
0x00FF8251,0x0060E2B8
0x00FFB759,0x0060EF12
0x00FFEC6A,0x0060FB73
0x80002185,0x006107DA
0x800056A9,0x00611448
0x00008BD6,0x006120BD
0x0000C10D,0x00612D39
0x8000F64D,0x006139BC
0x80012B97,0x00614645
0x800160EA,0x006152D5
0x00019647,0x00615F6C
0x0001CBAD,0x00616C0A
0x8002011D,0x006178AF
0x80023696,0x0061855A
0x80026C18,0x0061920C
0x0002A1A4,0x00619EC5
0x0002D739,0x0061AB85
0x80030CD8,0x0061B84C
0x80034280,0x0061C51A
0x00037832,0x0061D1EF
0x0003ADED,0x0061DECB
0x0003E3B2,0x0061EBAE
0x80041980,0x0061F898
0x80044F57,0x00620589
0x00048538,0x00621281
0x0004BB22,0x00621F80
0x0004F116,0x00622C86
0x80052713,0x00623993
0x80055D1A,0x006246A7
0x0005932A,0x006253C2
0x0005C944,0x006260E4
0x0005FF67,0x00626E0D
0x80063594,0x00627B3D
0x80066BCA,0x00628874
0x0006A20A,0x006295B2
0x0006D853,0x0062A2F7
0x00070EA6,0x0062B043
0x80074502,0x0062BD97
0x80077B68,0x0062CAF2
0x0007B1D7,0x0062D854
0x0007E850,0x0062E5BD
0x80081ED2,0x0062F32D
0x8008555D,0x006300A5
0x00088BF2,0x00630E24
0x0008C290,0x00631BAA
0x0008F938,0x00632937
0x80092FE9,0x006336CC
0x800966A4,0x00634468
0x00099D68,0x0063520B
0x0009D436,0x00635FB5
0x000A0B0D,0x00636D67
0x800A41EE,0x00637B20
0x800A78D8,0x006388E0
0x000AAFCC,0x006396A8
0x000AE6C9,0x0063A477
0x000B1DD0,0x0063B24E
0x800B54E0,0x0063C02C
0x800B8BFA,0x0063CE11
0x000BC31D,0x0063DBFE
0x000BFA4A,0x0063E9F2
0x000C3180,0x0063F7EE
0x800C68C0,0x006405F1
0x800CA009,0x006413FC
0x000CD75C,0x0064220E
0x000D0EB8,0x00643028
0x800D461E,0x00643E49
0x800D7D8D,0x00644C72
0x800DB506,0x00645AA2
0x000DEC88,0x006468DA
0x000E2414,0x0064771A
0x800E5BA9,0x00648561
0x800E9348,0x006493B0
0x000ECAF0,0x0064A206
0x000F02A2,0x0064B064
0x000F3A5D,0x0064BECA
0x800F7222,0x0064CD37
0x800FA9F0,0x0064DBAC
0x000FE1C8,0x0064EA29
0x001019A9,0x0064F8AE
0x00105194,0x0065073A
0x80108988,0x006515CE
0x8010C186,0x0065246A
0x0010F98D,0x0065330E
0x0011319E,0x006541B9
0x001169B9,0x0065506C
0x8011A1DD,0x00655F27
0x8011DA0B,0x00656DEA
0x00121242,0x00657CB5
0x00124A83,0x00658B87
0x001282CD,0x00659A61
0x8012BB21,0x0065